{"path":"M4.8237 26.1377H21.3137C24.4437 26.1377 26.1437 24.4477 26.1437 21.3377V4.7977C26.1437 1.6977 24.4437 -0.0023 21.3137 -0.0023H4.8237C1.7137 -0.0023 0.0037 1.6977 0.0037 4.7977V21.3377C0.0037 24.4477 1.7137 26.1377 4.8237 26.1377ZM13.1237 19.5477C9.9637 19.5477 7.9137 16.9977 7.9137 13.0577C7.9137 9.1077 9.9637 6.5577 13.1237 6.5577C16.2837 6.5577 18.3937 9.1077 18.3937 13.0577C18.3937 16.9977 16.2837 19.5477 13.1237 19.5477ZM13.1537 16.9377C14.3437 16.9377 15.1637 15.6177 15.1637 13.0577C15.1637 10.4977 14.3437 9.1777 13.1537 9.1777C11.9637 9.1777 11.1437 10.4977 11.1437 13.0577C11.1437 15.6177 11.9637 16.9377 13.1537 16.9377Z","geometry":{"width":26.140625,"height":26.140625}}