{"path":"M4.8237 26.1377H21.3137C24.4437 26.1377 26.1437 24.4477 26.1437 21.3377V4.7977C26.1437 1.6977 24.4437 -0.0023 21.3137 -0.0023H4.8237C1.7137 -0.0023 0.0037 1.6977 0.0037 4.7977V21.3377C0.0037 24.4477 1.7137 26.1377 4.8237 26.1377ZM5.2137 22.6177C4.1137 22.6177 3.5237 22.0777 3.5237 20.9177V5.2377C3.5237 4.0777 4.1137 3.5277 5.2137 3.5277H20.9337C22.0237 3.5277 22.6137 4.0777 22.6137 5.2377V20.9177C22.6137 22.0777 22.0237 22.6177 20.9337 22.6177ZM8.6937 18.5777C10.8937 18.5777 12.4037 16.7077 12.4037 13.0577C12.4037 9.4077 10.8937 7.5177 8.6937 7.5177C6.5037 7.5177 5.0437 9.4077 5.0437 13.0577C5.0437 16.7077 6.5037 18.5777 8.6937 18.5777ZM17.4037 18.5777C19.5937 18.5777 21.1137 16.7077 21.1137 13.0577C21.1137 9.4077 19.5937 7.5177 17.4037 7.5177C15.2037 7.5177 13.7437 9.4077 13.7437 13.0577C13.7437 16.7077 15.2037 18.5777 17.4037 18.5777ZM8.7237 16.4377C7.8437 16.4377 7.3037 15.3577 7.3037 13.0577C7.3037 10.7577 7.8437 9.6677 8.7237 9.6677C9.5937 9.6677 10.1537 10.7577 10.1537 13.0577C10.1537 15.3577 9.6137 16.4377 8.7237 16.4377ZM17.4137 16.4377C16.5437 16.4377 15.9937 15.3577 15.9937 13.0577C15.9937 10.7577 16.5437 9.6677 17.4137 9.6677C18.2937 9.6677 18.8537 10.7577 18.8537 13.0577C18.8537 15.3577 18.3037 16.4377 17.4137 16.4377Z","geometry":{"width":26.140625,"height":26.140625}}