{"path":"M4.8237 26.1377H21.3137C24.4437 26.1377 26.1437 24.4477 26.1437 21.3377V4.7977C26.1437 1.6977 24.4437 -0.0023 21.3137 -0.0023H4.8237C1.7137 -0.0023 0.0037 1.6977 0.0037 4.7977V21.3377C0.0037 24.4477 1.7137 26.1377 4.8237 26.1377ZM8.6637 18.8777C6.3537 18.8777 4.8237 16.9077 4.8237 13.0577C4.8237 9.1977 6.3537 7.2277 8.6637 7.2277C10.9737 7.2277 12.5737 9.1977 12.5737 13.0577C12.5737 16.9077 10.9737 18.8777 8.6637 18.8777ZM17.6137 18.8777C15.8437 18.8777 14.3537 17.7877 14.0037 16.5977C13.9337 16.3877 13.9037 16.1977 13.9037 15.9777C13.9037 15.3277 14.3937 14.9277 14.9137 14.9277C15.3837 14.9277 15.6937 15.1477 15.9137 15.5877C16.2737 16.3277 16.8737 16.7077 17.6537 16.7077C18.5637 16.7077 19.1937 16.1177 19.1937 15.3777C19.1937 14.5577 18.6037 14.0277 17.6637 14.0277H17.2137C16.5137 14.0277 16.1437 13.5577 16.1437 12.9477C16.1437 12.2877 16.5537 11.8577 17.2137 11.8577H17.6237C18.4537 11.8577 18.9537 11.2777 18.9537 10.5777C18.9537 9.8277 18.4037 9.3377 17.6237 9.3377C16.8537 9.3377 16.3537 9.7177 16.0337 10.4577C15.8437 10.8877 15.5437 11.1277 15.0537 11.1277C14.4737 11.1277 14.0837 10.7277 14.0837 10.0777C14.0837 9.8577 14.1137 9.6677 14.1937 9.4077C14.5437 8.3077 15.8437 7.2277 17.6637 7.2277C19.8237 7.2277 21.2737 8.4377 21.2737 10.2377C21.2737 11.4277 20.4537 12.5277 19.3837 12.6977V12.8077C20.6737 12.9177 21.5837 14.0777 21.5837 15.5077C21.5837 17.5177 20.0037 18.8777 17.6137 18.8777ZM8.6937 16.5977C9.6237 16.5977 10.1837 15.4677 10.1837 13.0577C10.1837 10.6377 9.6137 9.5177 8.6937 9.5177C7.7937 9.5177 7.2237 10.6377 7.2237 13.0577C7.2237 15.4677 7.7937 16.5977 8.6937 16.5977Z","geometry":{"width":26.140625,"height":26.140625}}