{"path":"M4.8237 26.1377H21.3137C24.4437 26.1377 26.1437 24.4477 26.1437 21.3377V4.7977C26.1437 1.6977 24.4437 -0.0023 21.3137 -0.0023H4.8237C1.7137 -0.0023 0.0037 1.6977 0.0037 4.7977V21.3377C0.0037 24.4477 1.7137 26.1377 4.8237 26.1377ZM5.2137 22.6177C4.1137 22.6177 3.5237 22.0777 3.5237 20.9177V5.2377C3.5237 4.0777 4.1137 3.5277 5.2137 3.5277H20.9337C22.0237 3.5277 22.6137 4.0777 22.6137 5.2377V20.9177C22.6137 22.0777 22.0237 22.6177 20.9337 22.6177ZM8.8137 18.5777C11.0037 18.5777 12.5237 16.7077 12.5237 13.0577C12.5237 9.4077 11.0037 7.5177 8.8137 7.5177C6.6337 7.5177 5.1637 9.4077 5.1637 13.0577C5.1637 16.7077 6.6337 18.5777 8.8137 18.5777ZM17.3237 18.5777C19.5737 18.5777 21.0837 17.2977 21.0837 15.3777C21.0837 14.0377 20.2237 12.9377 18.9937 12.8277V12.7277C20.0037 12.5477 20.7937 11.5077 20.7937 10.3777C20.7937 8.6777 19.4137 7.5177 17.3637 7.5177C15.6437 7.5177 14.4137 8.5477 14.0637 9.5977C13.9837 9.8477 13.9637 10.0177 13.9637 10.2277C13.9637 10.8377 14.3437 11.2277 14.8937 11.2277C15.3537 11.2277 15.6237 10.9877 15.8137 10.5977C16.1237 9.8677 16.5837 9.4977 17.3337 9.4977C18.0737 9.4977 18.6037 9.9777 18.6037 10.6877C18.6037 11.3777 18.1337 11.9177 17.3337 11.9177H16.9237C16.3137 11.9177 15.9237 12.3277 15.9237 12.9477C15.9237 13.5377 16.2737 13.9577 16.9237 13.9577H17.3637C18.2837 13.9577 18.8437 14.4777 18.8437 15.2577C18.8437 15.9677 18.2237 16.5477 17.3537 16.5477C16.6137 16.5477 16.0237 16.1777 15.6937 15.4677C15.4737 15.0477 15.1937 14.8477 14.7337 14.8477C14.2437 14.8477 13.7937 15.2177 13.7937 15.8277C13.7937 16.0377 13.8237 16.2177 13.8737 16.4077C14.2237 17.5377 15.6237 18.5777 17.3237 18.5777ZM8.8437 16.4377C7.9737 16.4377 7.4137 15.3577 7.4137 13.0577C7.4137 10.7577 7.9737 9.6677 8.8437 9.6677C9.7237 9.6677 10.2837 10.7577 10.2837 13.0577C10.2837 15.3577 9.7337 16.4377 8.8437 16.4377Z","geometry":{"width":26.140625,"height":26.140625}}