{"path":"M4.8237 26.1377H21.3137C24.4437 26.1377 26.1437 24.4477 26.1437 21.3377V4.7977C26.1437 1.6977 24.4437 -0.0023 21.3137 -0.0023H4.8237C1.7137 -0.0023 0.0037 1.6977 0.0037 4.7977V21.3377C0.0037 24.4477 1.7137 26.1377 4.8237 26.1377ZM5.2137 22.6177C4.1137 22.6177 3.5237 22.0777 3.5237 20.9177V5.2377C3.5237 4.0777 4.1137 3.5277 5.2137 3.5277H20.9337C22.0237 3.5277 22.6137 4.0777 22.6137 5.2377V20.9177C22.6137 22.0777 22.0237 22.6177 20.9337 22.6177ZM8.6837 18.5777C10.8737 18.5777 12.3837 16.7077 12.3837 13.0577C12.3837 9.4077 10.8737 7.5177 8.6837 7.5177C6.4837 7.5177 5.0137 9.4077 5.0137 13.0577C5.0137 16.7077 6.4837 18.5777 8.6837 18.5777ZM19.1537 18.5777C19.7937 18.5777 20.1637 18.1377 20.1637 17.5277V16.3477H20.6137C21.1937 16.3477 21.5337 16.0077 21.5337 15.4177C21.5337 14.8177 21.1937 14.4477 20.6137 14.4477H20.1637V9.2177C20.1637 8.1777 19.5637 7.5177 18.4937 7.5177C17.5037 7.5177 16.9137 7.9177 16.4237 8.8277C15.5837 10.3377 14.5737 12.2877 13.9637 13.5777C13.7537 14.0577 13.6337 14.4777 13.6337 14.9877C13.6337 15.8577 14.1537 16.3777 15.0437 16.3777H18.1537V17.5277C18.1537 18.1377 18.5237 18.5777 19.1537 18.5777ZM8.7137 16.4377C7.8237 16.4377 7.2737 15.3577 7.2737 13.0577C7.2737 10.7577 7.8237 9.6677 8.7137 9.6677C9.5837 9.6677 10.1337 10.7577 10.1337 13.0577C10.1337 15.3577 9.5837 16.4377 8.7137 16.4377ZM18.1537 14.4677H15.7937V14.4077C16.3537 13.2077 17.3537 11.1377 18.1037 9.6977H18.1537Z","geometry":{"width":26.140625,"height":26.140625}}