{"path":"M4.8237 26.1377H21.3137C24.4437 26.1377 26.1437 24.4477 26.1437 21.3377V4.7977C26.1437 1.6977 24.4437 -0.0023 21.3137 -0.0023H4.8237C1.7137 -0.0023 0.0037 1.6977 0.0037 4.7977V21.3377C0.0037 24.4477 1.7137 26.1377 4.8237 26.1377ZM5.2137 22.6177C4.1137 22.6177 3.5237 22.0777 3.5237 20.9177V5.2377C3.5237 4.0777 4.1137 3.5277 5.2137 3.5277H20.9337C22.0237 3.5277 22.6137 4.0777 22.6137 5.2377V20.9177C22.6137 22.0777 22.0237 22.6177 20.9337 22.6177ZM8.7637 18.5777C10.9537 18.5777 12.4537 16.7077 12.4537 13.0577C12.4537 9.4077 10.9537 7.5177 8.7637 7.5177C6.5637 7.5177 5.1037 9.4077 5.1037 13.0577C5.1037 16.7077 6.5637 18.5777 8.7637 18.5777ZM17.3537 18.5777C19.7037 18.5777 21.1737 17.1277 21.1737 14.8077C21.1737 12.7877 19.8237 11.4877 18.0637 11.4877C17.2437 11.4877 16.4237 11.8677 16.0237 12.4577H15.9737L16.1737 9.6777H19.8637C20.4237 9.6777 20.7937 9.3077 20.7937 8.7177C20.7937 8.1177 20.4537 7.7677 19.8637 7.7677H15.6437C14.8637 7.7677 14.3837 8.2577 14.3437 9.1177L14.0837 12.8777C14.0437 13.6677 14.4937 14.1677 15.2037 14.1677C15.7237 14.1677 16.0137 14.0277 16.3537 13.7577C16.8037 13.3977 17.1337 13.2377 17.6137 13.2377C18.4737 13.2377 19.1037 13.9577 19.1037 14.8877C19.1037 15.9577 18.4337 16.6377 17.4637 16.6377C16.7337 16.6377 16.2137 16.2277 15.8637 15.6977C15.6437 15.3977 15.4037 15.1177 14.9537 15.1177C14.4237 15.1177 14.0137 15.5477 14.0137 16.1177C14.0137 16.3377 14.0437 16.5577 14.1537 16.7877C14.5237 17.6877 15.7237 18.5777 17.3537 18.5777ZM8.7737 16.4377C7.9037 16.4377 7.3537 15.3577 7.3537 13.0577C7.3537 10.7577 7.9037 9.6677 8.7737 9.6677C9.6537 9.6677 10.2137 10.7577 10.2137 13.0577C10.2137 15.3577 9.6637 16.4377 8.7737 16.4377Z","geometry":{"width":26.140625,"height":26.140625}}