{"path":"M4.8237 26.1377H21.3137C24.4437 26.1377 26.1437 24.4477 26.1437 21.3377V4.7977C26.1437 1.6977 24.4437 -0.0023 21.3137 -0.0023H4.8237C1.7137 -0.0023 0.0037 1.6977 0.0037 4.7977V21.3377C0.0037 24.4477 1.7137 26.1377 4.8237 26.1377ZM5.2137 22.6177C4.1137 22.6177 3.5237 22.0777 3.5237 20.9177V5.2377C3.5237 4.0777 4.1137 3.5277 5.2137 3.5277H20.9337C22.0237 3.5277 22.6137 4.0777 22.6137 5.2377V20.9177C22.6137 22.0777 22.0237 22.6177 20.9337 22.6177ZM8.7637 18.5777C10.9537 18.5777 12.4737 16.7077 12.4737 13.0577C12.4737 9.4077 10.9537 7.5177 8.7637 7.5177C6.5637 7.5177 5.1137 9.4077 5.1137 13.0577C5.1137 16.7077 6.5637 18.5777 8.7637 18.5777ZM17.6537 18.5977C19.7737 18.5977 21.2237 17.1477 21.2237 14.7677C21.2237 12.6477 19.8137 11.4577 18.2537 11.4577C17.0337 11.4577 16.2837 12.1177 15.9737 12.8777H15.8737C15.8737 12.7677 15.8637 12.6577 15.8637 12.4977C15.8637 10.6677 16.6837 9.4577 17.8137 9.4577C18.4137 9.4577 18.8137 9.7777 19.1037 10.1577C19.3137 10.4277 19.5537 10.5977 19.9737 10.5977C20.4237 10.5977 20.8537 10.2677 20.8537 9.7177C20.8537 9.4577 20.8037 9.2677 20.6837 9.0377C20.3437 8.2277 19.3337 7.5177 17.8837 7.5177C15.4637 7.5177 13.7937 9.4577 13.7937 13.2177C13.7937 14.6377 14.0237 15.8077 14.4337 16.6777C15.0937 18.0177 16.2537 18.5977 17.6537 18.5977ZM8.7937 16.4377C7.9137 16.4377 7.3537 15.3577 7.3537 13.0577C7.3537 10.7577 7.9137 9.6677 8.7937 9.6677C9.6637 9.6677 10.2137 10.7577 10.2137 13.0577C10.2137 15.3577 9.6637 16.4377 8.7937 16.4377ZM17.5437 16.7177C16.6237 16.7177 15.9837 15.9977 15.9837 14.9477C15.9837 13.9277 16.6237 13.2077 17.5437 13.2077C18.4537 13.2077 19.0837 13.9177 19.0837 14.9477C19.0837 16.0277 18.4737 16.7177 17.5437 16.7177Z","geometry":{"width":26.140625,"height":26.140625}}