{"path":"M4.8237 26.1377H21.3137C24.4437 26.1377 26.1437 24.4477 26.1437 21.3377V4.7977C26.1437 1.6977 24.4437 -0.0023 21.3137 -0.0023H4.8237C1.7137 -0.0023 0.0037 1.6977 0.0037 4.7977V21.3377C0.0037 24.4477 1.7137 26.1377 4.8237 26.1377ZM5.2137 22.6177C4.1137 22.6177 3.5237 22.0777 3.5237 20.9177V5.2377C3.5237 4.0777 4.1137 3.5277 5.2137 3.5277H20.9337C22.0237 3.5277 22.6137 4.0777 22.6137 5.2377V20.9177C22.6137 22.0777 22.0237 22.6177 20.9337 22.6177ZM9.1037 18.5777C11.2937 18.5777 12.8137 16.7077 12.8137 13.0577C12.8137 9.4077 11.2937 7.5177 9.1037 7.5177C6.9037 7.5177 5.4537 9.4077 5.4537 13.0577C5.4537 16.7077 6.9037 18.5777 9.1037 18.5777ZM16.1337 18.5077C16.7237 18.5077 17.0037 18.2077 17.2937 17.5777L20.7537 10.2277C20.9337 9.8277 21.0037 9.5177 21.0037 9.1977C21.0037 8.4077 20.4937 7.7677 19.4737 7.7677H14.8937C14.2637 7.7677 13.7837 8.1377 13.7837 8.7777C13.7837 9.4377 14.2737 9.7977 14.8937 9.7977H18.5137V9.8877L15.1437 16.5477C14.9937 16.8177 14.9437 17.0177 14.9437 17.3377C14.9437 18.0377 15.4537 18.5077 16.1337 18.5077ZM9.1337 16.4377C8.2537 16.4377 7.6937 15.3577 7.6937 13.0577C7.6937 10.7577 8.2537 9.6677 9.1337 9.6677C10.0037 9.6677 10.5537 10.7577 10.5537 13.0577C10.5537 15.3577 10.0037 16.4377 9.1337 16.4377Z","geometry":{"width":26.140625,"height":26.140625}}