{"path":"M4.8237 26.1377H21.3137C24.4437 26.1377 26.1437 24.4477 26.1437 21.3377V4.7977C26.1437 1.6977 24.4437 -0.0023 21.3137 -0.0023H4.8237C1.7137 -0.0023 0.0037 1.6977 0.0037 4.7977V21.3377C0.0037 24.4477 1.7137 26.1377 4.8237 26.1377ZM8.9737 18.8777C6.6537 18.8777 5.1237 16.9077 5.1237 13.0577C5.1237 9.1977 6.6537 7.2277 8.9737 7.2277C11.2837 7.2277 12.8837 9.1977 12.8837 13.0577C12.8837 16.9077 11.2837 18.8777 8.9737 18.8777ZM16.3837 18.7977C15.6537 18.7977 15.1237 18.2977 15.1237 17.5577C15.1237 17.2177 15.1737 16.9977 15.3237 16.7077L18.8637 9.7377V9.6377H15.0637C14.4237 9.6377 13.8937 9.2577 13.8937 8.5577C13.8937 7.8777 14.3837 7.4777 15.0637 7.4777H19.8637C20.9637 7.4777 21.4937 8.1777 21.4937 8.9977C21.4937 9.3377 21.4237 9.6677 21.2337 10.0877L17.6237 17.8177C17.3037 18.4877 16.9937 18.7977 16.3837 18.7977ZM9.0137 16.5977C9.9237 16.5977 10.4837 15.4677 10.4837 13.0577C10.4837 10.6377 9.9137 9.5177 9.0137 9.5177C8.0937 9.5177 7.5237 10.6377 7.5237 13.0577C7.5237 15.4677 8.0937 16.5977 9.0137 16.5977Z","geometry":{"width":26.140625,"height":26.140625}}