{"path":"M4.8237 26.1377H21.3137C24.4437 26.1377 26.1437 24.4477 26.1437 21.3377V4.7977C26.1437 1.6977 24.4437 -0.0023 21.3137 -0.0023H4.8237C1.7137 -0.0023 0.0037 1.6977 0.0037 4.7977V21.3377C0.0037 24.4477 1.7137 26.1377 4.8237 26.1377ZM5.2137 22.6177C4.1137 22.6177 3.5237 22.0777 3.5237 20.9177V5.2377C3.5237 4.0777 4.1137 3.5277 5.2137 3.5277H20.9337C22.0237 3.5277 22.6137 4.0777 22.6137 5.2377V20.9177C22.6137 22.0777 22.0237 22.6177 20.9337 22.6177ZM8.8437 18.5777C11.0337 18.5777 12.5537 16.7077 12.5537 13.0577C12.5537 9.4077 11.0337 7.5177 8.8437 7.5177C6.6537 7.5177 5.1937 9.4077 5.1937 13.0577C5.1937 16.7077 6.6537 18.5777 8.8437 18.5777ZM17.2237 18.5777C19.8237 18.5777 21.2337 16.4977 21.2337 12.6977C21.2337 9.4477 19.9337 7.5177 17.3737 7.5177C15.2137 7.5177 13.7637 8.9677 13.7637 11.2777C13.7637 13.3877 15.1037 14.6677 16.8337 14.6677C18.0337 14.6677 18.8137 14.0377 19.1237 13.1677H19.1937C19.2137 15.1377 18.5237 16.6377 17.2037 16.6377C16.6237 16.6377 16.1837 16.3777 15.9137 15.9577C15.6437 15.5877 15.3437 15.4377 14.9937 15.4377C14.4337 15.4377 14.0837 15.8277 14.0837 16.3777C14.0837 16.5677 14.1337 16.7977 14.2337 17.0177C14.5237 17.7277 15.5337 18.5777 17.2237 18.5777ZM17.4637 12.9077C16.5437 12.9077 15.9137 12.1777 15.9137 11.1577C15.9137 10.1077 16.5337 9.3877 17.4637 9.3877C18.3737 9.3877 19.0137 10.1177 19.0137 11.1677C19.0137 12.1777 18.3737 12.9077 17.4637 12.9077ZM8.8737 16.4377C7.9937 16.4377 7.4337 15.3577 7.4337 13.0577C7.4337 10.7577 7.9937 9.6677 8.8737 9.6677C9.7437 9.6677 10.3037 10.7577 10.3037 13.0577C10.3037 15.3577 9.7637 16.4377 8.8737 16.4377Z","geometry":{"width":26.140625,"height":26.140625}}