{"path":"M0.0037 20.7573C0.0037 21.7273 0.7937 22.5173 1.7637 22.5173C2.7337 22.5173 3.5237 21.7273 3.5237 20.7573V1.7673C3.5237 0.7973 2.7337 -0.0027 1.7637 -0.0027C0.7937 -0.0027 0.0037 0.7973 0.0037 1.7673ZM22.6137 20.7573C22.6137 21.7273 23.4037 22.5173 24.3737 22.5173C25.3437 22.5173 26.1437 21.7273 26.1437 20.7573V1.7673C26.1437 0.7973 25.3437 -0.0027 24.3737 -0.0027C23.4037 -0.0027 22.6137 0.7973 22.6137 1.7673ZM13.9337 17.3773C14.9537 17.3773 15.6237 16.7873 15.6237 15.5873V6.7173C15.6237 5.6373 14.8637 4.9173 13.7237 4.9173C12.9837 4.9173 12.4137 5.1273 11.6337 5.6373L9.4337 7.1073C8.9537 7.4273 8.7337 7.7673 8.7337 8.2873C8.7337 8.9373 9.2037 9.4573 9.8537 9.4573C10.1437 9.4573 10.3237 9.4173 10.7337 9.1573L12.1437 8.2173H12.2537V15.5873C12.2537 16.7873 12.9037 17.3773 13.9337 17.3773Z","geometry":{"width":26.140625,"height":22.517578125}}