{"path":"M4.8237 26.1377H21.3137C24.4437 26.1377 26.1437 24.4477 26.1437 21.3377V4.7977C26.1437 1.6977 24.4437 -0.0023 21.3137 -0.0023H4.8237C1.7137 -0.0023 0.0037 1.6977 0.0037 4.7977V21.3377C0.0037 24.4477 1.7137 26.1377 4.8237 26.1377ZM16.8737 18.8777C14.5637 18.8777 13.0137 16.9077 13.0137 13.0577C13.0137 9.1977 14.5637 7.2277 16.8737 7.2277C19.1837 7.2277 20.7637 9.1977 20.7637 13.0577C20.7637 16.9077 19.1837 18.8777 16.8737 18.8777ZM9.6837 18.7877C8.9237 18.7877 8.5137 18.3377 8.5137 17.4677V10.1677H8.4537L7.4637 11.0077C7.1237 11.3477 6.9037 11.4577 6.5537 11.4577C6.0137 11.4577 5.5637 10.9777 5.5637 10.4277C5.5637 9.9677 5.7537 9.6377 6.1937 9.2677L7.8937 7.9577C8.5137 7.4277 8.9037 7.2877 9.4337 7.2877C10.3537 7.2877 10.8537 7.8477 10.8537 8.7677V17.4677C10.8537 18.3377 10.4437 18.7877 9.6837 18.7877ZM16.8937 16.5977C17.8137 16.5977 18.3937 15.4677 18.3937 13.0577C18.3937 10.6377 17.8137 9.5177 16.8937 9.5177C15.9937 9.5177 15.4037 10.6377 15.4037 13.0577C15.4037 15.4677 15.9937 16.5977 16.8937 16.5977Z","geometry":{"width":26.140625,"height":26.140625}}