{"path":"M4.8237 26.1377H21.3137C24.4437 26.1377 26.1437 24.4477 26.1437 21.3377V4.7977C26.1437 1.6977 24.4437 -0.0023 21.3137 -0.0023H4.8237C1.7137 -0.0023 0.0037 1.6977 0.0037 4.7977V21.3377C0.0037 24.4477 1.7137 26.1377 4.8237 26.1377ZM5.2137 22.6177C4.1137 22.6177 3.5237 22.0777 3.5237 20.9177V5.2377C3.5237 4.0777 4.1137 3.5277 5.2137 3.5277H20.9337C22.0237 3.5277 22.6137 4.0777 22.6137 5.2377V20.9177C22.6137 22.0777 22.0237 22.6177 20.9337 22.6177ZM16.5937 18.5777C18.8037 18.5777 20.3037 16.7077 20.3037 13.0577C20.3037 9.4077 18.8037 7.5177 16.5937 7.5177C14.4137 7.5177 12.9437 9.4077 12.9437 13.0577C12.9437 16.7077 14.4137 18.5777 16.5937 18.5777ZM9.7737 18.4977C10.4837 18.4977 10.8837 18.0777 10.8837 17.2677V8.9677C10.8837 8.1077 10.4037 7.5777 9.5437 7.5777C9.0337 7.5777 8.6637 7.7077 8.0837 8.2077L6.4637 9.4477C6.0537 9.7977 5.8637 10.1177 5.8637 10.5577C5.8637 11.0777 6.2937 11.5077 6.7937 11.5077C7.1337 11.5077 7.3437 11.4177 7.6537 11.0977L8.6137 10.2977H8.6837V17.2677C8.6837 18.0777 9.0637 18.4977 9.7737 18.4977ZM16.6237 16.4377C15.7537 16.4377 15.2037 15.3577 15.2037 13.0577C15.2037 10.7577 15.7537 9.6677 16.6237 9.6677C17.5037 9.6677 18.0637 10.7577 18.0637 13.0577C18.0637 15.3577 17.5137 16.4377 16.6237 16.4377Z","geometry":{"width":26.140625,"height":26.140625}}