{"path":"M4.8237 26.1377H21.3137C24.4437 26.1377 26.1437 24.4477 26.1437 21.3377V4.7977C26.1437 1.6977 24.4437 -0.0023 21.3137 -0.0023H4.8237C1.7137 -0.0023 0.0037 1.6977 0.0037 4.7977V21.3377C0.0037 24.4477 1.7137 26.1377 4.8237 26.1377ZM5.2137 22.6177C4.1137 22.6177 3.5237 22.0777 3.5237 20.9177V5.2377C3.5237 4.0777 4.1137 3.5277 5.2137 3.5277H20.9337C22.0237 3.5277 22.6137 4.0777 22.6137 5.2377V20.9177C22.6137 22.0777 22.0237 22.6177 20.9337 22.6177ZM10.4137 18.4977C11.1337 18.4977 11.5237 18.0777 11.5237 17.2677V8.9677C11.5237 8.1077 11.0437 7.5777 10.1837 7.5777C9.6837 7.5777 9.3137 7.7077 8.7237 8.2077L7.1137 9.4477C6.7037 9.7977 6.5037 10.1177 6.5037 10.5577C6.5037 11.0777 6.9337 11.5077 7.4337 11.5077C7.7837 11.5077 7.9837 11.4177 8.3037 11.0977L9.2537 10.2977H9.3237V17.2677C9.3237 18.0777 9.7037 18.4977 10.4137 18.4977ZM17.5037 18.4977C18.2137 18.4977 18.6037 18.0777 18.6037 17.2677V8.9677C18.6037 8.1077 18.1337 7.5777 17.2637 7.5777C16.7637 7.5777 16.3937 7.7077 15.8137 8.2077L14.1937 9.4477C13.7837 9.7977 13.5937 10.1177 13.5937 10.5577C13.5937 11.0777 14.0237 11.5077 14.5237 11.5077C14.8637 11.5077 15.0637 11.4177 15.3837 11.0977L16.3337 10.2977H16.4037V17.2677C16.4037 18.0777 16.7937 18.4977 17.5037 18.4977Z","geometry":{"width":26.140625,"height":26.140625}}