{"path":"M4.8237 26.1377H21.3137C24.4437 26.1377 26.1437 24.4477 26.1437 21.3377V4.7977C26.1437 1.6977 24.4437 -0.0023 21.3137 -0.0023H4.8237C1.7137 -0.0023 0.0037 1.6977 0.0037 4.7977V21.3377C0.0037 24.4477 1.7137 26.1377 4.8237 26.1377ZM10.3637 18.7877C9.5937 18.7877 9.2037 18.3377 9.2037 17.4677V10.1677H9.1337L8.1237 11.0177C7.7937 11.3477 7.5737 11.4577 7.2037 11.4577C6.6837 11.4577 6.2337 10.9777 6.2337 10.4277C6.2337 9.9677 6.4437 9.6377 6.8637 9.2677L8.5537 7.9577C9.1737 7.4277 9.5737 7.2877 10.1037 7.2877C11.0237 7.2877 11.5237 7.8477 11.5237 8.7677V17.4677C11.5237 18.3377 11.1137 18.7877 10.3637 18.7877ZM17.8237 18.7877C17.0737 18.7877 16.6637 18.3377 16.6637 17.4677V10.1677H16.5937L15.6037 11.0177C15.2537 11.3477 15.0437 11.4577 14.6837 11.4577C14.1537 11.4577 13.7037 10.9777 13.7037 10.4277C13.7037 9.9677 13.9037 9.6377 14.3237 9.2677L16.0237 7.9577C16.6537 7.4277 17.0537 7.2877 17.5837 7.2877C18.4837 7.2877 19.0037 7.8477 19.0037 8.7677V17.4677C19.0037 18.3377 18.5937 18.7877 17.8237 18.7877Z","geometry":{"width":26.140625,"height":26.140625}}