{"path":"M0.0037 20.7573C0.0037 21.7273 0.7937 22.5173 1.7637 22.5173C2.7337 22.5173 3.5237 21.7273 3.5237 20.7573V1.7673C3.5237 0.7973 2.7337 -0.0027 1.7637 -0.0027C0.7937 -0.0027 0.0037 0.7973 0.0037 1.7673ZM22.6137 20.7573C22.6137 21.7273 23.4037 22.5173 24.3737 22.5173C25.3437 22.5173 26.1437 21.7273 26.1437 20.7573V1.7673C26.1437 0.7973 25.3437 -0.0027 24.3737 -0.0027C23.4037 -0.0027 22.6137 0.7973 22.6137 1.7673ZM14.2737 16.4373H19.0137C19.6337 16.4373 20.0437 16.0373 20.0437 15.3773C20.0437 14.7373 19.6337 14.3573 19.0137 14.3573H16.2037V14.2473L18.1137 12.0173C19.1137 10.8573 19.7537 9.9073 19.7437 8.6673C19.7237 6.8473 18.4537 5.6173 16.4337 5.6173C14.8637 5.6173 13.5037 6.5773 13.1437 7.9173C13.0937 8.1173 13.0537 8.2973 13.0537 8.5073C13.0537 9.0873 13.4237 9.4873 14.0137 9.4873C14.5337 9.4873 14.8037 9.1973 14.9737 8.7673C15.2137 8.0373 15.7137 7.6473 16.4037 7.6473C17.1837 7.6473 17.7237 8.1473 17.7237 8.8573C17.7237 9.5873 17.1537 10.1673 16.5337 10.8973L13.7037 14.2173C13.3437 14.6273 13.2037 14.9673 13.2037 15.3673C13.2037 16.0273 13.6537 16.4373 14.2737 16.4373ZM9.7737 16.5973C10.5037 16.5973 10.8837 16.1773 10.8837 15.3673V7.0673C10.8837 6.2073 10.4037 5.6773 9.5437 5.6773C9.0537 5.6773 8.6637 5.8073 8.0937 6.3073L6.4637 7.5473C6.0537 7.8973 5.8637 8.2173 5.8637 8.6573C5.8637 9.1773 6.3037 9.6073 6.7937 9.6073C7.1337 9.6073 7.3437 9.5173 7.6537 9.1973L8.6237 8.3973H8.6837V15.3673C8.6837 16.1773 9.0637 16.5973 9.7737 16.5973Z","geometry":{"width":26.140625,"height":22.517578125}}