{"path":"M4.8237 26.1377H21.3137C24.4437 26.1377 26.1437 24.4477 26.1437 21.3377V4.7977C26.1437 1.6977 24.4437 -0.0023 21.3137 -0.0023H4.8237C1.7137 -0.0023 0.0037 1.6977 0.0037 4.7977V21.3377C0.0037 24.4477 1.7137 26.1377 4.8237 26.1377ZM14.4337 18.6177C13.7937 18.6177 13.3037 18.1877 13.3037 17.4877C13.3037 17.0477 13.4537 16.6977 13.8337 16.2577L16.7937 12.7977C17.4437 12.0177 18.0437 11.3877 18.0437 10.6377C18.0437 9.8977 17.4837 9.3777 16.6637 9.3777C15.9537 9.3777 15.4237 9.7877 15.1737 10.5377C15.0137 11.0077 14.7137 11.3177 14.1537 11.3177C13.5337 11.3177 13.1537 10.8977 13.1537 10.2677C13.1537 10.0477 13.1837 9.8577 13.2337 9.6477C13.6137 8.2277 15.0537 7.2277 16.6937 7.2277C18.8437 7.2277 20.1637 8.5277 20.1937 10.4277C20.1937 11.7577 19.5337 12.7377 18.4737 13.9677L16.4737 16.2977V16.4177H19.4137C20.0737 16.4177 20.5037 16.8177 20.5037 17.4977C20.5037 18.1977 20.0737 18.6177 19.4137 18.6177ZM9.6937 18.7877C8.9437 18.7877 8.5437 18.3377 8.5437 17.4677V10.1877H8.4637L7.4637 11.0177C7.1237 11.3477 6.9137 11.4577 6.5537 11.4577C6.0337 11.4577 5.5637 10.9777 5.5637 10.4277C5.5637 9.9677 5.7737 9.6377 6.2037 9.2677L7.9037 7.9577C8.5137 7.4277 8.9137 7.2877 9.4437 7.2877C10.3537 7.2877 10.8537 7.8477 10.8537 8.7677V17.4677C10.8537 18.3377 10.4437 18.7877 9.6937 18.7877Z","geometry":{"width":26.140625,"height":26.140625}}