{"path":"M4.8237 26.1377H21.3137C24.4437 26.1377 26.1437 24.4477 26.1437 21.3377V4.7977C26.1437 1.6977 24.4437 -0.0023 21.3137 -0.0023H4.8237C1.7137 -0.0023 0.0037 1.6977 0.0037 4.7977V21.3377C0.0037 24.4477 1.7137 26.1377 4.8237 26.1377ZM5.2137 22.6177C4.1137 22.6177 3.5237 22.0777 3.5237 20.9177V5.2377C3.5237 4.0777 4.1137 3.5277 5.2137 3.5277H20.9337C22.0237 3.5277 22.6137 4.0777 22.6137 5.2377V20.9177C22.6137 22.0777 22.0237 22.6177 20.9337 22.6177ZM14.2737 18.3377H19.0137C19.6337 18.3377 20.0437 17.9377 20.0437 17.2777C20.0437 16.6377 19.6337 16.2577 19.0137 16.2577H16.2037V16.1477L18.1137 13.9177C19.1137 12.7577 19.7537 11.8077 19.7437 10.5677C19.7237 8.7477 18.4537 7.5177 16.4337 7.5177C14.8637 7.5177 13.5037 8.4777 13.1437 9.8177C13.0937 10.0177 13.0537 10.1977 13.0537 10.4077C13.0537 10.9877 13.4237 11.3877 14.0137 11.3877C14.5337 11.3877 14.8037 11.0977 14.9737 10.6677C15.2137 9.9377 15.7137 9.5477 16.4037 9.5477C17.1837 9.5477 17.7237 10.0477 17.7237 10.7577C17.7237 11.4877 17.1537 12.0677 16.5337 12.7977L13.7037 16.1177C13.3437 16.5277 13.2037 16.8677 13.2037 17.2677C13.2037 17.9277 13.6537 18.3377 14.2737 18.3377ZM9.7737 18.4977C10.5037 18.4977 10.8837 18.0777 10.8837 17.2677V8.9677C10.8837 8.1077 10.4037 7.5777 9.5437 7.5777C9.0537 7.5777 8.6637 7.7077 8.0937 8.2077L6.4637 9.4477C6.0537 9.7977 5.8637 10.1177 5.8637 10.5577C5.8637 11.0777 6.3037 11.5077 6.7937 11.5077C7.1337 11.5077 7.3437 11.4177 7.6537 11.0977L8.6237 10.2977H8.6837V17.2677C8.6837 18.0777 9.0637 18.4977 9.7737 18.4977Z","geometry":{"width":26.140625,"height":26.140625}}