{"path":"M4.8237 26.1377H21.3137C24.4437 26.1377 26.1437 24.4477 26.1437 21.3377V4.7977C26.1437 1.6977 24.4437 -0.0023 21.3137 -0.0023H4.8237C1.7137 -0.0023 0.0037 1.6977 0.0037 4.7977V21.3377C0.0037 24.4477 1.7137 26.1377 4.8237 26.1377ZM16.5137 18.8777C14.7337 18.8777 13.2437 17.7877 12.9037 16.5977C12.8337 16.3877 12.7937 16.1977 12.7937 15.9777C12.7937 15.3277 13.2937 14.9277 13.8037 14.9277C14.2837 14.9277 14.5837 15.1477 14.8237 15.5877C15.1737 16.3277 15.7737 16.7077 16.5537 16.7077C17.4737 16.7077 18.0837 16.1177 18.0837 15.3777C18.0837 14.5577 17.5137 14.0277 16.5737 14.0277H16.1037C15.4037 14.0277 15.0537 13.5577 15.0537 12.9477C15.0537 12.2877 15.4537 11.8577 16.1037 11.8577H16.5337C17.3537 11.8577 17.8537 11.2777 17.8537 10.5777C17.8537 9.8277 17.3037 9.3377 16.5337 9.3377C15.7637 9.3377 15.2537 9.7177 14.9537 10.4577C14.7537 10.8877 14.4537 11.1277 13.9637 11.1277C13.3837 11.1277 12.9837 10.7277 12.9837 10.0777C12.9837 9.8577 13.0137 9.6677 13.0937 9.4077C13.4537 8.3077 14.7537 7.2277 16.5737 7.2277C18.7437 7.2277 20.1837 8.4377 20.1837 10.2377C20.1837 11.4277 19.3637 12.5277 18.2937 12.6977V12.8077C19.5737 12.9177 20.4837 14.0777 20.4837 15.5077C20.4837 17.5177 18.8937 18.8777 16.5137 18.8777ZM9.6537 18.7877C8.9037 18.7877 8.4937 18.3377 8.4937 17.4677V10.1677H8.4237L7.4237 11.0077C7.0937 11.3477 6.8737 11.4577 6.5037 11.4577C5.9737 11.4577 5.5237 10.9777 5.5237 10.4277C5.5237 9.9677 5.7237 9.6377 6.1637 9.2677L7.8637 7.9577C8.4737 7.4277 8.8737 7.2877 9.4037 7.2877C10.3037 7.2877 10.8137 7.8477 10.8137 8.7677V17.4677C10.8137 18.3377 10.4037 18.7877 9.6537 18.7877Z","geometry":{"width":26.140625,"height":26.140625}}