{"path":"M4.8237 26.1377H21.3137C24.4437 26.1377 26.1437 24.4477 26.1437 21.3377V4.7977C26.1437 1.6977 24.4437 -0.0023 21.3137 -0.0023H4.8237C1.7137 -0.0023 0.0037 1.6977 0.0037 4.7977V21.3377C0.0037 24.4477 1.7137 26.1377 4.8237 26.1377ZM5.2137 22.6177C4.1137 22.6177 3.5237 22.0777 3.5237 20.9177V5.2377C3.5237 4.0777 4.1137 3.5277 5.2137 3.5277H20.9337C22.0237 3.5277 22.6137 4.0777 22.6137 5.2377V20.9177C22.6137 22.0777 22.0237 22.6177 20.9337 22.6177ZM17.9637 18.5777C18.6037 18.5777 18.9737 18.1377 18.9737 17.5277V16.3477H19.4237C20.0137 16.3477 20.3437 16.0077 20.3437 15.4177C20.3437 14.8177 20.0037 14.4477 19.4237 14.4477H18.9737V9.2177C18.9737 8.1777 18.3937 7.5177 17.3037 7.5177C16.3137 7.5177 15.7237 7.9177 15.2337 8.8277C14.3937 10.3377 13.3837 12.2877 12.7737 13.5777C12.5637 14.0577 12.4437 14.4777 12.4437 14.9877C12.4437 15.8577 12.9637 16.3777 13.8537 16.3777H16.9637V17.5277C16.9637 18.1377 17.3337 18.5777 17.9637 18.5777ZM9.5737 18.4977C10.2837 18.4977 10.6637 18.0777 10.6637 17.2677V8.9677C10.6637 8.1077 10.1837 7.5777 9.3337 7.5777C8.8337 7.5777 8.4637 7.7077 7.8737 8.2077L6.2637 9.4477C5.8537 9.7977 5.6637 10.1177 5.6637 10.5577C5.6637 11.0777 6.0837 11.5077 6.5937 11.5077C6.9337 11.5077 7.1237 11.4177 7.4537 11.0977L8.4037 10.2977H8.4737V17.2677C8.4737 18.0777 8.8637 18.4977 9.5737 18.4977ZM16.9637 14.4677H14.6037V14.4077C15.1637 13.2077 16.1637 11.1377 16.9137 9.6977H16.9637Z","geometry":{"width":26.140625,"height":26.140625}}