{"path":"M4.8237 26.1377H21.3137C24.4437 26.1377 26.1437 24.4477 26.1437 21.3377V4.7977C26.1437 1.6977 24.4437 -0.0023 21.3137 -0.0023H4.8237C1.7137 -0.0023 0.0037 1.6977 0.0037 4.7977V21.3377C0.0037 24.4477 1.7137 26.1377 4.8237 26.1377ZM18.3037 18.8677C17.6337 18.8677 17.2437 18.4177 17.2437 17.7577V16.5577H13.9737C13.0437 16.5577 12.4837 16.0077 12.4837 15.0777C12.4837 14.5477 12.6237 14.0777 12.8337 13.5777C13.4837 12.2377 14.5337 10.1977 15.3937 8.6177C15.9137 7.6577 16.5437 7.2277 17.6137 7.2277C18.7437 7.2277 19.3737 7.9177 19.3737 9.0377V14.5077H19.8537C20.4537 14.5077 20.8237 14.9177 20.8237 15.5477C20.8237 16.1577 20.4537 16.5477 19.8537 16.5477H19.3737V17.7577C19.3737 18.4177 18.9737 18.8677 18.3037 18.8677ZM9.4637 18.7877C8.7137 18.7877 8.3037 18.3377 8.3037 17.4677V10.1677H8.2337L7.2337 11.0077C6.8937 11.3477 6.6837 11.4577 6.3137 11.4577C5.7837 11.4577 5.3337 10.9777 5.3337 10.4277C5.3337 9.9677 5.5337 9.6377 5.9737 9.2677L7.6737 7.9577C8.2837 7.4277 8.6837 7.2877 9.2137 7.2877C10.1137 7.2877 10.6337 7.8477 10.6337 8.7677V17.4677C10.6337 18.3377 10.2237 18.7877 9.4637 18.7877ZM17.2437 14.5377V9.5277H17.1837C16.3937 11.0477 15.3637 13.2077 14.7937 14.4677V14.5377Z","geometry":{"width":26.140625,"height":26.140625}}