{"path":"M4.8237 26.1377H21.3137C24.4437 26.1377 26.1437 24.4477 26.1437 21.3377V4.7977C26.1437 1.6977 24.4437 -0.0023 21.3137 -0.0023H4.8237C1.7137 -0.0023 0.0037 1.6977 0.0037 4.7977V21.3377C0.0037 24.4477 1.7137 26.1377 4.8237 26.1377ZM5.2137 22.6177C4.1137 22.6177 3.5237 22.0777 3.5237 20.9177V5.2377C3.5237 4.0777 4.1137 3.5277 5.2137 3.5277H20.9337C22.0237 3.5277 22.6137 4.0777 22.6137 5.2377V20.9177C22.6137 22.0777 22.0237 22.6177 20.9337 22.6177ZM9.5337 18.4977C10.2437 18.4977 10.6337 18.0777 10.6337 17.2677V8.9677C10.6337 8.1077 10.1537 7.5777 9.2937 7.5777C8.7937 7.5777 8.4237 7.7077 7.8337 8.2077L6.2237 9.4477C5.8137 9.7977 5.6237 10.1177 5.6237 10.5577C5.6237 11.0777 6.0437 11.5077 6.5537 11.5077C6.8937 11.5077 7.0937 11.4177 7.4137 11.0977L8.3637 10.2977H8.4337V17.2677C8.4337 18.0777 8.8137 18.4977 9.5337 18.4977ZM16.3237 18.5777C18.6937 18.5777 20.1637 17.1277 20.1637 14.8077C20.1637 12.7877 18.8137 11.4877 17.0537 11.4877C16.2237 11.4877 15.4037 11.8677 15.0137 12.4577H14.9537L15.1637 9.6777H18.8437C19.4037 9.6777 19.7837 9.3077 19.7837 8.7177C19.7837 8.1177 19.4237 7.7677 18.8437 7.7677H14.6337C13.8337 7.7677 13.3737 8.2577 13.3137 9.1177L13.0737 12.8777C13.0337 13.6677 13.4837 14.1677 14.1737 14.1677C14.7137 14.1677 14.9837 14.0277 15.3437 13.7577C15.7737 13.3977 16.1037 13.2377 16.5937 13.2377C17.4637 13.2377 18.0737 13.9577 18.0737 14.8877C18.0737 15.9577 17.4137 16.6377 16.4437 16.6377C15.7237 16.6377 15.2037 16.2277 14.8437 15.6977C14.6337 15.3977 14.3837 15.1177 13.9437 15.1177C13.4137 15.1177 12.9837 15.5477 12.9837 16.1177C12.9837 16.3377 13.0337 16.5577 13.1437 16.7877C13.5037 17.6877 14.6937 18.5777 16.3237 18.5777Z","geometry":{"width":26.140625,"height":26.140625}}