{"path":"M4.8237 26.1377H21.3137C24.4437 26.1377 26.1437 24.4477 26.1437 21.3377V4.7977C26.1437 1.6977 24.4437 -0.0023 21.3137 -0.0023H4.8237C1.7137 -0.0023 0.0037 1.6977 0.0037 4.7977V21.3377C0.0037 24.4477 1.7137 26.1377 4.8237 26.1377ZM16.7937 18.8977C15.3137 18.8977 14.0837 18.2777 13.3937 16.8577C12.9637 15.9577 12.7137 14.7277 12.7137 13.2177C12.7137 9.2677 14.4737 7.2277 17.0237 7.2277C18.5537 7.2277 19.6037 7.9677 19.9837 8.8177C20.0937 9.0677 20.1537 9.2677 20.1537 9.5477C20.1537 10.1177 19.7137 10.4877 19.2337 10.4877C18.7837 10.4877 18.5237 10.2977 18.2937 10.0077C17.9937 9.6077 17.5837 9.2977 16.9537 9.2977C15.7637 9.2977 14.9137 10.5377 14.9137 12.4377C14.9137 12.6377 14.9337 12.7377 14.9337 12.8477H15.0237C15.3637 12.0577 16.1337 11.3577 17.4137 11.3577C19.0737 11.3577 20.5337 12.6377 20.5337 14.8477C20.5337 17.3477 19.0137 18.8977 16.7937 18.8977ZM9.3537 18.7877C8.6037 18.7877 8.1937 18.3377 8.1937 17.4677V10.1677H8.1237L7.1337 11.0077C6.7937 11.3477 6.5737 11.4577 6.2037 11.4577C5.6837 11.4577 5.2337 10.9777 5.2337 10.4277C5.2337 9.9677 5.4237 9.6377 5.8637 9.2677L7.5637 7.9577C8.1737 7.4277 8.5737 7.2877 9.0937 7.2877C10.0237 7.2877 10.5237 7.8477 10.5237 8.7677V17.4677C10.5237 18.3377 10.1137 18.7877 9.3537 18.7877ZM16.6637 16.8977C17.6337 16.8977 18.2837 16.1577 18.2837 15.0477C18.2837 13.9677 17.6237 13.2377 16.6637 13.2377C15.7137 13.2377 15.0437 13.9877 15.0437 15.0377C15.0437 16.1477 15.7237 16.8977 16.6637 16.8977Z","geometry":{"width":26.140625,"height":26.140625}}