{"path":"M4.8237 26.1377H21.3137C24.4437 26.1377 26.1437 24.4477 26.1437 21.3377V4.7977C26.1437 1.6977 24.4437 -0.0023 21.3137 -0.0023H4.8237C1.7137 -0.0023 0.0037 1.6977 0.0037 4.7977V21.3377C0.0037 24.4477 1.7137 26.1377 4.8237 26.1377ZM16.8137 18.8777C14.4237 18.8777 12.8237 17.5577 12.8237 15.5677C12.8237 14.1477 13.6837 13.0977 15.0437 12.7977V12.6877C13.9637 12.3877 13.2337 11.4577 13.2337 10.2377C13.2337 8.4477 14.6937 7.2277 16.8337 7.2277C18.9737 7.2277 20.4537 8.4477 20.4537 10.2377C20.4537 11.4577 19.7137 12.3977 18.6437 12.6877V12.7977C19.9737 13.0977 20.8537 14.1377 20.8537 15.5677C20.8537 17.5377 19.2237 18.8777 16.8137 18.8777ZM9.3937 18.7877C8.6437 18.7877 8.2337 18.3377 8.2337 17.4677V10.1677H8.1637L7.1637 11.0077C6.8237 11.3477 6.6137 11.4577 6.2437 11.4577C5.7137 11.4577 5.2637 10.9777 5.2637 10.4277C5.2637 9.9677 5.4737 9.6377 5.9037 9.2677L7.5837 7.9577C8.2137 7.4277 8.6137 7.2877 9.1437 7.2877C10.0637 7.2877 10.5637 7.8477 10.5637 8.7677V17.4677C10.5637 18.3377 10.1537 18.7877 9.3937 18.7877ZM16.8337 11.8377C17.6637 11.8377 18.2237 11.2677 18.2237 10.4677C18.2237 9.6777 17.6537 9.1177 16.8337 9.1177C16.0237 9.1177 15.4637 9.6777 15.4637 10.4677C15.4637 11.2677 16.0137 11.8377 16.8337 11.8377ZM16.8437 16.9677C17.8137 16.9677 18.5137 16.3277 18.5137 15.3777C18.5137 14.4677 17.8237 13.7977 16.8437 13.7977C15.8737 13.7977 15.1737 14.4677 15.1737 15.3777C15.1737 16.3277 15.8737 16.9677 16.8437 16.9677Z","geometry":{"width":26.140625,"height":26.140625}}