{"path":"M4.8237 26.1377H21.3137C24.4437 26.1377 26.1437 24.4477 26.1437 21.3377V4.7977C26.1437 1.6977 24.4437 -0.0023 21.3137 -0.0023H4.8237C1.7137 -0.0023 0.0037 1.6977 0.0037 4.7977V21.3377C0.0037 24.4477 1.7137 26.1377 4.8237 26.1377ZM5.2137 22.6177C4.1137 22.6177 3.5237 22.0777 3.5237 20.9177V5.2377C3.5237 4.0777 4.1137 3.5277 5.2137 3.5277H20.9337C22.0237 3.5277 22.6137 4.0777 22.6137 5.2377V20.9177C22.6137 22.0777 22.0237 22.6177 20.9337 22.6177ZM16.5537 18.5777C18.8237 18.5777 20.3737 17.3177 20.3737 15.4377C20.3737 14.0777 19.5537 13.0977 18.2837 12.8077V12.6977C19.3037 12.4277 19.9837 11.5277 19.9837 10.3777C19.9837 8.6777 18.5937 7.5177 16.5737 7.5177C14.5337 7.5177 13.1437 8.6777 13.1437 10.3777C13.1437 11.5277 13.8237 12.4177 14.8437 12.6977V12.8077C13.5737 13.0977 12.7537 14.0977 12.7537 15.4477C12.7537 17.3377 14.2737 18.5777 16.5537 18.5777ZM9.5037 18.4977C10.2137 18.4977 10.5937 18.0777 10.5937 17.2677V8.9677C10.5937 8.1077 10.1137 7.5777 9.2537 7.5777C8.7637 7.5777 8.3937 7.7077 7.8037 8.2077L6.1837 9.4477C5.7837 9.7977 5.5937 10.1177 5.5937 10.5577C5.5937 11.0777 6.0137 11.5077 6.5037 11.5077C6.8537 11.5077 7.0537 11.4177 7.3737 11.0977L8.3437 10.2977H8.4037V17.2677C8.4037 18.0777 8.7937 18.4977 9.5037 18.4977ZM16.5737 11.9177C15.7737 11.9177 15.2437 11.3577 15.2437 10.5977C15.2437 9.8477 15.7737 9.2977 16.5737 9.2977C17.3537 9.2977 17.8837 9.8477 17.8837 10.5977C17.8837 11.3577 17.3537 11.9177 16.5737 11.9177ZM16.5737 16.7877C15.6237 16.7877 14.9737 16.1577 14.9737 15.2677C14.9737 14.3977 15.6237 13.7577 16.5737 13.7577C17.5137 13.7577 18.1737 14.3877 18.1737 15.2677C18.1737 16.1577 17.5037 16.7877 16.5737 16.7877Z","geometry":{"width":26.140625,"height":26.140625}}