{"path":"M4.8237 26.1377H21.3137C24.4437 26.1377 26.1437 24.4477 26.1437 21.3377V4.7977C26.1437 1.6977 24.4437 -0.0023 21.3137 -0.0023H4.8237C1.7137 -0.0023 0.0037 1.6977 0.0037 4.7977V21.3377C0.0037 24.4477 1.7137 26.1377 4.8237 26.1377ZM5.2137 22.6177C4.1137 22.6177 3.5237 22.0777 3.5237 20.9177V5.2377C3.5237 4.0777 4.1137 3.5277 5.2137 3.5277H20.9337C22.0237 3.5277 22.6137 4.0777 22.6137 5.2377V20.9177C22.6137 22.0777 22.0237 22.6177 20.9337 22.6177ZM16.3537 18.5777C18.9337 18.5777 20.3437 16.4977 20.3437 12.6977C20.3437 9.4477 19.0437 7.5177 16.4837 7.5177C14.3237 7.5177 12.8837 8.9677 12.8837 11.2777C12.8837 13.3877 14.2237 14.6677 15.9437 14.6677C17.1437 14.6677 17.9337 14.0377 18.2337 13.1677H18.3237C18.3237 15.1377 17.6537 16.6377 16.3237 16.6377C15.7337 16.6377 15.3037 16.3777 15.0237 15.9577C14.7537 15.5877 14.4537 15.4377 14.1137 15.4377C13.5537 15.4377 13.1937 15.8277 13.1937 16.3777C13.1937 16.5677 13.2437 16.7977 13.3437 17.0177C13.6337 17.7277 14.6437 18.5777 16.3537 18.5777ZM9.4037 18.4977C10.1137 18.4977 10.5037 18.0777 10.5037 17.2677V8.9677C10.5037 8.1077 10.0237 7.5777 9.1637 7.5777C8.6637 7.5777 8.3037 7.7077 7.7137 8.2077L6.0837 9.4477C5.6737 9.7977 5.4837 10.1177 5.4837 10.5577C5.4837 11.0777 5.9237 11.5077 6.4137 11.5077C6.7537 11.5077 6.9637 11.4177 7.2737 11.0977L8.2437 10.2977H8.3137V17.2677C8.3137 18.0777 8.6937 18.4977 9.4037 18.4977ZM16.5737 12.9077C15.6537 12.9077 15.0237 12.1777 15.0237 11.1577C15.0237 10.1077 15.6537 9.3877 16.5737 9.3877C17.4837 9.3877 18.1437 10.1177 18.1437 11.1677C18.1437 12.1777 17.5037 12.9077 16.5737 12.9077Z","geometry":{"width":26.140625,"height":26.140625}}