{"path":"M4.8237 26.1377H21.3137C24.4437 26.1377 26.1437 24.4477 26.1437 21.3377V4.7977C26.1437 1.6977 24.4437 -0.0023 21.3137 -0.0023H4.8237C1.7137 -0.0023 0.0037 1.6977 0.0037 4.7977V21.3377C0.0037 24.4477 1.7137 26.1377 4.8237 26.1377ZM16.5937 18.8777C14.8037 18.8777 13.7437 17.9877 13.4537 17.2277C13.3437 16.9977 13.2937 16.7577 13.2937 16.5577C13.2937 15.9777 13.6737 15.5577 14.2437 15.5577C14.6037 15.5577 14.9337 15.7077 15.2137 16.0877C15.5137 16.5477 15.9737 16.8177 16.5737 16.8177C17.9637 16.8177 18.6637 15.2277 18.6637 13.1677H18.5837C18.2637 14.0977 17.4437 14.7477 16.1637 14.7477C14.3537 14.7477 12.9437 13.3977 12.9437 11.1877C12.9437 8.7477 14.4737 7.2277 16.7637 7.2277C19.4537 7.2277 20.8037 9.2577 20.8037 12.6877C20.8037 16.6777 19.3437 18.8777 16.5937 18.8777ZM9.2937 18.7877C8.5337 18.7877 8.1237 18.3377 8.1237 17.4677V10.1677H8.0637L7.0537 11.0077C6.7237 11.3477 6.5237 11.4577 6.1437 11.4577C5.6037 11.4577 5.1537 10.9777 5.1537 10.4277C5.1537 9.9677 5.3737 9.6377 5.7937 9.2677L7.4937 7.9577C8.1037 7.4277 8.5037 7.2877 9.0337 7.2877C9.9537 7.2877 10.4637 7.8477 10.4637 8.7677V17.4677C10.4637 18.3377 10.0537 18.7877 9.2937 18.7877ZM16.8437 12.8877C17.8137 12.8877 18.4737 12.1277 18.4737 11.0777C18.4737 9.9677 17.7837 9.2177 16.8437 9.2177C15.8737 9.2177 15.2137 9.9577 15.2137 11.0577C15.2137 12.1277 15.8837 12.8877 16.8437 12.8877Z","geometry":{"width":26.140625,"height":26.140625}}