{"path":"M4.8237 26.1377H21.3137C24.4437 26.1377 26.1437 24.4477 26.1437 21.3377V4.7977C26.1437 1.6977 24.4437 -0.0023 21.3137 -0.0023H4.8237C1.7137 -0.0023 0.0037 1.6977 0.0037 4.7977V21.3377C0.0037 24.4477 1.7137 26.1377 4.8237 26.1377ZM5.2137 22.6177C4.1137 22.6177 3.5237 22.0777 3.5237 20.9177V5.2377C3.5237 4.0777 4.1137 3.5277 5.2137 3.5277H20.9337C22.0237 3.5277 22.6137 4.0777 22.6137 5.2377V20.9177C22.6137 22.0777 22.0237 22.6177 20.9337 22.6177ZM10.0037 19.0977H16.7937C17.6737 19.0977 18.2337 18.5977 18.2337 17.7777C18.2337 16.9377 17.6937 16.4577 16.7937 16.4577H13.1937V16.3377L15.4937 14.0377C16.9237 12.7177 17.7037 11.6477 17.7037 10.2777C17.7037 8.1177 15.8737 6.6677 13.1437 6.6677C10.9737 6.6677 9.1737 7.7777 8.6637 9.3377C8.5837 9.5677 8.5437 9.7977 8.5437 10.0377C8.5437 10.8377 9.1237 11.2777 9.9537 11.2777C10.6537 11.2777 10.9737 10.9277 11.2637 10.5177C11.6237 9.8977 12.1137 9.2677 13.0537 9.2677C13.9437 9.2677 14.5237 9.7777 14.5237 10.5577C14.5237 11.2977 13.9437 11.9677 13.0537 12.7877L9.2737 16.4577C8.7337 16.9277 8.6037 17.3477 8.6037 17.8177C8.6037 18.5777 9.1737 19.0977 10.0037 19.0977Z","geometry":{"width":26.140625,"height":26.140625}}