{"path":"M4.8237 26.1377H21.3137C24.4437 26.1377 26.1437 24.4477 26.1437 21.3377V4.7977C26.1437 1.6977 24.4437 -0.0023 21.3137 -0.0023H4.8237C1.7137 -0.0023 0.0037 1.6977 0.0037 4.7977V21.3377C0.0037 24.4477 1.7137 26.1377 4.8237 26.1377ZM5.2137 22.6177C4.1137 22.6177 3.5237 22.0777 3.5237 20.9177V5.2377C3.5237 4.0777 4.1137 3.5277 5.2137 3.5277H20.9337C22.0237 3.5277 22.6137 4.0777 22.6137 5.2377V20.9177C22.6137 22.0777 22.0237 22.6177 20.9337 22.6177ZM6.8237 18.3377H11.5637C12.1837 18.3377 12.6037 17.9377 12.6037 17.2777C12.6037 16.6377 12.1837 16.2577 11.5637 16.2577H8.7537V16.1477L10.6637 13.9177C11.6737 12.7577 12.3037 11.8077 12.3037 10.5677C12.2737 8.7477 11.0037 7.5177 8.9837 7.5177C7.4237 7.5177 6.0537 8.4777 5.7037 9.8177C5.6437 10.0177 5.6237 10.1977 5.6237 10.4077C5.6237 10.9877 5.9837 11.3877 6.5637 11.3877C7.0837 11.3877 7.3537 11.0977 7.5237 10.6677C7.7637 9.9377 8.2737 9.5477 8.9537 9.5477C9.7337 9.5477 10.2637 10.0477 10.2637 10.7577C10.2637 11.4877 9.7037 12.0677 9.0737 12.7977L6.2637 16.1177C5.9037 16.5277 5.7737 16.8677 5.7737 17.2677C5.7737 17.9277 6.2237 18.3377 6.8237 18.3377ZM17.2837 18.5777C19.4737 18.5777 20.9837 16.7077 20.9837 13.0577C20.9837 9.4077 19.4737 7.5177 17.2837 7.5177C15.0837 7.5177 13.6337 9.4077 13.6337 13.0577C13.6337 16.7077 15.0837 18.5777 17.2837 18.5777ZM17.3037 16.4377C16.4337 16.4377 15.8737 15.3577 15.8737 13.0577C15.8737 10.7577 16.4337 9.6677 17.3037 9.6677C18.1837 9.6677 18.7337 10.7577 18.7337 13.0577C18.7337 15.3577 18.1837 16.4377 17.3037 16.4377Z","geometry":{"width":26.140625,"height":26.140625}}