{"path":"M4.8237 26.1377H21.3137C24.4437 26.1377 26.1437 24.4477 26.1437 21.3377V4.7977C26.1437 1.6977 24.4437 -0.0023 21.3137 -0.0023H4.8237C1.7137 -0.0023 0.0037 1.6977 0.0037 4.7977V21.3377C0.0037 24.4477 1.7137 26.1377 4.8237 26.1377ZM6.5937 18.6177C5.9437 18.6177 5.4537 18.1877 5.4537 17.4877C5.4537 17.0477 5.6237 16.6977 5.9837 16.2577L8.9437 12.7877C9.5937 12.0177 10.2037 11.3877 10.2037 10.6377C10.2037 9.8977 9.6437 9.3777 8.8137 9.3777C8.1037 9.3777 7.5737 9.7777 7.3237 10.5377C7.1637 11.0077 6.8637 11.3177 6.3037 11.3177C5.6837 11.3177 5.3037 10.8877 5.3037 10.2677C5.3037 10.0477 5.3337 9.8577 5.3837 9.6477C5.7737 8.2277 7.2037 7.2277 8.8437 7.2277C10.9937 7.2277 12.3337 8.5277 12.3437 10.4277C12.3637 11.7577 11.6937 12.7377 10.6237 13.9677L8.6237 16.2977V16.4177H11.5637C12.2237 16.4177 12.6637 16.7977 12.6637 17.4977C12.6637 18.1977 12.2237 18.6177 11.5637 18.6177ZM17.5837 18.8777C15.2737 18.8777 13.7437 16.9077 13.7437 13.0577C13.7437 9.1977 15.2737 7.2277 17.5837 7.2277C19.8837 7.2277 21.4937 9.1977 21.4937 13.0577C21.4937 16.9077 19.8837 18.8777 17.5837 18.8777ZM17.6137 16.5977C18.5237 16.5977 19.1037 15.4677 19.1037 13.0577C19.1037 10.6377 18.5137 9.5177 17.6137 9.5177C16.6937 9.5177 16.1237 10.6377 16.1237 13.0577C16.1237 15.4677 16.6937 16.5977 17.6137 16.5977Z","geometry":{"width":26.140625,"height":26.140625}}