{"path":"M4.8237 26.1377H21.3137C24.4437 26.1377 26.1437 24.4477 26.1437 21.3377V4.7977C26.1437 1.6977 24.4437 -0.0023 21.3137 -0.0023H4.8237C1.7137 -0.0023 0.0037 1.6977 0.0037 4.7977V21.3377C0.0037 24.4477 1.7137 26.1377 4.8237 26.1377ZM5.2137 22.6177C4.1137 22.6177 3.5237 22.0777 3.5237 20.9177V5.2377C3.5237 4.0777 4.1137 3.5277 5.2137 3.5277H20.9337C22.0237 3.5277 22.6137 4.0777 22.6137 5.2377V20.9177C22.6137 22.0777 22.0237 22.6177 20.9337 22.6177ZM7.5637 18.3377H12.3037C12.9337 18.3377 13.3437 17.9377 13.3437 17.2777C13.3437 16.6377 12.9337 16.2577 12.3037 16.2577H9.4837V16.1477L11.4037 13.9177C12.4137 12.7577 13.0437 11.8077 13.0437 10.5677C13.0337 8.7477 11.7437 7.5177 9.7237 7.5177C8.1637 7.5177 6.7937 8.4777 6.4437 9.8177C6.3837 10.0177 6.3537 10.1977 6.3537 10.4077C6.3537 10.9877 6.7237 11.3877 7.3037 11.3877C7.8337 11.3877 8.0937 11.0977 8.2537 10.6677C8.5037 9.9377 9.0137 9.5477 9.7037 9.5477C10.4737 9.5477 11.0237 10.0477 11.0237 10.7577C11.0237 11.4877 10.4437 12.0677 9.8337 12.7977L7.0037 16.1177C6.6437 16.5277 6.5037 16.8677 6.5037 17.2677C6.5037 17.9277 6.9637 18.3377 7.5637 18.3377ZM18.4537 18.4977C19.1837 18.4977 19.5637 18.0777 19.5637 17.2677V8.9677C19.5637 8.1077 19.0837 7.5777 18.2237 7.5777C17.7337 7.5777 17.3537 7.7077 16.7737 8.2077L15.1437 9.4477C14.7337 9.7977 14.5437 10.1177 14.5437 10.5577C14.5437 11.0777 14.9837 11.5077 15.4737 11.5077C15.8137 11.5077 16.0237 11.4177 16.3337 11.0977L17.2937 10.2977H17.3637V17.2677C17.3637 18.0777 17.7437 18.4977 18.4537 18.4977Z","geometry":{"width":26.140625,"height":26.140625}}