{"path":"M4.8237 26.1377H21.3137C24.4437 26.1377 26.1437 24.4477 26.1437 21.3377V4.7977C26.1437 1.6977 24.4437 -0.0023 21.3137 -0.0023H4.8237C1.7137 -0.0023 0.0037 1.6977 0.0037 4.7977V21.3377C0.0037 24.4477 1.7137 26.1377 4.8237 26.1377ZM5.2137 22.6177C4.1137 22.6177 3.5237 22.0777 3.5237 20.9177V5.2377C3.5237 4.0777 4.1137 3.5277 5.2137 3.5277H20.9337C22.0237 3.5277 22.6137 4.0777 22.6137 5.2377V20.9177C22.6137 22.0777 22.0237 22.6177 20.9337 22.6177ZM6.8537 18.3377H11.5937C12.2137 18.3377 12.6237 17.9377 12.6237 17.2777C12.6237 16.6377 12.2137 16.2577 11.5937 16.2577H8.7737V16.1477L10.6937 13.9177C11.7037 12.7577 12.3337 11.8077 12.3137 10.5677C12.3037 8.7477 11.0337 7.5177 9.0137 7.5177C7.4537 7.5177 6.0837 8.4777 5.7237 9.8177C5.6737 10.0177 5.6437 10.1977 5.6437 10.4077C5.6437 10.9877 6.0037 11.3877 6.5937 11.3877C7.1137 11.3877 7.3837 11.0977 7.5437 10.6677C7.7937 9.9377 8.3037 9.5477 8.9837 9.5477C9.7637 9.5477 10.2937 10.0477 10.2937 10.7577C10.2937 11.4877 9.7337 12.0677 9.1037 12.7977L6.2937 16.1177C5.9337 16.5277 5.7937 16.8677 5.7937 17.2677C5.7937 17.9277 6.2337 18.3377 6.8537 18.3377ZM15.2337 18.3377H19.9737C20.5937 18.3377 21.0037 17.9377 21.0037 17.2777C21.0037 16.6377 20.5937 16.2577 19.9737 16.2577H17.1537V16.1477L19.0737 13.9177C20.0837 12.7577 20.7137 11.8077 20.7037 10.5677C20.6837 8.7477 19.4137 7.5177 17.3937 7.5177C15.8137 7.5177 14.4637 8.4777 14.1137 9.8177C14.0537 10.0177 14.0237 10.1977 14.0237 10.4077C14.0237 10.9877 14.3837 11.3877 14.9737 11.3877C15.4937 11.3877 15.7637 11.0977 15.9237 10.6677C16.1737 9.9377 16.6637 9.5477 17.3637 9.5477C18.1437 9.5477 18.6737 10.0477 18.6737 10.7577C18.6737 11.4877 18.1137 12.0677 17.4837 12.7977L14.6537 16.1177C14.3037 16.5277 14.1637 16.8677 14.1637 17.2677C14.1637 17.9277 14.6137 18.3377 15.2337 18.3377Z","geometry":{"width":26.140625,"height":26.140625}}