{"path":"M4.8237 26.1377H21.3137C24.4437 26.1377 26.1437 24.4477 26.1437 21.3377V4.7977C26.1437 1.6977 24.4437 -0.0023 21.3137 -0.0023H4.8237C1.7137 -0.0023 0.0037 1.6977 0.0037 4.7977V21.3377C0.0037 24.4477 1.7137 26.1377 4.8237 26.1377ZM6.6137 18.6177C5.9637 18.6177 5.4837 18.1877 5.4837 17.4877C5.4837 17.0477 5.6337 16.6977 6.0137 16.2577L8.9737 12.7977C9.6237 12.0177 10.2237 11.3977 10.2237 10.6377C10.2237 9.9077 9.6637 9.3777 8.8437 9.3777C8.1337 9.3777 7.6037 9.7877 7.3537 10.5377C7.1737 11.0077 6.8937 11.3177 6.3337 11.3177C5.7137 11.3177 5.3337 10.8977 5.3337 10.2677C5.3337 10.0577 5.3637 9.8677 5.4137 9.6477C5.7937 8.2277 7.2337 7.2477 8.8737 7.2477C11.0037 7.2477 12.3437 8.5277 12.3637 10.4277C12.3737 11.7577 11.7137 12.7577 10.6537 13.9677L8.6537 16.3077V16.4177H11.5937C12.2537 16.4177 12.6837 16.8177 12.6837 17.4977C12.6837 18.1977 12.2537 18.6177 11.5937 18.6177ZM15.4337 18.6177C14.7837 18.6177 14.3037 18.1877 14.3037 17.4877C14.3037 17.0477 14.4537 16.6977 14.8337 16.2577L17.8037 12.7977C18.4437 12.0177 19.0437 11.3977 19.0437 10.6377C19.0437 9.9077 18.4837 9.3777 17.6737 9.3777C16.9537 9.3777 16.4337 9.7877 16.1737 10.5377C15.9937 11.0077 15.7137 11.3177 15.1637 11.3177C14.5337 11.3177 14.1537 10.8977 14.1537 10.2677C14.1537 10.0577 14.1737 9.8677 14.2337 9.6477C14.6137 8.2277 16.0537 7.2477 17.6937 7.2477C19.8237 7.2477 21.1637 8.5277 21.1937 10.4277C21.2037 11.7577 20.5237 12.7577 19.4737 13.9677L17.4737 16.3077V16.4177H20.4137C21.0637 16.4177 21.5037 16.8177 21.5037 17.4977C21.5037 18.1977 21.0637 18.6177 20.4137 18.6177Z","geometry":{"width":26.140625,"height":26.140625}}