{"path":"M4.8237 26.1377H21.3137C24.4437 26.1377 26.1437 24.4477 26.1437 21.3377V4.7977C26.1437 1.6977 24.4437 -0.0023 21.3137 -0.0023H4.8237C1.7137 -0.0023 0.0037 1.6977 0.0037 4.7977V21.3377C0.0037 24.4477 1.7137 26.1377 4.8237 26.1377ZM6.5637 18.6177C5.9237 18.6177 5.4437 18.1877 5.4437 17.4877C5.4437 17.0477 5.5737 16.6977 5.9637 16.2577L8.9237 12.7877C9.5737 12.0177 10.1737 11.3877 10.1737 10.6377C10.1737 9.8977 9.6137 9.3777 8.8037 9.3777C8.0837 9.3777 7.5637 9.7777 7.3137 10.5377C7.1237 11.0077 6.8337 11.3177 6.2937 11.3177C5.6737 11.3177 5.2737 10.8877 5.2737 10.2677C5.2737 10.0477 5.3137 9.8577 5.3637 9.6477C5.7437 8.2277 7.1737 7.2277 8.8337 7.2277C10.9637 7.2277 12.3037 8.5277 12.3137 10.4277C12.3337 11.7577 11.6637 12.7377 10.5937 13.9677L8.6037 16.2977V16.4177H11.5437C12.1937 16.4177 12.6337 16.7977 12.6337 17.4977C12.6337 18.1977 12.1937 18.6177 11.5437 18.6177ZM17.6937 18.8777C15.9137 18.8777 14.4137 17.7877 14.0637 16.5977C14.0037 16.3877 13.9637 16.1977 13.9637 15.9777C13.9637 15.3277 14.4537 14.9277 14.9837 14.9277C15.4537 14.9277 15.7637 15.1477 15.9837 15.5877C16.3237 16.3277 16.9437 16.7077 17.7237 16.7077C18.6337 16.7077 19.2637 16.1177 19.2637 15.3777C19.2637 14.5577 18.6737 14.0277 17.7337 14.0277H17.2837C16.5737 14.0277 16.2237 13.5577 16.2237 12.9477C16.2237 12.2877 16.6237 11.8577 17.2837 11.8577H17.7037C18.5237 11.8577 19.0337 11.2777 19.0337 10.5777C19.0337 9.8277 18.4737 9.3377 17.7037 9.3377C16.9237 9.3377 16.4337 9.7177 16.1037 10.4577C15.9137 10.8877 15.6137 11.1277 15.1237 11.1277C14.5437 11.1277 14.1537 10.7277 14.1537 10.0777C14.1537 9.8577 14.1737 9.6677 14.2637 9.4077C14.6137 8.3077 15.9137 7.2277 17.7337 7.2277C19.8937 7.2277 21.3437 8.4377 21.3437 10.2377C21.3437 11.4277 20.5237 12.5277 19.4537 12.6977V12.8077C20.7437 12.9177 21.6437 14.0777 21.6437 15.5077C21.6437 17.5177 20.0537 18.8777 17.6937 18.8777Z","geometry":{"width":26.140625,"height":26.140625}}