{"path":"M4.8237 26.1377H21.3137C24.4437 26.1377 26.1437 24.4477 26.1437 21.3377V4.7977C26.1437 1.6977 24.4437 -0.0023 21.3137 -0.0023H4.8237C1.7137 -0.0023 0.0037 1.6977 0.0037 4.7977V21.3377C0.0037 24.4477 1.7137 26.1377 4.8237 26.1377ZM5.2137 22.6177C4.1137 22.6177 3.5237 22.0777 3.5237 20.9177V5.2377C3.5237 4.0777 4.1137 3.5277 5.2137 3.5277H20.9337C22.0237 3.5277 22.6137 4.0777 22.6137 5.2377V20.9177C22.6137 22.0777 22.0237 22.6177 20.9337 22.6177ZM6.7937 18.3377H11.5237C12.1537 18.3377 12.5637 17.9377 12.5637 17.2777C12.5637 16.6377 12.1537 16.2577 11.5237 16.2577H8.7137V16.1477L10.6237 13.9177C11.6337 12.7577 12.2637 11.8077 12.2637 10.5677C12.2537 8.7477 10.9737 7.5177 8.9437 7.5177C7.3837 7.5177 6.0137 8.4777 5.6637 9.8177C5.6037 10.0177 5.5737 10.1977 5.5737 10.4077C5.5737 10.9877 5.9437 11.3877 6.5237 11.3877C7.0537 11.3877 7.3237 11.0977 7.4937 10.6677C7.7237 9.9377 8.2337 9.5477 8.9237 9.5477C9.7037 9.5477 10.2437 10.0477 10.2437 10.7577C10.2437 11.4877 9.6637 12.0677 9.0537 12.7977L6.2237 16.1177C5.8637 16.5277 5.7237 16.8677 5.7237 17.2677C5.7237 17.9277 6.1837 18.3377 6.7937 18.3377ZM17.2237 18.5777C19.5937 18.5777 21.0637 17.1277 21.0637 14.8077C21.0637 12.7877 19.7137 11.4877 17.9537 11.4877C17.1337 11.4877 16.2937 11.8677 15.9037 12.4577H15.8637L16.0637 9.6777H19.7437C20.3037 9.6777 20.6837 9.3077 20.6837 8.7177C20.6837 8.1177 20.3337 7.7677 19.7437 7.7677H15.5337C14.7337 7.7677 14.2737 8.2577 14.2237 9.1177L13.9737 12.8777C13.9337 13.6677 14.3737 14.1677 15.0837 14.1677C15.6037 14.1677 15.8837 14.0277 16.2237 13.7577C16.6837 13.3977 17.0037 13.2377 17.4837 13.2377C18.3637 13.2377 18.9737 13.9577 18.9737 14.8877C18.9737 15.9577 18.3037 16.6377 17.3537 16.6377C16.6237 16.6377 16.0937 16.2277 15.7537 15.6977C15.5137 15.3977 15.2837 15.1177 14.8437 15.1177C14.3137 15.1177 13.8937 15.5477 13.8937 16.1177C13.8937 16.3377 13.9337 16.5577 14.0237 16.7877C14.3937 17.6877 15.6037 18.5777 17.2237 18.5777Z","geometry":{"width":26.140625,"height":26.140625}}