{"path":"M4.8237 26.1377H21.3137C24.4437 26.1377 26.1437 24.4477 26.1437 21.3377V4.7977C26.1437 1.6977 24.4437 -0.0023 21.3137 -0.0023H4.8237C1.7137 -0.0023 0.0037 1.6977 0.0037 4.7977V21.3377C0.0037 24.4477 1.7137 26.1377 4.8237 26.1377ZM5.2137 22.6177C4.1137 22.6177 3.5237 22.0777 3.5237 20.9177V5.2377C3.5237 4.0777 4.1137 3.5277 5.2137 3.5277H20.9337C22.0237 3.5277 22.6137 4.0777 22.6137 5.2377V20.9177C22.6137 22.0777 22.0237 22.6177 20.9337 22.6177ZM6.6437 18.3377H11.3937C12.0037 18.3377 12.4137 17.9377 12.4137 17.2777C12.4137 16.6377 12.0037 16.2577 11.3937 16.2577H8.5737V16.1477L10.4837 13.9177C11.4937 12.7577 12.1237 11.8077 12.1137 10.5677C12.1037 8.7477 10.8237 7.5177 8.8037 7.5177C7.2337 7.5177 5.8837 8.4777 5.5237 9.8177C5.4737 10.0177 5.4437 10.1977 5.4437 10.4077C5.4437 10.9877 5.7937 11.3877 6.3837 11.3877C6.9037 11.3877 7.1737 11.0977 7.3437 10.6677C7.5837 9.9377 8.0937 9.5477 8.7737 9.5477C9.5537 9.5477 10.0937 10.0477 10.0937 10.7577C10.0937 11.4877 9.5337 12.0677 8.9037 12.7977L6.0737 16.1177C5.7137 16.5277 5.5737 16.8677 5.5737 17.2677C5.5737 17.9277 6.0337 18.3377 6.6437 18.3377ZM17.4737 18.5977C19.5937 18.5977 21.0537 17.1477 21.0537 14.7677C21.0537 12.6477 19.6437 11.4577 18.0737 11.4577C16.8537 11.4577 16.1037 12.1177 15.7937 12.8777H15.6937C15.6937 12.7677 15.6837 12.6577 15.6837 12.4977C15.6837 10.6677 16.5037 9.4577 17.6337 9.4577C18.2337 9.4577 18.6337 9.7777 18.9237 10.1577C19.1437 10.4277 19.3837 10.5977 19.7937 10.5977C20.2637 10.5977 20.6737 10.2677 20.6737 9.7177C20.6737 9.4577 20.6337 9.2677 20.5237 9.0377C20.1637 8.2277 19.1537 7.5177 17.7037 7.5177C15.2837 7.5177 13.6137 9.4577 13.6137 13.2177C13.6137 14.6377 13.8537 15.8077 14.2737 16.6777C14.9137 18.0177 16.0737 18.5977 17.4737 18.5977ZM17.3637 16.7177C16.4437 16.7177 15.8037 15.9977 15.8037 14.9477C15.8037 13.9277 16.4437 13.2077 17.3637 13.2077C18.2837 13.2077 18.9037 13.9177 18.9037 14.9477C18.9037 16.0277 18.2937 16.7177 17.3637 16.7177Z","geometry":{"width":26.140625,"height":26.140625}}