{"path":"M4.8237 26.1377H21.3137C24.4437 26.1377 26.1437 24.4477 26.1437 21.3377V4.7977C26.1437 1.6977 24.4437 -0.0023 21.3137 -0.0023H4.8237C1.7137 -0.0023 0.0037 1.6977 0.0037 4.7977V21.3377C0.0037 24.4477 1.7137 26.1377 4.8237 26.1377ZM6.3437 18.6177C5.7037 18.6177 5.2137 18.1877 5.2137 17.4877C5.2137 17.0477 5.3637 16.6977 5.7437 16.2577L8.7137 12.7877C9.3637 12.0177 9.9537 11.3877 9.9537 10.6377C9.9537 9.8977 9.3937 9.3777 8.5837 9.3777C7.8637 9.3777 7.3437 9.7777 7.0837 10.5377C6.9137 11.0077 6.6337 11.3177 6.0737 11.3177C5.4537 11.3177 5.0537 10.8877 5.0537 10.2677C5.0537 10.0477 5.1037 9.8577 5.1537 9.6477C5.5337 8.2277 6.9637 7.2277 8.6037 7.2277C10.7437 7.2277 12.0837 8.5277 12.1037 10.4277C12.1137 11.7577 11.4437 12.7377 10.3737 13.9677L8.3837 16.2977V16.4177H11.3237C11.9937 16.4177 12.4137 16.7977 12.4137 17.4977C12.4137 18.1977 11.9937 18.6177 11.3237 18.6177ZM17.7037 18.8777C15.3037 18.8777 13.7037 17.5577 13.7037 15.5677C13.7037 14.1477 14.5637 13.0977 15.9037 12.7977V12.6877C14.8237 12.3877 14.1137 11.4577 14.1137 10.2377C14.1137 8.4477 15.5537 7.2277 17.7237 7.2277C19.8537 7.2277 21.3137 8.4477 21.3137 10.2377C21.3137 11.4577 20.5937 12.3977 19.5237 12.6877V12.7977C20.8537 13.0977 21.7237 14.1377 21.7237 15.5677C21.7237 17.5377 20.1137 18.8777 17.7037 18.8777ZM17.7237 11.8377C18.5437 11.8377 19.1037 11.2677 19.1037 10.4677C19.1037 9.6777 18.5237 9.1177 17.7237 9.1177C16.8937 9.1177 16.3237 9.6777 16.3237 10.4677C16.3237 11.2677 16.8837 11.8377 17.7237 11.8377ZM17.7237 16.9677C18.6937 16.9677 19.3837 16.3277 19.3837 15.3777C19.3837 14.4677 18.7037 13.7977 17.7237 13.7977C16.7337 13.7977 16.0537 14.4677 16.0537 15.3777C16.0537 16.3277 16.7337 16.9677 17.7237 16.9677Z","geometry":{"width":26.140625,"height":26.140625}}