{"path":"M4.8237 26.1377H21.3137C24.4437 26.1377 26.1437 24.4477 26.1437 21.3377V4.7977C26.1437 1.6977 24.4437 -0.0023 21.3137 -0.0023H4.8237C1.7137 -0.0023 0.0037 1.6977 0.0037 4.7977V21.3377C0.0037 24.4477 1.7137 26.1377 4.8237 26.1377ZM5.2137 22.6177C4.1137 22.6177 3.5237 22.0777 3.5237 20.9177V5.2377C3.5237 4.0777 4.1137 3.5277 5.2137 3.5277H20.9337C22.0237 3.5277 22.6137 4.0777 22.6137 5.2377V20.9177C22.6137 22.0777 22.0237 22.6177 20.9337 22.6177ZM13.0837 19.4277C16.2237 19.4277 18.1737 17.9477 18.1737 15.7477C18.1737 14.1877 17.0237 12.9477 15.4637 12.8077V12.6577C16.7637 12.4677 17.8137 11.2777 17.8137 9.9777C17.8137 8.0077 15.9437 6.6677 13.1537 6.6677C10.7837 6.6677 9.0637 7.6177 8.6137 9.1177C8.5437 9.3377 8.5037 9.5577 8.5037 9.7877C8.5037 10.5677 9.0637 11.0577 9.9437 11.0577C10.5137 11.0577 10.9237 10.8277 11.2237 10.3077C11.5537 9.5577 12.2137 9.1077 13.1137 9.1077C14.0837 9.1077 14.6837 9.5677 14.6837 10.3177C14.6837 11.1377 14.0237 11.7177 13.0537 11.7177H12.5737C11.7437 11.7177 11.2237 12.1777 11.2237 12.9377C11.2237 13.6677 11.7537 14.1677 12.5737 14.1677H13.0937C14.2437 14.1677 14.9737 14.7077 14.9737 15.5577C14.9737 16.3877 14.2337 16.9377 13.1537 16.9377C12.0737 16.9377 11.4137 16.4477 11.0637 15.7377C10.7437 15.2177 10.3537 14.9877 9.7637 14.9877C8.9037 14.9877 8.3437 15.4877 8.3437 16.2677C8.3437 16.5177 8.3637 16.7077 8.4537 16.9277C8.9137 18.4177 10.8037 19.4277 13.0837 19.4277Z","geometry":{"width":26.140625,"height":26.140625}}