{"path":"M4.8237 26.1377H21.3137C24.4437 26.1377 26.1437 24.4477 26.1437 21.3377V4.7977C26.1437 1.6977 24.4437 -0.0023 21.3137 -0.0023H4.8237C1.7137 -0.0023 0.0037 1.6977 0.0037 4.7977V21.3377C0.0037 24.4477 1.7137 26.1377 4.8237 26.1377ZM5.2137 22.6177C4.1137 22.6177 3.5237 22.0777 3.5237 20.9177V5.2377C3.5237 4.0777 4.1137 3.5277 5.2137 3.5277H20.9337C22.0237 3.5277 22.6137 4.0777 22.6137 5.2377V20.9177C22.6137 22.0777 22.0237 22.6177 20.9337 22.6177ZM9.6437 18.5777C11.9037 18.5777 13.3937 17.2977 13.3937 15.3777C13.3937 14.0377 12.5337 12.9377 11.3037 12.8277V12.7277C12.3337 12.5477 13.1137 11.5077 13.1137 10.3777C13.1137 8.6777 11.7437 7.5177 9.6937 7.5177C7.9537 7.5177 6.7237 8.5477 6.3937 9.5977C6.3137 9.8477 6.2937 10.0177 6.2937 10.2277C6.2937 10.8377 6.6537 11.2277 7.2037 11.2277C7.6737 11.2277 7.9537 10.9877 8.1337 10.5977C8.4337 9.8677 8.9137 9.4977 9.6537 9.4977C10.4037 9.4977 10.9337 9.9777 10.9337 10.6877C10.9337 11.3777 10.4437 11.9177 9.6537 11.9177H9.2537C8.6237 11.9177 8.2437 12.3277 8.2437 12.9477C8.2437 13.5377 8.5837 13.9577 9.2537 13.9577H9.6937C10.5937 13.9577 11.1537 14.4777 11.1537 15.2577C11.1537 15.9677 10.5537 16.5477 9.6837 16.5477C8.9237 16.5477 8.3537 16.1777 8.0137 15.4677C7.8037 15.0477 7.5037 14.8477 7.0637 14.8477C6.5737 14.8477 6.1137 15.2177 6.1137 15.8277C6.1137 16.0377 6.1537 16.2177 6.2037 16.4077C6.5337 17.5377 7.9537 18.5777 9.6437 18.5777ZM18.6437 18.4977C19.3637 18.4977 19.7537 18.0777 19.7537 17.2677V8.9677C19.7537 8.1077 19.2637 7.5777 18.4137 7.5777C17.9137 7.5777 17.5437 7.7077 16.9537 8.2077L15.3437 9.4477C14.9337 9.7977 14.7337 10.1177 14.7337 10.5577C14.7337 11.0777 15.1637 11.5077 15.6637 11.5077C16.0137 11.5077 16.2137 11.4177 16.5337 11.0977L17.4837 10.2977H17.5537V17.2677C17.5537 18.0777 17.9337 18.4977 18.6437 18.4977Z","geometry":{"width":26.140625,"height":26.140625}}