{"path":"M4.8237 26.1377H21.3137C24.4437 26.1377 26.1437 24.4477 26.1437 21.3377V4.7977C26.1437 1.6977 24.4437 -0.0023 21.3137 -0.0023H4.8237C1.7137 -0.0023 0.0037 1.6977 0.0037 4.7977V21.3377C0.0037 24.4477 1.7137 26.1377 4.8237 26.1377ZM9.5437 18.8777C7.7637 18.8777 6.2637 17.7877 5.9337 16.5977C5.8637 16.3877 5.8337 16.1977 5.8337 15.9777C5.8337 15.3277 6.3137 14.9277 6.8337 14.9277C7.3137 14.9277 7.6137 15.1477 7.8437 15.5877C8.1937 16.3277 8.8037 16.7077 9.5737 16.7077C10.5037 16.7077 11.1137 16.1177 11.1137 15.3777C11.1137 14.5577 10.5437 14.0277 9.5837 14.0277H9.1437C8.4337 14.0277 8.0837 13.5577 8.0837 12.9477C8.0837 12.2877 8.4937 11.8577 9.1437 11.8577H9.5537C10.3937 11.8577 10.8837 11.2777 10.8837 10.5777C10.8837 9.8277 10.3237 9.3377 9.5537 9.3377C8.7737 9.3377 8.2837 9.7177 7.9737 10.4577C7.7837 10.8877 7.4737 11.1277 6.9837 11.1277C6.4137 11.1277 6.0037 10.7277 6.0037 10.0777C6.0037 9.8577 6.0337 9.6677 6.1237 9.4077C6.4637 8.3077 7.7637 7.2277 9.5937 7.2277C11.7537 7.2277 13.2037 8.4377 13.2037 10.2377C13.2037 11.4277 12.3837 12.5277 11.3037 12.6977V12.8077C12.5937 12.9177 13.4937 14.0777 13.4937 15.5077C13.4937 17.5177 11.9237 18.8777 9.5437 18.8777ZM19.0337 18.7877C18.2837 18.7877 17.8737 18.3377 17.8737 17.4677V10.1677H17.8037L16.8037 11.0077C16.4637 11.3477 16.2537 11.4577 15.8737 11.4577C15.3537 11.4577 14.9037 10.9777 14.9037 10.4277C14.9037 9.9677 15.1037 9.6377 15.5337 9.2677L17.2237 7.9577C17.8437 7.4277 18.2537 7.2877 18.7737 7.2877C19.6837 7.2877 20.1937 7.8477 20.1937 8.7677V17.4677C20.1937 18.3377 19.7837 18.7877 19.0337 18.7877Z","geometry":{"width":26.140625,"height":26.140625}}