{"path":"M4.8237 26.1377H21.3137C24.4437 26.1377 26.1437 24.4477 26.1437 21.3377V4.7977C26.1437 1.6977 24.4437 -0.0023 21.3137 -0.0023H4.8237C1.7137 -0.0023 0.0037 1.6977 0.0037 4.7977V21.3377C0.0037 24.4477 1.7137 26.1377 4.8237 26.1377ZM8.7337 18.8777C6.9637 18.8777 5.4537 17.7877 5.1137 16.5977C5.0537 16.3877 5.0137 16.1977 5.0137 15.9777C5.0137 15.3277 5.5137 14.9277 6.0337 14.9277C6.4937 14.9277 6.8037 15.1477 7.0237 15.5877C7.3837 16.3277 7.9837 16.7077 8.7637 16.7077C9.6837 16.7077 10.3037 16.1177 10.3037 15.3777C10.3037 14.5577 9.7237 14.0277 8.7737 14.0277H8.3237C7.6337 14.0277 7.2637 13.5577 7.2637 12.9477C7.2637 12.2877 7.6737 11.8577 8.3237 11.8577H8.7337C9.5737 11.8577 10.0637 11.2777 10.0637 10.5777C10.0637 9.8277 9.5137 9.3377 8.7337 9.3377C7.9737 9.3377 7.4637 9.7177 7.1537 10.4577C6.9637 10.8877 6.6537 11.1277 6.1637 11.1277C5.5937 11.1277 5.1937 10.7277 5.1937 10.0777C5.1937 9.8577 5.2237 9.6677 5.3037 9.4077C5.6637 8.3077 6.9637 7.2277 8.7937 7.2277C10.9337 7.2277 12.3837 8.4377 12.3837 10.2377C12.3837 11.4277 11.5637 12.5277 10.5037 12.6977V12.8077C11.7837 12.9177 12.7037 14.0777 12.7037 15.5077C12.7037 17.5177 11.1137 18.8777 8.7337 18.8777ZM15.4537 18.6177C14.8037 18.6177 14.3237 18.1877 14.3237 17.4877C14.3237 17.0477 14.4737 16.6977 14.8437 16.2577L17.8137 12.7877C18.4737 12.0177 19.0537 11.3877 19.0537 10.6377C19.0537 9.8977 18.4937 9.3777 17.6937 9.3777C16.9837 9.3777 16.4437 9.7777 16.2037 10.5377C16.0237 11.0077 15.7337 11.3177 15.1737 11.3177C14.5637 11.3177 14.1637 10.8877 14.1637 10.2677C14.1637 10.0477 14.2037 9.8577 14.2437 9.6477C14.6437 8.2277 16.0737 7.2277 17.7237 7.2277C19.8537 7.2277 21.1937 8.5277 21.2237 10.4277C21.2237 11.7577 20.5637 12.7377 19.4937 13.9677L17.5037 16.2977V16.4177H20.4237C21.0837 16.4177 21.5337 16.7977 21.5337 17.4977C21.5337 18.1977 21.0837 18.6177 20.4237 18.6177Z","geometry":{"width":26.140625,"height":26.140625}}