{"path":"M4.8237 26.1377H21.3137C24.4437 26.1377 26.1437 24.4477 26.1437 21.3377V4.7977C26.1437 1.6977 24.4437 -0.0023 21.3137 -0.0023H4.8237C1.7137 -0.0023 0.0037 1.6977 0.0037 4.7977V21.3377C0.0037 24.4477 1.7137 26.1377 4.8237 26.1377ZM5.2137 22.6177C4.1137 22.6177 3.5237 22.0777 3.5237 20.9177V5.2377C3.5237 4.0777 4.1137 3.5277 5.2137 3.5277H20.9337C22.0237 3.5277 22.6137 4.0777 22.6137 5.2377V20.9177C22.6137 22.0777 22.0237 22.6177 20.9337 22.6177ZM8.8737 18.5777C11.1337 18.5777 12.6337 17.2977 12.6337 15.3777C12.6337 14.0377 11.7737 12.9377 10.5437 12.8277V12.7277C11.5537 12.5477 12.3437 11.5077 12.3437 10.3777C12.3437 8.6777 10.9737 7.5177 8.9137 7.5177C7.1937 7.5177 5.9637 8.5477 5.6237 9.5977C5.5337 9.8477 5.5137 10.0177 5.5137 10.2277C5.5137 10.8377 5.8937 11.2277 6.4437 11.2277C6.9037 11.2277 7.1737 10.9877 7.3737 10.5977C7.6737 9.8677 8.1337 9.4977 8.8837 9.4977C9.6237 9.4977 10.1537 9.9777 10.1537 10.6877C10.1537 11.3777 9.6837 11.9177 8.8837 11.9177H8.4737C7.8637 11.9177 7.4737 12.3277 7.4737 12.9477C7.4737 13.5377 7.8237 13.9577 8.4737 13.9577H8.9137C9.8337 13.9577 10.3937 14.4777 10.3937 15.2577C10.3937 15.9677 9.7937 16.5477 8.9037 16.5477C8.1637 16.5477 7.5737 16.1777 7.2437 15.4677C7.0237 15.0477 6.7437 14.8477 6.2937 14.8477C5.7937 14.8477 5.3437 15.2177 5.3437 15.8277C5.3437 16.0377 5.3737 16.2177 5.4437 16.4077C5.7737 17.5377 7.1737 18.5777 8.8737 18.5777ZM15.2537 18.3377H20.0037C20.6137 18.3377 21.0237 17.9377 21.0237 17.2777C21.0237 16.6377 20.6137 16.2577 20.0037 16.2577H17.1737V16.1477L19.0837 13.9177C20.0937 12.7577 20.7437 11.8077 20.7237 10.5677C20.7137 8.7477 19.4437 7.5177 17.4037 7.5177C15.8437 7.5177 14.4937 8.4777 14.1237 9.8177C14.0837 10.0177 14.0437 10.1977 14.0437 10.4077C14.0437 10.9877 14.4137 11.3877 14.9837 11.3877C15.5137 11.3877 15.7937 11.0977 15.9537 10.6677C16.1837 9.9377 16.6937 9.5477 17.3937 9.5477C18.1737 9.5477 18.7037 10.0477 18.7037 10.7577C18.7037 11.4877 18.1337 12.0677 17.5137 12.7977L14.6837 16.1177C14.3237 16.5277 14.1937 16.8677 14.1937 17.2677C14.1937 17.9277 14.6437 18.3377 15.2537 18.3377Z","geometry":{"width":26.140625,"height":26.140625}}