{"path":"M4.8237 26.1377H21.3137C24.4437 26.1377 26.1437 24.4477 26.1437 21.3377V4.7977C26.1437 1.6977 24.4437 -0.0023 21.3137 -0.0023H4.8237C1.7137 -0.0023 0.0037 1.6977 0.0037 4.7977V21.3377C0.0037 24.4477 1.7137 26.1377 4.8237 26.1377ZM8.5537 18.8777C6.7837 18.8777 5.2937 17.7877 4.9337 16.5977C4.8837 16.3877 4.8437 16.1977 4.8437 15.9777C4.8437 15.3277 5.3337 14.9277 5.8537 14.9277C6.3137 14.9277 6.6337 15.1477 6.8537 15.5877C7.2037 16.3277 7.8237 16.7077 8.6037 16.7077C9.5137 16.7077 10.1437 16.1177 10.1437 15.3777C10.1437 14.5577 9.5537 14.0277 8.6037 14.0277H8.1437C7.4537 14.0277 7.0937 13.5577 7.0937 12.9477C7.0937 12.2877 7.4937 11.8577 8.1437 11.8577H8.5737C9.4037 11.8577 9.8937 11.2777 9.8937 10.5777C9.8937 9.8277 9.3337 9.3377 8.5737 9.3377C7.8037 9.3377 7.3037 9.7177 6.9837 10.4577C6.7837 10.8877 6.4937 11.1277 6.0037 11.1277C5.4237 11.1277 5.0137 10.7277 5.0137 10.0777C5.0137 9.8577 5.0437 9.6677 5.1437 9.4077C5.4937 8.3077 6.7837 7.2277 8.6137 7.2277C10.7737 7.2277 12.2137 8.4377 12.2137 10.2377C12.2137 11.4277 11.3937 12.5277 10.3237 12.6977V12.8077C11.6237 12.9177 12.5237 14.0777 12.5237 15.5077C12.5237 17.5177 10.9337 18.8777 8.5537 18.8777ZM17.8237 18.8777C16.0337 18.8777 14.5637 17.7877 14.2037 16.5977C14.1537 16.3877 14.1137 16.1977 14.1137 15.9777C14.1137 15.3277 14.6037 14.9277 15.1237 14.9277C15.6037 14.9277 15.9037 15.1477 16.1237 15.5877C16.4737 16.3277 17.0937 16.7077 17.8537 16.7077C18.7737 16.7077 19.4037 16.1177 19.4037 15.3777C19.4037 14.5577 18.8237 14.0277 17.8737 14.0277H17.4137C16.7237 14.0277 16.3537 13.5577 16.3537 12.9477C16.3537 12.2877 16.7637 11.8577 17.4137 11.8577H17.8437C18.6637 11.8577 19.1637 11.2777 19.1637 10.5777C19.1637 9.8277 18.6037 9.3377 17.8437 9.3377C17.0637 9.3377 16.5737 9.7177 16.2537 10.4577C16.0537 10.8877 15.7537 11.1277 15.2537 11.1277C14.6837 11.1277 14.2837 10.7277 14.2837 10.0777C14.2837 9.8577 14.3137 9.6677 14.3937 9.4077C14.7637 8.3077 16.0537 7.2277 17.8837 7.2277C20.0437 7.2277 21.4937 8.4377 21.4937 10.2377C21.4937 11.4277 20.6737 12.5277 19.5937 12.6977V12.8077C20.8737 12.9177 21.7937 14.0777 21.7937 15.5077C21.7937 17.5177 20.2037 18.8777 17.8237 18.8777Z","geometry":{"width":26.140625,"height":26.140625}}