{"path":"M4.8237 26.1377H21.3137C24.4437 26.1377 26.1437 24.4477 26.1437 21.3377V4.7977C26.1437 1.6977 24.4437 -0.0023 21.3137 -0.0023H4.8237C1.7137 -0.0023 0.0037 1.6977 0.0037 4.7977V21.3377C0.0037 24.4477 1.7137 26.1377 4.8237 26.1377ZM5.2137 22.6177C4.1137 22.6177 3.5237 22.0777 3.5237 20.9177V5.2377C3.5237 4.0777 4.1137 3.5277 5.2137 3.5277H20.9337C22.0237 3.5277 22.6137 4.0777 22.6137 5.2377V20.9177C22.6137 22.0777 22.0237 22.6177 20.9337 22.6177ZM8.7137 18.5777C10.9637 18.5777 12.4737 17.2977 12.4737 15.3777C12.4737 14.0377 11.6037 12.9377 10.3737 12.8277V12.7277C11.4037 12.5477 12.1837 11.5077 12.1837 10.3777C12.1837 8.6777 10.8137 7.5177 8.7637 7.5177C7.0237 7.5177 5.7937 8.5477 5.4537 9.5977C5.3737 9.8477 5.3437 10.0177 5.3437 10.2277C5.3437 10.8377 5.7237 11.2277 6.2737 11.2277C6.7437 11.2277 7.0137 10.9877 7.2037 10.5977C7.5037 9.8677 7.9837 9.4977 8.7237 9.4977C9.4637 9.4977 9.9937 9.9777 9.9937 10.6877C9.9937 11.3777 9.5137 11.9177 8.7237 11.9177H8.3137C7.6937 11.9177 7.3137 12.3277 7.3137 12.9477C7.3137 13.5377 7.6537 13.9577 8.3137 13.9577H8.7537C9.6637 13.9577 10.2237 14.4777 10.2237 15.2577C10.2237 15.9677 9.6237 16.5477 8.7337 16.5477C7.9937 16.5477 7.4137 16.1777 7.0837 15.4677C6.8637 15.0477 6.5737 14.8477 6.1437 14.8477C5.6437 14.8477 5.1837 15.2177 5.1837 15.8277C5.1837 16.0377 5.2237 16.2177 5.2737 16.4077C5.6037 17.5377 7.0137 18.5777 8.7137 18.5777ZM17.5137 18.5777C19.7737 18.5777 21.2737 17.2977 21.2737 15.3777C21.2737 14.0377 20.4137 12.9377 19.1837 12.8277V12.7277C20.2037 12.5477 20.9837 11.5077 20.9837 10.3777C20.9837 8.6777 19.6237 7.5177 17.5637 7.5177C15.8337 7.5177 14.6037 8.5477 14.2637 9.5977C14.1737 9.8477 14.1537 10.0177 14.1537 10.2277C14.1537 10.8377 14.5337 11.2277 15.0837 11.2277C15.5437 11.2277 15.8137 10.9877 16.0137 10.5977C16.3137 9.8677 16.7937 9.4977 17.5237 9.4977C18.2637 9.4977 18.8037 9.9777 18.8037 10.6877C18.8037 11.3777 18.3237 11.9177 17.5237 11.9177H17.1137C16.5037 11.9177 16.1237 12.3277 16.1237 12.9477C16.1237 13.5377 16.4637 13.9577 17.1137 13.9577H17.5537C18.4737 13.9577 19.0337 14.4777 19.0337 15.2577C19.0337 15.9677 18.4337 16.5477 17.5437 16.5477C16.8037 16.5477 16.2137 16.1777 15.8837 15.4677C15.6637 15.0477 15.3837 14.8477 14.9437 14.8477C14.4537 14.8477 13.9837 15.2177 13.9837 15.8277C13.9837 16.0377 14.0137 16.2177 14.0837 16.4077C14.4137 17.5377 15.8137 18.5777 17.5137 18.5777Z","geometry":{"width":26.140625,"height":26.140625}}