{"path":"M4.8237 26.1377H21.3137C24.4437 26.1377 26.1437 24.4477 26.1437 21.3377V4.7977C26.1437 1.6977 24.4437 -0.0023 21.3137 -0.0023H4.8237C1.7137 -0.0023 0.0037 1.6977 0.0037 4.7977V21.3377C0.0037 24.4477 1.7137 26.1377 4.8237 26.1377ZM8.5437 18.8777C6.7537 18.8777 5.2737 17.7877 4.9237 16.5977C4.8637 16.3877 4.8237 16.1977 4.8237 15.9777C4.8237 15.3277 5.3137 14.9277 5.8337 14.9277C6.3037 14.9277 6.6137 15.1477 6.8337 15.5877C7.1937 16.3277 7.7937 16.7077 8.5737 16.7077C9.4837 16.7077 10.1137 16.1177 10.1137 15.3777C10.1137 14.5577 9.5437 14.0277 8.5837 14.0277H8.1337C7.4237 14.0277 7.0637 13.5577 7.0637 12.9477C7.0637 12.2877 7.4737 11.8577 8.1337 11.8577H8.5537C9.3837 11.8577 9.8837 11.2777 9.8837 10.5777C9.8837 9.8277 9.3237 9.3377 8.5537 9.3377C7.7837 9.3377 7.2837 9.7177 6.9737 10.4577C6.7637 10.8877 6.4837 11.1277 5.9837 11.1277C5.4037 11.1277 5.0037 10.7277 5.0037 10.0777C5.0037 9.8577 5.0337 9.6677 5.1237 9.4077C5.4737 8.3077 6.7637 7.2277 8.6037 7.2277C10.7637 7.2277 12.2137 8.4377 12.2137 10.2377C12.2137 11.4277 11.3737 12.5277 10.3037 12.6977V12.8077C11.5937 12.9177 12.4937 14.0777 12.4937 15.5077C12.4937 17.5177 10.9237 18.8777 8.5437 18.8777ZM19.5237 18.8677C18.8637 18.8677 18.4537 18.4177 18.4537 17.7577V16.5577H15.2037C14.2637 16.5577 13.7137 16.0077 13.7137 15.0777C13.7137 14.5477 13.8537 14.0777 14.0537 13.5777C14.7137 12.2377 15.7337 10.1977 16.6437 8.6177C17.1437 7.6577 17.7637 7.2277 18.8237 7.2277C19.9737 7.2277 20.6037 7.9177 20.6037 9.0377V14.5077H21.0637C21.6837 14.5077 22.0437 14.9177 22.0437 15.5477C22.0437 16.1577 21.6837 16.5477 21.0637 16.5477H20.6037V17.7577C20.6037 18.4177 20.1937 18.8677 19.5237 18.8677ZM18.4537 14.5377V9.5277H18.4037C17.6237 11.0477 16.5837 13.2077 16.0137 14.4677V14.5377Z","geometry":{"width":26.140625,"height":26.140625}}