{"path":"M4.8237 26.1377H21.3137C24.4437 26.1377 26.1437 24.4477 26.1437 21.3377V4.7977C26.1437 1.6977 24.4437 -0.0023 21.3137 -0.0023H4.8237C1.7137 -0.0023 0.0037 1.6977 0.0037 4.7977V21.3377C0.0037 24.4477 1.7137 26.1377 4.8237 26.1377ZM5.2137 22.6177C4.1137 22.6177 3.5237 22.0777 3.5237 20.9177V5.2377C3.5237 4.0777 4.1137 3.5277 5.2137 3.5277H20.9337C22.0237 3.5277 22.6137 4.0777 22.6137 5.2377V20.9177C22.6137 22.0777 22.0237 22.6177 20.9337 22.6177ZM8.6937 18.5777C10.9637 18.5777 12.4737 17.2977 12.4737 15.3777C12.4737 14.0377 11.5937 12.9377 10.3737 12.8277V12.7277C11.3937 12.5477 12.1637 11.5077 12.1637 10.3777C12.1637 8.6777 10.8037 7.5177 8.7537 7.5177C7.0137 7.5177 5.7837 8.5477 5.4537 9.5977C5.3737 9.8477 5.3437 10.0177 5.3437 10.2277C5.3437 10.8377 5.7137 11.2277 6.2637 11.2277C6.7237 11.2277 7.0137 10.9877 7.1937 10.5977C7.4937 9.8677 7.9737 9.4977 8.7137 9.4977C9.4637 9.4977 9.9937 9.9777 9.9937 10.6877C9.9937 11.3777 9.5037 11.9177 8.7137 11.9177H8.3137C7.6837 11.9177 7.3037 12.3277 7.3037 12.9477C7.3037 13.5377 7.6437 13.9577 8.3137 13.9577H8.7537C9.6537 13.9577 10.2137 14.4777 10.2137 15.2577C10.2137 15.9677 9.6137 16.5477 8.7337 16.5477C7.9837 16.5477 7.4137 16.1777 7.0637 15.4677C6.8637 15.0477 6.5637 14.8477 6.1237 14.8477C5.6337 14.8477 5.1637 15.2177 5.1637 15.8277C5.1637 16.0377 5.2137 16.2177 5.2637 16.4077C5.5937 17.5377 7.0137 18.5777 8.6937 18.5777ZM19.1237 18.5777C19.7737 18.5777 20.1537 18.1377 20.1537 17.5277V16.3477H20.6037C21.1737 16.3477 21.5237 16.0077 21.5237 15.4177C21.5237 14.8177 21.1737 14.4477 20.6037 14.4477H20.1537V9.2177C20.1537 8.1777 19.5537 7.5177 18.4737 7.5177C17.4837 7.5177 16.8837 7.9177 16.4037 8.8277C15.5537 10.3377 14.5637 12.2877 13.9337 13.5777C13.7437 14.0577 13.6137 14.4777 13.6137 14.9877C13.6137 15.8577 14.1237 16.3777 15.0137 16.3777H18.1337V17.5277C18.1337 18.1377 18.5137 18.5777 19.1237 18.5777ZM18.1337 14.4677H15.7737V14.4077C16.3337 13.2077 17.3237 11.1377 18.0737 9.6977H18.1337Z","geometry":{"width":26.140625,"height":26.140625}}