{"path":"M4.8237 26.1377H21.3137C24.4437 26.1377 26.1437 24.4477 26.1437 21.3377V4.7977C26.1437 1.6977 24.4437 -0.0023 21.3137 -0.0023H4.8237C1.7137 -0.0023 0.0037 1.6977 0.0037 4.7977V21.3377C0.0037 24.4477 1.7137 26.1377 4.8237 26.1377ZM5.2137 22.6177C4.1137 22.6177 3.5237 22.0777 3.5237 20.9177V5.2377C3.5237 4.0777 4.1137 3.5277 5.2137 3.5277H20.9337C22.0237 3.5277 22.6137 4.0777 22.6137 5.2377V20.9177C22.6137 22.0777 22.0237 22.6177 20.9337 22.6177ZM8.7937 18.5777C11.0437 18.5777 12.5537 17.2977 12.5537 15.3777C12.5537 14.0377 11.6937 12.9377 10.4637 12.8277V12.7277C11.4837 12.5477 12.2637 11.5077 12.2637 10.3777C12.2637 8.6777 10.8937 7.5177 8.8437 7.5177C7.1137 7.5177 5.8837 8.5477 5.5537 9.5977C5.4737 9.8477 5.4437 10.0177 5.4437 10.2277C5.4437 10.8377 5.8137 11.2277 6.3537 11.2277C6.8237 11.2277 7.1137 10.9877 7.2837 10.5977C7.5837 9.8677 8.0637 9.4977 8.8037 9.4977C9.5437 9.4977 10.0937 9.9777 10.0937 10.6877C10.0937 11.3777 9.5937 11.9177 8.8037 11.9177H8.4037C7.7837 11.9177 7.3937 12.3277 7.3937 12.9477C7.3937 13.5377 7.7337 13.9577 8.4037 13.9577H8.8437C9.7437 13.9577 10.3037 14.4777 10.3037 15.2577C10.3037 15.9677 9.7037 16.5477 8.8337 16.5477C8.0837 16.5477 7.5037 16.1777 7.1637 15.4677C6.9637 15.0477 6.6537 14.8477 6.2237 14.8477C5.7237 14.8477 5.2637 15.2177 5.2637 15.8277C5.2637 16.0377 5.3037 16.2177 5.3637 16.4077C5.6837 17.5377 7.1137 18.5777 8.7937 18.5777ZM17.3237 18.5777C19.6737 18.5777 21.1537 17.1277 21.1537 14.8077C21.1537 12.7877 19.7937 11.4877 18.0337 11.4877C17.2137 11.4877 16.3937 11.8677 15.9937 12.4577H15.9537L16.1437 9.6777H19.8337C20.3937 9.6777 20.7637 9.3077 20.7637 8.7177C20.7637 8.1177 20.4237 7.7677 19.8337 7.7677H15.6137C14.8337 7.7677 14.3537 8.2577 14.3137 9.1177L14.0537 12.8777C14.0137 13.6677 14.4637 14.1677 15.1737 14.1677C15.6937 14.1677 15.9837 14.0277 16.3237 13.7577C16.7737 13.3977 17.1037 13.2377 17.5837 13.2377C18.4537 13.2377 19.0737 13.9577 19.0737 14.8877C19.0737 15.9577 18.4037 16.6377 17.4337 16.6377C16.7037 16.6377 16.1837 16.2277 15.8337 15.6977C15.6137 15.3977 15.3837 15.1177 14.9337 15.1177C14.3937 15.1177 13.9837 15.5477 13.9837 16.1177C13.9837 16.3377 14.0137 16.5577 14.1237 16.7877C14.4937 17.6877 15.6937 18.5777 17.3237 18.5777Z","geometry":{"width":26.140625,"height":26.140625}}