{"path":"M4.8237 26.1377H21.3137C24.4437 26.1377 26.1437 24.4477 26.1437 21.3377V4.7977C26.1437 1.6977 24.4437 -0.0023 21.3137 -0.0023H4.8237C1.7137 -0.0023 0.0037 1.6977 0.0037 4.7977V21.3377C0.0037 24.4477 1.7137 26.1377 4.8237 26.1377ZM8.5537 18.8777C6.7837 18.8777 5.2737 17.7877 4.9337 16.5977C4.8637 16.3877 4.8437 16.1977 4.8437 15.9777C4.8437 15.3077 5.3137 14.9277 5.8337 14.9277C6.3137 14.9277 6.6337 15.1477 6.8537 15.5877C7.2037 16.3277 7.8037 16.7077 8.5837 16.7077C9.5037 16.7077 10.1337 16.1177 10.1337 15.3777C10.1337 14.5577 9.5437 14.0277 8.6037 14.0277H8.1437C7.4337 14.0277 7.0937 13.5577 7.0937 12.9477C7.0937 12.2877 7.4937 11.8577 8.1437 11.8577H8.5537C9.3937 11.8577 9.8937 11.2777 9.8937 10.5777C9.8937 9.8277 9.3237 9.3377 8.5537 9.3377C7.7937 9.3377 7.3037 9.7177 6.9737 10.4577C6.7837 10.8877 6.4937 11.1277 5.9837 11.1277C5.4137 11.1277 5.0137 10.7277 5.0137 10.0777C5.0137 9.8577 5.0437 9.6677 5.1237 9.4077C5.4837 8.3077 6.7837 7.2277 8.6037 7.2277C10.7637 7.2277 12.2137 8.4377 12.2137 10.2377C12.2137 11.4277 11.3937 12.5277 10.3237 12.6977V12.8077C11.6037 12.9177 12.5137 14.0777 12.5137 15.5077C12.5137 17.5177 10.9237 18.8777 8.5537 18.8777ZM17.9537 18.8977C16.4737 18.8977 15.2537 18.2777 14.5737 16.8577C14.1337 15.9577 13.8937 14.7277 13.8937 13.2177C13.8937 9.2677 15.6537 7.2277 18.1937 7.2277C19.7137 7.2277 20.7837 7.9677 21.1537 8.8177C21.2737 9.0677 21.3237 9.2677 21.3237 9.5477C21.3237 10.1177 20.8737 10.4877 20.3937 10.4877C19.9637 10.4877 19.6837 10.2977 19.4737 10.0077C19.1537 9.6077 18.7537 9.2977 18.1337 9.2977C16.9437 9.2977 16.0937 10.5377 16.0937 12.4377C16.0937 12.6377 16.0937 12.7377 16.1037 12.8477H16.1837C16.5437 12.0577 17.3037 11.3577 18.5937 11.3577C20.2337 11.3577 21.7137 12.6377 21.7137 14.8477C21.7137 17.3477 20.1837 18.8977 17.9537 18.8977ZM17.8437 16.8977C18.8037 16.8977 19.4437 16.1577 19.4437 15.0477C19.4437 13.9677 18.7837 13.2377 17.8437 13.2377C16.8837 13.2377 16.2137 13.9877 16.2137 15.0377C16.2137 16.1477 16.8837 16.8977 17.8437 16.8977Z","geometry":{"width":26.140625,"height":26.140625}}