{"path":"M4.8237 26.1377H21.3137C24.4437 26.1377 26.1437 24.4477 26.1437 21.3377V4.7977C26.1437 1.6977 24.4437 -0.0023 21.3137 -0.0023H4.8237C1.7137 -0.0023 0.0037 1.6977 0.0037 4.7977V21.3377C0.0037 24.4477 1.7137 26.1377 4.8237 26.1377ZM9.0737 18.6877C7.3537 18.6877 5.9237 17.6277 5.5737 16.4777C5.5237 16.2677 5.4837 16.0877 5.4837 15.8877C5.4837 15.2577 5.9637 14.8777 6.4537 14.8777C6.9037 14.8777 7.2037 15.0977 7.4237 15.5077C7.7637 16.2277 8.3537 16.6077 9.1237 16.6077C10.0037 16.6077 10.6237 16.0377 10.6237 15.2977C10.6237 14.5077 10.0637 13.9877 9.1337 13.9877H8.6837C8.0137 13.9877 7.6537 13.5477 7.6537 12.9477C7.6537 12.3177 8.0537 11.8977 8.6837 11.8977H9.0937C9.9137 11.8977 10.3937 11.3377 10.3937 10.6477C10.3937 9.9077 9.8537 9.4377 9.0937 9.4377C8.3237 9.4377 7.8437 9.8177 7.5437 10.5377C7.3537 10.9477 7.0637 11.1877 6.6037 11.1877C6.0437 11.1877 5.6637 10.7977 5.6637 10.1677C5.6637 9.9677 5.6837 9.7777 5.7737 9.5477C6.1137 8.4677 7.3737 7.4277 9.1337 7.4277C11.2237 7.4277 12.6237 8.5877 12.6237 10.3377C12.6237 11.4877 11.8137 12.5477 10.7737 12.7177V12.8277C12.0337 12.9377 12.9237 14.0577 12.9237 15.4377C12.9237 17.3777 11.3737 18.6877 9.0737 18.6877ZM16.3637 18.6077C15.6837 18.6077 15.1437 18.1277 15.1437 17.4177C15.1437 17.1077 15.2137 16.8877 15.3537 16.6077L18.8037 9.8177V9.7377H15.0937C14.4737 9.7377 13.9737 9.3477 13.9737 8.6977C13.9737 8.0377 14.4537 7.6577 15.0937 7.6577H19.7537C20.8037 7.6577 21.3237 8.3277 21.3237 9.1177C21.3237 9.4477 21.2637 9.7577 21.0837 10.1677L17.5437 17.6777C17.2637 18.3077 16.9537 18.6077 16.3637 18.6077Z","geometry":{"width":26.140625,"height":26.140625}}