{"path":"M4.8237 26.1377H21.3137C24.4437 26.1377 26.1437 24.4477 26.1437 21.3377V4.7977C26.1437 1.6977 24.4437 -0.0023 21.3137 -0.0023H4.8237C1.7137 -0.0023 0.0037 1.6977 0.0037 4.7977V21.3377C0.0037 24.4477 1.7137 26.1377 4.8237 26.1377ZM5.2137 22.6177C4.1137 22.6177 3.5237 22.0777 3.5237 20.9177V5.2377C3.5237 4.0777 4.1137 3.5277 5.2137 3.5277H20.9337C22.0237 3.5277 22.6137 4.0777 22.6137 5.2377V20.9177C22.6137 22.0777 22.0237 22.6177 20.9337 22.6177ZM8.7737 18.5777C11.0337 18.5777 12.5337 17.2977 12.5337 15.3777C12.5337 14.0377 11.6737 12.9377 10.4437 12.8277V12.7277C11.4737 12.5477 12.2537 11.5077 12.2537 10.3777C12.2537 8.6777 10.8837 7.5177 8.8337 7.5177C7.0937 7.5177 5.8637 8.5477 5.5237 9.5977C5.4437 9.8477 5.4237 10.0177 5.4237 10.2277C5.4237 10.8377 5.7937 11.2277 6.3437 11.2277C6.8037 11.2277 7.0837 10.9877 7.2737 10.5977C7.5737 9.8677 8.0537 9.4977 8.7937 9.4977C9.5337 9.4977 10.0637 9.9777 10.0637 10.6877C10.0637 11.3777 9.5837 11.9177 8.7937 11.9177H8.3837C7.7637 11.9177 7.3837 12.3277 7.3837 12.9477C7.3837 13.5377 7.7237 13.9577 8.3837 13.9577H8.8337C9.7337 13.9577 10.2937 14.4777 10.2937 15.2577C10.2937 15.9677 9.6937 16.5477 8.8037 16.5477C8.0637 16.5477 7.4737 16.1777 7.1537 15.4677C6.9437 15.0477 6.6437 14.8477 6.2037 14.8477C5.7137 14.8477 5.2537 15.2177 5.2537 15.8277C5.2537 16.0377 5.2937 16.2177 5.3437 16.4077C5.6737 17.5377 7.0837 18.5777 8.7737 18.5777ZM17.5637 18.5777C19.8537 18.5777 21.3937 17.3177 21.3937 15.4377C21.3937 14.0777 20.5637 13.0977 19.3037 12.8077V12.6977C20.3337 12.4277 21.0137 11.5277 21.0137 10.3777C21.0137 8.6777 19.6237 7.5177 17.5837 7.5177C15.5537 7.5177 14.1637 8.6777 14.1637 10.3777C14.1637 11.5277 14.8437 12.4177 15.8737 12.6977V12.8077C14.6037 13.0977 13.7837 14.0977 13.7837 15.4477C13.7837 17.3377 15.3037 18.5777 17.5637 18.5777ZM17.5837 11.9177C16.8037 11.9177 16.2737 11.3577 16.2737 10.5977C16.2737 9.8477 16.8037 9.2977 17.5837 9.2977C18.3737 9.2977 18.9037 9.8477 18.9037 10.5977C18.9037 11.3577 18.3737 11.9177 17.5837 11.9177ZM17.5937 16.7877C16.6537 16.7877 15.9837 16.1577 15.9837 15.2677C15.9837 14.3977 16.6537 13.7577 17.5937 13.7577C18.5437 13.7577 19.1937 14.3877 19.1937 15.2677C19.1937 16.1577 18.5237 16.7877 17.5937 16.7877Z","geometry":{"width":26.140625,"height":26.140625}}