{"path":"M4.8237 26.1377H21.3137C24.4437 26.1377 26.1437 24.4477 26.1437 21.3377V4.7977C26.1437 1.6977 24.4437 -0.0023 21.3137 -0.0023H4.8237C1.7137 -0.0023 0.0037 1.6977 0.0037 4.7977V21.3377C0.0037 24.4477 1.7137 26.1377 4.8237 26.1377ZM8.7137 18.7677C6.9637 18.7677 5.4937 17.7077 5.1537 16.5277C5.1037 16.3277 5.0537 16.1477 5.0537 15.9277C5.0537 15.2677 5.5537 14.8877 6.0537 14.8877C6.5237 14.8877 6.8237 15.1077 7.0437 15.5277C7.3837 16.2577 7.9837 16.6377 8.7537 16.6377C9.6437 16.6377 10.2537 16.0477 10.2537 15.3277C10.2537 14.5377 9.6837 14.0177 8.7537 14.0177H8.3137C7.6337 14.0177 7.2637 13.5577 7.2637 12.9477C7.2637 12.3077 7.6737 11.8677 8.3137 11.8677H8.7237C9.5337 11.8677 10.0237 11.3077 10.0237 10.6277C10.0237 9.8877 9.4737 9.4077 8.7237 9.4077C7.9537 9.4077 7.4737 9.7777 7.1637 10.5177C6.9737 10.9277 6.6837 11.1677 6.2037 11.1677C5.6337 11.1677 5.2337 10.7777 5.2337 10.1277C5.2337 9.9077 5.2637 9.7177 5.3637 9.4777C5.7037 8.3977 6.9737 7.3277 8.7637 7.3277C10.8837 7.3277 12.3037 8.5177 12.3037 10.2977C12.3037 11.4577 11.4937 12.5377 10.4437 12.7177V12.8277C11.7137 12.9177 12.6037 14.0677 12.6037 15.4677C12.6037 17.4477 11.0437 18.7677 8.7137 18.7677ZM17.8037 18.7677C15.4537 18.7677 13.8737 17.4677 13.8737 15.5277C13.8737 14.1277 14.7237 13.0977 16.0537 12.7977V12.6877C14.9837 12.3977 14.2737 11.4877 14.2737 10.2977C14.2737 8.5277 15.7137 7.3277 17.8137 7.3277C19.9237 7.3277 21.3737 8.5277 21.3737 10.2977C21.3737 11.4877 20.6537 12.4177 19.5937 12.6877V12.7977C20.9037 13.0977 21.7637 14.1277 21.7637 15.5177C21.7637 17.4577 20.1637 18.7677 17.8037 18.7677ZM17.8137 11.8577C18.6237 11.8577 19.1837 11.2977 19.1837 10.5277C19.1837 9.7477 18.6237 9.1877 17.8137 9.1877C17.0237 9.1877 16.4637 9.7477 16.4637 10.5277C16.4637 11.2977 17.0237 11.8577 17.8137 11.8577ZM17.8237 16.8977C18.7737 16.8977 19.4537 16.2577 19.4537 15.3377C19.4537 14.4377 18.7837 13.7977 17.8237 13.7977C16.8737 13.7977 16.1837 14.4477 16.1837 15.3377C16.1837 16.2577 16.8737 16.8977 17.8237 16.8977Z","geometry":{"width":26.140625,"height":26.140625}}