{"path":"M4.8237 26.1377H21.3137C24.4437 26.1377 26.1437 24.4477 26.1437 21.3377V4.7977C26.1437 1.6977 24.4437 -0.0023 21.3137 -0.0023H4.8237C1.7137 -0.0023 0.0037 1.6977 0.0037 4.7977V21.3377C0.0037 24.4477 1.7137 26.1377 4.8237 26.1377ZM5.2137 22.6177C4.1137 22.6177 3.5237 22.0777 3.5237 20.9177V5.2377C3.5237 4.0777 4.1137 3.5277 5.2137 3.5277H20.9337C22.0237 3.5277 22.6137 4.0777 22.6137 5.2377V20.9177C22.6137 22.0777 22.0237 22.6177 20.9337 22.6177ZM8.7637 18.5777C11.0237 18.5777 12.5237 17.2977 12.5237 15.3777C12.5237 14.0377 11.6637 12.9377 10.4337 12.8277V12.7277C11.4537 12.5477 12.2337 11.5077 12.2337 10.3777C12.2337 8.6777 10.8737 7.5177 8.8137 7.5177C7.0837 7.5177 5.8537 8.5477 5.5237 9.5977C5.4437 9.8477 5.4137 10.0177 5.4137 10.2277C5.4137 10.8377 5.7837 11.2277 6.3337 11.2277C6.7937 11.2277 7.0837 10.9877 7.2637 10.5977C7.5637 9.8677 8.0437 9.4977 8.7737 9.4977C9.5137 9.4977 10.0637 9.9777 10.0637 10.6877C10.0637 11.3777 9.5737 11.9177 8.7737 11.9177H8.3637C7.7537 11.9177 7.3737 12.3277 7.3737 12.9477C7.3737 13.5377 7.7137 13.9577 8.3637 13.9577H8.8137C9.7237 13.9577 10.2837 14.4777 10.2837 15.2577C10.2837 15.9677 9.6837 16.5477 8.8037 16.5477C8.0537 16.5477 7.4737 16.1777 7.1337 15.4677C6.9337 15.0477 6.6337 14.8477 6.1937 14.8477C5.7037 14.8477 5.2337 15.2177 5.2337 15.8277C5.2337 16.0377 5.2737 16.2177 5.3337 16.4077C5.6637 17.5377 7.0637 18.5777 8.7637 18.5777ZM17.2537 18.5777C19.8537 18.5777 21.2437 16.4977 21.2437 12.6977C21.2437 9.4477 19.9437 7.5177 17.4037 7.5177C15.2437 7.5177 13.7937 8.9677 13.7937 11.2777C13.7937 13.3877 15.1237 14.6677 16.8437 14.6677C18.0637 14.6677 18.8437 14.0377 19.1537 13.1677H19.2237C19.2337 15.1377 18.5537 16.6377 17.2237 16.6377C16.6437 16.6377 16.2137 16.3777 15.9237 15.9577C15.6637 15.5877 15.3537 15.4377 15.0137 15.4377C14.4637 15.4377 14.0937 15.8277 14.0937 16.3777C14.0937 16.5677 14.1637 16.7977 14.2637 17.0177C14.5337 17.7277 15.5537 18.5777 17.2537 18.5777ZM17.4837 12.9077C16.5737 12.9077 15.9237 12.1777 15.9237 11.1577C15.9237 10.1077 16.5537 9.3877 17.4837 9.3877C18.3937 9.3877 19.0437 10.1177 19.0437 11.1677C19.0437 12.1777 18.4037 12.9077 17.4837 12.9077Z","geometry":{"width":26.140625,"height":26.140625}}