{"path":"M4.8237 26.1377H21.3137C24.4437 26.1377 26.1437 24.4477 26.1437 21.3377V4.7977C26.1437 1.6977 24.4437 -0.0023 21.3137 -0.0023H4.8237C1.7137 -0.0023 0.0037 1.6977 0.0037 4.7977V21.3377C0.0037 24.4477 1.7137 26.1377 4.8237 26.1377ZM7.3737 15.5077C7.3737 14.9877 7.5437 14.5177 7.8337 13.9077C9.0237 11.6477 10.1437 9.5477 11.3737 7.2977C11.7137 6.6677 12.1237 6.3577 12.8237 6.3577C13.7037 6.3577 14.3037 6.9677 14.3037 7.7377C14.3037 8.0977 14.2337 8.3377 14.0137 8.8077C13.1237 10.5777 12.0337 12.6777 11.0737 14.5177H13.8637V12.5877C13.8637 11.6877 14.4237 11.0877 15.3237 11.0877C16.2537 11.0877 16.8437 11.6777 16.8437 12.5877V14.5177H17.4037C18.3637 14.5177 18.9237 15.0377 18.9237 15.8577C18.9237 16.6977 18.3437 17.2277 17.4037 17.2277H16.8437V18.0077C16.8437 19.0677 16.2537 19.6177 15.3437 19.6177C14.4337 19.6177 13.8637 19.0577 13.8637 18.0077V17.2277H9.1437C8.0837 17.2277 7.3737 16.6277 7.3737 15.5077Z","geometry":{"width":26.140625,"height":26.140625}}