{"path":"M0.0037 20.7573C0.0037 21.7273 0.7937 22.5173 1.7637 22.5173C2.7337 22.5173 3.5237 21.7273 3.5237 20.7573V1.7673C3.5237 0.7973 2.7337 -0.0027 1.7637 -0.0027C0.7937 -0.0027 0.0037 0.7973 0.0037 1.7673ZM22.6137 20.7573C22.6137 21.7273 23.4037 22.5173 24.3737 22.5173C25.3437 22.5173 26.1437 21.7273 26.1437 20.7573V1.7673C26.1437 0.7973 25.3437 -0.0027 24.3737 -0.0027C23.4037 -0.0027 22.6137 0.7973 22.6137 1.7673ZM14.8737 17.3773C15.7337 17.3773 16.2837 16.8573 16.2837 15.8573V15.1073H16.8837C17.7437 15.1073 18.2837 14.6173 18.2837 13.8373C18.2837 13.0673 17.7637 12.5773 16.8937 12.5773H16.2837V6.8473C16.2837 5.6473 15.2837 4.7673 13.9037 4.7673C12.4837 4.7673 11.6937 5.2473 10.9137 6.5373C9.8137 8.2573 8.5737 10.2273 7.7537 11.6773C7.4537 12.2873 7.3237 12.7973 7.3237 13.3073C7.3237 14.3973 8.0937 15.1073 9.3137 15.1073H13.4837V15.8573C13.4837 16.8473 14.0137 17.3773 14.8737 17.3773ZM13.4837 12.5773H10.2137V12.4873C10.9737 11.0473 12.2737 8.8973 13.3537 7.1273H13.4837Z","geometry":{"width":26.140625,"height":22.517578125}}