{"path":"M4.8237 26.1377H21.3137C24.4437 26.1377 26.1437 24.4477 26.1437 21.3377V4.7977C26.1437 1.6977 24.4437 -0.0023 21.3137 -0.0023H4.8237C1.7137 -0.0023 0.0037 1.6977 0.0037 4.7977V21.3377C0.0037 24.4477 1.7137 26.1377 4.8237 26.1377ZM15.0437 19.6177C14.1337 19.6177 13.5537 19.0577 13.5537 18.0177V17.2377H9.1837C7.8937 17.2377 7.0837 16.4877 7.0837 15.3077C7.0837 14.7777 7.2037 14.2477 7.5337 13.5777C8.3837 12.0677 9.6837 10.0177 10.8237 8.2077C11.6637 6.8377 12.4937 6.3277 14.0137 6.3277C15.4737 6.3277 16.5437 7.2577 16.5437 8.5477V14.5377H17.1837C18.1037 14.5377 18.6437 15.0677 18.6437 15.8877C18.6437 16.7077 18.0837 17.2377 17.1737 17.2377H16.5437V18.0177C16.5437 19.0677 15.9737 19.6177 15.0437 19.6177ZM13.5537 14.5377V8.8277H13.4437C12.3137 10.6877 10.9537 12.9477 10.1437 14.4477V14.5377Z","geometry":{"width":26.140625,"height":26.140625}}