{"path":"M4.8237 26.1377H21.3137C24.4437 26.1377 26.1437 24.4477 26.1437 21.3377V4.7977C26.1437 1.6977 24.4437 -0.0023 21.3137 -0.0023H4.8237C1.7137 -0.0023 0.0037 1.6977 0.0037 4.7977V21.3377C0.0037 24.4477 1.7137 26.1377 4.8237 26.1377ZM5.2137 22.6177C4.1137 22.6177 3.5237 22.0777 3.5237 20.9177V5.2377C3.5237 4.0777 4.1137 3.5277 5.2137 3.5277H20.9337C22.0237 3.5277 22.6137 4.0777 22.6137 5.2377V20.9177C22.6137 22.0777 22.0237 22.6177 20.9337 22.6177ZM14.8737 19.2777C15.7337 19.2777 16.2837 18.7577 16.2837 17.7577V17.0077H16.8837C17.7437 17.0077 18.2837 16.5177 18.2837 15.7377C18.2837 14.9677 17.7637 14.4777 16.8937 14.4777H16.2837V8.7477C16.2837 7.5477 15.2837 6.6677 13.9037 6.6677C12.4837 6.6677 11.6937 7.1477 10.9137 8.4377C9.8137 10.1577 8.5737 12.1277 7.7537 13.5777C7.4537 14.1877 7.3237 14.6977 7.3237 15.2077C7.3237 16.2977 8.0937 17.0077 9.3137 17.0077H13.4837V17.7577C13.4837 18.7477 14.0137 19.2777 14.8737 19.2777ZM13.4837 14.4777H10.2137V14.3877C10.9737 12.9477 12.2737 10.7977 13.3537 9.0277H13.4837Z","geometry":{"width":26.140625,"height":26.140625}}