{"path":"M4.8237 26.1377H21.3137C24.4437 26.1377 26.1437 24.4477 26.1437 21.3377V4.7977C26.1437 1.6977 24.4437 -0.0023 21.3137 -0.0023H4.8237C1.7137 -0.0023 0.0037 1.6977 0.0037 4.7977V21.3377C0.0037 24.4477 1.7137 26.1377 4.8237 26.1377ZM10.4337 18.8677C9.7737 18.8677 9.3837 18.4177 9.3837 17.7577V16.5577H6.1137C5.1637 16.5577 4.6237 16.0077 4.6237 15.0777C4.6237 14.5477 4.7537 14.0777 4.9737 13.5777C5.6237 12.2377 6.6537 10.1977 7.5337 8.6177C8.0537 7.6577 8.6837 7.2277 9.7337 7.2277C10.8837 7.2277 11.5137 7.9177 11.5137 9.0377V14.5077H11.9737C12.5937 14.5077 12.9437 14.9177 12.9437 15.5477C12.9437 16.1577 12.5937 16.5477 11.9737 16.5477H11.5137V17.7577C11.5137 18.4177 11.1137 18.8677 10.4337 18.8677ZM17.9337 18.8777C15.6237 18.8777 14.0837 16.9077 14.0837 13.0577C14.0837 9.1977 15.6237 7.2277 17.9337 7.2277C20.2337 7.2277 21.8337 9.1977 21.8337 13.0577C21.8337 16.9077 20.2337 18.8777 17.9337 18.8777ZM17.9537 16.5977C18.8837 16.5977 19.4437 15.4677 19.4437 13.0577C19.4437 10.6377 18.8637 9.5177 17.9537 9.5177C17.0537 9.5177 16.4737 10.6377 16.4737 13.0577C16.4737 15.4677 17.0537 16.5977 17.9537 16.5977ZM9.3837 14.5377V9.5277H9.3137C8.5337 11.0477 7.5037 13.2077 6.9137 14.4677V14.5377Z","geometry":{"width":26.140625,"height":26.140625}}