{"path":"M4.8237 26.1377H21.3137C24.4437 26.1377 26.1437 24.4477 26.1437 21.3377V4.7977C26.1437 1.6977 24.4437 -0.0023 21.3137 -0.0023H4.8237C1.7137 -0.0023 0.0037 1.6977 0.0037 4.7977V21.3377C0.0037 24.4477 1.7137 26.1377 4.8237 26.1377ZM11.0237 18.8677C10.3737 18.8677 9.9637 18.3977 9.9637 17.7577V16.5577H6.7037C5.7737 16.5577 5.2237 16.0077 5.2237 15.0777C5.2237 14.5477 5.3437 14.0777 5.5637 13.5777C6.2037 12.2377 7.2637 10.1977 8.1337 8.6177C8.6537 7.6577 9.2837 7.2277 10.3337 7.2277C11.4837 7.2277 12.1137 7.9177 12.1137 9.0377V14.5077H12.5737C13.1937 14.5077 13.5537 14.9177 13.5537 15.5477C13.5537 16.1577 13.1937 16.5477 12.5737 16.5477H12.1137V17.7577C12.1137 18.4177 11.7137 18.8677 11.0237 18.8677ZM18.6737 18.7877C17.9237 18.7877 17.5137 18.3377 17.5137 17.4677V10.1677H17.4437L16.4437 11.0077C16.1037 11.3477 15.9037 11.4577 15.5337 11.4577C14.9937 11.4577 14.5437 10.9877 14.5437 10.4277C14.5437 9.9677 14.7537 9.6377 15.1937 9.2677L16.8737 7.9577C17.5037 7.4277 17.8937 7.2877 18.4137 7.2877C19.3437 7.2877 19.8337 7.8477 19.8337 8.7677V17.4677C19.8337 18.3377 19.4237 18.7877 18.6737 18.7877ZM9.9637 14.5377V9.5277H9.9137C9.1237 11.0577 8.1037 13.2077 7.5237 14.4677V14.5377Z","geometry":{"width":26.140625,"height":26.140625}}