{"path":"M4.8237 26.1377H21.3137C24.4437 26.1377 26.1437 24.4477 26.1437 21.3377V4.7977C26.1437 1.6977 24.4437 -0.0023 21.3137 -0.0023H4.8237C1.7137 -0.0023 0.0037 1.6977 0.0037 4.7977V21.3377C0.0037 24.4477 1.7137 26.1377 4.8237 26.1377ZM5.2137 22.6177C4.1137 22.6177 3.5237 22.0777 3.5237 20.9177V5.2377C3.5237 4.0777 4.1137 3.5277 5.2137 3.5277H20.9337C22.0237 3.5277 22.6137 4.0777 22.6137 5.2377V20.9177C22.6137 22.0777 22.0237 22.6177 20.9337 22.6177ZM10.5637 18.5777C11.2137 18.5777 11.5837 18.1377 11.5837 17.5277V16.3477H12.0337C12.6037 16.3477 12.9437 16.0077 12.9437 15.4177C12.9437 14.8177 12.6037 14.4477 12.0337 14.4477H11.5837V9.2177C11.5837 8.1777 10.9937 7.5177 9.9137 7.5177C8.9137 7.5177 8.3237 7.9177 7.8337 8.8277C7.0037 10.3377 5.9837 12.2877 5.3737 13.5777C5.1637 14.0577 5.0437 14.4777 5.0437 14.9877C5.0437 15.8577 5.5637 16.3777 6.4537 16.3777H9.5737V17.5277C9.5737 18.1377 9.9437 18.5777 10.5637 18.5777ZM15.1237 18.3377H19.8637C20.4937 18.3377 20.9037 17.9377 20.9037 17.2777C20.9037 16.6377 20.4937 16.2577 19.8637 16.2577H17.0537V16.1477L18.9637 13.9177C19.9737 12.7577 20.6037 11.8077 20.6037 10.5677C20.5737 8.7477 19.3037 7.5177 17.2837 7.5177C15.7237 7.5177 14.3537 8.4777 14.0037 9.8177C13.9437 10.0177 13.9137 10.1977 13.9137 10.4077C13.9137 10.9877 14.2837 11.3877 14.8637 11.3877C15.3937 11.3877 15.6537 11.0977 15.8137 10.6677C16.0637 9.9377 16.5737 9.5477 17.2637 9.5477C18.0337 9.5477 18.5837 10.0477 18.5837 10.7577C18.5837 11.4877 18.0037 12.0677 17.3937 12.7977L14.5637 16.1177C14.2037 16.5277 14.0637 16.8677 14.0637 17.2677C14.0637 17.9277 14.5237 18.3377 15.1237 18.3377ZM9.5737 14.4677H7.2037V14.4077C7.7637 13.2077 8.7637 11.1377 9.5137 9.6977H9.5737Z","geometry":{"width":26.140625,"height":26.140625}}