{"path":"M4.8237 26.1377H21.3137C24.4437 26.1377 26.1437 24.4477 26.1437 21.3377V4.7977C26.1437 1.6977 24.4437 -0.0023 21.3137 -0.0023H4.8237C1.7137 -0.0023 0.0037 1.6977 0.0037 4.7977V21.3377C0.0037 24.4477 1.7137 26.1377 4.8237 26.1377ZM5.2137 22.6177C4.1137 22.6177 3.5237 22.0777 3.5237 20.9177V5.2377C3.5237 4.0777 4.1137 3.5277 5.2137 3.5277H20.9337C22.0237 3.5277 22.6137 4.0777 22.6137 5.2377V20.9177C22.6137 22.0777 22.0237 22.6177 20.9337 22.6177ZM10.5637 18.5777C11.1937 18.5777 11.5837 18.1377 11.5837 17.5277V16.3477H12.0337C12.6037 16.3477 12.9437 16.0077 12.9437 15.4177C12.9437 14.8177 12.6037 14.4477 12.0337 14.4477H11.5837V9.2177C11.5837 8.1777 10.9737 7.5177 9.9137 7.5177C8.9137 7.5177 8.3137 7.9177 7.8337 8.8277C6.9837 10.3377 5.9837 12.2877 5.3737 13.5777C5.1637 14.0577 5.0437 14.4777 5.0437 14.9877C5.0437 15.8577 5.5637 16.3777 6.4437 16.3777H9.5737V17.5277C9.5737 18.1377 9.9437 18.5777 10.5637 18.5777ZM17.4137 18.5777C19.6737 18.5777 21.1737 17.2977 21.1737 15.3777C21.1737 14.0377 20.3137 12.9377 19.0837 12.8277V12.7277C20.1137 12.5477 20.8937 11.5077 20.8937 10.3777C20.8937 8.6777 19.5237 7.5177 17.4737 7.5177C15.7337 7.5177 14.5037 8.5477 14.1637 9.5977C14.0837 9.8477 14.0537 10.0177 14.0537 10.2277C14.0537 10.8377 14.4337 11.2277 14.9837 11.2277C15.4537 11.2277 15.7237 10.9877 15.9137 10.5977C16.2137 9.8677 16.6937 9.4977 17.4337 9.4977C18.1737 9.4977 18.7037 9.9777 18.7037 10.6877C18.7037 11.3777 18.2237 11.9177 17.4337 11.9177H17.0237C16.4037 11.9177 16.0237 12.3277 16.0237 12.9477C16.0237 13.5377 16.3637 13.9577 17.0237 13.9577H17.4637C18.3737 13.9577 18.9337 14.4777 18.9337 15.2577C18.9337 15.9677 18.3337 16.5477 17.4437 16.5477C16.7037 16.5477 16.1237 16.1777 15.7937 15.4677C15.5737 15.0477 15.2837 14.8477 14.8337 14.8477C14.3437 14.8477 13.8937 15.2177 13.8937 15.8277C13.8937 16.0377 13.9137 16.2177 13.9837 16.4077C14.3137 17.5377 15.7237 18.5777 17.4137 18.5777ZM9.5737 14.4677H7.2037V14.4077C7.7637 13.2077 8.7537 11.1377 9.5037 9.6977H9.5737Z","geometry":{"width":26.140625,"height":26.140625}}