{"path":"M4.8237 26.1377H21.3137C24.4437 26.1377 26.1437 24.4477 26.1437 21.3377V4.7977C26.1437 1.6977 24.4437 -0.0023 21.3137 -0.0023H4.8237C1.7137 -0.0023 0.0037 1.6977 0.0037 4.7977V21.3377C0.0037 24.4477 1.7137 26.1377 4.8237 26.1377ZM10.5137 18.8677C9.8437 18.8677 9.4437 18.3977 9.4437 17.7577V16.5577H6.1937C5.2537 16.5577 4.7037 16.0077 4.7037 15.0777C4.7037 14.5477 4.8237 14.0777 5.0437 13.5777C5.6837 12.2377 6.7437 10.1977 7.6137 8.6177C8.1237 7.6577 8.7537 7.2277 9.8137 7.2277C10.9637 7.2277 11.5837 7.9177 11.5837 9.0377V14.5077H12.0437C12.6637 14.5077 13.0137 14.9177 13.0137 15.5477C13.0137 16.1577 12.6637 16.5477 12.0437 16.5477H11.5837V17.7577C11.5837 18.4177 11.1837 18.8677 10.5137 18.8677ZM17.7237 18.8677C15.9437 18.8677 14.4537 17.7777 14.0937 16.5977C14.0437 16.3877 14.0037 16.1977 14.0037 15.9777C14.0037 15.3277 14.5037 14.9277 15.0137 14.9277C15.4737 14.9277 15.7937 15.1477 16.0137 15.5877C16.3637 16.3277 16.9637 16.7077 17.7637 16.7077C18.6637 16.7077 19.2937 16.1177 19.2937 15.3777C19.2937 14.5577 18.7137 14.0277 17.7737 14.0277H17.3037C16.6137 14.0277 16.2537 13.5577 16.2537 12.9477C16.2537 12.2877 16.6537 11.8577 17.3037 11.8577H17.7337C18.5637 11.8577 19.0537 11.2777 19.0537 10.5777C19.0537 9.8277 18.4937 9.3377 17.7337 9.3377C16.9637 9.3377 16.4637 9.7377 16.1437 10.4677C15.9437 10.8877 15.6537 11.1277 15.1637 11.1277C14.5737 11.1277 14.1937 10.7277 14.1937 10.0777C14.1937 9.8577 14.2037 9.6677 14.3037 9.4077C14.6537 8.3077 15.9437 7.2277 17.7737 7.2277C19.9337 7.2277 21.3837 8.4477 21.3837 10.2377C21.3837 11.4477 20.5537 12.5277 19.4837 12.6977V12.8077C20.7837 12.9177 21.6837 14.0777 21.6837 15.5077C21.6837 17.5177 20.0937 18.8677 17.7237 18.8677ZM9.4437 14.5377V9.5277H9.3937C8.6137 11.0577 7.5737 13.2077 7.0037 14.4677V14.5377Z","geometry":{"width":26.140625,"height":26.140625}}