{"path":"M4.8237 26.1377H21.3137C24.4437 26.1377 26.1437 24.4477 26.1437 21.3377V4.7977C26.1437 1.6977 24.4437 -0.0023 21.3137 -0.0023H4.8237C1.7137 -0.0023 0.0037 1.6977 0.0037 4.7977V21.3377C0.0037 24.4477 1.7137 26.1377 4.8237 26.1377ZM10.1537 18.8677C9.5037 18.8677 9.1037 18.3977 9.1037 17.7577V16.5577H5.8337C4.9037 16.5577 4.3637 16.0077 4.3637 15.0777C4.3637 14.5477 4.4837 14.0777 4.6937 13.5777C5.3337 12.2377 6.3837 10.1977 7.2637 8.6177C7.7937 7.6577 8.4037 7.2277 9.4737 7.2277C10.6137 7.2277 11.2537 7.9177 11.2537 9.0377V14.5077H11.7037C12.3137 14.5077 12.6737 14.9177 12.6737 15.5477C12.6737 16.1577 12.3137 16.5477 11.7037 16.5477H11.2537V17.7577C11.2537 18.4177 10.8437 18.8677 10.1537 18.8677ZM19.4437 18.8677C18.7837 18.8677 18.3737 18.3977 18.3737 17.7577V16.5577H15.1037C14.1737 16.5577 13.6337 16.0077 13.6337 15.0777C13.6337 14.5477 13.7537 14.0777 13.9737 13.5777C14.6137 12.2377 15.6637 10.1977 16.5437 8.6177C17.0637 7.6577 17.6737 7.2277 18.7437 7.2277C19.8937 7.2277 20.5237 7.9177 20.5237 9.0377V14.5077H20.9837C21.6037 14.5077 21.9537 14.9177 21.9537 15.5477C21.9537 16.1577 21.6037 16.5477 20.9837 16.5477H20.5237V17.7577C20.5237 18.4177 20.1137 18.8677 19.4437 18.8677ZM9.1037 14.5377V9.5277H9.0537C8.2537 11.0577 7.2337 13.2077 6.6437 14.4677V14.5377ZM18.3737 14.5377V9.5277H18.3237C17.5237 11.0577 16.5137 13.2077 15.9237 14.4677V14.5377Z","geometry":{"width":26.140625,"height":26.140625}}