{"path":"M4.8237 26.1377H21.3137C24.4437 26.1377 26.1437 24.4477 26.1437 21.3377V4.7977C26.1437 1.6977 24.4437 -0.0023 21.3137 -0.0023H4.8237C1.7137 -0.0023 0.0037 1.6977 0.0037 4.7977V21.3377C0.0037 24.4477 1.7137 26.1377 4.8237 26.1377ZM5.2137 22.6177C4.1137 22.6177 3.5237 22.0777 3.5237 20.9177V5.2377C3.5237 4.0777 4.1137 3.5277 5.2137 3.5277H20.9337C22.0237 3.5277 22.6137 4.0777 22.6137 5.2377V20.9177C22.6137 22.0777 22.0237 22.6177 20.9337 22.6177ZM10.4337 18.5777C11.0737 18.5777 11.4537 18.1377 11.4537 17.5277V16.3477H11.9037C12.4837 16.3477 12.8237 16.0077 12.8237 15.4177C12.8237 14.8177 12.4837 14.4477 11.9037 14.4477H11.4537V9.2177C11.4537 8.1777 10.8537 7.5177 9.7737 7.5177C8.7737 7.5177 8.1937 7.9177 7.7137 8.8277C6.8637 10.3377 5.8537 12.2877 5.2337 13.5777C5.0337 14.0577 4.9037 14.4777 4.9037 14.9877C4.9037 15.8577 5.4237 16.3777 6.3137 16.3777H9.4337V17.5277C9.4337 18.1377 9.8137 18.5777 10.4337 18.5777ZM17.2637 18.5777C19.6337 18.5777 21.1137 17.1277 21.1137 14.8077C21.1137 12.7877 19.7537 11.4877 17.9937 11.4877C17.1737 11.4877 16.3537 11.8677 15.9537 12.4577H15.9037L16.1037 9.6777H19.7937C20.3537 9.6777 20.7237 9.3077 20.7237 8.7177C20.7237 8.1177 20.3737 7.7677 19.7937 7.7677H15.5737C14.7837 7.7677 14.3137 8.2577 14.2737 9.1177L14.0137 12.8777C13.9737 13.6677 14.4237 14.1677 15.1237 14.1677C15.6537 14.1677 15.9437 14.0277 16.2837 13.7577C16.7237 13.3977 17.0537 13.2377 17.5437 13.2377C18.4037 13.2377 19.0137 13.9577 19.0137 14.8877C19.0137 15.9577 18.3637 16.6377 17.3937 16.6377C16.6637 16.6377 16.1437 16.2277 15.7937 15.6977C15.5737 15.3977 15.3437 15.1177 14.8937 15.1177C14.3537 15.1177 13.9437 15.5477 13.9437 16.1177C13.9437 16.3377 13.9737 16.5577 14.0837 16.7877C14.4537 17.6877 15.6537 18.5777 17.2637 18.5777ZM9.4337 14.4677H7.0837V14.4077C7.6337 13.2077 8.6237 11.1377 9.3837 9.6977H9.4337Z","geometry":{"width":26.140625,"height":26.140625}}