{"path":"M4.8237 26.1377H21.3137C24.4437 26.1377 26.1437 24.4477 26.1437 21.3377V4.7977C26.1437 1.6977 24.4437 -0.0023 21.3137 -0.0023H4.8237C1.7137 -0.0023 0.0037 1.6977 0.0037 4.7977V21.3377C0.0037 24.4477 1.7137 26.1377 4.8237 26.1377ZM5.2137 22.6177C4.1137 22.6177 3.5237 22.0777 3.5237 20.9177V5.2377C3.5237 4.0777 4.1137 3.5277 5.2137 3.5277H20.9337C22.0237 3.5277 22.6137 4.0777 22.6137 5.2377V20.9177C22.6137 22.0777 22.0237 22.6177 20.9337 22.6177ZM10.4637 18.5777C11.1037 18.5777 11.4837 18.1377 11.4837 17.5277V16.3477H11.9337C12.5137 16.3477 12.8537 16.0077 12.8537 15.4177C12.8537 14.8177 12.5137 14.4477 11.9337 14.4477H11.4837V9.2177C11.4837 8.1777 10.8837 7.5177 9.8037 7.5177C8.8037 7.5177 8.2137 7.9177 7.7337 8.8277C6.8937 10.3377 5.8837 12.2877 5.2637 13.5777C5.0537 14.0577 4.9337 14.4777 4.9337 14.9877C4.9337 15.8577 5.4537 16.3777 6.3437 16.3777H9.4637V17.5277C9.4637 18.1377 9.8437 18.5777 10.4637 18.5777ZM17.5937 18.5977C19.7037 18.5977 21.1637 17.1477 21.1637 14.7677C21.1637 12.6477 19.7537 11.4577 18.1837 11.4577C16.9637 11.4577 16.2237 12.1177 15.9037 12.8777H15.8137C15.8037 12.7677 15.8037 12.6577 15.8037 12.4977C15.8037 10.6677 16.6137 9.4577 17.7437 9.4577C18.3637 9.4577 18.7437 9.7777 19.0337 10.1577C19.2537 10.4277 19.4937 10.5977 19.9237 10.5977C20.3737 10.5977 20.7937 10.2677 20.7937 9.7177C20.7937 9.4577 20.7437 9.2677 20.6337 9.0377C20.2737 8.2277 19.2637 7.5177 17.8137 7.5177C15.3937 7.5177 13.7237 9.4577 13.7237 13.2177C13.7237 14.6377 13.9637 15.8077 14.3837 16.6777C15.0237 18.0177 16.1837 18.5977 17.5937 18.5977ZM9.4637 14.4677H7.1137V14.4077C7.6537 13.2077 8.6537 11.1377 9.4037 9.6977H9.4637ZM17.4837 16.7177C16.5737 16.7177 15.9237 15.9977 15.9237 14.9477C15.9237 13.9277 16.5537 13.2077 17.4837 13.2077C18.3937 13.2077 19.0337 13.9177 19.0337 14.9477C19.0337 16.0277 18.4037 16.7177 17.4837 16.7177Z","geometry":{"width":26.140625,"height":26.140625}}