{"path":"M4.8237 26.1377H21.3137C24.4437 26.1377 26.1437 24.4477 26.1437 21.3377V4.7977C26.1437 1.6977 24.4437 -0.0023 21.3137 -0.0023H4.8237C1.7137 -0.0023 0.0037 1.6977 0.0037 4.7977V21.3377C0.0037 24.4477 1.7137 26.1377 4.8237 26.1377ZM5.2137 22.6177C4.1137 22.6177 3.5237 22.0777 3.5237 20.9177V5.2377C3.5237 4.0777 4.1137 3.5277 5.2137 3.5277H20.9337C22.0237 3.5277 22.6137 4.0777 22.6137 5.2377V20.9177C22.6137 22.0777 22.0237 22.6177 20.9337 22.6177ZM10.5937 18.5777C11.2337 18.5777 11.6237 18.1377 11.6237 17.5277V16.3477H12.0737C12.6437 16.3477 12.9837 16.0077 12.9837 15.4177C12.9837 14.8177 12.6437 14.4477 12.0737 14.4477H11.6237V9.2177C11.6237 8.1777 11.0237 7.5177 9.9437 7.5177C8.9437 7.5177 8.3537 7.9177 7.8737 8.8277C7.0237 10.3377 6.0337 12.2877 5.4037 13.5777C5.2137 14.0577 5.0837 14.4777 5.0837 14.9877C5.0837 15.8577 5.5937 16.3777 6.4837 16.3777H9.5937V17.5277C9.5937 18.1377 9.9837 18.5777 10.5937 18.5777ZM16.1237 18.5077C16.6937 18.5077 16.9937 18.2077 17.2837 17.5777L20.7437 10.2277C20.9137 9.8277 20.9837 9.5177 20.9837 9.1977C20.9837 8.4077 20.4637 7.7677 19.4437 7.7677H14.8737C14.2337 7.7677 13.7537 8.1377 13.7537 8.7777C13.7537 9.4377 14.2637 9.7977 14.8737 9.7977H18.4937V9.8877L15.1237 16.5477C14.9837 16.8177 14.9337 17.0177 14.9337 17.3377C14.9337 18.0377 15.4337 18.5077 16.1237 18.5077ZM9.5937 14.4677H7.2437V14.4077C7.7937 13.2077 8.7937 11.1377 9.5437 9.6977H9.5937Z","geometry":{"width":26.140625,"height":26.140625}}