{"path":"M4.2237 24.3635H31.5937C34.3337 24.3635 35.8237 22.9035 35.8237 20.1435V4.2235C35.8237 1.4635 34.3337 0.0035 31.5937 0.0035H4.2237C1.4937 0.0035 0.0037 1.4635 0.0037 4.2235V20.1435C0.0037 22.9035 1.4937 24.3635 4.2237 24.3635ZM13.5337 18.4735C12.6737 18.4735 12.1437 17.9535 12.1437 16.9535V16.1735H8.0137C6.7837 16.1735 6.0137 15.4635 6.0137 14.3735C6.0137 13.8635 6.1237 13.3435 6.4437 12.7235C7.2337 11.2935 8.4637 9.3635 9.5537 7.6435C10.3337 6.3435 11.1337 5.8835 12.5637 5.8835C13.9337 5.8835 14.9437 6.7635 14.9437 7.9735V13.6435H15.5537C16.4237 13.6435 16.9537 14.1335 16.9537 14.9035C16.9537 15.6935 16.4037 16.1735 15.5437 16.1735H14.9437V16.9535C14.9437 17.9535 14.4137 18.4735 13.5337 18.4735ZM19.9737 18.4335C18.9737 18.4335 18.3937 17.7735 18.3937 16.6635V7.6835C18.3937 6.5735 18.9737 5.9335 19.9737 5.9335C20.9837 5.9335 21.5637 6.5735 21.5637 7.6835V11.3035H21.7337L25.8637 6.6735C26.3137 6.1435 26.6437 5.9335 27.1837 5.9335C27.9837 5.9335 28.6337 6.4935 28.6337 7.2235C28.6337 7.6535 28.5337 7.9335 28.1637 8.3235L25.2237 11.5435L28.4337 15.7635C28.7337 16.1735 28.8437 16.4835 28.8437 16.8935C28.8437 17.7235 28.1937 18.3435 27.3137 18.3435C26.7437 18.3435 26.3437 18.1335 25.9237 17.5535L22.8837 13.4535L21.5637 14.9335V16.7335C21.5637 17.8035 20.9637 18.4335 19.9737 18.4335ZM12.1437 13.6435V8.2335H12.0137C10.9537 9.9835 9.6637 12.1235 8.9037 13.5335V13.6435ZM10.7037 29.4035H25.1137C25.9337 29.4035 26.5937 28.7235 26.5937 27.9435C26.5937 27.1535 25.9337 26.4735 25.1137 26.4735H10.7037C9.8837 26.4735 9.2237 27.1535 9.2237 27.9435C9.2237 28.7235 9.8837 29.4035 10.7037 29.4035Z","geometry":{"width":35.8203125,"height":29.408203125}}