{"path":"M4.2237 24.3635H31.5937C34.3137 24.3635 35.8237 22.8635 35.8237 20.1435V4.2235C35.8237 1.5135 34.3137 0.0035 31.5937 0.0035H4.2237C1.5037 0.0035 0.0037 1.5135 0.0037 4.2235V20.1435C0.0037 22.8635 1.5037 24.3635 4.2237 24.3635ZM4.5837 21.0135C3.7637 21.0135 3.3537 20.6335 3.3537 19.7835V4.5835C3.3537 3.7335 3.7637 3.3535 4.5837 3.3535H31.2437C32.0637 3.3535 32.4737 3.7335 32.4737 4.5835V19.7835C32.4737 20.6335 32.0637 21.0135 31.2437 21.0135ZM13.7437 18.1435C14.5637 18.1435 15.0637 17.6635 15.0637 16.7235V15.9735H15.6437C16.4637 15.9735 16.9637 15.5035 16.9637 14.7835C16.9637 14.0535 16.4737 13.5935 15.6537 13.5935H15.0637V8.1735C15.0637 7.0435 14.1237 6.2035 12.8237 6.2035C11.4937 6.2035 10.7437 6.6535 10.0037 7.8735C8.9537 9.5035 7.7837 11.3635 7.0137 12.7235C6.7237 13.3135 6.6137 13.7935 6.6137 14.2735C6.6137 15.3035 7.3437 15.9735 8.4937 15.9735H12.4237V16.7235C12.4237 17.6535 12.9337 18.1435 13.7437 18.1435ZM19.8237 18.1135C20.7537 18.1135 21.3237 17.5235 21.3237 16.5135V14.7835L22.5837 13.3735L25.4937 17.2935C25.8937 17.8435 26.2637 18.0335 26.7937 18.0335C27.6137 18.0335 28.2337 17.4635 28.2337 16.6835C28.2337 16.2935 28.1337 15.9935 27.8537 15.6135L24.7837 11.5835L27.6037 8.5135C27.9337 8.1435 28.0437 7.8935 28.0437 7.4635C28.0437 6.7835 27.4237 6.2635 26.6737 6.2635C26.1637 6.2635 25.8637 6.4435 25.4437 6.9635L21.4737 11.3735H21.3237V7.9135C21.3237 6.8635 20.7837 6.2635 19.8237 6.2635C18.8937 6.2635 18.3437 6.8735 18.3437 7.9135V16.4635C18.3437 17.5035 18.8937 18.1135 19.8237 18.1135ZM12.4237 13.5935H9.3337V13.4935C10.0637 12.1535 11.3037 10.0935 12.3037 8.4235H12.4237ZM10.7037 29.4035H25.1137C25.9337 29.4035 26.5937 28.7235 26.5937 27.9435C26.5937 27.1535 25.9337 26.4735 25.1137 26.4735H10.7037C9.8837 26.4735 9.2237 27.1535 9.2237 27.9435C9.2237 28.7235 9.8837 29.4035 10.7037 29.4035Z","geometry":{"width":35.8203125,"height":29.408203125}}