{"path":"M0.0037 20.7573C0.0037 21.7273 0.7937 22.5173 1.7637 22.5173C2.7337 22.5173 3.5237 21.7273 3.5237 20.7573V1.7673C3.5237 0.7973 2.7337 -0.0027 1.7637 -0.0027C0.7937 -0.0027 0.0037 0.7973 0.0037 1.7673ZM22.6137 20.7573C22.6137 21.7273 23.4037 22.5173 24.3737 22.5173C25.3437 22.5173 26.1437 21.7273 26.1437 20.7573V1.7673C26.1437 0.7973 25.3437 -0.0027 24.3737 -0.0027C23.4037 -0.0027 22.6137 0.7973 22.6137 1.7673ZM13.0137 17.5273C16.0537 17.5273 18.0337 15.7873 18.0337 13.0673C18.0337 10.6773 16.3937 9.0873 13.9337 9.0873C12.7737 9.0873 11.6637 9.5673 11.2237 10.2673H11.0637L11.2937 7.4773H16.2037C16.9937 7.4773 17.5137 7.0273 17.5137 6.2873C17.5137 5.5473 17.0237 5.1173 16.2037 5.1173H10.5437C9.4837 5.1173 8.7937 5.7673 8.7237 6.7573L8.4537 10.5973C8.3837 11.6873 8.9837 12.3173 10.1537 12.3173C10.7837 12.3173 11.1537 12.1673 11.6237 11.8773C12.1137 11.5273 12.5237 11.3473 13.0937 11.3473C14.1537 11.3473 14.8637 12.0673 14.8637 13.1473C14.8637 14.2373 14.0437 15.0373 12.9337 15.0373C12.0337 15.0373 11.3937 14.6273 10.9637 14.0273C10.6737 13.6873 10.3037 13.4673 9.6637 13.4673C8.8137 13.4673 8.3037 13.9573 8.3037 14.6873C8.3037 14.9473 8.3537 15.1873 8.4537 15.4073C8.9837 16.7073 10.6237 17.5273 13.0137 17.5273Z","geometry":{"width":26.140625,"height":22.517578125}}