{"path":"M4.8237 26.1377H21.3137C24.4437 26.1377 26.1437 24.4477 26.1437 21.3377V4.7977C26.1437 1.6977 24.4437 -0.0023 21.3137 -0.0023H4.8237C1.7137 -0.0023 0.0037 1.6977 0.0037 4.7977V21.3377C0.0037 24.4477 1.7137 26.1377 4.8237 26.1377ZM5.2137 22.6177C4.1137 22.6177 3.5237 22.0777 3.5237 20.9177V5.2377C3.5237 4.0777 4.1137 3.5277 5.2137 3.5277H20.9337C22.0237 3.5277 22.6137 4.0777 22.6137 5.2377V20.9177C22.6137 22.0777 22.0237 22.6177 20.9337 22.6177ZM13.0137 19.4277C16.0537 19.4277 18.0337 17.6877 18.0337 14.9677C18.0337 12.5777 16.3937 10.9877 13.9337 10.9877C12.7737 10.9877 11.6637 11.4677 11.2237 12.1677H11.0637L11.2937 9.3777H16.2037C16.9937 9.3777 17.5137 8.9277 17.5137 8.1877C17.5137 7.4477 17.0237 7.0177 16.2037 7.0177H10.5437C9.4837 7.0177 8.7937 7.6677 8.7237 8.6577L8.4537 12.4977C8.3837 13.5877 8.9837 14.2177 10.1537 14.2177C10.7837 14.2177 11.1537 14.0677 11.6237 13.7777C12.1137 13.4277 12.5237 13.2477 13.0937 13.2477C14.1537 13.2477 14.8637 13.9677 14.8637 15.0477C14.8637 16.1377 14.0437 16.9377 12.9337 16.9377C12.0337 16.9377 11.3937 16.5277 10.9637 15.9277C10.6737 15.5877 10.3037 15.3677 9.6637 15.3677C8.8137 15.3677 8.3037 15.8577 8.3037 16.5877C8.3037 16.8477 8.3537 17.0877 8.4537 17.3077C8.9837 18.6077 10.6237 19.4277 13.0137 19.4277Z","geometry":{"width":26.140625,"height":26.140625}}