{"path":"M4.8237 26.1377H21.3137C24.4437 26.1377 26.1437 24.4477 26.1437 21.3377V4.7977C26.1437 1.6977 24.4437 -0.0023 21.3137 -0.0023H4.8237C1.7137 -0.0023 0.0037 1.6977 0.0037 4.7977V21.3377C0.0037 24.4477 1.7137 26.1377 4.8237 26.1377ZM5.2137 22.6177C4.1137 22.6177 3.5237 22.0777 3.5237 20.9177V5.2377C3.5237 4.0777 4.1137 3.5277 5.2137 3.5277H20.9337C22.0237 3.5277 22.6137 4.0777 22.6137 5.2377V20.9177C22.6137 22.0777 22.0237 22.6177 20.9337 22.6177ZM17.6137 18.6077C19.7937 18.6077 21.3137 16.7177 21.3137 13.0677C21.3137 9.4177 19.7937 7.5477 17.6137 7.5477C15.4037 7.5477 13.9637 9.4177 13.9637 13.0677C13.9637 16.7177 15.4037 18.6077 17.6137 18.6077ZM8.8837 18.6077C11.2537 18.6077 12.7237 17.1477 12.7237 14.8177C12.7237 12.7977 11.3737 11.4977 9.6137 11.4977C8.7937 11.4977 7.9537 11.8777 7.5737 12.4777H7.5237L7.7237 9.6977H11.4037C11.9637 9.6977 12.3437 9.3377 12.3437 8.7377C12.3437 8.1377 11.9937 7.7777 11.4037 7.7777H7.1937C6.3937 7.7777 5.9337 8.2877 5.8837 9.1377L5.6337 12.9077C5.5937 13.6877 6.0437 14.1777 6.7437 14.1777C7.2737 14.1777 7.5437 14.0377 7.9037 13.7677C8.3437 13.4077 8.6637 13.2477 9.1437 13.2477C10.0237 13.2477 10.6337 13.9677 10.6337 14.9177C10.6337 15.9677 9.9837 16.6477 9.0137 16.6477C8.2837 16.6477 7.7537 16.2577 7.4137 15.7077C7.1937 15.4177 6.9437 15.1477 6.5037 15.1477C5.9737 15.1477 5.5537 15.5577 5.5537 16.1377C5.5537 16.3677 5.5937 16.5677 5.7037 16.7977C6.0737 17.7177 7.2637 18.6077 8.8837 18.6077ZM17.6337 16.4577C16.7637 16.4577 16.2037 15.3677 16.2037 13.0677C16.2037 10.7777 16.7637 9.6977 17.6337 9.6977C18.5137 9.6977 19.0537 10.7777 19.0537 13.0677C19.0537 15.3677 18.5137 16.4577 17.6337 16.4577Z","geometry":{"width":26.140625,"height":26.140625}}