{"path":"M0.0037 20.7573C0.0037 21.7273 0.7937 22.5173 1.7637 22.5173C2.7337 22.5173 3.5237 21.7273 3.5237 20.7573V1.7673C3.5237 0.7973 2.7337 -0.0027 1.7637 -0.0027C0.7937 -0.0027 0.0037 0.7973 0.0037 1.7673ZM22.6137 20.7573C22.6137 21.7273 23.4037 22.5173 24.3737 22.5173C25.3437 22.5173 26.1437 21.7273 26.1437 20.7573V1.7673C26.1437 0.7973 25.3437 -0.0027 24.3737 -0.0027C23.4037 -0.0027 22.6137 0.7973 22.6137 1.7673ZM13.0537 17.5273C16.2937 17.5273 18.3937 16.0873 18.3937 13.8473C18.3937 12.3073 17.2937 11.1273 15.6137 10.8673V10.7373C17.0937 10.3373 17.8837 9.3973 17.8837 8.0773C17.8837 6.0973 15.9837 4.7673 13.0737 4.7673C10.1737 4.7673 8.2737 6.0973 8.2737 8.0773C8.2737 9.3973 9.0537 10.3173 10.5237 10.7373V10.8673C8.8437 11.1273 7.7537 12.3173 7.7537 13.8473C7.7537 16.0873 9.8137 17.5273 13.0537 17.5273ZM13.0737 9.8973C12.1437 9.8973 11.4437 9.2673 11.4437 8.4173C11.4437 7.5873 12.1437 6.9773 13.0737 6.9773C14.0137 6.9773 14.7137 7.5873 14.7137 8.4173C14.7137 9.2673 14.0237 9.8973 13.0737 9.8973ZM13.0837 15.3373C11.9337 15.3373 11.1137 14.6173 11.1137 13.6173C11.1137 12.6473 11.9537 11.8973 13.0837 11.8973C14.2337 11.8973 15.0537 12.6373 15.0537 13.6173C15.0537 14.6173 14.2237 15.3373 13.0837 15.3373Z","geometry":{"width":26.140625,"height":22.517578125}}