{"path":"M4.8237 26.1377H21.3137C24.4437 26.1377 26.1437 24.4477 26.1437 21.3377V4.7977C26.1437 1.6977 24.4437 -0.0023 21.3137 -0.0023H4.8237C1.7137 -0.0023 0.0037 1.6977 0.0037 4.7977V21.3377C0.0037 24.4477 1.7137 26.1377 4.8237 26.1377ZM13.1437 19.7877C9.7037 19.7877 7.5337 18.2777 7.5337 15.8977C7.5337 14.2777 8.6837 13.0277 10.4637 12.7577V12.6177C8.9037 12.1677 8.0837 11.1977 8.0837 9.8177C8.0837 7.7277 10.0737 6.3277 13.1537 6.3277C16.2237 6.3277 18.2337 7.7277 18.2337 9.8177C18.2337 11.1977 17.4037 12.1777 15.8437 12.6177V12.7577C17.6237 13.0277 18.7837 14.2777 18.7837 15.8977C18.7837 18.2677 16.5737 19.7877 13.1437 19.7877ZM13.1537 11.7177C14.1337 11.7177 14.8437 11.0777 14.8437 10.1877C14.8437 9.3077 14.1237 8.6677 13.1537 8.6677C12.1837 8.6677 11.4537 9.3077 11.4537 10.1877C11.4537 11.0777 12.1837 11.7177 13.1537 11.7177ZM13.1637 17.4477C14.3437 17.4477 15.2137 16.6977 15.2137 15.6377C15.2137 14.6177 14.3737 13.8477 13.1637 13.8477C11.9737 13.8477 11.1037 14.6177 11.1037 15.6377C11.1037 16.6977 11.9737 17.4477 13.1637 17.4477Z","geometry":{"width":26.140625,"height":26.140625}}