{"path":"M4.8237 26.1377H21.3137C24.4437 26.1377 26.1437 24.4477 26.1437 21.3377V4.7977C26.1437 1.6977 24.4437 -0.0023 21.3137 -0.0023H4.8237C1.7137 -0.0023 0.0037 1.6977 0.0037 4.7977V21.3377C0.0037 24.4477 1.7137 26.1377 4.8237 26.1377ZM5.2137 22.6177C4.1137 22.6177 3.5237 22.0777 3.5237 20.9177V5.2377C3.5237 4.0777 4.1137 3.5277 5.2137 3.5277H20.9337C22.0237 3.5277 22.6137 4.0777 22.6137 5.2377V20.9177C22.6137 22.0777 22.0237 22.6177 20.9337 22.6177ZM7.8737 11.1377C7.8737 13.3677 9.5337 15.0077 11.8037 15.0077C12.6337 15.0077 13.4937 14.7477 13.9437 14.2977H14.1237C13.9837 14.5177 13.7537 14.8077 13.4837 15.1377C12.9837 15.7377 12.4137 16.4177 11.9037 17.0377C11.6237 17.3477 11.4137 17.7177 11.4137 18.1677C11.4137 18.8277 11.9737 19.4277 12.8837 19.4277C13.7137 19.4277 14.1137 18.9877 14.6037 18.3577C15.1437 17.6877 15.9037 16.7077 16.3637 16.0777C17.6337 14.3577 18.2837 13.0277 18.2837 11.3377C18.2837 8.5177 16.2437 6.6677 13.0537 6.6677C9.9437 6.6677 7.8737 8.5277 7.8737 11.1377ZM10.8837 10.9777C10.8837 9.9077 11.8137 9.1477 13.0537 9.1477C14.3037 9.1477 15.2437 9.9277 15.2437 10.9877C15.2437 12.0577 14.3137 12.8077 13.0737 12.8077C11.8137 12.8077 10.8837 12.0477 10.8837 10.9777Z","geometry":{"width":26.140625,"height":26.140625}}