{"path":"M4.8237 26.1377H21.3137C24.4437 26.1377 26.1437 24.4477 26.1437 21.3377V4.7977C26.1437 1.6977 24.4437 -0.0023 21.3137 -0.0023H4.8237C1.7137 -0.0023 0.0037 1.6977 0.0037 4.7977V21.3377C0.0037 24.4477 1.7137 26.1377 4.8237 26.1377ZM12.9637 19.7877C10.5137 19.7877 9.0937 18.8077 8.6437 17.7877C8.5337 17.5777 8.4737 17.3677 8.4737 17.1277C8.4737 16.3877 9.0937 15.8277 9.8437 15.8277C10.5037 15.8277 10.8537 16.0777 11.1737 16.3477C11.6637 16.8677 12.1837 17.1677 12.9437 17.1677C14.4537 17.1677 15.4637 15.6277 15.3237 13.2777H15.1937C14.7337 14.2977 13.6837 15.0477 12.0537 15.0477C9.6837 15.0477 7.8337 13.5377 7.8337 10.9777C7.8337 8.2177 9.9837 6.3277 13.1137 6.3277C16.6137 6.3277 18.6737 8.6677 18.6737 12.8077C18.6737 17.3077 16.5937 19.7877 12.9637 19.7877ZM13.2437 12.8477C14.4237 12.8477 15.2437 12.0177 15.2437 10.8877C15.2437 9.7177 14.3937 8.8577 13.2437 8.8577C12.0537 8.8577 11.2337 9.6777 11.2337 10.8677C11.2337 12.0277 12.0737 12.8477 13.2437 12.8477Z","geometry":{"width":26.140625,"height":26.140625}}