{"path":"M4.8237 26.1377H21.3137C24.4437 26.1377 26.1437 24.4477 26.1437 21.3377V4.7977C26.1437 1.6977 24.4437 -0.0023 21.3137 -0.0023H4.8237C1.7137 -0.0023 0.0037 1.6977 0.0037 4.7977V21.3377C0.0037 24.4477 1.7137 26.1377 4.8237 26.1377ZM5.2137 22.6177C4.1137 22.6177 3.5237 22.0777 3.5237 20.9177V5.2377C3.5237 4.0777 4.1137 3.5277 5.2137 3.5277H20.9337C22.0237 3.5277 22.6137 4.0777 22.6137 5.2377V20.9177C22.6137 22.0777 22.0237 22.6177 20.9337 22.6177ZM12.8837 19.4277C16.3337 19.4277 18.2937 17.0777 18.2937 12.8277C18.2937 8.8877 16.3337 6.6677 13.0337 6.6677C10.0637 6.6677 8.0437 8.4477 8.0437 11.0777C8.0437 13.5077 9.7937 14.9577 12.0537 14.9577C13.5937 14.9577 14.5837 14.2277 15.0237 13.2577H15.1437C15.2737 15.5077 14.3237 16.9777 12.8637 16.9777C12.1437 16.9777 11.6337 16.6977 11.1737 16.1877C10.8837 15.9277 10.5537 15.7077 9.9437 15.7077C9.2137 15.7077 8.6437 16.2277 8.6437 16.9077C8.6437 17.1277 8.6937 17.3477 8.7937 17.5577C9.2137 18.5077 10.5637 19.4277 12.8837 19.4277ZM13.1537 12.8777C12.0337 12.8777 11.2337 12.0877 11.2337 10.9777C11.2337 9.8477 12.0137 9.0477 13.1637 9.0477C14.2637 9.0477 15.0637 9.8877 15.0637 10.9877C15.0637 12.0877 14.2837 12.8777 13.1537 12.8777Z","geometry":{"width":26.140625,"height":26.140625}}