{"path":"M20.1937 27.505C27.7137 27.505 33.9437 21.255 33.9437 13.755C33.9437 6.245 27.6837 -0.005 20.1837 -0.005C15.9737 -0.005 12.1637 1.965 9.6237 5.005C9.1737 4.945 8.6937 4.925 8.2037 4.925C5.0537 4.925 2.3237 6.355 1.2537 8.515C1.0137 8.985 0.8637 9.505 0.8637 9.925C0.8637 10.895 1.5437 11.585 2.5037 11.585C3.1737 11.585 3.6737 11.275 4.0037 10.675C4.8137 9.055 5.9437 8.295 7.6437 8.175C6.9737 9.665 6.5637 11.295 6.4637 13.005C2.3837 13.525 0.0037 15.405 0.0037 18.605C0.0037 22.055 2.5937 24.395 6.3937 24.395C7.7937 24.395 9.1437 23.965 10.2937 23.245C12.8137 25.855 16.3337 27.505 20.1937 27.505ZM24.3937 9.935C24.3937 7.125 23.1837 4.925 21.0537 3.565C26.3137 4.005 30.3937 8.355 30.4237 13.755C30.4237 17.935 27.9637 21.505 24.3937 23.095ZM15.2537 5.835C18.3937 5.835 20.1937 7.465 20.1937 10.285V11.935L13.6837 12.305C12.3337 12.385 11.0837 12.615 10.0237 12.975C10.2237 10.175 11.5237 7.715 13.4937 6.005C14.2037 5.865 14.6937 5.835 15.2537 5.835ZM14.1337 15.725L20.1937 15.325V17.105C20.1937 19.905 18.0637 22.175 15.1237 22.655C12.9637 21.425 11.3037 19.425 10.5137 17.025C11.5137 16.165 12.6737 15.815 14.1337 15.725ZM3.6237 18.595C3.6237 17.195 4.6737 16.255 6.6337 15.985C6.9337 17.785 7.6037 19.495 8.5437 20.995C8.0637 21.155 7.5637 21.215 7.0137 21.215C4.9637 21.215 3.6237 20.175 3.6237 18.595ZM20.1937 23.965C20.0537 23.965 19.9037 23.965 19.7737 23.965C20.0037 23.745 20.2037 23.515 20.3837 23.285V23.965C20.3137 23.965 20.2637 23.965 20.1937 23.965Z","geometry":{"width":33.947265625,"height":27.5078125}}