{"path":"M4.8237 26.1377H21.3137C24.4437 26.1377 26.1437 24.4477 26.1437 21.3377V4.7977C26.1437 1.6977 24.4437 -0.0023 21.3137 -0.0023H4.8237C1.7137 -0.0023 0.0037 1.6977 0.0037 4.7977V21.3377C0.0037 24.4477 1.7137 26.1377 4.8237 26.1377ZM5.2137 22.6177C4.1137 22.6177 3.5237 22.0777 3.5237 20.9177V5.2377C3.5237 4.0777 4.1137 3.5277 5.2137 3.5277H20.9337C22.0237 3.5277 22.6137 4.0777 22.6137 5.2377V20.9177C22.6137 22.0777 22.0237 22.6177 20.9337 22.6177ZM8.9737 19.3977C9.7737 19.3977 10.2937 18.9677 10.5237 17.9877L11.1037 16.2577H15.0537L15.6237 17.9877C15.8637 18.9677 16.3837 19.3977 17.2037 19.3977C18.1537 19.3977 18.7437 18.8377 18.7437 17.9277C18.7437 17.6677 18.6737 17.3177 18.5237 16.8577L15.6037 8.5877C15.1737 7.2577 14.3237 6.6277 13.0437 6.6277C11.8037 6.6277 10.9937 7.2577 10.5537 8.5877L7.6337 16.8577C7.4737 17.3177 7.4237 17.6677 7.4237 17.9277C7.4237 18.8377 7.9937 19.3977 8.9737 19.3977ZM11.7137 13.9277L13.0037 9.5977H13.1537L14.4337 13.9277Z","geometry":{"width":26.140625,"height":26.140625}}