{"path":"M2.1637 21.1121C3.4137 21.1121 4.1137 20.5321 4.4737 19.2121L5.5637 15.9821H12.9237L14.0137 19.2121C14.3737 20.5321 15.0537 21.1121 16.3237 21.1121C17.6937 21.1121 18.5837 20.2621 18.5837 19.0021C18.5837 18.5021 18.4937 18.1021 18.3337 17.5821L12.9037 2.5421C12.3137 0.8321 11.1737 0.0021 9.2737 0.0021C7.4737 0.0021 6.3337 0.8521 5.7437 2.5321L0.2437 17.7621C0.0837 18.2221 0.0037 18.6521 0.0037 19.0621C0.0037 20.3121 0.8237 21.1121 2.1637 21.1121ZM49.8037 21.0721C53.6337 21.0721 56.6137 19.4021 58.0137 16.9021C58.3637 16.2721 58.5737 15.5721 58.5737 14.8921C58.5737 13.7521 57.7237 12.9521 56.5637 12.9521C55.5737 12.9521 55.0137 13.3021 54.4237 14.3521C53.4837 16.3221 51.9537 17.3321 49.8237 17.3321C46.5937 17.3321 44.5837 14.7621 44.5837 10.5121C44.5837 6.3021 46.6237 3.7621 49.8037 3.7621C51.9537 3.7621 53.4937 4.9321 54.5537 7.0521C55.1137 8.0221 55.6737 8.3821 56.6537 8.3821C57.8637 8.3821 58.6637 7.6121 58.6637 6.4921C58.6637 5.9521 58.5437 5.3821 58.2937 4.8421C57.1237 1.9721 53.7837 0.0321 49.8037 0.0321C43.5837 0.0321 39.8037 3.9821 39.8037 10.5321C39.8037 17.1021 43.5837 21.0721 49.8037 21.0721ZM23.3537 20.7221H30.6437C35.1537 20.7221 37.9837 18.4321 37.9837 14.9521C37.9837 12.1921 35.7337 10.1621 32.8537 9.9821V9.8821C35.2237 9.5521 36.9837 7.7021 36.9837 5.3621C36.9837 2.3521 34.4837 0.3821 30.4037 0.3821H23.3537C21.9337 0.3821 21.0037 1.2121 21.0037 2.6621V18.4421C21.0037 19.8921 21.9337 20.7221 23.3537 20.7221ZM25.7137 8.8021V3.7321H29.1737C31.1737 3.7321 32.3737 4.6921 32.3737 6.1421C32.3737 7.7921 31.0637 8.8021 28.8937 8.8021ZM6.5037 12.6221L9.1837 4.2921H9.2837L11.9637 12.6221ZM25.7137 17.3921V11.6921H29.2737C31.7637 11.6921 33.1837 12.7321 33.1837 14.5721C33.1837 16.3521 31.8037 17.3921 29.3437 17.3921Z","geometry":{"width":58.666015625,"height":21.109375}}