{"path":"M37.5937 22.0943C41.6337 22.0943 43.7337 19.5243 43.7337 15.8343C43.7337 12.7143 42.4137 11.1443 39.5537 9.7243L38.3237 9.1043C36.8137 8.3443 35.7237 7.5243 35.7237 5.7443C35.7237 4.4943 36.2537 3.3343 37.5537 3.3343C38.7637 3.3343 39.4737 4.3443 39.6937 5.6743C39.8937 6.6943 40.6737 7.0143 41.6037 7.0143C42.7237 7.0043 43.3137 6.2243 43.3137 5.2743C43.3137 2.9243 41.1137 0.0043 37.5537 0.0043C34.0737 0.0043 31.6737 2.3743 31.6737 6.0943C31.6737 9.0943 33.1437 10.8643 35.7937 12.1943L37.0337 12.8143C38.6237 13.6143 39.7037 14.4243 39.7037 16.2043C39.7037 17.5643 39.0437 18.7543 37.6237 18.7543C36.3537 18.7543 35.6137 17.7443 35.3737 16.4643C35.1137 15.4243 34.3437 15.0143 33.4137 15.0143C32.4137 15.0143 31.6637 15.7243 31.6637 16.8543C31.6637 19.4443 34.0437 22.0943 37.5937 22.0943ZM1.9437 21.9343C3.1537 21.9343 3.7837 21.2443 3.9937 20.0243L4.6237 17.0343H9.3237L9.9837 20.0843C10.2137 21.3143 10.8437 21.9343 12.0837 21.9343C13.2037 21.9343 14.0037 21.0843 14.0037 19.9643C14.0037 19.5743 13.9437 19.2243 13.8637 18.8543L10.2037 2.7643C9.8137 1.0143 8.6637 0.1643 6.9337 0.1643C5.2537 0.1643 4.1837 0.9943 3.7837 2.7743L0.1737 18.7043C0.0637 19.1943 0.0037 19.6843 0.0037 19.9643C0.0037 21.1643 0.6937 21.9343 1.9437 21.9343ZM18.8137 21.6043H23.9437C27.3537 21.6043 29.2537 19.1043 29.2537 15.6143C29.2537 13.1243 27.8237 10.7043 25.5137 10.4843V10.3743C27.4137 9.9943 28.7237 7.9443 28.7237 5.7243C28.7237 2.5743 26.9037 0.4743 23.7737 0.4743H18.8137C17.4737 0.4743 16.7437 1.3243 16.7437 2.6643V19.4243C16.7437 20.6843 17.3937 21.6043 18.8137 21.6043ZM20.8537 9.3643V3.5843H22.5337C24.2037 3.5843 24.8037 4.7343 24.8037 6.3943C24.8037 8.1343 24.0337 9.3643 22.3137 9.3643ZM5.1437 13.9143L6.8537 4.9943H6.9637L8.7537 13.9143ZM20.8537 18.5143V12.0843H22.4737C24.2937 12.0843 25.1137 13.4543 25.1137 15.2843C25.1137 17.1043 24.4037 18.5143 22.5437 18.5143Z","geometry":{"width":43.736328125,"height":22.09375}}