{"path":"M8.6537 25.0309H21.5437C27.4437 25.0309 30.2137 22.2709 30.2137 16.3909V8.6409C30.2137 2.7609 27.4437 0.0009 21.5437 0.0009H8.6537C2.7737 0.0009 0.0037 2.7609 0.0037 8.6409V16.3909C0.0037 22.2709 2.7737 25.0309 8.6537 25.0309ZM20.7437 7.4009H9.4637C8.7637 7.4009 8.1637 7.7609 7.8937 8.3509H3.5237C3.6237 5.0309 5.2237 3.5309 8.6537 3.5309H21.5437C24.9937 3.5309 26.5937 5.0309 26.6737 8.3509H22.3237C22.0537 7.7609 21.4637 7.4009 20.7437 7.4009ZM8.6537 21.5009C5.1137 21.5009 3.5237 19.9209 3.5237 16.3909V9.9009H7.8937C8.1637 10.4909 8.7637 10.8509 9.4637 10.8509H20.7437C21.4637 10.8509 22.0537 10.4909 22.3237 9.9009H26.6837V16.3909C26.6837 19.9209 25.0837 21.5009 21.5437 21.5009ZM15.1037 15.7409C15.9037 15.7209 16.5437 15.0809 16.5437 14.3109C16.5437 13.5209 15.9037 12.8809 15.1037 12.8809C14.3137 12.8809 13.6737 13.5209 13.6737 14.3109C13.6737 15.0909 14.3137 15.7509 15.1037 15.7409Z","geometry":{"width":30.21484375,"height":25.033203125}}