{"path":"M6.3037 -0.0025C2.8737 0.0175 0.0037 2.8575 0.0037 6.5775C0.0037 10.4175 5.3437 15.0575 9.4337 15.0675C12.4137 15.0775 15.9437 12.1375 15.9437 8.6575C15.9437 4.4175 10.7837 -0.0425 6.3037 -0.0025ZM6.8937 6.7175C6.4537 7.3575 5.5637 7.5075 4.9037 7.0275L2.9937 5.6575C2.3337 5.1975 2.2137 4.3475 2.7037 3.7075C3.1437 3.0675 4.0237 2.8975 4.6337 3.3675L6.5637 4.7475C7.1937 5.2075 7.3537 6.0675 6.8937 6.7175ZM10.6637 12.8275C9.8737 12.8275 9.8437 11.8275 10.5937 10.5675C11.3737 9.2975 12.6237 8.3175 13.3937 8.3175C14.1937 8.3175 14.2337 9.2975 13.4637 10.5675C12.7037 11.8275 11.4537 12.8275 10.6637 12.8275ZM5.5937 25.0875C6.7137 25.0875 7.4537 24.4475 7.4537 23.3675V16.4575C5.5737 16.0075 3.6937 14.9475 2.1237 13.5675V23.3675C2.1237 24.4475 2.8537 25.0875 3.9637 25.0875Z","geometry":{"width":15.94140625,"height":25.0881715756318}}