{"path":"M7.3237 28.5072H16.5737C21.4737 28.5072 23.8937 26.0872 23.8937 21.1772V7.3272C23.8937 2.4172 21.4737 -0.0028 16.5737 -0.0028H7.3237C2.4237 -0.0028 0.0037 2.4172 0.0037 7.3272V21.1772C0.0037 26.0872 2.4237 28.5072 7.3237 28.5072ZM15.9937 7.3172H7.9037C7.2337 7.3172 6.6537 7.6672 6.3737 8.2272H3.4437V7.3272C3.4437 4.6472 4.6337 3.4472 7.3237 3.4472H16.5737C19.2637 3.4472 20.4537 4.6472 20.4537 7.3272V8.2272H17.5237C17.2537 7.6672 16.6937 7.3172 15.9937 7.3172ZM7.3237 25.0472C4.6337 25.0472 3.4437 23.8572 3.4437 21.1772V9.7872H6.3737C6.6537 10.3472 7.2337 10.6872 7.9037 10.6872H15.9937C16.6937 10.6872 17.2537 10.3472 17.5237 9.7872H20.4537V21.1772C20.4537 23.8572 19.2637 25.0472 16.5737 25.0472Z","geometry":{"width":23.8984375,"height":28.505859375}}