{"path":"M0.0037 8.4192H7.5637C7.8237 7.8092 8.4637 7.4092 9.2137 7.4092H20.5937C21.3437 7.4092 21.9837 7.8092 22.2437 8.4192H29.8037V8.0492C29.8037 2.5692 26.8137 -0.0008 21.0237 -0.0008H8.7737C2.9937 -0.0008 0.0037 2.5692 0.0037 8.0492ZM8.7737 25.1592H21.0537C27.0437 25.1592 29.8337 22.3692 29.8337 16.3792V9.9792H22.2737C21.9937 10.5792 21.3837 10.9792 20.6037 10.9792H9.2237C8.4737 10.9792 7.8437 10.5792 7.5737 9.9792H0.0037V16.3792C0.0037 22.3692 2.7937 25.1592 8.7737 25.1592ZM14.9137 16.4592C14.1337 16.4792 13.4837 15.8192 13.4837 15.0492C13.4837 14.2592 14.1337 13.6192 14.9137 13.6192C15.7137 13.6192 16.3337 14.2592 16.3337 15.0492C16.3337 15.8092 15.7137 16.4492 14.9137 16.4592Z","geometry":{"width":29.83203125,"height":25.15625}}