{"path":"M12.8837 -0.0006C10.3637 -0.0306 7.5837 1.1794 5.8837 3.6394C5.7037 3.8794 5.5237 4.1394 5.3737 4.4894C8.7137 5.0494 11.4337 7.9994 11.4337 11.3194C11.4337 12.2594 11.2537 13.1394 10.9137 13.9094C12.4837 13.6294 13.5937 13.2394 14.6037 12.6194C17.0637 11.1694 18.7337 8.8994 18.7337 5.9094C18.7337 2.2994 16.2237 0.0294 12.8837 -0.0006ZM14.0037 6.0994C13.6437 6.3994 13.1137 6.3594 12.8237 5.9894C12.5337 5.6194 12.5737 5.1294 12.9337 4.8394L14.7137 3.3594C15.0637 3.0794 15.5737 3.0894 15.8737 3.4894C16.1437 3.8294 16.1237 4.3194 15.7637 4.6194ZM5.3637 15.6794C7.8337 15.6794 9.7437 14.0694 9.7437 11.3194C9.7437 8.6694 7.2637 6.0694 4.2537 6.0694C1.6837 6.0694 0.0037 8.0694 0.0037 10.3794C0.0037 13.4394 2.5837 15.6794 5.3637 15.6794ZM4.8137 13.4494C4.3237 13.8594 3.5537 13.4294 2.7337 12.4194C1.9037 11.3894 1.5837 10.5994 2.0737 10.1994C2.5937 9.7594 3.3237 10.1994 4.1537 11.2294C4.9937 12.2494 5.3037 13.0294 4.8137 13.4494ZM10.7637 25.6794H11.8637C12.9837 25.6794 13.7137 25.0294 13.7137 23.9494V14.8794C12.0837 15.6794 10.6137 16.0694 8.9037 16.1994V23.9494C8.9037 25.0294 9.6437 25.6794 10.7637 25.6794Z","geometry":{"width":18.73046875,"height":25.676236941665042}}