{"path":"M22.4237 19.2636L25.4537 22.7136H29.8737C32.0837 22.7136 33.3837 21.4136 33.3837 19.2336V3.4736C33.3837 1.3136 32.0837 0.0036 29.8737 0.0036H3.5137C1.3137 0.0036 0.0037 1.3436 0.0037 3.4736V19.2336C0.0037 21.4136 1.2837 22.7136 3.5137 22.7136H7.9937L11.0337 19.2636H4.6037C3.9637 19.2636 3.5937 18.8936 3.5937 18.2536V4.4536C3.5937 3.8236 3.9637 3.4436 4.6037 3.4436H28.7837C29.4037 3.4436 29.7937 3.8236 29.7937 4.4536V18.2536C29.7937 18.8936 29.4037 19.2636 28.7837 19.2636ZM25.3637 27.1136C26.0737 27.1136 26.3437 26.3736 25.8937 25.8536L17.3537 16.1636C17.0037 15.7636 16.3837 15.7636 16.0337 16.1636L7.4737 25.8536C7.0237 26.3736 7.3037 27.1136 8.0237 27.1136Z","geometry":{"width":33.38671875,"height":27.111328125}}