{"path":"M0.0027 14.2609C0.0027 18.1609 1.5727 21.7109 4.1127 24.2809C4.4027 24.5509 4.6927 24.5409 4.9527 24.2409L5.6327 23.4709C5.8827 23.1909 5.8527 22.9409 5.6227 22.6809C3.5027 20.4909 2.1827 17.5109 2.1827 14.2609C2.1827 7.6709 7.6427 2.2009 14.2627 2.2009C20.8727 2.2009 26.3327 7.6709 26.3327 14.2609C26.3327 17.5109 25.0227 20.4909 22.9127 22.6709C22.6727 22.9409 22.6427 23.1909 22.8827 23.4709L23.5727 24.2509C23.8327 24.5409 24.1127 24.5509 24.4027 24.2709C26.9327 21.7109 28.5227 18.1609 28.5227 14.2609C28.5227 6.4409 22.1227 0.0009 14.2627 0.0009C6.4027 0.0009 0.0027 6.4409 0.0027 14.2609ZM3.9827 14.2609C3.9827 16.9709 5.0127 19.4109 6.7527 21.2609C7.0227 21.5709 7.3427 21.5509 7.6027 21.2609L8.2827 20.5209C8.5427 20.2609 8.5127 20.0009 8.2727 19.7009C6.9627 18.2509 6.1827 16.3509 6.1827 14.2609C6.1827 9.8409 9.8127 6.1809 14.2627 6.1809C18.6927 6.1809 22.3427 9.8409 22.3427 14.2609C22.3427 16.3509 21.5427 18.2509 20.2527 19.6709C20.0027 19.9909 19.9927 20.2509 20.2527 20.5109L20.9327 21.2609C21.1927 21.5509 21.4927 21.5709 21.7627 21.2609C23.4927 19.4109 24.5427 16.9709 24.5427 14.2609C24.5427 8.6309 19.9227 3.9809 14.2627 3.9809C8.5827 3.9809 3.9827 8.6309 3.9827 14.2609ZM7.9527 14.2609C7.9527 15.7609 8.4727 17.1409 9.3827 18.2409C9.6227 18.5409 9.9227 18.5509 10.2127 18.2509L10.9227 17.5109C11.1827 17.2509 11.1727 17.0109 10.9827 16.7109C10.4627 16.0209 10.1627 15.1709 10.1627 14.2609C10.1627 12.0209 12.0127 10.1609 14.2627 10.1609C16.5027 10.1609 18.3627 12.0209 18.3627 14.2609C18.3627 15.1709 18.0627 16.0209 17.5427 16.7109C17.3527 17.0109 17.3327 17.2509 17.5927 17.5309L18.3027 18.2509C18.5927 18.5509 18.8927 18.5509 19.1427 18.2209C20.0427 17.1409 20.5627 15.7609 20.5627 14.2609C20.5627 10.8009 17.7327 7.9609 14.2627 7.9609C10.7827 7.9609 7.9527 10.8009 7.9527 14.2609ZM5.0427 26.8009C4.5927 27.3209 4.8627 28.0509 5.5827 28.0509H22.9327C23.6427 28.0509 23.9127 27.3009 23.4627 26.8009L14.9027 17.1009C14.5627 16.7109 13.9427 16.7109 13.6027 17.1009Z","geometry":{"width":28.51953125,"height":28.0546875}}