{"path":"M12.8837 -0.0006C10.3637 -0.0306 7.6037 1.1794 5.8837 3.6394C5.7037 3.8794 5.5337 4.1394 5.3737 4.4894C8.7137 5.0494 11.4337 7.9994 11.4337 11.3194C11.4337 12.2594 11.2537 13.1394 10.9137 13.9094C12.4837 13.6294 13.5937 13.2394 14.6037 12.6194C17.0637 11.1694 18.7337 8.8994 18.7337 5.9094C18.7337 2.2994 16.2237 0.0294 12.8837 -0.0006ZM26.5337 -0.0006C23.1837 0.0294 20.6737 2.2994 20.6737 5.9094C20.6737 8.8994 22.3537 11.1694 24.8037 12.6194C25.8137 13.2394 26.9237 13.6294 28.4937 13.9094C28.1637 13.1394 27.9737 12.2594 27.9737 11.3194C27.9737 7.9994 30.7037 5.0494 34.0437 4.4894C33.8837 4.1394 33.7137 3.8794 33.5337 3.6394C31.8137 1.1794 29.0537 -0.0306 26.5337 -0.0006ZM14.0037 6.0994C13.6437 6.3994 13.1137 6.3594 12.8237 5.9894C12.5337 5.6194 12.5737 5.1294 12.9337 4.8394L14.7137 3.3594C15.0637 3.0794 15.5737 3.0894 15.8737 3.4894C16.1437 3.8294 16.1337 4.3194 15.7637 4.6194ZM25.4137 6.0994L23.6437 4.6194C23.2837 4.3194 23.2537 3.8294 23.5437 3.4894C23.8337 3.0894 24.3537 3.0794 24.7037 3.3594L26.4837 4.8394C26.8337 5.1294 26.8637 5.6194 26.5937 5.9894C26.3037 6.3594 25.7737 6.3994 25.4137 6.0994ZM5.3637 15.6794C7.8337 15.6794 9.7437 14.0694 9.7437 11.3194C9.7437 8.6694 7.2637 6.0694 4.2537 6.0694C1.6837 6.0694 0.0037 8.0694 0.0037 10.3794C0.0037 13.4394 2.5837 15.6794 5.3637 15.6794ZM34.0437 15.6794C36.8337 15.6794 39.4137 13.4394 39.4137 10.3794C39.4137 8.0694 37.7237 6.0694 35.1637 6.0694C32.1537 6.0694 29.6537 8.6694 29.6537 11.3194C29.6537 14.0694 31.5637 15.6794 34.0437 15.6794ZM34.6037 13.4494C34.0937 13.0294 34.4137 12.2494 35.2437 11.2294C36.0837 10.1994 36.8137 9.7594 37.3337 10.1994C37.8137 10.5994 37.5037 11.3894 36.6837 12.4194C35.8437 13.4294 35.0937 13.8594 34.6037 13.4494ZM4.8137 13.4494C4.3237 13.8594 3.5537 13.4294 2.7337 12.4194C1.9037 11.3894 1.5837 10.5994 2.0737 10.1994C2.5937 9.7594 3.3237 10.1994 4.1537 11.2294C4.9937 12.2494 5.3037 13.0294 4.8137 13.4494ZM10.7637 25.6794H11.8837C12.9837 25.6794 13.7137 25.0294 13.7137 23.9494V14.8794C12.1037 15.6794 10.6137 16.0694 8.9037 16.1994V23.9494C8.9037 25.0294 9.6437 25.6794 10.7637 25.6794ZM28.6537 25.6794C29.7737 25.6794 30.5137 25.0294 30.5137 23.9494V16.1994C28.8037 16.0694 27.3137 15.6794 25.6937 14.8794V23.9494C25.6937 25.0294 26.4137 25.6794 27.5337 25.6794Z","geometry":{"width":39.416015625,"height":25.676236941665042}}