{"path":"M9.6437 -0.0025C5.1537 -0.0425 0.0037 4.4175 0.0037 8.6575C0.0037 12.1375 3.5237 15.0775 6.5037 15.0675C10.5937 15.0575 15.9437 10.4175 15.9437 6.5775C15.9437 2.8575 13.0737 0.0175 9.6437 -0.0025ZM25.1337 -0.0025C21.6837 0.0175 18.8237 2.8575 18.8237 6.5775C18.8237 10.4175 24.1737 15.0575 28.2637 15.0675C31.2437 15.0775 34.7637 12.1375 34.7637 8.6575C34.7637 4.4175 29.6137 -0.0425 25.1337 -0.0025ZM9.0537 6.7175C8.5837 6.0675 8.7537 5.2075 9.3837 4.7475L11.3037 3.3675C11.9237 2.8975 12.7937 3.0675 13.2337 3.7075C13.7237 4.3475 13.6037 5.1975 12.9437 5.6575L11.0337 7.0275C10.3737 7.5075 9.4837 7.3575 9.0537 6.7175ZM25.7137 6.7175C25.2837 7.3575 24.3937 7.5075 23.7337 7.0275L21.8237 5.6575C21.1637 5.1975 21.0437 4.3475 21.5237 3.7075C21.9737 3.0675 22.8337 2.8975 23.4637 3.3675L25.3937 4.7475C26.0137 5.2075 26.1637 6.0675 25.7137 6.7175ZM5.2737 12.8275C4.4837 12.8275 3.2437 11.8275 2.4737 10.5675C1.7137 9.2975 1.7337 8.3175 2.5437 8.3175C3.3237 8.3175 4.5637 9.2975 5.3337 10.5675C6.0937 11.8275 6.0737 12.8275 5.2737 12.8275ZM29.4937 12.8275C28.6937 12.8275 28.6537 11.8275 29.4237 10.5675C30.2037 9.2975 31.4437 8.3175 32.2237 8.3175C33.0137 8.3175 33.0537 9.2975 32.2937 10.5675C31.5237 11.8275 30.2837 12.8275 29.4937 12.8275ZM10.3537 25.0875H11.9737C13.0837 25.0875 13.8037 24.4475 13.8037 23.3675V13.5675C12.2537 14.9475 10.3637 16.0075 8.4937 16.4575V23.3675C8.4937 24.4475 9.2237 25.0875 10.3537 25.0875ZM24.4137 25.0875C25.5437 25.0875 26.2737 24.4475 26.2737 23.3675V16.4575C24.4037 16.0075 22.5137 14.9475 20.9437 13.5675V23.3675C20.9437 24.4475 21.6737 25.0875 22.7937 25.0875Z","geometry":{"width":34.767578125,"height":25.088171575631804}}