{"path":"M8.6537 25.0309H23.6437C29.5337 25.0309 32.3037 22.2709 32.3037 16.3909V8.6409C32.3037 2.7609 29.5337 0.0009 23.6437 0.0009H8.6537C2.7737 0.0009 0.0037 2.7609 0.0037 8.6409V16.3909C0.0037 22.2709 2.7737 25.0309 8.6537 25.0309ZM21.7937 7.4009H10.5137C9.8037 7.4009 9.2137 7.7609 8.9437 8.3509H3.5237C3.6237 5.0309 5.2237 3.5309 8.6537 3.5309H23.6437C27.0837 3.5309 28.6837 5.0309 28.7637 8.3509H23.3637C23.1037 7.7609 22.5137 7.4009 21.7937 7.4009ZM8.6537 21.5009C5.1137 21.5009 3.5237 19.9209 3.5237 16.3909V9.9009H8.9437C9.2137 10.4909 9.8037 10.8509 10.5137 10.8509H21.7937C22.5137 10.8509 23.1037 10.4909 23.3637 9.9009H28.7837V16.3909C28.7837 19.9209 27.1837 21.5009 23.6437 21.5009ZM16.1437 15.7409C16.9537 15.7209 17.5937 15.0809 17.5937 14.3109C17.5937 13.5209 16.9537 12.8809 16.1437 12.8809C15.3637 12.8809 14.7137 13.5209 14.7137 14.3109C14.7137 15.0909 15.3637 15.7509 16.1437 15.7409Z","geometry":{"width":32.306640625,"height":25.033203125}}