{"path":"M6.4941 12.1945C9.3541 12.1645 11.4941 10.5545 12.6041 8.8345C12.9341 8.3245 13.0841 7.7545 13.0841 7.1545V5.0545C13.0841 4.4445 12.9341 3.8545 12.6041 3.3545C11.3941 1.5845 9.3341 0.0045 6.4941 0.0045C2.9841 0.0045 0.0541 2.7345 0.0041 6.0845C-0.0359 9.4445 2.9641 12.2345 6.4941 12.1945ZM10.0341 8.5745C9.5941 8.5745 9.2741 8.2345 9.2741 7.8045V4.4045C9.2741 3.9645 9.5941 3.6345 10.0341 3.6345C10.4641 3.6345 10.7841 3.9645 10.7841 4.4045V7.8045C10.7841 8.2345 10.4641 8.5745 10.0341 8.5745ZM6.1641 23.6145V13.8645C4.4041 13.8045 2.7741 13.2245 1.4041 12.1945V23.6145ZM4.3941 28.5345C5.4541 28.5345 6.1641 27.9145 6.1641 26.8945V25.3245H1.4041V26.8945C1.4041 27.9145 2.1041 28.5345 3.1841 28.5345Z","geometry":{"width":13.08439898278758,"height":28.533203125}}