{"path":"M0.0037 8.2472H6.3437C6.6037 7.6972 7.2037 7.3172 7.9037 7.3172H15.9937C16.7237 7.3172 17.3037 7.6972 17.5537 8.2472H23.8937V7.3272C23.8937 2.4172 21.4737 -0.0028 16.5737 -0.0028H7.3237C2.4237 -0.0028 0.0037 2.4172 0.0037 7.3272ZM7.3237 28.5072H16.5737C21.4737 28.5072 23.8937 26.0872 23.8937 21.1772V9.7872H17.5537C17.3037 10.3272 16.7237 10.6872 15.9937 10.6872H7.9037C7.2037 10.6872 6.6037 10.3272 6.3437 9.7872H0.0037V21.1772C0.0037 26.0872 2.4237 28.5072 7.3237 28.5072ZM11.9537 16.2272C11.1837 16.2372 10.5537 15.5972 10.5537 14.8472C10.5537 14.0772 11.1837 13.4572 11.9537 13.4572C12.7137 13.4572 13.3437 14.0772 13.3437 14.8472C13.3437 15.5772 12.7137 16.2172 11.9537 16.2272Z","geometry":{"width":23.8984375,"height":28.505859375}}