{"path":"M32.3037 14.2472C32.2937 12.6172 30.0737 11.1672 27.2337 11.1672H21.4337C20.6737 11.1672 20.3937 11.0072 19.9237 10.5172L10.5037 0.4872C10.1837 0.1672 9.8337 -0.0028 9.4337 -0.0028H7.4137C7.0537 -0.0028 6.8337 0.3272 7.0137 0.6972L11.9037 11.1472L4.8037 11.9172L2.2537 7.5472C2.0537 7.2072 1.7537 7.0572 1.3137 7.0572H0.6737C0.2737 7.0572 0.0037 7.3272 0.0037 7.7072V20.7772C0.0037 21.1672 0.2737 21.4372 0.6737 21.4372H1.3137C1.7537 21.4372 2.0537 21.2772 2.2537 20.9472L4.8037 16.5672L11.9037 17.3472L7.0137 27.7772C6.8337 28.1672 7.0537 28.4972 7.4137 28.4972H9.4337C9.8337 28.4972 10.1837 28.3272 10.5037 27.9972L19.9237 17.9772C20.3937 17.4772 20.6737 17.3272 21.4337 17.3272H27.2337C30.0737 17.3272 32.2937 15.8772 32.3037 14.2472Z","geometry":{"width":32.306640625,"height":28.4921875}}