{"path":"M7.2037 14.3972C11.1137 14.3972 14.3937 11.1172 14.3937 7.1872C14.3937 3.2572 11.1437 -0.0028 7.2037 -0.0028C3.2537 -0.0028 0.0037 3.2572 0.0037 7.1872C0.0037 11.1472 3.2537 14.3972 7.2037 14.3972ZM7.2037 8.3972C6.5537 8.3972 6.0837 7.9572 6.0537 7.3272L5.9337 3.5372C5.9037 2.8172 6.4437 2.3072 7.2037 2.3072C7.9537 2.3072 8.4937 2.8172 8.4737 3.5372L8.3437 7.3272C8.3237 7.9572 7.8437 8.3972 7.2037 8.3972ZM35.1237 2.4372H15.0937C15.7237 3.4572 16.1437 4.6472 16.2737 5.8772H34.0337C34.6537 5.8772 35.0437 6.2572 35.0437 6.8872V20.6872C35.0437 21.3272 34.6537 21.6972 34.0337 21.6972H27.8937L30.9437 25.1472H35.1237C37.3337 25.1472 38.6337 23.8472 38.6337 21.6672V5.9072C38.6337 3.7472 37.3337 2.4372 35.1237 2.4372ZM7.1937 12.0472C6.3737 12.0472 5.7437 11.4572 5.7437 10.6472C5.7437 9.8572 6.3737 9.2672 7.1937 9.2672C8.0237 9.2672 8.6537 9.8672 8.6537 10.6472C8.6537 11.4572 8.0437 12.0472 7.1937 12.0472ZM8.7637 25.1472H12.9437L15.9837 21.6972H9.8537C9.2137 21.6972 8.8437 21.3272 8.8437 20.6872V16.2972C7.7137 16.5272 6.4237 16.4872 5.2537 16.1972V21.6672C5.2537 23.8472 6.5337 25.1472 8.7637 25.1472ZM30.6137 29.5472C31.3237 29.5472 31.5937 28.8072 31.1437 28.2872L22.6037 18.5972C22.2537 18.1972 21.6337 18.1972 21.2837 18.5972L12.7237 28.2872C12.2737 28.8072 12.5537 29.5472 13.2737 29.5472Z","geometry":{"width":38.63671875,"height":29.544921875}}