{"path":"M13.2227 26.4555C20.4827 26.4555 26.4527 20.4755 26.4527 13.2255C26.4527 5.9755 20.4927 -0.0045 13.2327 -0.0045C5.9727 -0.0045 0.0027 5.9755 0.0027 13.2255C0.0027 20.4755 5.9727 26.4555 13.2227 26.4555ZM33.8927 22.5555C34.4427 23.2255 35.3927 23.2955 36.1627 22.5055C38.4027 20.1555 39.5527 16.8055 39.5527 13.2355C39.5527 9.6655 38.3127 6.2655 36.1627 3.9755C35.4127 3.1755 34.4527 3.2555 33.8927 3.9055C33.3727 4.5255 33.5327 5.2955 34.1127 5.9355C35.8227 7.8055 36.7327 10.4055 36.7327 13.2355C36.7327 16.0755 35.7927 18.6755 34.1127 20.5455C33.5527 21.1755 33.3827 21.9455 33.8927 22.5555ZM13.2327 22.9855C7.8227 22.9855 3.4727 18.6355 3.4727 13.2255C3.4727 7.8155 7.8327 3.4755 13.2327 3.4755C18.6327 3.4755 22.9827 7.8155 22.9827 13.2255C22.9827 18.6355 18.6327 22.9855 13.2327 22.9855ZM14.6927 8.8155C15.0227 8.4055 15.2627 7.9055 15.2627 7.3555C15.2627 7.2855 15.2627 7.2055 15.2327 7.1455C14.6927 7.1655 14.0727 7.5055 13.7027 7.9455C13.4127 8.2855 13.1227 8.8155 13.1227 9.3655C13.1227 9.4455 13.1427 9.5255 13.1427 9.5555C13.1827 9.5555 13.2227 9.5655 13.2927 9.5655C13.7527 9.5655 14.3527 9.2555 14.6927 8.8155ZM29.6227 18.6055C30.1627 19.2755 31.2027 19.3055 31.8827 18.5255C33.0327 17.2155 33.6627 15.2855 33.6627 13.2355C33.6627 11.1655 33.0327 9.2455 31.8827 7.9255C31.2027 7.1455 30.1627 7.1955 29.6227 7.8655C29.1527 8.4655 29.3227 9.1855 29.7927 9.8455C30.4227 10.6955 30.8427 12.0055 30.8427 13.2355C30.8427 14.4555 30.4227 15.7755 29.7927 16.6155C29.3127 17.2655 29.1527 18.0055 29.6227 18.6055ZM13.3527 17.1955C14.1827 17.1955 14.3527 17.6055 15.0627 17.6055C15.7627 17.6055 16.2427 16.9555 16.7027 16.3255C17.2127 15.5955 17.4227 14.8755 17.4227 14.8355C17.3627 14.8155 16.0127 14.2755 16.0127 12.7155C16.0127 11.3755 17.0727 10.7855 17.1427 10.7155C16.4327 9.7055 15.3627 9.6955 15.0627 9.6955C14.2727 9.6955 13.6427 10.1555 13.2227 10.1555C12.7827 10.1555 12.2227 9.7055 11.5227 9.7055C10.2127 9.7055 8.9027 10.8055 8.9027 12.8255C8.9027 14.1055 9.3927 15.4355 9.9927 16.2855C10.5127 17.0355 10.9627 17.6255 11.6327 17.6255C12.2627 17.6255 12.5627 17.1955 13.3527 17.1955Z","geometry":{"width":39.552734375,"height":26.455078125}}