{"path":"M1.6027 6.1919C1.8027 6.1919 1.9527 6.1219 2.1727 5.9719L7.4127 2.2919C7.6327 2.1319 7.7627 1.9019 7.7627 1.6419C7.7627 1.3219 7.6127 1.0419 7.3427 0.8219C6.6627 0.2919 5.7027 0.0019 4.7127 0.0019C2.3927 0.0019 0.4927 1.7919 0.4927 4.0619C0.4927 4.6919 0.6027 5.2219 0.7627 5.6019C0.9127 5.9519 1.2327 6.1919 1.6027 6.1919ZM25.0627 6.1919C25.4327 6.1919 25.7327 5.9519 25.8927 5.6019C26.0627 5.2219 26.1527 4.6919 26.1527 4.0619C26.1527 1.7919 24.2527 0.0019 21.9327 0.0019C20.9427 0.0019 19.9927 0.2919 19.3027 0.8219C19.0327 1.0419 18.8827 1.3219 18.8827 1.6419C18.8827 1.9019 19.0127 2.1319 19.2527 2.2919L24.4827 5.9719C24.6927 6.1219 24.8427 6.1919 25.0627 6.1919ZM1.5727 29.3419C2.1327 29.9119 3.0227 29.8819 3.5927 29.3119L5.8927 27.0319C8.0127 28.4519 10.5727 29.3019 13.3327 29.3019C16.0827 29.3019 18.6327 28.4519 20.7627 27.0319L23.0627 29.3119C23.6427 29.8719 24.5127 29.9119 25.0727 29.3419C25.6227 28.8219 25.6227 27.9619 25.0727 27.4119L22.9027 25.2419C25.2227 22.8419 26.6427 19.5619 26.6427 15.9719C26.6427 8.6119 20.6827 2.6419 13.3327 2.6419C5.9627 2.6419 0.0027 8.6119 0.0027 15.9719C0.0027 19.5619 1.4227 22.8319 3.7427 25.2419L1.5727 27.4119C1.0227 27.9619 1.0227 28.8219 1.5727 29.3419ZM13.3327 25.9119C7.8327 25.9119 3.3927 21.4619 3.3927 15.9719C3.3927 10.4819 7.8327 6.0419 13.3327 6.0419C18.8127 6.0419 23.2527 10.4819 23.2527 15.9719C23.2527 21.4619 18.8127 25.9119 13.3327 25.9119ZM7.8327 17.9519H13.3127C14.0127 17.9519 14.5727 17.4019 14.5727 16.7119V9.2819C14.5727 8.5819 14.0127 8.0419 13.3127 8.0419C12.6227 8.0419 12.0727 8.5819 12.0727 9.2819V15.4619H7.8327C7.1227 15.4619 6.5727 16.0119 6.5727 16.7119C6.5727 17.4019 7.1227 17.9519 7.8327 17.9519Z","geometry":{"width":26.646484375,"height":29.757079985935558}}