{"path":"M32.6037 34.0863C33.5137 34.0863 34.2637 33.3563 34.2637 32.4663V1.6262C34.2637 0.7263 33.5137 -0.0038 32.6037 -0.0038C31.7237 -0.0038 30.9637 0.7263 30.9637 1.6262V32.4663C30.9637 33.3563 31.7237 34.0863 32.6037 34.0863ZM24.9937 15.8463C27.2737 15.8463 28.6437 14.4763 28.6437 12.2363V7.1262C28.6437 4.8962 27.2737 3.5263 24.9937 3.5263H12.8937C10.6237 3.5263 9.2437 4.8962 9.2437 7.1262V12.2363C9.2437 14.4763 10.6237 15.8463 12.8937 15.8463ZM24.9937 30.5263C27.2737 30.5263 28.6437 29.1763 28.6437 26.9363V21.8163C28.6437 19.5763 27.2737 18.2263 24.9937 18.2263H3.6537C1.3837 18.2263 0.0037 19.5763 0.0037 21.8163V26.9363C0.0037 29.1763 1.3837 30.5263 3.6537 30.5263Z","geometry":{"width":34.26171875,"height":34.083984375}}