{"path":"M1.6237 3.2916H32.4737C33.3637 3.2916 34.0837 2.5416 34.0837 1.6516C34.0837 0.7516 33.3637 0.0016 32.4737 0.0016H1.6237C0.7237 0.0016 0.0037 0.7516 0.0037 1.6516C0.0037 2.5416 0.7237 3.2916 1.6237 3.2916ZM7.1637 33.9716H12.2737C14.5237 33.9716 15.8737 32.5916 15.8737 30.3216V9.3016C15.8737 7.0116 14.5237 5.6416 12.2737 5.6416H7.1637C4.9237 5.6416 3.5637 7.0116 3.5637 9.3016V30.3216C3.5637 32.5916 4.9237 33.9716 7.1637 33.9716ZM21.8637 24.7216H26.9737C29.2037 24.7216 30.5737 23.3516 30.5737 21.0716V9.3016C30.5737 7.0116 29.2037 5.6416 26.9737 5.6416H21.8637C19.6237 5.6416 18.2537 7.0116 18.2537 9.3016V21.0716C18.2537 23.3516 19.6237 24.7216 21.8637 24.7216ZM7.7937 30.6416C7.2337 30.6416 6.9037 30.3116 6.9037 29.7516V9.8616C6.9037 9.3116 7.2337 8.9816 7.7937 8.9816H11.6437C12.2137 8.9816 12.5337 9.3116 12.5337 9.8616V29.7516C12.5337 30.3116 12.2137 30.6416 11.6437 30.6416ZM22.4937 21.3916C21.9137 21.3916 21.5837 21.0716 21.5837 20.5116V9.8616C21.5837 9.3116 21.9137 8.9816 22.4937 8.9816H26.3337C26.9037 8.9816 27.2337 9.3116 27.2337 9.8616V20.5116C27.2337 21.0716 26.9037 21.3916 26.3337 21.3916Z","geometry":{"width":34.083984375,"height":33.974609375}}