{"path":"M7.1637 28.3316H12.2737C14.5237 28.3316 15.8737 26.9516 15.8737 24.6816V3.6516C15.8737 1.3716 14.5237 0.0016 12.2737 0.0016H7.1637C4.9237 0.0016 3.5637 1.3716 3.5637 3.6516V24.6816C3.5637 26.9516 4.9237 28.3316 7.1637 28.3316ZM7.7937 24.9916C7.2337 24.9916 6.9037 24.6616 6.9037 24.1216V4.2116C6.9037 3.6616 7.2337 3.3316 7.7937 3.3316H11.6437C12.2137 3.3316 12.5337 3.6616 12.5337 4.2116V24.1216C12.5337 24.6616 12.2137 24.9916 11.6437 24.9916ZM21.8637 28.3316H26.9737C29.2037 28.3316 30.5737 26.9516 30.5737 24.6816V12.8916C30.5737 10.6216 29.2037 9.2416 26.9737 9.2416H21.8637C19.6237 9.2416 18.2537 10.6216 18.2537 12.8916V24.6816C18.2537 26.9516 19.6237 28.3316 21.8637 28.3316ZM22.4937 24.9916C21.9137 24.9916 21.5837 24.6616 21.5837 24.1216V13.4716C21.5837 12.9016 21.9137 12.5816 22.4937 12.5816H26.3337C26.9037 12.5816 27.2337 12.9016 27.2337 13.4716V24.1216C27.2337 24.6616 26.9037 24.9916 26.3337 24.9916ZM1.6237 33.9716H32.4737C33.3637 33.9716 34.0837 33.2116 34.0837 32.3216C34.0837 31.4216 33.3637 30.6616 32.4737 30.6616H1.6237C0.7237 30.6616 0.0037 31.4216 0.0037 32.3216C0.0037 33.2116 0.7237 33.9716 1.6237 33.9716Z","geometry":{"width":34.083984375,"height":33.974609375}}