{"path":"M1.6237 15.8019H3.5637V24.6819C3.5637 26.9619 4.9237 28.3419 7.1637 28.3419H12.2737C14.5237 28.3419 15.8737 26.9619 15.8737 24.6819V15.8019H18.2537V20.0519C18.2537 22.3219 19.6237 23.7119 21.8637 23.7119H26.9737C29.2037 23.7119 30.5737 22.3219 30.5737 20.0519V15.8019H32.4737C33.3637 15.8019 34.0837 15.0519 34.0837 14.1619C34.0837 13.2619 33.3637 12.5119 32.4737 12.5119H30.5737V8.2719C30.5737 6.0019 29.2037 4.6219 26.9737 4.6219H21.8637C19.6237 4.6219 18.2537 6.0019 18.2537 8.2719V12.5119H15.8737V3.6519C15.8737 1.3719 14.5237 0.0019 12.2737 0.0019H7.1637C4.9237 0.0019 3.5637 1.3719 3.5637 3.6519V12.5119H1.6237C0.7237 12.5119 0.0037 13.2619 0.0037 14.1619C0.0037 15.0519 0.7237 15.8019 1.6237 15.8019ZM7.7937 24.9919C7.2337 24.9919 6.9037 24.6619 6.9037 24.1019V4.2119C6.9037 3.6619 7.2337 3.3319 7.7937 3.3319H11.6437C12.2137 3.3319 12.5337 3.6619 12.5337 4.2119V24.1019C12.5337 24.6619 12.2137 24.9919 11.6437 24.9919ZM22.4937 20.3719C21.9137 20.3719 21.5837 20.0419 21.5837 19.4819V8.8319C21.5837 8.2819 21.9137 7.9619 22.4937 7.9619H26.3337C26.9037 7.9619 27.2337 8.2819 27.2337 8.8319V19.4819C27.2337 20.0419 26.9037 20.3719 26.3337 20.3719Z","geometry":{"width":34.083984375,"height":28.341796875}}