{"path":"M1.6537 34.0863C2.5437 34.0863 3.3037 33.3563 3.3037 32.4663V1.6262C3.3037 0.7263 2.5437 -0.0038 1.6537 -0.0038C0.7537 -0.0038 0.0037 0.7263 0.0037 1.6262V32.4663C0.0037 33.3563 0.7537 34.0863 1.6537 34.0863ZM9.2737 15.8463H21.3737C23.6537 15.8463 25.0237 14.4763 25.0237 12.2363V7.1262C25.0237 4.8962 23.6537 3.5263 21.3737 3.5263H9.2737C7.0037 3.5263 5.6237 4.8962 5.6237 7.1262V12.2363C5.6237 14.4763 7.0037 15.8463 9.2737 15.8463ZM9.2737 30.5263H30.6237C32.8937 30.5263 34.2637 29.1763 34.2637 26.9363V21.8163C34.2637 19.5763 32.8937 18.2263 30.6237 18.2263H9.2737C7.0037 18.2263 5.6237 19.5763 5.6237 21.8163V26.9363C5.6237 29.1763 7.0037 30.5263 9.2737 30.5263Z","geometry":{"width":34.26171875,"height":34.083984375}}