{"path":"M27.0883 5.0898C25.8283 6.9698 24.3783 7.8898 22.7183 7.8898C17.0983 7.8898 14.8983 -0.0002 7.7883 -0.0002C4.8683 -0.0002 2.2783 1.5698 0.3583 4.4398C-1.0317 6.5498 1.9783 8.5698 3.3983 6.5198C4.6783 4.6198 6.1483 3.6898 7.7883 3.6898C12.5683 3.6898 14.6583 11.5698 22.7183 11.5698C25.6283 11.5698 28.2083 10.0198 30.1283 7.1598C31.5283 5.0598 28.4683 3.0198 27.0883 5.0898Z","geometry":{"width":30.485496325659714,"height":11.56640625}}