{"path":"M0.0037 23.6959C0.0037 24.6459 0.8037 25.4559 1.7637 25.4559H31.7637C32.7337 25.4559 33.5237 24.6459 33.5237 23.6959C33.5237 22.7359 32.7337 21.9259 31.7637 21.9259H21.0037C20.7037 17.9659 19.1537 14.2559 16.6637 11.2759L24.9337 3.0059C25.6337 2.3259 25.6237 1.2059 24.9337 0.5159C24.2537 -0.1641 23.1337 -0.1841 22.4537 0.5159L0.5337 22.4459C0.2237 22.7759 0.0037 23.2359 0.0037 23.6959ZM6.0137 21.9259L14.1637 13.7759C16.0237 16.0859 17.1837 18.9059 17.4637 21.9259Z","geometry":{"width":33.5234375,"height":25.455334955481078}}