{"path":"M12.1524 34.2041C16.2224 34.2041 19.7424 29.8441 19.7424 25.1541C19.7424 24.6941 19.6824 24.2941 19.5524 23.9541C19.8124 24.0241 20.0824 24.0941 20.3324 24.1741C21.1924 24.4541 21.4324 24.8641 21.3124 25.6741L20.3724 31.8941C20.2024 32.9341 20.8624 33.5541 21.7124 33.5541C22.6024 33.5541 23.0224 32.9941 23.1624 32.1041L24.2424 25.1441C24.5524 23.2041 23.7724 22.1241 21.6424 21.6541L15.4024 20.2341L15.3924 20.0941C15.8724 19.8641 16.2124 19.4541 16.4224 18.9941L20.8324 18.5141C22.9024 18.2941 23.8524 17.0241 23.8524 14.9541V10.3341C23.8524 9.4641 23.3224 8.9541 22.4524 8.9541C21.5724 8.9541 21.0624 9.4741 21.0624 10.3341V14.3641C21.0624 15.5141 20.4424 15.8841 19.4024 15.9941L16.6224 16.3141C16.4624 15.9041 16.2024 15.5441 15.8424 15.3141V15.1641C18.2824 14.7241 19.5724 13.2441 19.5724 11.0741C19.5724 9.5041 19.0524 8.0341 18.1924 6.8641L18.4524 6.6741C20.0124 5.5741 20.2924 4.0241 19.3024 2.2041L18.5524 0.8641C18.2224 0.2641 17.8424 0.0041 17.2924 0.0041C16.5924 0.0041 16.0624 0.5241 16.0624 1.1941C16.0624 1.5041 16.0924 1.6841 16.2724 1.9941L16.8924 3.0241C17.3024 3.7341 17.2524 4.4041 16.6524 4.8941C16.5824 4.9341 16.5124 4.9941 16.4424 5.0441C15.2324 4.1741 13.7424 3.6541 12.1524 3.6541C10.5624 3.6541 9.0924 4.1741 7.8724 5.0341C7.8224 4.9941 7.7524 4.9341 7.6824 4.8841C7.0824 4.4041 7.0124 3.7341 7.4324 3.0241L8.0624 1.9941C8.2424 1.6841 8.2724 1.5041 8.2724 1.1941C8.2724 0.5241 7.7324 0.0041 7.0424 0.0041C6.4924 0.0041 6.1224 0.2641 5.7924 0.8641L5.0324 2.2041C4.0424 4.0241 4.3324 5.5741 5.8824 6.6741L6.1224 6.8341C5.2524 8.0241 4.7324 9.5041 4.7324 11.0741C4.7324 13.2441 6.0324 14.7241 8.4624 15.1641V15.3141C8.1024 15.5441 7.8424 15.9041 7.6824 16.3141L4.9024 15.9941C3.8724 15.8841 3.2424 15.5141 3.2424 14.3641V10.3341C3.2424 9.4741 2.7324 8.9541 1.8624 8.9541C0.9824 8.9541 0.4524 9.4641 0.4524 10.3341V14.9541C0.4524 17.0241 1.4024 18.2941 3.4724 18.5141L7.8924 18.9941C8.0924 19.4541 8.4324 19.8641 8.9124 20.0941V20.2341L2.6624 21.6541C0.5324 22.1241 -0.2476 23.2041 0.0624 25.1441L1.1424 32.1041C1.2824 32.9941 1.7124 33.5541 2.5924 33.5541C3.4424 33.5541 4.1024 32.9341 3.9324 31.8941L2.9924 25.6741C2.8724 24.8541 3.1124 24.4441 4.0024 24.1541C4.2524 24.0941 4.4924 24.0241 4.7524 23.9541C4.6224 24.2941 4.5624 24.6941 4.5624 25.1541C4.5624 29.8441 8.0824 34.2041 12.1524 34.2041Z","geometry":{"width":24.305977881827655,"height":34.20703125}}