{"path":"M0.0027 10.2213C0.0027 13.9213 1.2127 17.4013 3.5127 19.8313C4.3227 20.6613 5.3227 20.6013 5.8927 19.9013C6.4427 19.2413 6.2527 18.4513 5.6627 17.7913C3.9127 15.8513 2.9527 13.1613 2.9527 10.2213C2.9527 7.2813 3.9127 4.5913 5.6627 2.6413C6.2527 1.9913 6.4427 1.1913 5.8927 0.5413C5.3227 -0.1587 4.3227 -0.2287 3.5127 0.6113C1.2827 2.9613 0.0027 6.5113 0.0027 10.2213ZM25.4727 19.9013C26.0627 20.6013 27.0527 20.6613 27.8627 19.8313C30.1627 17.4013 31.3727 13.9213 31.3727 10.2213C31.3727 6.5113 30.0927 2.9613 27.8627 0.6113C27.0527 -0.2287 26.0627 -0.1587 25.4727 0.5413C24.9327 1.1913 25.1127 1.9913 25.7127 2.6413C27.4627 4.5913 28.4227 7.2813 28.4227 10.2213C28.4227 13.1613 27.4627 15.8513 25.7127 17.7913C25.1127 18.4513 24.9327 19.2413 25.4727 19.9013ZM21.1527 15.7813C21.6927 16.4813 22.7727 16.5213 23.5027 15.7113C24.6927 14.3513 25.3327 12.3413 25.3327 10.2213C25.3327 8.0913 24.6927 6.0813 23.5027 4.7113C22.7727 3.9013 21.6927 3.9413 21.1527 4.6413C20.6427 5.2713 20.8227 6.0313 21.3027 6.7313C21.9427 7.5913 22.3927 8.9513 22.3927 10.2213C22.3927 11.4813 21.9527 12.8413 21.3027 13.7013C20.8127 14.3913 20.6427 15.1513 21.1527 15.7813ZM6.0327 10.2213C6.0327 12.3413 6.6827 14.3513 7.8727 15.7113C8.6027 16.5213 9.6827 16.4813 10.2227 15.7813C10.7327 15.1513 10.5527 14.3913 10.0627 13.7013C9.4027 12.8413 8.9827 11.4813 8.9827 10.2213C8.9827 8.9513 9.4227 7.5913 10.0627 6.7313C10.5527 6.0313 10.7327 5.2713 10.2227 4.6413C9.6827 3.9413 8.6027 3.9013 7.8727 4.7113C6.6827 6.0813 6.0327 8.0913 6.0327 10.2213ZM12.7327 10.2213C12.7327 11.3413 13.3427 12.3113 14.2627 12.8013V24.6813C14.2627 25.6313 14.8427 26.2813 15.6827 26.2813C16.5527 26.2813 17.1027 25.6513 17.1027 24.6813V12.8013C18.0227 12.3113 18.6527 11.3313 18.6527 10.2213C18.6527 8.5613 17.3327 7.2413 15.6827 7.2413C14.0427 7.2413 12.7327 8.5613 12.7327 10.2213Z","geometry":{"width":31.376953125,"height":26.2841796875}}