{"path":"M27.1827 26.6735C27.6427 27.1135 28.3827 27.1035 28.8027 26.6735C29.2727 26.2135 29.2627 25.5035 28.8027 25.0635L4.0927 0.3435C3.6327 -0.1065 2.9027 -0.1165 2.4427 0.3335C2.0127 0.7735 2.0227 1.5335 2.4427 1.9635ZM28.6327 22.0735C30.4327 19.7635 31.3727 16.6735 31.3727 13.4035C31.3727 9.6935 30.0927 6.1435 27.8627 3.7935C27.0527 2.9535 26.0627 3.0235 25.4727 3.7235C24.9327 4.3735 25.1127 5.1735 25.7127 5.8235C27.4627 7.7735 28.4227 10.4635 28.4227 13.4035C28.4227 15.8635 27.7827 18.1635 26.4927 19.9335ZM5.8927 23.0835C6.4427 22.4235 6.2527 21.6335 5.6627 20.9735C3.9127 19.0235 2.9527 16.3235 2.9527 13.4035C2.9527 11.0235 3.5827 8.8035 4.7427 7.0335L2.6127 4.8935C0.9427 7.1635 0.0027 10.2335 0.0027 13.4035C0.0027 17.1035 1.2127 20.5835 3.5127 23.0135C4.3227 23.8435 5.3227 23.7835 5.8927 23.0835ZM24.2627 17.7235C24.9827 16.5435 25.3327 15.0035 25.3327 13.4035C25.3327 11.2735 24.6927 9.2635 23.5027 7.8935C22.7727 7.0835 21.6927 7.1235 21.1527 7.8235C20.6427 8.4535 20.8227 9.2135 21.3027 9.9135C21.9427 10.7735 22.3927 12.1335 22.3927 13.4035C22.3927 14.0735 22.2427 14.8135 22.0027 15.4435ZM10.2227 18.9635C10.7327 18.3335 10.5527 17.5735 10.0627 16.8835C9.4027 16.0235 8.9827 14.6635 8.9827 13.4035C8.9827 12.7835 9.1027 12.1735 9.2927 11.5835L6.9727 9.2635C6.3527 10.4635 6.0327 11.8935 6.0327 13.4035C6.0327 15.5235 6.6827 17.5335 7.8727 18.8935C8.6027 19.7035 9.6827 19.6635 10.2227 18.9635ZM15.6827 29.4635C16.5527 29.4635 17.1027 28.8335 17.1027 27.8635V19.3935L14.2627 16.5435V27.8635C14.2627 28.8135 14.8427 29.4635 15.6827 29.4635Z","geometry":{"width":31.376953125,"height":29.466386262973295}}