{"path":"M24.2437 11.8973C24.7837 11.8973 25.3037 11.9673 25.8237 12.0673V7.8773C25.8237 5.0973 25.4737 3.1973 24.0537 1.7873C22.6137 0.3573 20.7037 -0.0027 17.9537 -0.0027H7.8637C5.1237 -0.0027 3.2037 0.3673 1.7737 1.7873C0.3537 3.2173 0.0037 5.0973 0.0037 7.8573V17.9373C0.0037 20.7173 0.3437 22.6173 1.7737 24.0373C3.2037 25.4573 5.1237 25.8273 7.8737 25.8273H16.2737C15.4537 24.4473 14.9837 22.8473 14.9837 21.1473C14.9837 16.0773 19.1637 11.8973 24.2437 11.8973ZM24.2537 28.3573C28.1637 28.3573 31.4437 25.0773 31.4437 21.1473C31.4437 17.2173 28.1937 13.9573 24.2537 13.9573C20.3037 13.9573 17.0537 17.2173 17.0537 21.1473C17.0537 25.0873 20.3037 28.3573 24.2537 28.3573ZM23.5137 25.0873C23.1837 25.0873 22.8137 24.9773 22.5737 24.7173L20.3137 22.2673C20.1137 22.0373 19.9637 21.7373 19.9637 21.4273C19.9637 20.6673 20.5337 20.2473 21.1537 20.2473C21.5037 20.2473 21.8037 20.3673 22.0137 20.6073L23.4237 22.2073L26.4737 18.0073C26.6837 17.6773 27.0437 17.4873 27.4537 17.4873C28.0937 17.4873 28.6337 18.0073 28.6337 18.6573C28.6337 18.8673 28.5637 19.1173 28.4137 19.3173L24.4737 24.6473C24.2837 24.9273 23.8937 25.0873 23.5137 25.0873Z","geometry":{"width":31.4453125,"height":28.35546875}}