{"path":"M24.0537 1.7873C22.6137 0.3573 20.7037 -0.0027 17.9537 -0.0027H7.8637C5.1237 -0.0027 3.2037 0.3673 1.7737 1.7873C0.3537 3.2173 0.0037 5.0973 0.0037 7.8573V17.9373C0.0037 20.7173 0.3437 22.6173 1.7737 24.0373C3.2037 25.4573 5.1237 25.8273 7.8737 25.8273H17.9537C20.7037 25.8273 22.6237 25.4573 24.0537 24.0373C25.4737 22.6173 25.8237 20.7173 25.8237 17.9373V7.8773C25.8237 5.0973 25.4737 3.1973 24.0537 1.7873Z","geometry":{"width":25.826171875,"height":25.826171875}}