{"path":"M9.5837 3.542H16.4237V0.002H9.5837ZM1.7737 1.792C0.4637 3.122 0.0137 4.822 0.0137 7.192V7.272H3.5437V7.152C3.5437 5.962 3.7637 4.992 4.3637 4.372C4.9737 3.772 5.9837 3.542 7.2237 3.542H7.3537V0.012H7.2637C4.8537 0.012 3.1037 0.462 1.7737 1.792ZM24.2237 1.792C22.9037 0.462 21.1537 0.012 18.7137 0.012H18.6437V3.542H18.8037C20.0137 3.542 21.0237 3.772 21.6437 4.372C22.2437 4.992 22.4637 5.962 22.4637 7.122V7.272H25.9937V7.202C25.9937 4.822 25.5537 3.102 24.2237 1.792ZM22.4737 16.472H26.0037V9.492H22.4737ZM0.0037 16.472H3.5237V9.492H0.0037ZM24.2237 24.162C25.5537 22.842 25.9937 21.132 25.9937 18.742V18.692H22.4637V18.822C22.4637 19.992 22.2437 20.972 21.6437 21.572C21.0237 22.192 20.0137 22.412 18.8037 22.412H18.6437V25.932H18.7137C21.1537 25.932 22.9037 25.482 24.2237 24.162ZM1.7737 24.162C3.1037 25.482 4.8537 25.932 7.2837 25.932H7.3537V22.412H7.2037C5.9837 22.412 4.9737 22.192 4.3637 21.572C3.7637 20.972 3.5437 19.992 3.5437 18.822V18.692H0.0137V18.742C0.0137 21.132 0.4537 22.842 1.7737 24.162ZM9.5837 25.952H16.4237V22.422H9.5837Z","geometry":{"width":26.00390625,"height":25.94921875}}