{"path":"M24.2237 1.792C22.8037 0.372 20.8737 0.002 18.1337 0.002H7.8637C5.1237 0.002 3.2037 0.372 1.7737 1.792C0.3537 3.222 0.0037 5.112 0.0037 7.862V18.072C0.0037 20.852 0.3437 22.752 1.7737 24.162C3.2037 25.582 5.1237 25.952 7.8737 25.952H18.1337C20.8737 25.952 22.8037 25.582 24.2237 24.162C25.6637 22.732 26.0037 20.852 26.0037 18.072V7.892C26.0037 5.112 25.6637 3.212 24.2237 1.792ZM4.3637 4.372C5.0037 3.732 6.0737 3.542 7.5237 3.542H11.8637V7.712C11.0437 6.262 9.7237 5.372 8.1737 5.372C6.2237 5.372 4.7837 6.832 4.7837 8.722C4.7837 10.242 5.6737 11.522 7.0137 12.292H3.5237V7.522C3.5237 6.052 3.7237 5.032 4.3637 4.372ZM22.4737 7.502V12.292H18.8137C20.1537 11.522 21.0437 10.242 21.0437 8.722C21.0437 6.832 19.5937 5.372 17.6337 5.372C16.0937 5.372 14.7837 6.262 13.9637 7.712V3.542H18.5137C19.9437 3.542 21.0037 3.742 21.6437 4.372C22.2837 5.032 22.4737 6.052 22.4737 7.502ZM11.3237 12.182C9.0537 12.182 7.1337 10.552 7.1337 9.092C7.1337 8.242 7.6537 7.742 8.4737 7.742C10.1537 7.742 11.6337 9.692 11.6337 11.852V12.182ZM14.4937 12.182H14.1937V11.852C14.1937 9.692 15.6637 7.742 17.3537 7.742C18.1737 7.742 18.6937 8.242 18.6937 9.092C18.6937 10.552 16.7737 12.182 14.4937 12.182ZM18.5137 22.422H13.9637V15.642H14.0537C14.9437 18.182 17.5437 20.182 19.5137 20.512C20.5337 20.682 21.1137 19.922 21.1137 19.172C21.1137 18.402 20.6337 17.912 19.7837 17.722C18.1737 17.432 16.1037 15.622 15.3837 14.242H22.4737V18.452C22.4737 19.892 22.2837 20.932 21.6437 21.572C21.0037 22.212 19.9437 22.422 18.5137 22.422ZM7.4937 22.422C6.0537 22.422 5.0037 22.212 4.3637 21.572C3.7237 20.932 3.5237 19.892 3.5237 18.452V14.242H10.4437C9.7237 15.622 7.6537 17.432 6.0437 17.722C5.1837 17.912 4.7137 18.402 4.7137 19.172C4.7137 19.922 5.2937 20.682 6.3137 20.512C8.2837 20.182 10.8737 18.182 11.7737 15.642H11.8637V22.422Z","geometry":{"width":26.00390625,"height":25.94921875}}