{"path":"M4.0637 31.6905H12.4737C15.0537 31.6905 16.5437 30.2705 16.5437 27.8105V3.8805C16.5437 1.4205 15.0537 0.0005 12.4737 0.0005H4.0637C1.4937 0.0005 0.0037 1.4205 0.0037 3.8805V27.8105C0.0037 30.2705 1.4937 31.6905 4.0637 31.6905ZM4.6737 28.4005C3.8737 28.4005 3.3537 27.9205 3.3537 27.1705V4.5205C3.3537 3.7705 3.8737 3.2905 4.6737 3.2905H11.8637C12.6737 3.2905 13.1937 3.7705 13.1937 4.5205V27.1705C13.1937 27.9205 12.6737 28.4005 11.8637 28.4005ZM6.1637 13.1005C7.0437 13.1005 7.7537 12.3705 7.7537 11.5105C7.7537 10.6205 7.0437 9.9005 6.1637 9.9005C5.2637 9.9005 4.5537 10.6105 4.5537 11.5105C4.5537 12.3905 5.2737 13.1005 6.1637 13.1005ZM10.4137 13.1005C11.2937 13.1005 12.0037 12.3705 12.0037 11.5105C12.0037 10.6205 11.2937 9.9005 10.4137 9.9005C9.5137 9.9005 8.8037 10.6105 8.8037 11.5105C8.8037 12.3905 9.5337 13.1005 10.4137 13.1005ZM6.1637 17.4605C7.0437 17.4605 7.7537 16.7305 7.7537 15.8605C7.7537 14.9705 7.0437 14.2605 6.1637 14.2605C5.2637 14.2605 4.5537 14.9605 4.5537 15.8605C4.5537 16.7505 5.2737 17.4605 6.1637 17.4605ZM10.4037 21.8205C11.2537 21.8205 11.9237 21.1505 11.9237 20.3205V15.7505C11.9237 14.9305 11.2337 14.2605 10.4037 14.2605C9.5937 14.2605 8.9237 14.9305 8.9237 15.7505V20.3205C8.9237 21.1505 9.5937 21.8205 10.4037 21.8205ZM6.1637 21.8205C7.0437 21.8205 7.7537 21.1005 7.7537 20.2205C7.7537 19.3305 7.0437 18.6205 6.1637 18.6205C5.2637 18.6205 4.5537 19.3305 4.5537 20.2205C4.5537 21.1005 5.2737 21.8205 6.1637 21.8205Z","geometry":{"width":16.54296875,"height":31.69140625}}