{"path":"M0.0037 27.9705C0.0037 30.2805 1.4737 31.6905 3.8937 31.6905H11.4437C13.8637 31.6905 15.3537 30.2805 15.3537 27.9705V3.7205C15.3537 1.4105 13.8637 0.0005 11.4437 0.0005H3.8937C1.4737 0.0005 0.0037 1.4105 0.0037 3.7205ZM7.6837 13.2205C5.0537 13.2205 2.8837 11.0605 2.8837 8.4205C2.8837 5.7805 5.0537 3.6205 7.6837 3.6205C10.3037 3.6205 12.4837 5.7805 12.4837 8.4205C12.4837 11.0605 10.3037 13.2205 7.6837 13.2205ZM7.6837 10.3505C8.7637 10.3505 9.6237 9.4905 9.6237 8.4205C9.6237 7.3405 8.7637 6.4805 7.6837 6.4805C6.6037 6.4805 5.7437 7.3405 5.7437 8.4205C5.7437 9.4905 6.6037 10.3505 7.6837 10.3505ZM5.0537 19.0005C4.0337 19.0005 3.2037 18.1705 3.2037 17.1305C3.2037 16.0905 4.0337 15.2705 5.0537 15.2705C6.0937 15.2705 6.9337 16.0905 6.9337 17.1305C6.9337 18.1705 6.0937 19.0005 5.0537 19.0005ZM10.3037 19.0005C9.2537 19.0005 8.4337 18.1705 8.4337 17.1305C8.4337 16.0905 9.2537 15.2705 10.3037 15.2705C11.3337 15.2705 12.1637 16.0905 12.1637 17.1305C12.1637 18.1705 11.3337 19.0005 10.3037 19.0005Z","geometry":{"width":15.353515625,"height":31.69140625}}