{"path":"M0.0037 27.9705C0.0037 30.2805 1.4737 31.6905 3.8937 31.6905H11.6437C14.0637 31.6905 15.5437 30.2805 15.5437 27.9705V3.7205C15.5437 1.4105 14.0637 0.0005 11.6437 0.0005H3.8937C1.4737 0.0005 0.0037 1.4105 0.0037 3.7205ZM7.7837 14.0505C5.0837 14.0505 2.8837 11.8505 2.8837 9.1505C2.8837 6.4705 5.0837 4.2705 7.7837 4.2705C10.4737 4.2705 12.6737 6.4705 12.6737 9.1505C12.6737 11.8505 10.4737 14.0505 7.7837 14.0505ZM7.7837 11.1405C8.8837 11.1405 9.7637 10.2505 9.7637 9.1505C9.7637 8.0505 8.8837 7.1805 7.7837 7.1805C6.6837 7.1805 5.7937 8.0505 5.7937 9.1505C5.7937 10.2505 6.6837 11.1405 7.7837 11.1405ZM7.7837 19.9905C6.7237 19.9905 5.8837 19.1405 5.8837 18.0905C5.8837 17.0305 6.7237 16.1905 7.7837 16.1905C8.8337 16.1905 9.6837 17.0305 9.6837 18.0905C9.6837 19.1405 8.8337 19.9905 7.7837 19.9905Z","geometry":{"width":15.544921875,"height":31.69140625}}