{"path":"M7.8737 28.0411H20.2237C22.9837 28.0411 24.9137 27.6711 26.3337 26.2511C27.7537 24.8311 28.0937 22.9311 28.0937 20.1611V7.8711C28.0937 5.1011 27.7537 3.2011 26.3337 1.7911C24.8937 0.3711 22.9837 0.0011 20.2237 0.0011H7.8637C5.1237 0.0011 3.2037 0.3711 1.7737 1.7911C0.3537 3.2111 0.0037 5.1111 0.0037 7.8611V20.1611C0.0037 22.9311 0.3437 24.8311 1.7737 26.2511C3.2037 27.6711 5.1237 28.0411 7.8737 28.0411ZM8.0537 11.0611C8.0137 10.0311 8.8137 9.0811 9.8837 9.0211C9.9837 9.9911 9.1237 11.1711 8.0537 11.0611ZM15.3837 9.6811V11.2611H16.6937V12.3311H15.3837V16.0611C15.3837 16.6611 15.6537 16.9011 16.2237 16.9011C16.3537 16.9011 16.5937 16.9011 16.6537 16.8711V17.9911C16.5437 18.0011 16.2237 18.0511 15.9137 18.0511C14.5437 18.0511 14.0037 17.5511 14.0037 16.2311V12.3311H13.0537V11.2611H14.0037V9.6811ZM11.7437 15.6911C11.5437 16.3611 11.1037 17.2111 10.5037 17.7611C10.3037 17.9111 10.0637 18.0511 9.7237 18.0511C9.4237 18.0511 9.2237 17.9211 8.9537 17.8411C8.7737 17.8011 8.5437 17.6811 8.2537 17.6811C7.6037 17.6811 7.3137 18.0711 6.7537 18.0711C6.3937 18.0711 6.0837 17.8411 5.6837 17.3911C4.9037 16.5411 4.4037 15.1711 4.4037 14.0111C4.4037 13.3211 4.5937 12.6211 5.0137 12.0711C5.4137 11.5711 6.0037 11.2911 6.7037 11.2911C7.3737 11.2911 7.7537 11.7011 8.0937 11.7011C8.5037 11.7011 8.9837 11.2611 9.8037 11.2611C10.5137 11.2611 11.1337 11.5711 11.5137 12.1411C11.0037 12.4511 10.8037 12.8211 10.6937 13.1211C10.5237 13.5811 10.4837 14.0911 10.6937 14.6411C10.8837 15.1211 11.2237 15.4611 11.7437 15.6911ZM21.2437 17.9911H19.7837L17.3237 11.2611H18.7837L20.5037 16.6611L22.1637 11.2611H23.6537Z","geometry":{"width":28.095703125,"height":28.041015625}}