{"path":"M2.062 19.73L4.642 22.31L5.652 21.78L23.812 3.66C24.642 2.81 24.642 1.46 23.792 0.64C22.962 -0.21 21.592 -0.21 20.772 0.61L2.602 18.73ZM0.072 23.39C-0.228 23.95 0.442 24.54 0.932 24.28L3.262 23.05L1.322 21.11Z","geometry":{"width":24.433060439481327,"height":24.34117224210822}}