{"path":"M3.9537 10.0255C7.0037 10.0255 9.2037 12.1955 9.2037 15.1255C9.2037 15.3255 9.2037 15.5455 9.1637 15.7455C9.1237 16.2055 9.5937 16.3355 9.8437 16.0955L17.5437 8.4055C18.4837 7.4555 19.0137 6.2255 19.0337 4.9755C19.0437 2.0755 16.8337 -0.0045 14.1737 -0.0045C12.4737 -0.0045 11.1437 0.7255 9.7737 2.0955L0.9537 10.8855C1.9137 10.2855 2.9537 10.0255 3.9537 10.0255ZM21.4637 23.9655C23.8837 21.5355 23.7337 18.5955 21.0237 15.8755L17.1037 11.9455L9.6637 19.3755C8.5137 20.5355 6.6437 19.5955 7.1637 17.9555C7.3537 17.3055 7.4337 16.6955 7.4337 16.0755C7.4337 13.7355 6.0337 12.1955 3.8737 12.1955C1.3437 12.1955 0.0037 13.9055 0.0037 15.8455C0.0037 17.1155 0.5837 18.3455 1.5337 19.3055L10.6337 28.4055C11.6737 29.4355 12.4737 30.4855 12.4737 32.1155C12.4737 32.4255 12.4237 32.7555 12.2637 33.1155C12.7137 32.7555 13.0737 32.3855 13.4237 32.0455ZM6.8237 35.6255C8.6437 35.6255 10.2237 34.3455 10.2237 32.3855C10.2237 31.3655 9.7037 30.5055 8.7337 29.5155L6.2937 27.0655C4.4437 28.6255 3.2637 30.2255 3.2637 32.1855C3.2637 34.3755 4.9037 35.6255 6.8237 35.6255Z","geometry":{"width":23.17502067405371,"height":35.62890625}}