{"path":"M0.0037 27.9705C0.0037 30.2805 1.4737 31.6905 3.8937 31.6905H12.9337C15.3537 31.6905 16.8337 30.2805 16.8337 27.9705V3.7205C16.8337 1.4105 15.3537 0.0005 12.9337 0.0005H3.8937C1.4737 0.0005 0.0037 1.4105 0.0037 3.7205ZM3.3537 27.4905V4.2005C3.3537 3.6405 3.7237 3.2905 4.3437 3.2905H12.4837C13.1137 3.2905 13.4837 3.6405 13.4837 4.2005V27.4905C13.4837 28.0505 13.1137 28.4005 12.4837 28.4005H4.3437C3.7237 28.4005 3.3537 28.0505 3.3537 27.4905ZM8.4237 13.7305C10.6937 13.7305 12.5337 11.8805 12.5337 9.6105C12.5337 7.3505 10.6937 5.5105 8.4237 5.5105C6.1637 5.5105 4.3237 7.3505 4.3237 9.6105C4.3237 11.8805 6.1637 13.7305 8.4237 13.7305ZM8.4237 11.2105C7.5437 11.2105 6.8337 10.5005 6.8337 9.6105C6.8337 8.7405 7.5437 8.0205 8.4237 8.0205C9.3137 8.0205 10.0237 8.7405 10.0237 9.6105C10.0237 10.5005 9.3137 11.2105 8.4237 11.2105ZM8.4237 18.5005C9.2937 18.5005 9.9937 17.7905 9.9937 16.9305C9.9937 16.0505 9.2937 15.3405 8.4237 15.3405C7.5637 15.3405 6.8537 16.0505 6.8537 16.9305C6.8537 17.7905 7.5637 18.5005 8.4237 18.5005Z","geometry":{"width":16.830078125,"height":31.69140625}}