{"path":"M-0.0015 21.6001C-0.0015 23.7501 0.7885 25.3201 2.4085 26.3001C3.1985 26.7801 3.6885 27.3401 4.0085 28.1901L4.6885 30.0101C5.0285 30.9401 5.7685 31.4201 6.8085 31.4201H13.3485C14.3985 31.4201 15.1185 30.9401 15.4485 30.0101L16.1485 28.1901C16.4585 27.3401 16.9385 26.7801 17.7285 26.3001C19.3485 25.3201 20.1485 23.7601 20.1485 21.6001V14.8901C21.0285 14.8901 21.6285 14.2601 21.6285 13.3201V11.3901C21.6285 10.4601 21.0285 9.8301 20.1485 9.8301C20.1485 7.6701 19.3485 6.1101 17.7285 5.1301C16.9385 4.6501 16.4585 4.0901 16.1485 3.2301L15.4485 1.4201C15.1385 0.4901 14.3785 0.0001 13.3485 0.0001H6.8085C5.7685 0.0001 5.0285 0.4901 4.6885 1.4201L4.0085 3.2301C3.6785 4.1001 3.1885 4.6801 2.4085 5.1301C0.8085 6.0801 -0.0015 7.6601 -0.0015 9.8301ZM3.0485 20.9201V10.5001C3.0485 8.5901 4.1285 7.4501 5.9985 7.4501H14.1485C16.0085 7.4501 17.1085 8.5901 17.1085 10.5001V20.9201C17.1085 22.8301 16.0085 23.9701 14.1485 23.9701H5.9985C4.1285 23.9701 3.0485 22.8501 3.0485 20.9201Z","geometry":{"width":21.62890625,"height":31.41796875}}