{"path":"M2.7637 7.0277H25.3737C27.1937 7.0277 28.1237 6.0177 28.1237 4.2077V2.8277C28.1237 1.0277 27.1937 -0.0023 25.3737 -0.0023H2.7637C0.9837 -0.0023 0.0037 1.0277 0.0037 2.8277V4.2077C0.0037 6.0177 0.9437 7.0277 2.7637 7.0277ZM6.5737 26.1377H21.5637C24.5837 26.1377 26.2937 24.4577 26.2937 21.4377V9.2577H1.8337V21.4377C1.8337 24.4577 3.5437 26.1377 6.5737 26.1377ZM9.8337 14.9177C9.0637 14.9177 8.4937 14.3577 8.4937 13.5577V13.1077C8.4937 12.3277 9.0537 11.7677 9.8337 11.7677H18.3037C19.0837 11.7677 19.6437 12.3277 19.6437 13.1077V13.5577C19.6437 14.3577 19.0737 14.9177 18.3037 14.9177Z","geometry":{"width":28.123046875,"height":26.140625}}