{"path":"M6.7237 26.1377H21.7137C24.7437 26.1377 26.4537 24.4577 26.4537 21.4377V8.7377C27.7137 8.2277 28.4537 7.0277 28.4537 5.4377V3.5777C28.4537 1.4377 27.1137 -0.0023 24.9337 -0.0023H3.5137C1.3937 -0.0023 0.0037 1.4377 0.0037 3.5777V5.4377C0.0037 7.0277 0.7337 8.2177 1.9937 8.7377V21.4377C1.9937 24.4577 3.7037 26.1377 6.7237 26.1377ZM3.9737 5.8377C3.4437 5.8377 3.1737 5.5677 3.1737 5.0277V3.9877C3.1737 3.4577 3.4437 3.1877 3.9737 3.1877H24.4737C25.0037 3.1877 25.2637 3.4577 25.2637 3.9877V5.0277C25.2637 5.5677 25.0037 5.8377 24.4737 5.8377ZM7.0837 22.6977C6.0537 22.6977 5.5237 22.1877 5.5237 21.1277V9.0277H22.9237V21.1277C22.9237 22.1877 22.3837 22.6977 21.3537 22.6977ZM9.9937 14.7077H18.4737C19.2337 14.7077 19.8137 14.1477 19.8137 13.3577V12.9177C19.8137 12.1277 19.2537 11.5677 18.4737 11.5677H9.9937C9.2137 11.5677 8.6537 12.1277 8.6537 12.9177V13.3577C8.6537 14.1477 9.2237 14.7077 9.9937 14.7077Z","geometry":{"width":28.451171875,"height":26.140625}}