{"path":"M21.2337 26.0704C22.0937 26.0704 22.7637 25.7304 23.5737 24.9804L34.4637 14.8304C35.0137 14.3104 35.2737 13.6204 35.2737 13.0304C35.2737 12.4304 35.0237 11.7604 34.4637 11.2404L23.5737 1.1504C22.6837 0.3304 22.0837 0.0004 21.2637 0.0004C19.9637 0.0004 19.0037 1.0104 19.0037 2.2804V6.7904H11.3237C8.4737 6.7904 7.2337 8.0904 7.2337 10.9204V13.0804H3.8737C1.3637 13.0804 0.0037 14.4004 0.0037 16.8304V22.1504C0.0037 24.6404 1.3037 25.8804 3.8737 25.8804H12.1837C14.8737 25.8804 16.0637 24.6604 16.0637 21.9804V19.6104H19.0037V23.8304C19.0037 25.1004 19.9637 26.0704 21.2337 26.0704ZM13.5737 22.2004L9.0737 20.2604C7.7137 19.6304 7.0237 18.5704 6.9837 17.1704C6.9837 16.8704 7.3237 16.8304 7.4237 17.1204C7.8037 18.4604 8.8737 19.6104 11.0337 19.6104H13.7537V22.1104C13.7537 22.2304 13.6737 22.2604 13.5737 22.2004Z","geometry":{"width":35.2734375,"height":26.072265625}}