{"path":"M4.8237 26.1377H21.3137C24.4437 26.1377 26.1437 24.4477 26.1437 21.3377V4.7977C26.1437 1.6977 24.4437 -0.0023 21.3137 -0.0023H4.8237C1.7137 -0.0023 0.0037 1.6977 0.0037 4.7977V21.3377C0.0037 24.4477 1.7137 26.1377 4.8237 26.1377ZM5.2137 22.6177C4.1137 22.6177 3.5237 22.0777 3.5237 20.9177V5.2377C3.5237 4.0777 4.1137 3.5277 5.2137 3.5277H20.9337C22.0237 3.5277 22.6137 4.0777 22.6137 5.2377V20.9177C22.6137 22.0777 22.0237 22.6177 20.9337 22.6177ZM8.8437 9.0677C8.0437 9.0677 7.5237 9.6677 7.5237 10.5577V16.7577C7.5237 17.9277 8.1937 18.5277 9.3137 18.5277H15.5437C16.4437 18.5277 17.0337 18.0177 17.0337 17.1977C17.0337 16.3777 16.4437 15.8577 15.5437 15.8577H13.5637L11.9537 16.0777L13.7937 14.4477L18.1737 10.0777C18.4537 9.7877 18.6437 9.3777 18.6437 8.9677C18.6437 8.0677 17.9737 7.4677 17.1137 7.4677C16.6837 7.4677 16.2937 7.6177 15.9537 7.9577L11.6237 12.2777L9.9937 14.1077L10.1837 12.4177V10.5577C10.1837 9.6477 9.6637 9.0677 8.8437 9.0677Z","geometry":{"width":26.140625,"height":26.140625}}