{"path":"M0.0137 5.5915L0.0037 19.2815C0.0037 20.5115 0.8337 21.3415 2.0737 21.3415H15.7737C16.9437 21.3415 17.8037 20.4715 17.8037 19.4015C17.8037 18.3515 16.9137 17.5315 15.7937 17.5315H10.7237L6.2237 17.6915L8.6137 15.5715L20.7037 3.4715C21.1237 3.0315 21.3537 2.5315 21.3537 2.0115C21.3537 0.9715 20.3937 0.0015 19.3437 0.0015C18.8237 0.0015 18.3237 0.2315 17.8837 0.6515L5.7837 12.7415L3.6537 15.1315L3.8437 10.7915V5.5615C3.8437 4.4415 3.0237 3.5515 1.9537 3.5515C0.8937 3.5515 0.0137 4.4415 0.0137 5.5915Z","geometry":{"width":21.35546875,"height":21.341796875}}