{"path":"M4.8237 26.1391H21.3137C24.4437 26.1391 26.1437 24.4491 26.1437 21.3391V4.7991C26.1437 1.6991 24.4437 -0.0009 21.3137 -0.0009H4.8237C1.7137 -0.0009 0.0037 1.6991 0.0037 4.7991V21.3391C0.0037 24.4491 1.7137 26.1391 4.8237 26.1391ZM6.0037 14.7791C6.0037 11.4991 8.3037 9.3091 11.7537 9.3091H15.8337L16.9837 9.3891L16.0937 8.7491L14.7237 7.4891C14.4937 7.2691 14.3537 6.9591 14.3537 6.6491C14.3537 5.9791 14.9337 5.3991 15.5837 5.3991C15.9137 5.3991 16.2037 5.5191 16.4337 5.7691L20.2037 9.5791C20.4637 9.8391 20.6037 10.1691 20.6037 10.5091C20.6037 10.8391 20.4837 11.1691 20.2037 11.4391L16.4337 15.2691C16.2137 15.4891 15.9037 15.6091 15.5737 15.6091C14.9137 15.6091 14.3437 15.0491 14.3437 14.3691C14.3437 14.0591 14.4737 13.7491 14.7237 13.5191L16.2437 12.2091L16.9637 11.7191L15.8337 11.7991H11.7537C9.8737 11.7991 8.6237 12.9991 8.6237 14.7791C8.6237 16.6391 9.8837 17.8691 11.7437 17.8691H13.7537C14.6137 17.8691 15.1737 18.3791 15.1737 19.1391C15.1737 19.9191 14.6137 20.4491 13.7537 20.4491H11.7437C8.3037 20.4491 6.0037 18.1991 6.0037 14.7791Z","geometry":{"width":26.140625,"height":26.140625}}