{"path":"M2.1637 4.942L6.1137 7.932C6.9637 8.572 8.0137 8.192 8.0137 7.132V5.272H27.3337V7.132C27.3337 8.192 28.3737 8.572 29.2337 7.932L33.1837 4.942C33.7237 4.512 33.7137 3.752 33.1837 3.322L29.2337 0.322C28.3837 -0.328 27.3337 0.032 27.3337 1.152V2.972H8.0137V1.152C8.0137 0.062 6.9737 -0.338 6.1137 0.322L2.1637 3.322C1.6137 3.752 1.6137 4.532 2.1637 4.942ZM2.7737 30.762H13.6737C15.7137 30.762 16.7437 29.712 16.7437 27.692V11.912C16.7437 9.972 15.3037 8.852 13.6837 8.852C12.4837 8.852 11.3237 9.352 10.5937 10.562L0.6137 26.272C0.2337 26.882 0.0037 27.482 0.0037 28.222C0.0037 29.632 0.9437 30.762 2.7737 30.762ZM21.6537 30.762H32.5537C34.3837 30.762 35.3237 29.632 35.3237 28.222C35.3237 27.482 35.0937 26.882 34.7137 26.272L24.7437 10.562C24.0037 9.352 22.8437 8.852 21.6537 8.852C20.0437 8.852 18.5837 9.972 18.5837 11.912V27.692C18.5837 29.712 19.6337 30.762 21.6537 30.762ZM4.8037 27.052C4.7137 27.052 4.6637 27.002 4.6637 26.922C4.6637 26.882 4.6737 26.832 4.7037 26.792L12.7737 13.402C12.8137 13.332 12.8637 13.302 12.9037 13.302C12.9737 13.302 13.0137 13.372 13.0137 13.442V26.802C13.0137 26.982 12.9637 27.052 12.7737 27.052ZM22.5537 27.052C22.3837 27.052 22.3137 26.982 22.3137 26.802V13.442C22.3137 13.372 22.3537 13.302 22.4237 13.302C22.4737 13.302 22.5137 13.332 22.5537 13.412L30.6237 26.792C30.6537 26.832 30.6637 26.882 30.6637 26.922C30.6637 27.002 30.6137 27.052 30.5337 27.052Z","geometry":{"width":35.328125,"height":30.76579930463318}}