{"path":"M14.4327 28.8886C16.3127 28.8886 18.0927 28.5186 19.7427 27.8586C18.8927 26.9786 18.2527 25.9086 17.8527 24.7186C16.7927 25.0886 15.6427 25.2886 14.4327 25.2886C8.4227 25.2886 3.5927 20.4486 3.5927 14.4386C3.5927 8.4386 8.4227 3.5986 14.4227 3.5986C19.7727 3.5986 24.1827 7.4386 25.0927 12.4986C26.2527 12.2786 27.6027 12.3186 28.7527 12.6286C27.8527 5.5486 21.7427 -0.0014 14.4227 -0.0014C6.5127 -0.0014 0.0027 6.5186 0.0027 14.4386C0.0027 22.3686 6.5127 28.8886 14.4327 28.8886ZM14.4327 21.4486C15.3127 21.4486 15.9727 20.8486 15.9727 19.9986V14.2086L15.8227 11.5286L16.8427 12.9086L17.9927 14.1686C18.2127 14.4386 18.5927 14.5986 18.9727 14.5986C19.7527 14.5986 20.3127 14.0586 20.3127 13.3186C20.3127 12.9086 20.1927 12.6086 19.9027 12.2886L15.6927 7.9286C15.3427 7.5486 14.9427 7.3586 14.4327 7.3586C13.9427 7.3586 13.5527 7.5486 13.1827 7.9286L8.9527 12.3086C8.6527 12.6186 8.5627 12.9086 8.5627 13.3186C8.5627 14.0686 9.1027 14.5986 9.8827 14.5986C10.2827 14.5986 10.6627 14.4386 10.8827 14.1686L12.0427 12.8786L13.0527 11.5286L12.8927 14.2086V19.9986C12.8927 20.8486 13.5627 21.4486 14.4327 21.4486ZM26.5127 28.8086C30.4327 28.8086 33.7127 25.5286 33.7127 21.5986C33.7127 17.6686 30.4627 14.4086 26.5127 14.4086C22.5727 14.4086 19.3227 17.6686 19.3227 21.5986C19.3227 25.5386 22.5727 28.8086 26.5127 28.8086ZM23.2427 22.9286C22.6027 22.9286 22.0927 22.4186 22.0927 21.7886C22.0927 21.1486 22.6127 20.6586 23.2427 20.6586H25.4727V17.7986C25.4727 17.1686 25.9727 16.6786 26.6227 16.6786C27.2627 16.6786 27.7527 17.1686 27.7527 17.7986V21.7886C27.7527 22.4386 27.2627 22.9286 26.6227 22.9286Z","geometry":{"width":33.71484375,"height":28.888671875}}