{"path":"M9.8937 26.1377H24.7037C27.7237 26.1377 29.0537 24.5277 29.5137 21.5177L31.4637 9.0077C33.4037 8.8477 34.5937 7.4677 34.5937 5.4377V3.5777C34.5937 1.4377 33.2537 -0.0023 31.0937 -0.0023H3.5137C1.3937 -0.0023 0.0037 1.4377 0.0037 3.5777V5.4377C0.0037 7.4677 1.2037 8.8477 3.1337 9.0077L5.0737 21.5177C5.5537 24.5277 6.8637 26.1377 9.8937 26.1377ZM3.9737 5.9177C3.4437 5.9177 3.1737 5.6477 3.1737 5.1177V3.9077C3.1737 3.3777 3.4437 3.1077 3.9737 3.1077H30.6237C31.1537 3.1077 31.4137 3.3777 31.4137 3.9077V5.1177C31.4137 5.6477 31.1537 5.9177 30.6237 5.9177ZM10.2037 22.6977C9.1737 22.6977 8.6937 22.2577 8.5137 21.1277L6.5737 9.0277H28.0137L26.0837 21.1277C25.9037 22.2577 25.4137 22.6977 24.3937 22.6977ZM18.7737 19.6977V16.1377L18.6337 14.1877L19.4937 15.1077L20.1937 15.8477C20.3937 16.1077 20.7837 16.2977 21.1237 16.2977C21.8437 16.2977 22.4037 15.7777 22.4037 15.0677C22.4037 14.6677 22.2737 14.3877 21.9537 14.1077L18.4737 10.9477C18.1137 10.6277 17.7737 10.4277 17.3237 10.4277C16.8737 10.4277 16.5137 10.6277 16.1637 10.9477L12.6837 14.1077C12.3737 14.3877 12.2337 14.6677 12.2337 15.0677C12.2337 15.7777 12.7837 16.2977 13.5037 16.2977C13.8637 16.2977 14.2237 16.1077 14.4537 15.8477L15.1437 15.1077L15.9937 14.1877L15.8637 16.1377V19.6977C15.8637 20.5077 16.5337 21.0677 17.3237 21.0677C18.1137 21.0677 18.7737 20.5077 18.7737 19.6977Z","geometry":{"width":34.58984375,"height":26.140625}}