{"path":"M27.7927 25.1431C32.2627 25.1431 35.8227 21.8331 35.8227 17.7031C35.8227 14.7431 34.1627 12.0131 31.3927 10.8731C31.3727 4.5531 26.8127 0.0031 20.8627 0.0031C17.3227 0.0031 14.4627 1.7231 12.6227 4.3331C8.9827 3.5031 5.3727 6.1231 5.1427 10.0231C1.9527 10.6731 0.0027 13.5731 0.0027 17.1131C0.0027 21.5031 3.8427 25.1431 8.7927 25.1431ZM13.0027 14.0831C13.0027 11.1931 15.2427 8.8731 17.8827 8.6131C17.9827 8.6031 18.0727 8.6031 18.1727 8.6031L17.6627 8.0631C17.5227 7.9131 17.4027 7.6931 17.4027 7.3931C17.4027 6.9031 17.8027 6.4231 18.4127 6.4231C18.7327 6.4231 19.0027 6.5731 19.1927 6.7831L21.4527 9.0731C21.8327 9.4631 21.8427 10.1631 21.4327 10.5531L19.1727 12.8331C18.9927 13.0131 18.7127 13.1231 18.4527 13.1231C17.8727 13.1231 17.4227 12.7531 17.4227 12.1231C17.4227 11.9131 17.4827 11.7031 17.5927 11.5531L18.2627 10.8731C18.1427 10.8831 18.0227 10.9131 17.9127 10.9231C16.3927 11.0831 15.2127 12.4731 15.2127 14.1131C15.2127 15.9931 16.7227 17.5131 18.6027 17.5131C20.4927 17.5131 22.0027 15.9931 22.0027 14.1131C22.0027 13.5031 22.4927 13.0131 23.1027 13.0131C23.7027 13.0131 24.2127 13.5031 24.2127 14.1131C24.2127 17.2131 21.6927 19.7331 18.6027 19.7331C15.5127 19.7331 13.0027 17.2131 13.0027 14.0831Z","geometry":{"width":35.8203125,"height":25.142578125}}