{"path":"M4.8237 26.1377H21.3137C24.4437 26.1377 26.1437 24.4477 26.1437 21.3377V4.7977C26.1437 1.6977 24.4437 -0.0023 21.3137 -0.0023H4.8237C1.7137 -0.0023 0.0037 1.6977 0.0037 4.7977V21.3377C0.0037 24.4477 1.7137 26.1377 4.8237 26.1377ZM5.2137 22.6177C4.1137 22.6177 3.5237 22.0777 3.5237 20.9177V5.2377C3.5237 4.0777 4.1137 3.5277 5.2137 3.5277H20.9337C22.0237 3.5277 22.6137 4.0777 22.6137 5.2377V20.9177C22.6137 22.0777 22.0237 22.6177 20.9337 22.6177ZM13.0937 4.8377C12.6437 4.8377 12.2937 5.0177 11.9737 5.3477L8.5137 8.9177C8.2437 9.1877 8.1337 9.4877 8.1337 9.8177C8.1337 10.4877 8.6437 10.9677 9.3337 10.9677C9.7237 10.9677 10.0937 10.7877 10.2637 10.4977L10.8137 9.9277L11.8637 8.5677L11.7337 11.1277V14.9877L11.8637 17.5377L10.8137 16.1877L10.2637 15.6177C10.0937 15.3277 9.7237 15.1477 9.3337 15.1477C8.6437 15.1477 8.1337 15.6277 8.1337 16.2977C8.1337 16.6277 8.2437 16.9277 8.5137 17.1977L11.9737 20.7677C12.2937 21.0977 12.6437 21.2577 13.0937 21.2577C13.5337 21.2577 13.8737 21.0977 14.2037 20.7677L17.6737 17.1977C17.9337 16.9277 18.0437 16.6277 18.0437 16.2977C18.0437 15.6277 17.5437 15.1477 16.8437 15.1477C16.4637 15.1477 16.1037 15.3377 15.9137 15.6177L15.3637 16.1877L14.3137 17.5377L14.4537 14.9877V11.1277L14.3137 8.5677L15.3637 9.9277L15.9137 10.4977C16.1037 10.7777 16.4637 10.9677 16.8437 10.9677C17.5437 10.9677 18.0437 10.4877 18.0437 9.8177C18.0437 9.4877 17.9337 9.1877 17.6737 8.9177L14.2037 5.3477C13.8737 5.0177 13.5337 4.8377 13.0937 4.8377Z","geometry":{"width":26.140625,"height":26.140625}}