{"path":"M23.9437 22.381C25.2337 22.381 25.7837 21.351 25.9337 20.491C26.0537 19.731 26.1037 18.961 26.1037 18.171C26.1037 12.041 23.3937 9.001 17.3337 9.001H9.1637L6.0437 9.171L9.1837 6.361L12.2337 3.291C12.6037 2.941 12.8537 2.471 12.8537 1.871C12.8537 0.811 12.0537 0.001 10.8937 0.001C10.4137 0.001 9.9237 0.201 9.5037 0.631L0.6137 9.511C0.2337 9.881 0.0037 10.441 0.0037 10.981C0.0037 11.511 0.2337 12.071 0.6137 12.441L9.5137 21.341C9.9237 21.741 10.4137 21.961 10.8937 21.961C12.0537 21.961 12.8537 21.141 12.8537 20.071C12.8537 19.481 12.5937 19.021 12.2337 18.651L9.1837 15.601L6.0437 12.771L9.1637 12.961H17.0337C20.7437 12.961 22.1037 14.481 22.1037 18.211C22.1037 19.151 22.0437 19.841 22.0437 20.421C22.0437 21.601 22.7937 22.381 23.9437 22.381Z","geometry":{"width":26.099609375,"height":22.380859375}}