{"path":"M0.0027 17.8259C0.0027 24.7159 5.5627 30.2859 12.4427 30.2859C19.3327 30.2859 24.8827 24.7159 24.8827 17.8259C24.8827 10.9259 19.4327 5.4459 12.5527 5.4459C12.0727 5.4459 11.5927 5.4959 11.1727 5.5659L13.8927 2.8959C14.1927 2.5859 14.3727 2.2259 14.3727 1.7459C14.3727 0.7759 13.6127 -0.0041 12.6727 -0.0041C12.1927 -0.0041 11.8027 0.1759 11.4827 0.5059L5.9027 6.1959C5.5327 6.5359 5.3427 6.9859 5.3427 7.4659C5.3427 7.9559 5.5327 8.3659 5.9027 8.7359L11.4827 14.3959C11.7827 14.6959 12.1827 14.8659 12.6727 14.8659C13.6127 14.8659 14.3727 14.1059 14.3727 13.1559C14.3727 12.6759 14.1927 12.3159 13.8927 12.0159L10.8127 8.9659C11.3227 8.8759 11.9227 8.8359 12.5527 8.8359C17.4827 8.8359 21.3527 12.7859 21.3527 17.8259C21.3527 22.7659 17.3927 26.7559 12.4427 26.7559C7.4927 26.7559 3.5127 22.7659 3.5127 17.8259C3.5127 16.7659 2.8027 16.0259 1.7927 16.0259C0.7427 16.0259 0.0027 16.7659 0.0027 17.8259Z","geometry":{"width":24.8828125,"height":30.283203125}}