{"path":"M21.9582 26.0604C23.2282 26.0604 24.1882 25.1004 24.1882 23.8304V19.4104H24.4282C28.9682 19.4104 31.5782 21.0804 33.3582 24.3604C33.9782 25.5404 34.7382 25.8904 35.6582 25.8904C36.9682 25.8904 37.7982 24.6104 37.7982 22.0704C37.7982 12.4304 33.2882 6.7104 24.4282 6.7104H24.1882V2.2704C24.1882 1.0004 23.2282 0.0004 21.9482 0.0004C21.1182 0.0004 20.5082 0.3104 19.6182 1.1304L8.7182 11.2204C8.1882 11.7404 7.9282 12.4004 7.9282 13.0304C7.9282 13.6204 8.1882 14.3304 8.7382 14.8304L19.6182 24.9604C20.4382 25.7304 21.0982 26.0604 21.9582 26.0604ZM14.0282 26.0704C15.0282 26.0704 15.8082 25.5304 16.0482 24.8104V24.5704L7.2082 16.4304C6.2382 15.5604 5.6282 14.3304 5.6282 13.0304C5.6282 11.7404 6.2182 10.5304 7.1882 9.6404L16.0482 1.5304V1.2804C15.8082 0.5704 15.0282 0.0004 14.0182 0.0004C13.1982 0.0004 12.5782 0.3304 11.6882 1.1504L0.7882 11.2404C0.2482 11.7604 -0.0018 12.4304 -0.0018 13.0304C-0.0018 13.6204 0.2482 14.3104 0.8082 14.8304L11.6882 24.9804C12.4982 25.7304 13.1782 26.0704 14.0282 26.0704Z","geometry":{"width":37.802734375,"height":26.072265625}}