{"path":"M26.3637 26.0002L33.2337 18.9402C33.5737 18.5902 33.7937 18.0702 33.7937 17.6102C33.7937 16.5602 33.0437 15.8002 31.9937 15.8002C31.4837 15.8002 31.0637 15.9702 30.7237 16.3202L27.9437 19.2102L26.7737 20.5902L26.8337 18.0702V1.8302C26.8337 0.7802 26.0537 0.0002 25.0037 0.0002C23.9637 0.0002 23.1837 0.7802 23.1837 1.8302V18.0702L23.2537 20.5902L22.0837 19.2102L19.3037 16.3202C18.9637 15.9702 18.5237 15.8002 18.0337 15.8002C16.9837 15.8002 16.2237 16.5602 16.2237 17.6102C16.2237 18.0702 16.4437 18.5902 16.7937 18.9402L23.6637 26.0002C24.4037 26.7802 25.6037 26.8002 26.3637 26.0002ZM7.4337 0.6002L0.5637 7.6602C0.2237 8.0002 0.0037 8.5002 0.0037 8.9702C0.0037 10.0302 0.7537 10.7902 1.8037 10.7902C2.3137 10.7902 2.7337 10.6102 3.0737 10.2702L5.8537 7.3702L7.0237 6.0002L6.9637 8.5202V24.7602C6.9637 25.8102 7.7337 26.5902 8.7937 26.5902C9.8337 26.5902 10.6137 25.8102 10.6137 24.7602V8.5202L10.5437 6.0002L11.7137 7.3702L14.4937 10.2702C14.8337 10.6102 15.2537 10.7902 15.7637 10.7902C16.8137 10.7902 17.5637 10.0302 17.5637 8.9702C17.5637 8.5002 17.3537 8.0002 17.0037 7.6602L10.1337 0.6002C9.3837 -0.1898 8.1937 -0.1898 7.4337 0.6002Z","geometry":{"width":33.796875,"height":26.593517004503926}}