{"path":"M2.5537 6.8877H31.8937C33.4937 6.8877 34.4437 5.9377 34.4437 4.2677V2.6277C34.4437 0.9577 33.4937 -0.0023 31.8937 -0.0023H2.5537C0.9937 -0.0023 0.0037 0.9577 0.0037 2.6277V4.2677C0.0037 5.9377 0.9537 6.8877 2.5537 6.8877ZM9.8137 26.1377H24.6237C27.6437 26.1377 28.9037 24.4277 29.3837 21.4377L31.2937 9.1177H3.1437L5.0537 21.4377C5.5337 24.4477 6.7937 26.1377 9.8137 26.1377ZM18.7837 21.4077C18.7837 22.2677 18.0737 22.8577 17.2237 22.8577C16.3837 22.8577 15.6837 22.2677 15.6837 21.4077V17.6877L15.8337 15.6377L14.9437 16.5977L14.2237 17.3677C13.9737 17.6477 13.5937 17.8377 13.2237 17.8377C12.4437 17.8377 11.8637 17.2977 11.8637 16.5577C11.8637 16.1177 12.0037 15.8177 12.3437 15.5177L15.9937 12.2077C16.3837 11.8677 16.7437 11.6577 17.2237 11.6577C17.7037 11.6577 18.0737 11.8677 18.4737 12.2077L22.1037 15.5177C22.4537 15.8177 22.6037 16.1177 22.6037 16.5577C22.6037 17.2977 22.0137 17.8377 21.2437 17.8377C20.8737 17.8377 20.4637 17.6477 20.2437 17.3677L19.5237 16.5977L18.6337 15.6377L18.7837 17.6877Z","geometry":{"width":34.439453125,"height":26.140625}}