{"path":"M4.8237 26.1377H21.3137C24.4437 26.1377 26.1437 24.4477 26.1437 21.3377V4.7977C26.1437 1.6977 24.4437 -0.0023 21.3137 -0.0023H4.8237C1.7137 -0.0023 0.0037 1.6977 0.0037 4.7977V21.3377C0.0037 24.4477 1.7137 26.1377 4.8237 26.1377ZM5.2137 22.6177C4.1137 22.6177 3.5237 22.0777 3.5237 20.9177V5.2377C3.5237 4.0777 4.1137 3.5277 5.2137 3.5277H20.9337C22.0237 3.5277 22.6137 4.0777 22.6137 5.2377V20.9177C22.6137 22.0777 22.0237 22.6177 20.9337 22.6177ZM21.2837 13.0577C21.2837 12.6177 21.1137 12.2677 20.7837 11.9477L17.2237 8.4777C16.9437 8.2177 16.6437 8.1077 16.3137 8.1077C15.6437 8.1077 15.1637 8.6177 15.1637 9.3077C15.1637 9.6977 15.3537 10.0477 15.6237 10.2377L16.2037 10.7877L17.5537 11.8377L14.9937 11.7077H11.1537L8.5837 11.8377L9.9437 10.7877L10.5137 10.2377C10.8037 10.0477 10.9737 9.6977 10.9737 9.3077C10.9737 8.6177 10.5037 8.1077 9.8337 8.1077C9.5037 8.1077 9.2037 8.2177 8.9237 8.4777L5.3737 11.9477C5.0437 12.2677 4.8637 12.6177 4.8637 13.0577C4.8637 13.4977 5.0437 13.8477 5.3737 14.1677L8.9237 17.6377C9.2037 17.9077 9.5037 18.0077 9.8337 18.0077C10.5037 18.0077 10.9737 17.5177 10.9737 16.8177C10.9737 16.4377 10.7837 16.0677 10.5137 15.8877L9.9437 15.3277L8.5837 14.2877L11.1537 14.4277H14.9937L17.5537 14.2877L16.2037 15.3277L15.6237 15.8877C15.3537 16.0677 15.1637 16.4377 15.1637 16.8177C15.1637 17.5177 15.6437 18.0077 16.3137 18.0077C16.6437 18.0077 16.9437 17.9077 17.2237 17.6377L20.7837 14.1677C21.1137 13.8477 21.2837 13.4977 21.2837 13.0577Z","geometry":{"width":26.140625,"height":26.140625}}