{"path":"M0.0037 30.6235C0.0037 33.7535 1.6937 35.4535 4.8037 35.4535H17.5037C20.6037 35.4535 22.3037 33.7435 22.3037 30.6235V28.1135H24.5037C27.6037 28.1135 29.2837 26.4035 29.2837 23.2835V4.8235C29.2837 1.7135 27.6037 0.0035 24.5037 0.0035H11.8037C8.6937 0.0035 7.0037 1.7135 7.0037 4.8235V7.3535H4.8037C1.6937 7.3535 0.0037 9.0535 0.0037 12.1835ZM14.0637 4.2935V3.9535C14.0637 3.5435 14.3937 2.9835 15.0837 2.9835H21.2037C21.9037 2.9835 22.2137 3.5435 22.2137 3.9535V4.2935C22.2137 4.8035 21.8237 5.2635 21.2037 5.2635H15.0837C14.4637 5.2635 14.0637 4.8035 14.0637 4.2935ZM3.5237 30.2435V12.5635C3.5237 11.4735 4.0637 10.8835 5.2237 10.8835H17.0637C18.2237 10.8835 18.7737 11.4735 18.7737 12.5635V30.2435C18.7737 31.3535 18.2237 31.9235 17.0637 31.9235H5.2237C4.0637 31.9235 3.5237 31.3535 3.5237 30.2435ZM11.1537 15.9135C9.9637 15.9135 8.9037 16.2735 8.1037 16.8735C7.5337 17.2835 7.4337 17.8735 7.7537 18.3035C8.0837 18.7435 8.6137 18.8635 9.1637 18.4935C9.7937 18.0635 10.4037 17.8235 11.1537 17.8235C12.8237 17.8235 14.2037 18.8935 14.6537 20.3535H13.8037C13.2637 20.3535 13.0837 20.9035 13.4137 21.3435L15.0537 23.5335C15.3637 23.9435 15.9037 23.9535 16.2137 23.5335L17.8237 21.3435C18.1737 20.9035 17.9937 20.3535 17.4437 20.3535H16.5937C16.1037 17.7435 13.9137 15.9135 11.1537 15.9135ZM11.1737 26.8835C12.3637 26.8835 13.4437 26.5235 14.2337 25.9235C14.7937 25.5135 14.9037 24.9235 14.5837 24.4835C14.2637 24.0335 13.7237 23.9235 13.1637 24.2935C12.5537 24.7335 11.9337 24.9635 11.1737 24.9635C9.5037 24.9635 8.1337 23.8935 7.6737 22.4335H8.4937C9.0337 22.4335 9.2137 21.8935 8.8737 21.4535L7.2437 19.2635C6.9337 18.8535 6.3937 18.8435 6.0737 19.2635L4.4737 21.4535C4.1337 21.8935 4.3037 22.4335 4.8537 22.4335H5.7237C6.2237 25.0435 8.4237 26.8835 11.1737 26.8835Z","geometry":{"width":29.28515625,"height":35.451171875}}