{"path":"M27.7927 25.1395C32.2627 25.1395 35.8227 21.8495 35.8227 17.7095C35.8227 14.7395 34.1627 12.0195 31.3927 10.8695C31.3727 4.5495 26.8127 -0.0005 20.8627 -0.0005C17.3227 -0.0005 14.4627 1.7195 12.6227 4.3295C8.9827 3.4995 5.3727 6.1295 5.1427 10.0195C1.9527 10.6795 0.0027 13.5795 0.0027 17.1195C0.0027 21.5095 3.8427 25.1395 8.7927 25.1395ZM27.7927 21.6195H8.8027C5.8427 21.6195 3.6127 19.5495 3.6127 17.1195C3.6127 14.4095 5.3427 12.5895 7.9727 12.5895C8.1927 12.5895 8.2827 12.4795 8.2727 12.2595C8.0427 8.3995 10.7827 6.8195 13.9327 7.7495C14.1127 7.8095 14.2327 7.7695 14.3327 7.5995C15.7227 5.2095 17.6327 3.5295 20.8227 3.5295C24.8527 3.5295 27.8127 6.7095 28.0127 10.5595C28.0527 11.4395 27.9827 12.3295 27.9027 13.0295C27.8727 13.2295 27.9627 13.3395 28.1627 13.3695C30.6427 13.7395 32.2227 15.3995 32.2227 17.7095C32.2227 19.8795 30.2827 21.6195 27.7927 21.6195ZM23.6527 14.0295C23.6527 11.2795 21.5227 9.0595 19.0027 8.8195C18.9227 8.8195 18.8127 8.8095 18.7427 8.8095L19.2227 8.2995C19.3627 8.1495 19.4727 7.9395 19.4727 7.6695C19.4727 7.1895 19.1127 6.7495 18.5227 6.7495C18.2227 6.7495 17.9627 6.8895 17.7827 7.0795L15.6427 9.2695C15.2827 9.6295 15.2727 10.2795 15.6527 10.6595L17.8127 12.8195C17.9827 12.9995 18.2427 13.1095 18.5027 13.1095C19.0327 13.1095 19.4527 12.7595 19.4527 12.1695C19.4527 11.9495 19.3827 11.7695 19.2927 11.6195L18.6327 10.9495C18.7427 10.9695 18.8627 10.9895 18.9927 11.0095C20.4227 11.1595 21.5727 12.4695 21.5727 14.0395C21.5727 15.8295 20.1427 17.2795 18.3327 17.2795C16.5527 17.2795 15.1027 15.8495 15.1027 14.0395C15.1027 13.4695 14.6427 13.0195 14.0727 13.0195C13.4927 13.0195 13.0327 13.4695 13.0327 14.0395C13.0327 16.9895 15.3927 19.3695 18.3327 19.3695C21.2727 19.3695 23.6527 16.9895 23.6527 14.0295Z","geometry":{"width":35.8203125,"height":25.142578125}}