{"path":"M10.5937 25.2266C11.7837 25.2266 12.5737 24.4066 12.5737 23.1766V12.3766L12.3837 9.5666L15.2137 12.7266L17.5837 15.0566C17.9337 15.4066 18.4037 15.6866 19.0037 15.6866C20.0837 15.6866 20.8937 14.8866 20.8937 13.7266C20.8937 13.2366 20.6837 12.7466 20.2637 12.3366L12.0537 4.3866C11.7737 4.0966 11.3937 3.8966 10.9637 3.8166H19.2937C20.3737 3.8166 21.1937 2.9766 21.1937 1.8966C21.1937 0.8366 20.3737 -0.0034 19.2937 -0.0034H1.8837C0.8237 -0.0034 0.0037 0.8366 0.0037 1.8966C0.0037 2.9766 0.8237 3.8166 1.8837 3.8166H10.2137C9.8037 3.8966 9.4237 4.0966 9.1337 4.3866L0.9437 12.3366C0.5237 12.7466 0.3137 13.2366 0.3137 13.7266C0.3137 14.8866 1.1237 15.6866 2.2037 15.6866C2.7937 15.6866 3.2537 15.4266 3.6237 15.0566L5.9737 12.7266L8.8037 9.5666L8.6137 12.3766V23.1766C8.6137 24.4066 9.4037 25.2266 10.5937 25.2266Z","geometry":{"width":21.19140625,"height":25.224609375}}