{"path":"M26.6237 10.9806C26.6237 10.4406 26.3837 9.8806 26.0137 9.5106L17.1137 0.6306C16.6937 0.2006 16.2037 0.0006 15.7237 0.0006C14.5637 0.0006 13.7637 0.8106 13.7637 1.8706C13.7637 2.4706 14.0237 2.9406 14.3937 3.2906L17.4637 6.3706L20.4837 9.1606L17.5037 9.0006H2.0537C0.8237 9.0006 0.0037 9.7906 0.0037 10.9806C0.0037 12.1506 0.8237 12.9606 2.0537 12.9606H17.5037L20.4937 12.8006L17.4637 15.5906L14.3937 18.6506C14.0237 19.0006 13.7637 19.4806 13.7637 20.0706C13.7637 21.1406 14.5637 21.9406 15.7237 21.9406C16.2037 21.9406 16.6937 21.7406 17.1037 21.3306L26.0137 12.4406C26.3837 12.0706 26.6237 11.5106 26.6237 10.9806Z","geometry":{"width":26.619140625,"height":21.943359375}}