{"path":"M14.0249 26.0704C15.3149 26.0704 16.2649 25.1004 16.2649 23.8304V19.4304H16.5149C21.0549 19.4304 23.6549 21.1004 25.4249 24.3604C26.0849 25.5404 26.8149 25.9104 27.7449 25.9104C29.0549 25.9104 29.8749 24.6204 29.8749 22.0804C29.8749 12.4404 25.3749 6.7104 16.5149 6.7104H16.2649V2.2804C16.2649 1.0104 15.3149 0.0004 14.0149 0.0004C13.1949 0.0004 12.5949 0.3304 11.6849 1.1504L0.8049 11.2404C0.2449 11.7604 0.0049 12.4304 0.0049 13.0304C0.0049 13.6204 0.2549 14.3104 0.8049 14.8304L11.6849 24.9804C12.5049 25.7304 13.1749 26.0704 14.0249 26.0704Z","geometry":{"width":29.873046875,"height":26.072265625}}