{"path":"M0.0037 19.6613V25.6513C0.0037 26.6913 0.7237 27.4513 1.7737 27.4513H7.7937C9.4637 27.4513 10.0337 25.6313 8.8837 24.4713L7.1637 22.7513L13.7137 16.2013L20.2737 22.7513L18.5537 24.4713C17.3937 25.6313 17.9737 27.4513 19.6437 27.4513H25.6637C26.7137 27.4513 27.4437 26.6913 27.4437 25.6513V19.6613C27.4437 17.9913 25.6037 17.4213 24.4737 18.5513L22.7337 20.2913L16.1837 13.7313L22.7337 7.1613L24.4737 8.9013C25.6037 10.0513 27.4437 9.4713 27.4437 7.8113V1.8013C27.4437 0.7613 26.7137 0.0013 25.6637 0.0013H19.6437C17.9737 0.0013 17.3937 1.8313 18.5537 2.9813L20.2737 4.7013L13.7137 11.2613L7.1637 4.7013L8.8837 2.9813C10.0337 1.8313 9.4637 0.0013 7.7937 0.0013H1.7737C0.7237 0.0013 0.0037 0.7613 0.0037 1.8013V7.8113C0.0037 9.4713 1.8137 10.0513 2.9637 8.9013L4.7037 7.1613L11.2537 13.7313L4.7037 20.2913L2.9637 18.5513C1.8137 17.4213 0.0037 17.9913 0.0037 19.6613Z","geometry":{"width":27.439453125,"height":27.453125}}