{"path":"M8.9537 27.728C9.4637 27.728 9.9837 27.518 10.3337 27.168L17.3337 20.068C17.7037 19.698 17.9237 19.208 17.9237 18.728C17.9237 17.648 17.1537 16.928 16.1337 16.928C15.5737 16.928 15.1637 17.168 14.8237 17.518L12.3437 20.058L10.6937 22.028L10.8137 19.118V8.618L10.6937 5.698L12.3437 7.668L14.8237 10.208C15.1637 10.558 15.5737 10.798 16.1337 10.798C17.1537 10.798 17.9237 10.078 17.9237 8.998C17.9237 8.518 17.7037 8.028 17.3337 7.658L10.3337 0.558C9.9837 0.208 9.4637 -0.002 8.9537 -0.002C8.4537 -0.002 7.9337 0.208 7.5737 0.558L0.5737 7.658C0.2037 8.028 0.0037 8.518 0.0037 8.998C0.0037 10.078 0.7637 10.798 1.7737 10.798C2.3537 10.798 2.7637 10.558 3.1037 10.208L5.5637 7.668L7.2237 5.698L7.0937 8.618V19.118L7.2237 22.028L5.5637 20.058L3.1037 17.518C2.7637 17.168 2.3537 16.928 1.7737 16.928C0.7637 16.928 0.0037 17.648 0.0037 18.728C0.0037 19.208 0.2037 19.698 0.5737 20.068L7.5737 27.168C7.9337 27.518 8.4537 27.728 8.9537 27.728Z","geometry":{"width":17.923828125,"height":27.7265625}}