{"path":"M4.8237 26.1377H21.3137C24.4437 26.1377 26.1437 24.4477 26.1437 21.3377V4.7977C26.1437 1.6977 24.4437 -0.0023 21.3137 -0.0023H4.8237C1.7137 -0.0023 0.0037 1.6977 0.0037 4.7977V21.3377C0.0037 24.4477 1.7137 26.1377 4.8237 26.1377ZM5.2137 22.6177C4.1137 22.6177 3.5237 22.0777 3.5237 20.9177V5.2377C3.5237 4.0777 4.1137 3.5277 5.2137 3.5277H20.9337C22.0237 3.5277 22.6137 4.0777 22.6137 5.2377V20.9177C22.6137 22.0777 22.0237 22.6177 20.9337 22.6177ZM20.1437 14.5977C20.1437 11.3477 17.8237 9.2677 14.5737 9.2677H10.5937L9.3637 9.3377L10.3037 8.6377L11.6337 7.4077C11.8637 7.2077 11.9937 6.9177 11.9937 6.6177C11.9937 5.9877 11.4437 5.4577 10.8237 5.4577C10.5237 5.4577 10.2537 5.5677 10.0337 5.7977L6.3737 9.4977C6.1437 9.7477 6.0037 10.0477 6.0037 10.3877C6.0037 10.7077 6.1237 11.0177 6.3737 11.2677L10.0537 14.9877C10.2637 15.2077 10.5437 15.3077 10.8537 15.3077C11.4537 15.3077 12.0037 14.7977 12.0037 14.1477C12.0037 13.8677 11.8837 13.5577 11.6337 13.3677L10.1437 12.0577L9.3637 11.4977L10.5937 11.5777H14.5737C16.3537 11.5777 17.6537 12.6877 17.6537 14.5477C17.6537 16.4077 16.3937 17.5977 14.5737 17.5977H12.6237C11.8437 17.5977 11.2837 18.0477 11.2837 18.7977C11.2837 19.5677 11.8437 20.0277 12.6237 20.0277H14.5737C17.8237 20.0277 20.1437 17.9077 20.1437 14.5977Z","geometry":{"width":26.140625,"height":26.140625}}