{"path":"M24.0537 1.7873C22.6137 0.3573 20.7037 -0.0027 17.9537 -0.0027H7.8637C5.1237 -0.0027 3.2037 0.3673 1.7737 1.7873C0.3537 3.2173 0.0037 5.0973 0.0037 7.8573V17.9373C0.0037 20.7173 0.3437 22.6173 1.7737 24.0373C3.2037 25.4573 5.1237 25.8273 7.8737 25.8273H17.9537C20.7037 25.8273 22.6237 25.4573 24.0537 24.0373C25.4737 22.6173 25.8237 20.7173 25.8237 17.9373V7.8773C25.8237 5.0973 25.4737 3.1973 24.0537 1.7873ZM17.3737 17.0073C16.5037 17.0073 15.9537 16.3973 15.9537 15.4173V13.4773L16.1437 11.7073L14.4537 13.6273L9.9137 18.1673C9.5437 18.5273 9.1337 18.6873 8.6537 18.6873C7.7637 18.6873 7.0437 18.0473 7.0437 17.0773C7.0437 16.6473 7.2337 16.2173 7.5637 15.8873L12.1437 11.3173L14.0837 9.6073L12.3837 9.8273H10.3037C9.3537 9.8273 8.7237 9.2873 8.7237 8.4173C8.7237 7.5473 9.3537 6.9973 10.3237 6.9973H16.8837C18.0737 6.9973 18.7837 7.6473 18.7837 8.8873V15.4173C18.7837 16.3773 18.2337 17.0073 17.3737 17.0073Z","geometry":{"width":25.826171875,"height":25.826171875}}