{"path":"M0.0037 10.9806C0.0037 11.5106 0.2337 12.0706 0.6037 12.4406L9.5137 21.3306C9.9237 21.7406 10.4137 21.9406 10.8937 21.9406C12.0537 21.9406 12.8537 21.1406 12.8537 20.0706C12.8537 19.4806 12.5937 19.0006 12.2237 18.6506L9.1637 15.5906L6.1237 12.8006L9.1237 12.9606H24.5637C25.8037 12.9606 26.6237 12.1506 26.6237 10.9806C26.6237 9.7906 25.8037 9.0006 24.5637 9.0006H9.1237L6.1437 9.1606L9.1637 6.3706L12.2237 3.2906C12.5937 2.9406 12.8537 2.4706 12.8537 1.8706C12.8537 0.8106 12.0537 0.0006 10.8937 0.0006C10.4137 0.0006 9.9237 0.2006 9.5037 0.6306L0.6037 9.5106C0.2337 9.8806 0.0037 10.4406 0.0037 10.9806Z","geometry":{"width":26.619140625,"height":21.943359375}}