{"path":"M1.1637 17.7846C-0.0163 17.7846 -0.3463 18.7546 0.3837 19.7546L4.0037 24.7446C4.5937 25.5346 5.5237 25.5546 6.0937 24.7446L9.7237 19.7446C10.4437 18.7446 10.0937 17.7846 8.9237 17.7846H6.7437V8.0346C6.7437 5.9046 8.0437 4.5246 9.8837 4.5246C11.7437 4.5246 13.0537 5.8946 13.0537 8.0346V17.3846C13.0537 21.6046 15.7937 24.5546 19.6037 24.5546C23.5837 24.5546 26.1437 21.6446 26.1437 17.3846V7.5546H28.3437C29.5037 7.5546 29.8437 6.6046 29.1237 5.6046L25.5137 0.6046C24.9237 -0.2054 23.9937 -0.1954 23.4037 0.6046L19.7937 5.5946C19.0537 6.5846 19.3837 7.5546 20.5737 7.5546H22.7637V17.6246C22.7637 19.7646 21.4637 21.1446 19.6037 21.1446C17.7637 21.1446 16.4437 19.7846 16.4437 17.6246V8.2746C16.4437 4.0546 13.7137 1.1046 9.8837 1.1046C5.9237 1.1046 3.3537 4.0146 3.3537 8.2746V17.7846Z","geometry":{"width":29.50069877926804,"height":25.344260190505878}}