{"path":"M4.8237 26.1377H21.3137C24.4437 26.1377 26.1437 24.4477 26.1437 21.3377V4.7977C26.1437 1.6977 24.4437 -0.0023 21.3137 -0.0023H4.8237C1.7137 -0.0023 0.0037 1.6977 0.0037 4.7977V21.3377C0.0037 24.4477 1.7137 26.1377 4.8237 26.1377ZM20.6537 13.0577C20.6537 13.6077 20.4637 14.0277 20.0737 14.3977L15.1437 19.0977C14.8237 19.4177 14.5037 19.5477 14.0837 19.5477C13.2737 19.5477 12.7037 18.9477 12.7037 18.1177C12.7037 17.7077 12.8837 17.3077 13.1837 17.0577L14.8237 15.5877L16.2237 14.5377L13.4137 14.6977H7.1737C6.2737 14.6977 5.6337 13.9877 5.6337 13.0577C5.6337 12.1277 6.2737 11.4177 7.1737 11.4177H13.4137L16.2237 11.5977L14.7837 10.5277L13.1837 9.0677C12.8937 8.8077 12.7037 8.4077 12.7037 7.9977C12.7037 7.1777 13.2737 6.5877 14.0837 6.5877C14.5037 6.5877 14.8237 6.7177 15.1437 7.0277L20.0737 11.7277C20.4637 12.1177 20.6537 12.5377 20.6537 13.0577Z","geometry":{"width":26.140625,"height":26.140625}}