{"path":"M4.8237 26.1377H21.3137C24.4437 26.1377 26.1437 24.4477 26.1437 21.3377V4.7977C26.1437 1.6977 24.4437 -0.0023 21.3137 -0.0023H4.8237C1.7137 -0.0023 0.0037 1.6977 0.0037 4.7977V21.3377C0.0037 24.4477 1.7137 26.1377 4.8237 26.1377ZM7.3437 13.9077C6.7237 13.5177 6.7237 12.6077 7.3437 12.2477L15.7637 7.3177C16.4337 6.9277 17.2837 7.2877 17.2837 8.0277V18.1177C17.2837 18.8377 16.4637 19.1977 15.7637 18.8077Z","geometry":{"width":26.140625,"height":26.140625}}