{"path":"M4.8237 26.1377H21.3137C24.4437 26.1377 26.1437 24.4477 26.1437 21.3377V4.7977C26.1437 1.6977 24.4437 -0.0023 21.3137 -0.0023H4.8237C1.7137 -0.0023 0.0037 1.6977 0.0037 4.7977V21.3377C0.0037 24.4477 1.7137 26.1377 4.8237 26.1377ZM5.2137 22.6177C4.1137 22.6177 3.5237 22.0777 3.5237 20.9177V5.2377C3.5237 4.0777 4.1137 3.5277 5.2137 3.5277H20.9337C22.0237 3.5277 22.6137 4.0777 22.6137 5.2377V20.9177C22.6137 22.0777 22.0237 22.6177 20.9337 22.6177ZM13.0837 5.9777C12.2237 5.9777 11.5537 6.5777 11.5537 7.4277V13.2177L11.7037 15.8977L10.7037 14.5477L9.3237 13.0277C9.0937 12.7577 8.7237 12.5877 8.3237 12.5877C7.5437 12.5877 7.0037 13.1277 7.0037 13.8777C7.0037 14.2877 7.1137 14.5777 7.3937 14.8877L11.8437 19.4977C12.1937 19.8777 12.5937 20.0677 13.0837 20.0677C13.5937 20.0677 14.0037 19.8777 14.3437 19.4977L18.7737 14.8877C19.0737 14.5777 19.1837 14.2877 19.1837 13.8777C19.1837 13.1277 18.6237 12.5877 17.8437 12.5877C17.4637 12.5877 17.0937 12.7577 16.8537 13.0277L15.4937 14.5177L14.4637 15.9177L14.6337 13.2177V7.4277C14.6337 6.5777 13.9637 5.9777 13.0837 5.9777Z","geometry":{"width":26.140625,"height":26.140625}}