{"path":"M4.8037 30.0902H19.4437C22.5437 30.0902 24.2437 28.3802 24.2437 25.2702V12.8802C24.2437 10.7502 23.9237 9.6802 22.5737 8.3102L16.0137 1.6802C14.6837 0.3402 13.5737 0.0002 11.5537 0.0002H4.8037C1.6937 0.0002 0.0037 1.7102 0.0037 4.8302V25.2702C0.0037 28.4002 1.6937 30.0902 4.8037 30.0902ZM5.2237 26.5602C4.0637 26.5602 3.5237 25.9802 3.5237 24.8802V5.2202C3.5237 4.1302 4.0637 3.5302 5.2237 3.5302H10.5937V10.2302C10.5937 12.6102 11.7337 13.7302 14.0937 13.7302H20.7137V24.8802C20.7137 25.9802 20.1837 26.5602 19.0137 26.5602ZM14.3537 10.8302C13.7637 10.8302 13.4937 10.5502 13.4937 9.9702V3.8102L20.4437 10.8302ZM13.5737 23.6902V20.8402L13.4437 18.8802L14.3037 19.8002L15.0137 20.5502C15.2137 20.8202 15.6037 21.0002 15.9537 21.0002C16.6837 21.0002 17.2237 20.4902 17.2237 19.7802C17.2237 19.3902 17.0937 19.1002 16.7737 18.8102L13.2737 15.6402C12.9237 15.3102 12.5637 15.1302 12.1237 15.1302C11.6737 15.1302 11.3237 15.3102 10.9637 15.6402L7.4637 18.8102C7.1537 19.1002 7.0137 19.3902 7.0137 19.7802C7.0137 20.4902 7.5637 21.0002 8.3037 21.0002C8.6437 21.0002 9.0137 20.8202 9.2237 20.5502L9.9537 19.8002L10.8037 18.8802L10.6637 20.8402V23.6902C10.6637 24.5002 11.3237 25.0602 12.1237 25.0602C12.9237 25.0602 13.5737 24.5002 13.5737 23.6902Z","geometry":{"width":24.240234375,"height":30.091796875}}