{"path":"M0.675 17.759L5.065 21.569C6.355 22.669 7.735 21.859 7.735 20.429V18.239H14.485V25.009H12.275C10.875 25.009 10.075 26.399 11.125 27.629L14.935 32.029C15.705 32.949 16.965 32.999 17.755 32.049L21.555 27.669C22.665 26.389 21.845 25.009 20.405 25.009H18.235V18.239H24.955V20.429C24.955 21.859 26.335 22.669 27.635 21.569L32.015 17.769C32.955 16.969 32.905 15.709 31.985 14.959L27.595 11.139C26.365 10.089 24.955 10.899 24.955 12.289V14.509H18.235V7.739H20.405C21.845 7.739 22.665 6.359 21.555 5.059L17.745 0.679C16.935 -0.271 15.675 -0.191 14.925 0.719L11.125 5.099C10.075 6.339 10.875 7.739 12.275 7.739H14.485V14.509H7.735V12.289C7.735 10.899 6.335 10.089 5.105 11.139L0.715 14.939C-0.185 15.699 -0.275 16.949 0.675 17.759Z","geometry":{"width":32.697569094484166,"height":32.74171334603692}}