{"path":"M4.8237 26.1377H21.3137C24.4437 26.1377 26.1437 24.4477 26.1437 21.3377V4.7977C26.1437 1.6977 24.4437 -0.0023 21.3137 -0.0023H4.8237C1.7137 -0.0023 0.0037 1.6977 0.0037 4.7977V21.3377C0.0037 24.4477 1.7137 26.1377 4.8237 26.1377ZM5.2137 22.6177C4.1137 22.6177 3.5237 22.0777 3.5237 20.9177V5.2377C3.5237 4.0777 4.1137 3.5277 5.2137 3.5277H20.9337C22.0237 3.5277 22.6137 4.0777 22.6137 5.2377V20.9177C22.6137 22.0777 22.0237 22.6177 20.9337 22.6177ZM6.8237 8.4177C6.3937 8.8277 6.4137 9.5177 6.8237 9.9277L10.1537 13.1677C10.3537 13.3477 10.6237 13.4677 10.8837 13.4677C11.4537 13.4677 11.8837 13.0577 11.8837 12.4677C11.8837 12.2077 11.7837 11.9477 11.5937 11.7577L10.2137 10.4477L9.9137 10.1677L10.6237 10.1877H18.6337C19.2137 10.1877 19.6437 9.7477 19.6437 9.1777C19.6437 8.5977 19.2137 8.1577 18.6337 8.1577H10.6237L9.9237 8.1777L10.2137 7.8977L11.5937 6.5777C11.7837 6.3977 11.8837 6.1477 11.8837 5.8777C11.8837 5.2877 11.4537 4.8677 10.8837 4.8677C10.6237 4.8677 10.3537 5.0077 10.1537 5.1777ZM19.3137 17.7177C19.7537 17.2977 19.7237 16.6477 19.3137 16.2277L15.9837 12.9877C15.8037 12.8077 15.5137 12.6777 15.2537 12.6777C14.6837 12.6777 14.2637 13.0977 14.2637 13.6677C14.2637 13.9477 14.3537 14.1877 14.5437 14.3877L15.9237 15.6977L16.2237 15.9777L15.5137 15.9577H7.5037C6.9337 15.9577 6.4937 16.3877 6.4937 16.9777C6.4937 17.5577 6.9337 17.9877 7.5037 17.9877H15.5137L16.2237 17.9777L15.9237 18.2477L14.5637 19.5677C14.3737 19.7577 14.2637 19.9977 14.2637 20.2777C14.2637 20.8477 14.6837 21.2777 15.2537 21.2777C15.5137 21.2777 15.7937 21.1477 15.9837 20.9577Z","geometry":{"width":26.140625,"height":26.140625}}