{"path":"M10.9637 26.1851C12.1537 26.1851 12.9437 25.3651 12.9437 24.1351V8.9551L12.8237 5.9851L15.5737 9.1651L18.6437 12.2251C19.0137 12.5951 19.4837 12.8351 20.0737 12.8351C21.1337 12.8351 21.9437 12.0451 21.9437 10.9251C21.9437 10.4051 21.7337 9.9251 21.3237 9.5051L12.4237 0.6051C12.0537 0.2151 11.5137 -0.0049 10.9637 -0.0049C10.4337 -0.0049 9.8737 0.2151 9.5037 0.6051L0.6137 9.5051C0.2037 9.9251 0.0037 10.4051 0.0037 10.9251C0.0037 12.0451 0.8037 12.8351 1.8737 12.8351C2.4737 12.8351 2.9437 12.5951 3.2937 12.2251L6.3737 9.1651L9.1237 5.9851L8.9837 8.9551V24.1351C8.9837 25.3651 9.7937 26.1851 10.9637 26.1851Z","geometry":{"width":21.943359375,"height":26.181640625}}