{"path":"M4.8237 26.1377H21.3137C24.4437 26.1377 26.1437 24.4477 26.1437 21.3377V4.7977C26.1437 1.6977 24.4437 -0.0023 21.3137 -0.0023H4.8237C1.7137 -0.0023 0.0037 1.6977 0.0037 4.7977V21.3377C0.0037 24.4477 1.7137 26.1377 4.8237 26.1377ZM20.3537 14.7777C20.3537 18.1977 18.0637 20.4577 14.6137 20.4577H12.6237C11.7537 20.4577 11.1837 19.9177 11.1837 19.1377C11.1837 18.3777 11.7537 17.8677 12.6037 17.8677H14.6137C16.4837 17.8677 17.7337 16.6377 17.7337 14.7777C17.7337 12.9977 16.4837 11.7977 14.6137 11.7977H10.5437L9.3937 11.7177L10.1137 12.2077L11.6337 13.5177C11.8937 13.7577 12.0337 14.0577 12.0337 14.3677C12.0337 15.0477 11.4537 15.6277 10.8037 15.6277C10.4737 15.6277 10.1537 15.5077 9.9437 15.2677L6.1537 11.4477C5.8937 11.1677 5.7737 10.8377 5.7737 10.5177C5.7737 10.1677 5.9037 9.8477 6.1537 9.5877L9.9237 5.7677C10.1537 5.5277 10.4637 5.3977 10.7737 5.3977C11.4337 5.3977 12.0037 5.9777 12.0037 6.6477C12.0037 6.9577 11.8837 7.2777 11.6337 7.4877L10.2837 8.7477L9.3937 9.3877L10.5437 9.3077H14.6137C18.0637 9.3077 20.3537 11.4977 20.3537 14.7777Z","geometry":{"width":26.140625,"height":26.140625}}