{"path":"M4.8237 26.1377H21.3137C24.4437 26.1377 26.1437 24.4477 26.1437 21.3377V4.7977C26.1437 1.6977 24.4437 -0.0023 21.3137 -0.0023H4.8237C1.7137 -0.0023 0.0037 1.6977 0.0037 4.7977V21.3377C0.0037 24.4477 1.7137 26.1377 4.8237 26.1377ZM5.2137 22.6177C4.1137 22.6177 3.5237 22.0777 3.5237 20.9177V5.2377C3.5237 4.0777 4.1137 3.5277 5.2137 3.5277H20.9337C22.0237 3.5277 22.6137 4.0777 22.6137 5.2377V20.9177C22.6137 22.0777 22.0237 22.6177 20.9337 22.6177ZM13.0837 20.0677C13.9637 20.0677 14.6337 19.4677 14.6337 18.6177V12.8277L14.4637 10.1477L15.4937 11.5277L16.8537 13.0177C17.0937 13.2977 17.4637 13.4577 17.8437 13.4577C18.6237 13.4577 19.1837 12.9177 19.1837 12.1677C19.1837 11.7577 19.0737 11.4677 18.7737 11.1577L14.3437 6.5477C14.0037 6.1677 13.5937 5.9777 13.0837 5.9777C12.5937 5.9777 12.1937 6.1677 11.8437 6.5477L7.3937 11.1577C7.1137 11.4677 7.0037 11.7577 7.0037 12.1677C7.0037 12.9177 7.5437 13.4577 8.3237 13.4577C8.7237 13.4577 9.0937 13.2877 9.3237 13.0177L10.7037 11.4977L11.7037 10.1477L11.5537 12.8277V18.6177C11.5537 19.4677 12.2237 20.0677 13.0837 20.0677Z","geometry":{"width":26.140625,"height":26.140625}}