{"path":"M4.8237 26.1414H21.3137C24.4437 26.1414 26.1437 24.4414 26.1437 21.3414V4.8014C26.1437 1.6914 24.4437 0.0014 21.3137 0.0014H4.8237C1.7137 0.0014 0.0037 1.6914 0.0037 4.8014V21.3414C0.0037 24.4414 1.7137 26.1414 4.8237 26.1414ZM5.2137 22.6114C4.1137 22.6114 3.5237 22.0814 3.5237 20.9014V5.2214C3.5237 4.0614 4.1137 3.5314 5.2137 3.5314H20.9337C22.0237 3.5314 22.6137 4.0614 22.6137 5.2214V20.9014C22.6137 22.0814 22.0237 22.6114 20.9337 22.6114ZM20.1437 14.6014C20.1437 11.3314 17.8237 9.2714 14.5737 9.2714H10.5937L9.3637 9.3414L10.3037 8.6414L11.6337 7.4114C11.8637 7.2014 11.9937 6.9214 11.9937 6.6214C11.9937 5.9914 11.4437 5.4514 10.8237 5.4514C10.5237 5.4514 10.2537 5.5614 10.0337 5.8014L6.3737 9.5014C6.1437 9.7514 6.0037 10.0514 6.0037 10.3914C6.0037 10.7014 6.1237 11.0214 6.3737 11.2614L10.0537 14.9814C10.2637 15.2014 10.5437 15.3114 10.8537 15.3114C11.4537 15.3114 12.0037 14.7814 12.0037 14.1514C12.0037 13.8614 11.8837 13.5614 11.6337 13.3614L10.1437 12.0414L9.3637 11.5014L10.5937 11.5814H14.5737C16.3537 11.5814 17.6537 12.6914 17.6537 14.5514C17.6537 16.4014 16.3937 17.5914 14.5737 17.5914H12.6237C11.8437 17.5914 11.2837 18.0514 11.2837 18.8014C11.2837 19.5614 11.8437 20.0314 12.6237 20.0314H14.5737C17.8237 20.0314 20.1437 17.9014 20.1437 14.6014Z","geometry":{"width":26.140625,"height":26.140625}}