{"path":"M22.4909 20.6865C22.4909 20.0565 22.2409 19.5265 21.8609 18.7565L13.6809 1.8965C13.0409 0.6065 12.2809 -0.0035 11.2409 -0.0035C10.2109 -0.0035 9.4309 0.6065 8.8009 1.8965L0.6309 18.7565C0.2509 19.5265 0.0009 20.0565 0.0009 20.6865C0.0009 21.9265 0.9609 22.9565 2.5609 22.9565L19.9309 22.9365C21.5309 22.9365 22.4909 21.9265 22.4909 20.6865ZM18.0209 19.2465C18.0209 19.3365 17.9609 19.3765 17.8709 19.3765H4.6109C4.5109 19.3765 4.4609 19.3365 4.4609 19.2465C4.4609 19.2065 4.4809 19.1665 4.5109 19.0965L11.1009 5.0565C11.1409 5.0065 11.1809 4.9465 11.2409 4.9465C11.3109 4.9465 11.3509 5.0065 11.3709 5.0565L17.9609 19.0965C17.9909 19.1665 18.0209 19.2065 18.0209 19.2465Z","geometry":{"width":22.490234375,"height":22.955078125}}