{"path":"M14.2337 26.4173C14.6837 26.4173 15.3637 26.0273 15.9937 25.6173C23.5137 20.6973 28.4537 14.8573 28.4537 8.9873C28.4537 3.6273 24.7237 -0.0027 20.2437 -0.0027C17.4437 -0.0027 15.4337 1.5473 14.2337 3.7773C13.0337 1.5473 11.0037 -0.0027 8.2137 -0.0027C3.7437 -0.0027 0.0037 3.6273 0.0037 8.9873C0.0037 14.8573 4.9337 20.6973 12.4737 25.6173C13.0837 26.0273 13.7637 26.4173 14.2337 26.4173ZM9.1437 14.0273C9.1437 11.7973 10.8137 9.8473 12.9237 9.3773V8.3673C12.9237 7.7373 13.5937 7.4873 14.0937 7.8973L16.3637 9.7873C16.8137 10.1573 16.8137 10.7173 16.3637 11.1173L14.0937 13.0173C13.6037 13.4373 12.9237 13.1773 12.9237 12.5473V11.4873C11.8637 11.8973 11.1537 12.8973 11.1537 14.0373C11.1537 15.5873 12.3837 16.8173 13.9337 16.8173C15.4737 16.8173 16.7037 15.5873 16.7037 14.0373C16.7037 13.4773 17.1537 13.0273 17.7237 13.0273C18.2637 13.0273 18.7337 13.4773 18.7337 14.0373C18.7337 16.6973 16.5837 18.8573 13.9337 18.8573C11.2837 18.8573 9.1437 16.6973 9.1437 14.0273Z","geometry":{"width":28.451171875,"height":26.4140625}}