{"path":"M18.0837 26.1988C18.8837 26.1988 19.6237 26.1688 20.3837 26.0487C21.2437 25.8988 22.2837 25.3488 22.2837 24.0588C22.2837 22.8988 21.4937 22.1888 20.3337 22.1888C19.7537 22.1888 19.0537 22.2588 18.1337 22.2588C14.5037 22.2588 12.9437 20.9488 12.9437 17.2788L12.9637 9.4488L12.8237 6.1288L14.8337 8.3788L18.6437 12.2388C19.0137 12.6088 19.4837 12.8488 20.0737 12.8488C21.1337 12.8488 21.9437 12.0588 21.9437 10.8988C21.9437 10.4188 21.7337 9.9388 21.3237 9.5188L12.4437 0.6187C12.0737 0.2288 11.5137 -0.0012 10.9737 -0.0012C10.4437 -0.0012 9.8837 0.2288 9.5137 0.6187L0.6137 9.5188C0.2037 9.9388 0.0037 10.4188 0.0037 10.8988C0.0037 12.0588 0.8037 12.8488 1.8737 12.8488C2.4737 12.8488 2.9437 12.6088 3.2937 12.2388L7.1337 8.3788L9.1237 6.1388L8.9937 9.4488V17.5788C8.9937 23.5688 12.1237 26.1988 18.0837 26.1988Z","geometry":{"width":22.28515625,"height":26.1953125}}