{"path":"M22.4909 2.2698C22.4909 1.0098 21.5309 -0.0002 19.9309 -0.0002H2.5609C0.9609 -0.0002 0.0009 1.0098 0.0009 2.2598C0.0009 2.8798 0.2509 3.4198 0.6309 4.1798L8.8009 21.0398C9.4309 22.3398 10.2109 22.9598 11.2409 22.9598C12.2809 22.9598 13.0409 22.3398 13.6809 21.0398L21.8609 4.1798C22.2409 3.4198 22.4909 2.8998 22.4909 2.2698ZM18.0209 3.6898C18.0209 3.7498 17.9909 3.7898 17.9609 3.8598L11.3709 17.8798C11.3509 17.9498 11.3109 17.9898 11.2409 17.9898C11.1809 17.9898 11.1409 17.9498 11.1009 17.8798L4.5109 3.8398C4.4809 3.7698 4.4609 3.7298 4.4609 3.6898C4.4609 3.6098 4.5109 3.5698 4.6109 3.5698L17.8709 3.5798C17.9609 3.5798 18.0209 3.6198 18.0209 3.6898Z","geometry":{"width":22.490234375,"height":22.955078125}}