{"path":"M4.8237 26.1377H21.3137C24.4437 26.1377 26.1437 24.4477 26.1437 21.3377V4.7977C26.1437 1.6977 24.4437 -0.0023 21.3137 -0.0023H4.8237C1.7137 -0.0023 0.0037 1.6977 0.0037 4.7977V21.3377C0.0037 24.4477 1.7137 26.1377 4.8237 26.1377ZM5.2137 22.6177C4.1137 22.6177 3.5237 22.0777 3.5237 20.9177V5.2377C3.5237 4.0777 4.1137 3.5277 5.2137 3.5277H20.9337C22.0237 3.5277 22.6137 4.0777 22.6137 5.2377V20.9177C22.6137 22.0777 22.0237 22.6177 20.9337 22.6177ZM17.8137 19.3077L21.0437 15.9677C21.2337 15.7877 21.3537 15.5077 21.3537 15.2477C21.3537 14.6677 20.9437 14.2577 20.3537 14.2577C20.0837 14.2577 19.8337 14.3377 19.6437 14.5377L18.3337 15.9177L18.0637 16.1977L18.0737 15.5077V7.4877C18.0737 6.9177 17.6337 6.4777 17.0637 6.4777C16.4737 6.4777 16.0337 6.9177 16.0337 7.4877V15.5177L16.0637 16.2177L15.7737 15.9177L14.4637 14.5377C14.2737 14.3377 14.0237 14.2577 13.7537 14.2577C13.1637 14.2577 12.7537 14.6677 12.7537 15.2477C12.7537 15.5077 12.8837 15.7777 13.0537 15.9677L16.3137 19.3077C16.6937 19.6977 17.3737 19.7377 17.8137 19.3077ZM8.3537 6.8077L5.1137 10.1477C4.9337 10.3477 4.8037 10.6277 4.8037 10.8677C4.8037 11.4477 5.2237 11.8677 5.8137 11.8677C6.0837 11.8677 6.3137 11.7677 6.5037 11.5777L7.8337 10.1977L8.0937 9.8977V18.6177C8.0937 19.1977 8.5337 19.6377 9.1037 19.6377C9.6937 19.6377 10.1137 19.1977 10.1137 18.6177V10.6077L10.1037 9.8977L10.3737 10.1977L11.6937 11.5777C11.8837 11.7677 12.1437 11.8677 12.4037 11.8677C12.9837 11.8677 13.4137 11.4577 13.4137 10.8677C13.4137 10.6077 13.2737 10.3377 13.0837 10.1477L9.8437 6.8077C9.4437 6.4077 8.7937 6.3577 8.3537 6.8077Z","geometry":{"width":26.140625,"height":26.140625}}