{"path":"M18.0837 -0.0012C12.1237 -0.0012 8.9937 2.6388 8.9937 8.6088V16.7588L9.1237 20.0688L7.1337 17.8188L3.2937 13.9688C2.9437 13.5988 2.4737 13.3388 1.8737 13.3388C0.8037 13.3388 0.0037 14.1388 0.0037 15.2988C0.0037 15.7788 0.2037 16.2688 0.6137 16.6788L9.5137 25.5988C9.8837 25.9588 10.4437 26.1988 10.9737 26.1988C11.5137 26.1988 12.0737 25.9588 12.4437 25.5988L21.3237 16.6788C21.7337 16.2688 21.9437 15.7788 21.9437 15.2988C21.9437 14.1388 21.1337 13.3388 20.0737 13.3388C19.4837 13.3388 19.0137 13.5988 18.6437 13.9688L14.8337 17.8188L12.8237 20.0688L12.9637 16.7588L12.9437 8.9288C12.9437 5.2587 14.5037 3.9488 18.1337 3.9488C19.0537 3.9488 19.7537 4.0188 20.3337 4.0188C21.4937 4.0188 22.2837 3.2987 22.2837 2.1487C22.2837 0.8588 21.2437 0.2888 20.3837 0.1487C19.6237 0.0388 18.8837 -0.0012 18.0837 -0.0012Z","geometry":{"width":22.28515625,"height":26.1953125}}