{"path":"M23.9437 0.0048C22.7937 0.0048 22.0437 0.7748 22.0437 1.9548C22.0437 2.5448 22.1037 3.2248 22.1037 4.1748C22.1037 7.9048 20.7437 9.4248 17.0337 9.4248H9.1637L6.0437 9.6148L9.1837 6.7848L12.2337 3.7348C12.5937 3.3648 12.8537 2.8948 12.8537 2.3148C12.8537 1.2448 12.0537 0.4248 10.8937 0.4248C10.4137 0.4248 9.9237 0.6448 9.5137 1.0348L0.6137 9.9348C0.2337 10.3048 0.0037 10.8648 0.0037 11.4048C0.0037 11.9348 0.2337 12.4948 0.6137 12.8648L9.5037 21.7548C9.9237 22.1748 10.4137 22.3848 10.8937 22.3848C12.0537 22.3848 12.8537 21.5748 12.8537 20.5048C12.8537 19.9048 12.6037 19.4448 12.2337 19.0848L9.1837 16.0248L6.0437 13.2048L9.1637 13.3848H17.3337C23.3937 13.3848 26.1037 10.3348 26.1037 4.2148C26.1037 3.4148 26.0537 2.6548 25.9337 1.8848C25.7837 1.0248 25.2337 0.0048 23.9437 0.0048Z","geometry":{"width":26.099609375,"height":22.380859375}}