{"path":"M22.6807 29.6004C23.5007 29.6004 24.1907 29.0104 24.1907 28.1504V1.4404C24.1907 0.5904 23.4907 0.0004 22.6807 0.0004C21.9107 0.0004 21.1707 0.6004 21.1707 1.4404V28.1504C21.1707 29.0104 21.8907 29.6004 22.6807 29.6004ZM33.3807 23.4204L44.1107 16.9004C45.7907 15.8704 45.7907 13.7104 44.1107 12.7004L33.3807 6.1804C31.6707 5.1304 29.7507 6.0204 29.7507 8.0904V21.5104C29.7507 23.6004 31.6907 24.4304 33.3807 23.4204ZM1.2607 16.9004L11.9907 23.4204C13.6607 24.4304 15.6207 23.6004 15.6207 21.5104V8.0904C15.6207 6.0204 13.7007 5.1304 11.9907 6.1804L1.2607 12.7004C-0.4193 13.7104 -0.4193 15.8704 1.2607 16.9004ZM33.0607 20.2704C32.9407 20.3604 32.7207 20.3404 32.7207 20.1104V9.4704C32.7207 9.2404 32.9407 9.2404 33.0607 9.3104L41.7207 14.6004C41.9207 14.7404 41.8507 14.8904 41.7207 14.9804ZM3.6507 14.9804C3.5007 14.8904 3.4507 14.7404 3.6507 14.6004L12.3107 9.3104C12.4207 9.2404 12.6507 9.2404 12.6507 9.4704V20.1104C12.6507 20.3404 12.4307 20.3704 12.3107 20.2704Z","geometry":{"width":45.3701171875,"height":29.599609375}}