{"path":"M4.8237 26.1377H21.3137C24.4437 26.1377 26.1437 24.4477 26.1437 21.3377V4.7977C26.1437 1.6977 24.4437 -0.0023 21.3137 -0.0023H4.8237C1.7137 -0.0023 0.0037 1.6977 0.0037 4.7977V21.3377C0.0037 24.4477 1.7137 26.1377 4.8237 26.1377ZM8.6937 8.8277C9.5737 8.8277 10.1137 9.4477 10.1137 10.4177V12.3577L9.9237 14.1377L11.6337 12.2077L16.1637 7.6677C16.5337 7.3177 16.9437 7.1477 17.4137 7.1477C18.3237 7.1477 19.0337 7.7977 19.0337 8.7677C19.0337 9.1877 18.8437 9.6277 18.5137 9.9577L13.9437 14.5177L12.0037 16.2277L13.7037 16.0077H15.7637C16.7337 16.0077 17.3537 16.5577 17.3537 17.4177C17.3537 18.2977 16.7337 18.8377 15.7537 18.8377H9.2037C8.0137 18.8377 7.2837 18.1977 7.2837 16.9577V10.4177C7.2837 9.4577 7.8337 8.8277 8.6937 8.8277Z","geometry":{"width":26.140625,"height":26.140625}}