{"path":"M0.5854 7.4328C-0.2046 8.1928 -0.1946 9.3928 0.5854 10.1428L7.6454 17.0028C7.9854 17.3528 8.5054 17.5728 8.9754 17.5728C10.0354 17.5728 10.7754 16.8128 10.7754 15.7628C10.7754 15.2728 10.6154 14.8328 10.2554 14.4928L7.3754 11.7128L5.9854 10.5428L8.5054 10.6128H25.4554C26.4954 10.6128 27.2754 9.8328 27.2754 8.7928C27.2754 7.7428 26.4954 6.9628 25.4554 6.9628H8.5054L5.9854 7.0228L7.3754 5.8528L10.2554 3.0728C10.6154 2.7528 10.7754 2.3128 10.7754 1.8028C10.7754 0.7528 10.0354 0.0028 8.9754 0.0028C8.5054 0.0028 7.9854 0.2228 7.6454 0.5628ZM26.6854 26.1128C27.4854 25.3628 27.4654 24.1628 26.6854 23.4028L19.6354 16.5428C19.2954 16.2028 18.7754 15.9828 18.3054 15.9828C17.2454 15.9828 16.5054 16.7328 16.5054 17.7828C16.5054 18.2828 16.6654 18.7128 17.0254 19.0628L19.9054 21.8328L21.2854 23.0128L18.7754 22.9428H1.8354C0.7854 22.9428 0.0054 23.7228 0.0054 24.7628C0.0054 25.8128 0.7854 26.5928 1.8354 26.5928H18.7754L21.2854 26.5228L19.9054 27.7028L17.0254 30.4728C16.6654 30.8028 16.5054 31.2428 16.5054 31.7428C16.5054 32.8028 17.2454 33.5528 18.3054 33.5528C18.7754 33.5528 19.2954 33.3328 19.6354 32.9928Z","geometry":{"width":27.278830884007853,"height":33.55078125}}