{"path":"M4.8237 26.1377H21.3137C24.4437 26.1377 26.1437 24.4477 26.1437 21.3377V4.7977C26.1437 1.6977 24.4437 -0.0023 21.3137 -0.0023H4.8237C1.7137 -0.0023 0.0037 1.6977 0.0037 4.7977V21.3377C0.0037 24.4477 1.7137 26.1377 4.8237 26.1377ZM12.3437 18.3977L7.5037 10.1177C7.1337 9.4777 7.4737 8.6277 8.1937 8.6277H18.1137C18.8237 8.6277 19.1837 9.4477 18.7837 10.1177L13.9737 18.3977C13.6137 19.0177 12.7037 19.0077 12.3437 18.3977Z","geometry":{"width":26.140625,"height":26.140625}}