{"path":"M4.8237 26.9717H29.3437C32.4537 26.9717 34.1637 25.2817 34.1637 22.1717V7.7817C34.1637 4.6917 32.4537 2.9817 29.3437 2.9817H25.8837C24.8237 2.9817 24.4437 2.8417 23.7037 2.1317L22.6437 1.0617C21.8937 0.3317 21.1337 0.0017 19.7737 0.0017H14.3537C12.9837 0.0017 12.2337 0.3317 11.4837 1.0617L10.4137 2.1317C9.6837 2.8317 9.2937 2.9817 8.2437 2.9817H4.8237C1.7137 2.9817 0.0037 4.6917 0.0037 7.7817V22.1717C0.0037 25.2817 1.7137 26.9717 4.8237 26.9717ZM5.2137 23.4517C4.1137 23.4517 3.5237 22.9117 3.5237 21.7517V8.2217C3.5237 7.0517 4.1137 6.5117 5.2137 6.5117H9.4237C10.6537 6.5117 11.2337 6.3117 11.9337 5.5817L12.9337 4.5217C13.6737 3.7317 14.1137 3.5317 15.2837 3.5317H18.8437C20.0137 3.5317 20.4537 3.7417 21.1637 4.5017L22.1937 5.5817C22.8837 6.3017 23.4737 6.5117 24.7037 6.5117H28.9537C30.0537 6.5117 30.6437 7.0517 30.6437 8.2217V21.7517C30.6437 22.9117 30.0537 23.4517 28.9537 23.4517ZM12.6637 10.1717C13.0737 10.7617 13.7637 10.9217 14.4937 10.4417C15.3037 9.8617 16.1037 9.5817 17.0937 9.5817C19.2337 9.5817 21.0137 10.9417 21.6037 12.8417H20.5237C19.7937 12.8417 19.5637 13.5617 20.0037 14.1217L22.1237 16.9717C22.5337 17.5117 23.2437 17.5317 23.6537 16.9717L25.7537 14.1217C26.1837 13.5517 25.9537 12.8417 25.2337 12.8417H24.1537C23.5137 9.4617 20.6537 7.0517 17.0937 7.0517C15.5437 7.0517 14.1537 7.5217 13.1237 8.3017C12.3837 8.8417 12.2337 9.6117 12.6637 10.1717ZM8.3837 14.2617C7.9537 14.8517 8.1937 15.5617 8.9037 15.5617H10.0237C10.6737 18.9317 13.5337 21.3317 17.1037 21.3317C18.6337 21.3317 20.0337 20.8617 21.0537 20.0817C21.8037 19.5517 21.9437 18.7817 21.5337 18.2117C21.1137 17.6317 20.4137 17.4717 19.6837 17.9417C18.8837 18.5217 18.0737 18.8117 17.1037 18.8117C14.9437 18.8117 13.1637 17.4417 12.5637 15.5617H13.6137C14.3437 15.5617 14.5737 14.8317 14.1337 14.2617L12.0137 11.4317C11.6037 10.8717 10.8937 10.8717 10.4837 11.4317Z","geometry":{"width":34.166015625,"height":26.974609375}}