{"path":"M4.8237 26.1377H27.8037C30.9437 26.1377 32.6337 24.4477 32.6337 21.3377V4.7977C32.6337 1.6977 30.9437 -0.0023 27.8037 -0.0023H4.8237C1.7137 -0.0023 0.0037 1.6977 0.0037 4.7977V21.3377C0.0037 24.4477 1.7137 26.1377 4.8237 26.1377ZM5.0837 14.9577C5.0837 14.5977 5.2537 14.2777 5.5737 13.9677L10.5237 9.0077L11.1037 8.4877L9.0637 8.5577H7.8437C7.0937 8.5577 6.5037 8.0077 6.5037 7.2477C6.5037 6.4677 7.0637 5.9377 7.8437 5.9377H14.1137C14.9137 5.9377 15.4737 6.4777 15.4737 7.2777V13.4577C15.4737 14.2277 14.9337 14.7977 14.1637 14.7977C13.3837 14.7977 12.8337 14.2277 12.8337 13.4577V12.2377L12.9037 10.2777L12.3837 10.8677L7.4237 15.8177C7.0937 16.1477 6.7637 16.2977 6.4237 16.2977C5.7037 16.2977 5.0837 15.6677 5.0837 14.9577ZM27.6337 11.1977C27.6337 11.5477 27.4837 11.8977 27.1537 12.1777L22.2037 17.1277L21.6337 17.6677L23.6637 17.5977H24.8837C25.6337 17.5977 26.2237 18.1377 26.2237 18.9077C26.2237 19.6877 25.6637 20.2177 24.8837 20.2177H18.6037C17.8137 20.2177 17.2537 19.6777 17.2537 18.8777V12.6977C17.2537 11.9177 17.8037 11.3577 18.5637 11.3577C19.3437 11.3577 19.8937 11.9177 19.8937 12.6977V13.9177L19.8237 15.8777L20.3437 15.2877L25.3037 10.3177C25.6337 10.0077 25.9637 9.8577 26.2937 9.8577C27.0337 9.8577 27.6337 10.4877 27.6337 11.1977Z","geometry":{"width":32.634765625,"height":26.140625}}