{"path":"M0.0037 30.6235C0.0037 33.7535 1.6937 35.4535 4.8037 35.4535H17.5037C20.6037 35.4535 22.3037 33.7435 22.3037 30.6235V28.1135H24.5037C27.6037 28.1135 29.2837 26.4035 29.2837 23.2835V4.8235C29.2837 1.7135 27.6037 0.0035 24.5037 0.0035H11.8037C8.6937 0.0035 7.0037 1.7135 7.0037 4.8235V7.3535H4.8037C1.6937 7.3535 0.0037 9.0535 0.0037 12.1835ZM14.0637 4.2935V3.9535C14.0637 3.5435 14.3937 2.9835 15.0837 2.9835H21.2037C21.9037 2.9835 22.2137 3.5435 22.2137 3.9535V4.2935C22.2137 4.8035 21.8237 5.2635 21.2037 5.2635H15.0837C14.4637 5.2635 14.0637 4.8035 14.0637 4.2935ZM3.5237 30.2435V12.5635C3.5237 11.4735 4.0637 10.8835 5.2237 10.8835H17.0637C18.2237 10.8835 18.7737 11.4735 18.7737 12.5635V30.2435C18.7737 31.3535 18.2237 31.9235 17.0637 31.9235H5.2237C4.0637 31.9235 3.5237 31.3535 3.5237 30.2435ZM11.1537 27.2635C11.8537 27.2635 12.3837 26.7735 12.3837 26.0835V21.0235L12.2737 18.8235L13.1237 19.9635L14.2337 21.1735C14.4137 21.3935 14.7137 21.5335 15.0237 21.5335C15.6537 21.5335 16.1237 21.0935 16.1237 20.4935C16.1237 20.1635 16.0137 19.9335 15.7737 19.6835L12.1637 15.9135C11.8837 15.6135 11.5637 15.4635 11.1437 15.4635C10.7637 15.4635 10.4337 15.6035 10.1437 15.9135L6.5237 19.6835C6.3037 19.9335 6.1937 20.1635 6.1937 20.4935C6.1937 21.0935 6.6437 21.5335 7.2837 21.5335C7.5837 21.5335 7.8937 21.3835 8.0837 21.1735L9.1837 19.9735L10.0337 18.8235L9.9137 21.0235V26.0835C9.9137 26.7735 10.4437 27.2635 11.1537 27.2635Z","geometry":{"width":29.28515625,"height":35.451171875}}