{"path":"M4.8237 26.1377H21.3137C24.4437 26.1377 26.1437 24.4477 26.1437 21.3377V4.7977C26.1437 1.6977 24.4437 -0.0023 21.3137 -0.0023H4.8237C1.7137 -0.0023 0.0037 1.6977 0.0037 4.7977V21.3377C0.0037 24.4477 1.7137 26.1377 4.8237 26.1377ZM13.1637 5.5877C14.0937 5.5877 14.8037 6.2177 14.8037 7.1277V13.1977L14.6437 16.0377L15.7137 14.5777L17.1337 13.0177C17.3737 12.7177 17.7837 12.5377 18.1837 12.5377C19.0137 12.5377 19.6237 13.1077 19.6237 13.9177C19.6237 14.3377 19.4837 14.6577 19.1637 14.9977L14.5037 19.8477C14.1237 20.2577 13.7037 20.4677 13.1637 20.4677C12.6337 20.4677 12.2237 20.2777 11.8437 19.8477L7.1637 14.9977C6.8537 14.6577 6.7237 14.3377 6.7237 13.9177C6.7237 13.1077 7.3137 12.5377 8.1437 12.5377C8.5537 12.5377 8.9537 12.7177 9.2037 13.0177L10.6537 14.6177L11.6937 16.0277L11.5237 13.1977V7.1277C11.5237 6.2177 12.2337 5.5877 13.1637 5.5877Z","geometry":{"width":26.140625,"height":26.140625}}