{"path":"M4.8237 26.1377H21.3137C24.4437 26.1377 26.1437 24.4477 26.1437 21.3377V4.7977C26.1437 1.6977 24.4437 -0.0023 21.3137 -0.0023H4.8237C1.7137 -0.0023 0.0037 1.6977 0.0037 4.7977V21.3377C0.0037 24.4477 1.7137 26.1377 4.8237 26.1377ZM5.2137 22.6177C4.1137 22.6177 3.5237 22.0777 3.5237 20.9177V5.2377C3.5237 4.0777 4.1137 3.5277 5.2137 3.5277H20.9337C22.0237 3.5277 22.6137 4.0777 22.6137 5.2377V20.9177C22.6137 22.0777 22.0237 22.6177 20.9337 22.6177ZM17.3037 9.0677C16.4837 9.0677 15.9837 9.6477 15.9837 10.5577V12.4177L16.1737 14.1077L14.5437 12.2777L10.2137 7.9577C9.8737 7.6177 9.4837 7.4677 9.0537 7.4677C8.1937 7.4677 7.5237 8.0677 7.5237 8.9677C7.5237 9.3777 7.7137 9.7877 7.9937 10.0777L12.3737 14.4477L14.2237 16.0777L12.6037 15.8577H10.6137C9.7037 15.8577 9.1337 16.3777 9.1337 17.1977C9.1337 18.0177 9.7037 18.5277 10.6237 18.5277H16.8537C17.9737 18.5277 18.6437 17.9277 18.6437 16.7577V10.5577C18.6437 9.6677 18.1337 9.0677 17.3037 9.0677Z","geometry":{"width":26.140625,"height":26.140625}}