{"path":"M2.2986 12.7726H9.8586C11.7186 12.7726 12.7786 11.6926 12.7786 9.8326V2.5326C12.7786 1.4526 11.9586 0.6726 10.8786 0.6726C9.7886 0.6726 8.9786 1.4326 8.9786 2.5326V3.2026L9.2786 6.6626L6.8086 4.0426L3.3386 0.5426C2.9786 0.1826 2.4986 0.0026 1.9786 0.0026C0.8186 0.0026 -0.0014 0.8226 -0.0014 1.9826C-0.0014 2.5026 0.2186 2.9526 0.5886 3.3126L4.0786 6.7926L6.6986 9.2726L3.1886 8.9526H2.2986C1.2186 8.9526 0.4386 9.7726 0.4386 10.8526C0.4386 11.9626 1.2186 12.7726 2.2986 12.7726ZM16.4086 26.5126C17.4886 26.5126 18.3086 25.7426 18.3086 24.6526V23.9026L17.9886 20.4426L20.4786 23.0626L23.9986 26.6026C24.3486 26.9726 24.8286 27.1526 25.3486 27.1526C26.5086 27.1526 27.3286 26.3326 27.3286 25.1526C27.3286 24.6526 27.1086 24.2026 26.7386 23.8326L23.2186 20.3026L20.5886 17.8426L24.0886 18.1426H25.0586C26.1386 18.1426 26.9186 17.3326 26.9186 16.2426C26.9186 15.1526 26.1586 14.3426 25.0586 14.3426H17.4286C15.5686 14.3426 14.4886 15.4226 14.4886 17.2626V24.6526C14.4886 25.7326 15.3086 26.5126 16.4086 26.5126Z","geometry":{"width":27.330078125,"height":27.15234375}}