{"path":"M15.8288 26.0704C16.6888 26.0704 17.3588 25.7304 18.1688 24.9804L29.0688 14.8304C29.6088 14.3104 29.8688 13.6204 29.8688 13.0304C29.8688 12.4304 29.6287 11.7604 29.0688 11.2404L18.1688 1.1504C17.2788 0.3304 16.6788 0.0004 15.8488 0.0004C14.5588 0.0004 13.5988 1.0104 13.5988 2.2804V6.7104H13.3588C4.4988 6.7104 -0.0013 12.4404 -0.0013 22.0804C-0.0013 24.6204 0.8187 25.9104 2.1288 25.9104C3.0588 25.9104 3.8188 25.5504 4.4288 24.3604C6.2188 21.1004 8.8188 19.4304 13.3588 19.4304H13.5988V23.8304C13.5988 25.1004 14.5588 26.0704 15.8288 26.0704ZM16.8288 21.6304C16.7087 21.6304 16.6088 21.5304 16.6088 21.4004V16.6904C16.6088 16.3904 16.4788 16.2604 16.1788 16.2604H14.5487C8.5988 16.2604 4.8488 17.8604 3.1588 21.2204C3.1188 21.3004 3.0888 21.3404 3.0388 21.3404C2.9787 21.3404 2.9387 21.2904 2.9387 21.2004C3.0888 14.6304 6.5488 9.8304 14.5487 9.8304H16.1788C16.4788 9.8304 16.6088 9.6904 16.6088 9.3804V4.6204C16.6088 4.4804 16.7087 4.3904 16.8288 4.3904C16.9088 4.3904 16.9788 4.4304 17.0487 4.4804L25.7888 12.7804C25.8988 12.8904 25.9188 12.9504 25.9188 13.0304C25.9188 13.1104 25.8988 13.1804 25.7888 13.2704L17.0487 21.5204C16.9788 21.6004 16.8988 21.6304 16.8288 21.6304Z","geometry":{"width":29.873046875,"height":26.072265625}}