{"path":"M30.7632 13.6695V2.7795C30.7632 0.9395 29.6232 -0.0005 28.2232 -0.0005C27.4832 -0.0005 26.8832 0.2295 26.2632 0.6195L10.5632 10.5795C9.3532 11.3195 8.8432 12.4795 8.8432 13.6695C8.8432 15.2895 9.9632 16.7495 11.9232 16.7495H27.6832C29.7132 16.7495 30.7632 15.6995 30.7632 13.6695ZM4.9332 33.1695L7.9332 29.2195C8.5832 28.3695 8.1932 27.3195 7.1232 27.3195H5.2632V7.9995H7.1232C8.1932 7.9995 8.5832 6.9595 7.9332 6.0995L4.9332 2.1495C4.5232 1.5995 3.7432 1.6095 3.3232 2.1495L0.3232 6.0995C-0.3168 6.9495 0.0432 7.9995 1.1632 7.9995H2.9632V27.3195H1.1632C0.0532 27.3195 -0.3468 28.3595 0.3232 29.2195L3.3232 33.1695C3.7432 33.7195 4.5232 33.7195 4.9332 33.1695ZM27.0432 12.7695C27.0432 12.9495 26.9732 13.0195 26.7932 13.0195H13.4432C13.3732 13.0195 13.3132 12.9795 13.3132 12.9095C13.3132 12.8495 13.3332 12.8095 13.4132 12.7695L26.7832 4.6995C26.8332 4.6795 26.8832 4.6595 26.9332 4.6595C27.0032 4.6595 27.0432 4.7195 27.0432 4.7995ZM30.7632 32.5495V21.6595C30.7632 19.6195 29.7132 18.5795 27.6832 18.5795H11.9232C9.9632 18.5795 8.8432 20.0295 8.8432 21.6395C8.8432 22.8495 9.3532 24.0095 10.5632 24.7295L26.2632 34.7095C26.8832 35.0995 27.4832 35.3295 28.2232 35.3295C29.6232 35.3295 30.7632 34.3895 30.7632 32.5495ZM27.0432 30.5295C27.0432 30.6095 27.0032 30.6695 26.9332 30.6695C26.8832 30.6695 26.8332 30.6495 26.7832 30.6295L13.3932 22.5595C13.3432 22.5195 13.3132 22.4595 13.3132 22.4195C13.3132 22.3495 13.3732 22.3095 13.4432 22.3095H26.7932C26.9732 22.3095 27.0432 22.3695 27.0432 22.5595Z","geometry":{"width":30.76121420991443,"height":35.328125}}