{"path":"M21.3437 5.5915C21.3437 4.4415 20.4637 3.5515 19.4037 3.5515C18.3337 3.5515 17.5137 4.4415 17.5137 5.5615V10.7915L17.7037 15.1315L15.5737 12.7415L3.4737 0.6515C3.0337 0.2315 2.5337 0.0015 2.0137 0.0015C0.9537 0.0015 0.0037 0.9715 0.0037 2.0115C0.0037 2.5315 0.2437 3.0315 0.6737 3.4715L12.7437 15.5715L15.1337 17.6915L10.6337 17.5315H5.5637C4.4437 17.5315 3.5537 18.3515 3.5537 19.4015C3.5537 20.4715 4.4137 21.3415 5.5737 21.3415H19.2737C20.5237 21.3415 21.3537 20.5115 21.3537 19.2815Z","geometry":{"width":21.35546875,"height":21.341796875}}