{"path":"M20.6809 -0.0043C20.0609 -0.0043 19.5209 0.2457 18.7609 0.6157L1.9009 8.8057C0.6009 9.4357 0.0009 10.1957 0.0009 11.2357C0.0009 12.2757 0.6009 13.0457 1.9009 13.6757L18.7609 21.8657C19.5409 22.2457 20.0709 22.4757 20.7009 22.4757C21.9409 22.4757 22.9509 21.5157 22.9509 19.9357V2.5457C22.9509 0.9557 21.9309 -0.0043 20.6809 -0.0043ZM19.2509 4.4657C19.3309 4.4657 19.3709 4.5257 19.3709 4.6257L19.3909 17.8657C19.3909 17.9657 19.3309 18.0157 19.2609 18.0157C19.2209 18.0157 19.1709 17.9957 19.1109 17.9657L5.0709 11.3757C5.0009 11.3457 4.9609 11.3057 4.9609 11.2357C4.9609 11.1857 5.0009 11.1457 5.0709 11.1057L19.1009 4.5257C19.1709 4.4857 19.2109 4.4657 19.2509 4.4657Z","geometry":{"width":22.955078125,"height":22.4765625}}