{"path":"M2.2737 22.1753C2.8937 22.1753 3.4337 21.9153 4.1937 21.5453L20.8937 13.5253C22.1937 12.9053 22.7937 12.1253 22.7937 11.0853C22.7937 10.0453 22.1937 9.2853 20.8937 8.6553L4.1937 0.6253C3.4137 0.2553 2.8937 -0.0047 2.2737 -0.0047C1.0137 -0.0047 0.0037 0.9553 0.0037 2.5553L0.0137 19.6153C0.0137 21.2153 1.0237 22.1753 2.2737 22.1753Z","geometry":{"width":22.791015625,"height":22.17578125}}