{"path":"M15.3249 16.2604H13.6949C13.3949 16.2604 13.2649 16.3904 13.2649 16.6904V21.4004C13.2649 21.5304 13.1649 21.6304 13.0449 21.6304C12.9649 21.6304 12.8949 21.6004 12.8149 21.5204L4.0849 13.2704C3.9749 13.1804 3.9349 13.1104 3.9349 13.0304C3.9349 12.9504 3.9749 12.8904 4.0849 12.7804L12.8149 4.4804C12.8749 4.4304 12.9649 4.3904 13.0249 4.3904C13.1649 4.3904 13.2649 4.4804 13.2649 4.6204V9.3804C13.2649 9.6904 13.3949 9.8304 13.6949 9.8304H15.3249C19.3749 9.8304 22.3349 11.0104 24.2449 13.1704C25.1849 12.5804 26.2549 12.1704 27.3949 11.9904C25.2149 8.5704 21.5449 6.7104 16.5149 6.7104H16.2649V2.2804C16.2649 1.0104 15.3149 0.0004 14.0149 0.0004C13.1949 0.0004 12.5949 0.3304 11.6849 1.1504L0.8049 11.2404C0.2449 11.7604 0.0049 12.4304 0.0049 13.0304C0.0049 13.6204 0.2549 14.3104 0.8049 14.8304L11.6849 24.9804C12.5049 25.7304 13.1749 26.0704 14.0249 26.0704C15.3149 26.0704 16.2649 25.1004 16.2649 23.8304V19.4304H16.5149C17.6749 19.4304 18.7149 19.5204 19.6449 19.7404C19.7649 18.6904 20.1149 17.6804 20.6149 16.7904C19.0949 16.4204 17.3349 16.2604 15.3249 16.2604ZM28.7649 28.3404C32.6849 28.3404 35.9549 25.0604 35.9549 21.1404C35.9549 17.2004 32.7049 13.9404 28.7649 13.9404C24.8149 13.9404 21.5649 17.2004 21.5649 21.1404C21.5649 25.0704 24.8149 28.3404 28.7649 28.3404ZM25.4849 22.4604C24.8449 22.4604 24.3449 21.9604 24.3449 21.3304C24.3449 20.6904 24.8549 20.1904 25.4849 20.1904H27.7249V17.3404C27.7249 16.7104 28.2149 16.2104 28.8649 16.2104C29.5049 16.2104 30.0049 16.7104 30.0049 17.3404V21.3304C30.0049 21.9704 29.5049 22.4604 28.8649 22.4604Z","geometry":{"width":35.95703125,"height":28.341796875}}