{"path":"M4.8237 26.1377H21.3137C24.4437 26.1377 26.1437 24.4477 26.1437 21.3377V4.7977C26.1437 1.6977 24.4437 -0.0023 21.3137 -0.0023H4.8237C1.7137 -0.0023 0.0037 1.6977 0.0037 4.7977V21.3377C0.0037 24.4477 1.7137 26.1377 4.8237 26.1377ZM5.2137 22.6177C4.1137 22.6177 3.5237 22.0777 3.5237 20.9177V5.2377C3.5237 4.0777 4.1137 3.5277 5.2137 3.5277H20.9337C22.0237 3.5277 22.6137 4.0777 22.6137 5.2377V20.9177C22.6137 22.0777 22.0237 22.6177 20.9337 22.6177ZM8.8437 16.9277C9.6637 16.9277 10.1837 16.3477 10.1837 15.4377V13.5777L9.9837 11.8777L11.6037 13.7177L15.9437 18.0477C16.2837 18.3777 16.6637 18.5277 17.1137 18.5277C17.9637 18.5277 18.6337 17.9277 18.6337 17.0177C18.6337 16.6077 18.4537 16.1977 18.1537 15.9177L13.7937 11.5377L11.9337 9.9077L13.5537 10.1277H15.5437C16.4437 10.1277 17.0337 9.6077 17.0337 8.7877C17.0337 7.9677 16.4437 7.4677 15.5337 7.4677H9.2937C8.1937 7.4677 7.5037 8.0677 7.5037 9.2277V15.4377C7.5037 16.3277 8.0237 16.9277 8.8437 16.9277Z","geometry":{"width":26.140625,"height":26.140625}}