{"path":"M17.3037 -0.0035C11.5437 -0.0035 7.5637 3.8965 7.5637 10.0465V17.7165L7.6937 20.7965L5.9837 18.7265L3.2937 15.9665C2.9437 15.5965 2.5037 15.3365 1.9037 15.3365C0.8037 15.3365 0.0037 16.1165 0.0037 17.2665C0.0037 17.7765 0.2237 18.2965 0.6137 18.6865L8.0837 26.2365C8.4337 26.6065 8.9937 26.8265 9.5437 26.8265C10.0737 26.8265 10.6337 26.6065 10.9937 26.2365L18.4437 18.6865C18.8437 18.2965 19.0537 17.7765 19.0537 17.2665C19.0537 16.1165 18.2537 15.3365 17.1737 15.3365C16.5537 15.3365 16.1337 15.5965 15.7637 15.9665L13.0837 18.7265L11.3737 20.7965L11.5137 17.7165V10.1865C11.5137 6.2365 13.8937 3.8865 17.2437 3.8865C20.5937 3.8865 22.9837 6.2365 22.9837 10.1865V13.4265C22.9837 14.5865 23.8537 15.4365 24.9637 15.4365C26.0537 15.4365 26.9437 14.5865 26.9437 13.4265V9.9265C26.9437 3.8465 23.1637 -0.0035 17.3037 -0.0035Z","geometry":{"width":26.947265625,"height":26.82421875}}