{"path":"M13.3937 26.1704C14.1137 26.1704 14.7137 25.8104 15.0437 25.0104C16.4037 21.1504 18.4537 19.4304 21.7837 19.4304H22.1337V23.8304C22.1337 25.1004 23.0937 26.0704 24.3637 26.0704C25.2237 26.0704 25.8837 25.7304 26.7037 24.9804L37.5837 14.8304C38.1437 14.3104 38.3937 13.6204 38.3937 13.0304C38.3937 12.4304 38.1437 11.7604 37.5937 11.2404L26.7037 1.1504C25.8137 0.3304 25.1937 0.0004 24.3737 0.0004C23.0937 0.0004 22.1337 1.0104 22.1337 2.2804V6.7104H21.8937C17.9537 6.7104 14.5237 8.7404 13.4437 13.4904H13.3337C12.2137 8.4404 8.4037 6.7304 4.5237 6.7304H3.3237C1.1037 6.7304 0.0037 7.8504 0.0037 10.2004V16.2004C0.0037 18.2904 1.0937 19.3704 3.2537 19.3704H5.4137C8.6137 19.3704 10.6937 21.6804 11.7737 24.9904C12.1037 25.8104 12.6737 26.1704 13.3937 26.1704Z","geometry":{"width":38.390625,"height":26.16796875}}