{"path":"M10.9637 -0.0049C9.7937 -0.0049 8.9837 0.8251 8.9837 2.0551V17.2251L9.1237 20.1951L6.3737 17.0251L3.2937 13.9551C2.9437 13.5851 2.4737 13.3451 1.8737 13.3451C0.8037 13.3451 0.0037 14.1351 0.0037 15.2551C0.0037 15.7751 0.2037 16.2551 0.6137 16.6751L9.5037 25.5851C9.8737 25.9651 10.4337 26.1851 10.9637 26.1851C11.5137 26.1851 12.0537 25.9651 12.4237 25.5851L21.3237 16.6751C21.7337 16.2551 21.9437 15.7751 21.9437 15.2551C21.9437 14.1351 21.1337 13.3451 20.0737 13.3451C19.4837 13.3451 19.0137 13.5851 18.6437 13.9551L15.5737 17.0251L12.8237 20.1951L12.9437 17.2251V2.0551C12.9437 0.8251 12.1537 -0.0049 10.9637 -0.0049Z","geometry":{"width":21.943359375,"height":26.181640625}}