{"path":"M2.1637 4.944L6.1137 7.934C6.9637 8.584 8.0137 8.194 8.0137 7.114V5.254H27.3337V7.114C27.3337 8.194 28.3737 8.584 29.2337 7.934L33.1837 4.944C33.7237 4.514 33.7137 3.754 33.1837 3.334L29.2337 0.324C28.3837 -0.326 27.3337 0.034 27.3337 1.154V2.974H8.0137V1.154C8.0137 0.044 6.9737 -0.336 6.1137 0.324L2.1637 3.334C1.6137 3.754 1.6137 4.534 2.1637 4.944ZM0.0037 28.184C0.0037 29.594 0.9437 30.724 2.7737 30.724H13.6737C15.7137 30.724 16.7437 29.674 16.7437 27.654V11.874C16.7437 9.934 15.3037 8.814 13.6837 8.814C12.4837 8.814 11.3337 9.304 10.5937 10.524L0.6137 26.234C0.2337 26.844 0.0037 27.444 0.0037 28.184ZM18.5837 27.654C18.5837 29.674 19.6337 30.724 21.6537 30.724H32.5537C34.3837 30.724 35.3237 29.594 35.3237 28.184C35.3237 27.444 35.0937 26.844 34.7137 26.234L24.7437 10.524C24.0037 9.304 22.8437 8.814 21.6537 8.814C20.0437 8.814 18.5837 9.934 18.5837 11.874Z","geometry":{"width":35.328125,"height":30.72779409775901}}