{"path":"M14.2337 26.4143C14.6837 26.4143 15.3637 26.0143 15.9937 25.6043C23.5137 20.6943 28.4537 14.8443 28.4537 8.9843C28.4537 3.6143 24.7237 0.0043 20.2437 0.0043C17.4437 0.0043 15.4337 1.5343 14.2337 3.7743C13.0337 1.5443 11.0037 0.0043 8.2137 0.0043C3.7437 0.0043 0.0037 3.6143 0.0037 8.9843C0.0037 14.8443 4.9337 20.6943 12.4737 25.6043C13.0837 26.0143 13.7637 26.4143 14.2337 26.4143ZM15.4737 17.7043C15.4737 18.5543 14.7837 19.1443 13.9337 19.1443C13.0837 19.1443 12.3837 18.5543 12.3837 17.7043V13.9843L12.5237 11.9343L11.6437 12.8943L10.9137 13.6543C10.6737 13.9343 10.2937 14.1343 9.9237 14.1343C9.1437 14.1343 8.5737 13.5943 8.5737 12.8343C8.5737 12.4143 8.7137 12.1143 9.0537 11.8143L12.7037 8.5043C13.0837 8.1643 13.4537 7.9543 13.9337 7.9543C14.4137 7.9543 14.7837 8.1643 15.1637 8.5043L18.8137 11.8143C19.1537 12.1143 19.2937 12.4143 19.2937 12.8343C19.2937 13.5943 18.7037 14.1343 17.9537 14.1343C17.5637 14.1343 17.1737 13.9343 16.9537 13.6543L16.2237 12.8943L15.3437 11.9343L15.4737 13.9843Z","geometry":{"width":28.451171875,"height":26.4140625}}