{"path":"M13.3937 26.1704C14.1137 26.1704 14.7137 25.8104 15.0437 25.0104C16.4037 21.1504 18.4537 19.4304 21.7837 19.4304H22.1337V23.8304C22.1337 25.1004 23.0937 26.0704 24.3637 26.0704C25.2237 26.0704 25.8837 25.7304 26.7037 24.9804L37.5837 14.8304C38.1437 14.3104 38.3937 13.6204 38.3937 13.0304C38.3937 12.4304 38.1437 11.7604 37.5937 11.2404L26.7037 1.1504C25.8137 0.3304 25.1937 0.0004 24.3737 0.0004C23.0937 0.0004 22.1337 1.0104 22.1337 2.2804V6.7104H21.8937C17.9537 6.7104 14.5237 8.7404 13.4437 13.4904H13.3337C12.2137 8.4404 8.4037 6.7304 4.5237 6.7304H3.3237C1.1037 6.7304 0.0037 7.8504 0.0037 10.2004V16.2004C0.0037 18.2904 1.0937 19.3704 3.2537 19.3704H5.4137C8.6137 19.3704 10.6937 21.6804 11.7737 24.9904C12.1037 25.8104 12.6737 26.1704 13.3937 26.1704ZM25.3637 21.6304C25.2337 21.6304 25.1437 21.5304 25.1437 21.4004V16.6904C25.1437 16.3904 25.0037 16.2604 24.6937 16.2604L22.6037 16.2404C18.1837 16.2404 16.0237 17.6804 14.5737 21.1604H14.4737C14.6337 13.4404 17.2937 9.8204 22.4737 9.8204L24.6937 9.8304C25.0037 9.8304 25.1437 9.6904 25.1437 9.3804V4.6204C25.1437 4.4804 25.2337 4.3904 25.3637 4.3904C25.4437 4.3904 25.5137 4.4304 25.5837 4.4804L34.3137 12.7804C34.4137 12.8904 34.4537 12.9504 34.4537 13.0304C34.4537 13.1104 34.4237 13.1804 34.3137 13.2704L25.5837 21.5204C25.5137 21.6004 25.4337 21.6304 25.3637 21.6304ZM12.2337 21.1604C10.7437 17.5004 8.5837 16.2604 4.6237 16.2404H4.0437C3.6137 16.2404 3.3737 15.9804 3.3737 15.5304V10.5804C3.3737 10.1204 3.6137 9.8604 4.0637 9.8604H4.6237C9.2537 9.8804 12.1537 12.8804 12.3337 21.1604Z","geometry":{"width":38.390625,"height":26.16796875}}