{"path":"M20.9546 29.6004C21.7746 29.6004 22.4646 29.0104 22.4646 28.1504V1.4404C22.4646 0.5904 21.7646 0.0004 20.9546 0.0004C20.1846 0.0004 19.4446 0.6004 19.4446 1.4404V28.1504C19.4446 29.0104 20.1646 29.6004 20.9546 29.6004ZM38.2946 23.4204C40.0146 24.4704 41.9146 23.6004 41.9146 21.5104V8.0904C41.9146 6.0204 40.0546 5.1004 38.2946 6.1804L27.5646 12.7004C25.8846 13.7104 25.8846 15.8704 27.5646 16.9004ZM3.6246 23.4204L14.3446 16.9004C16.0346 15.8704 16.0346 13.7104 14.3446 12.7004L3.6246 6.1804C1.8446 5.1004 0.0046 6.0204 0.0046 8.0904V21.5104C0.0046 23.6004 1.8846 24.4704 3.6246 23.4204Z","geometry":{"width":41.91796875,"height":29.599609375}}