{"path":"M4.8237 26.1377H21.3137C24.4437 26.1377 26.1437 24.4477 26.1437 21.3377V4.7977C26.1437 1.6977 24.4437 -0.0023 21.3137 -0.0023H4.8237C1.7137 -0.0023 0.0037 1.6977 0.0037 4.7977V21.3377C0.0037 24.4477 1.7137 26.1377 4.8237 26.1377ZM13.1637 20.4677C12.2337 20.4677 11.5237 19.8277 11.5237 18.9177V12.8477L11.6937 10.0177L10.6537 11.4277L9.2037 13.0477C8.9537 13.3277 8.5537 13.5077 8.1437 13.5077C7.3137 13.5077 6.7237 12.9377 6.7237 12.1377C6.7237 11.7077 6.8537 11.3877 7.1637 11.0477L11.8437 6.1977C12.2237 5.7877 12.6337 5.5877 13.1637 5.5877C13.7037 5.5877 14.1237 5.7877 14.5037 6.1977L19.1637 11.0477C19.4837 11.3877 19.6237 11.7077 19.6237 12.1377C19.6237 12.9377 19.0137 13.5077 18.1837 13.5077C17.7837 13.5077 17.3737 13.3477 17.1337 13.0477L15.7137 11.4677L14.6437 10.0077L14.8037 12.8477V18.9177C14.8037 19.8277 14.0937 20.4677 13.1637 20.4677Z","geometry":{"width":26.140625,"height":26.140625}}