{"path":"M24.2237 1.792C22.8037 0.372 20.8737 0.002 18.1337 0.002H7.8637C5.1237 0.002 3.2037 0.372 1.7737 1.792C0.3537 3.222 0.0037 5.112 0.0037 7.862V18.072C0.0037 20.852 0.3437 22.752 1.7737 24.162C3.2037 25.582 5.1237 25.952 7.8737 25.952H18.1337C20.8737 25.952 22.8037 25.582 24.2237 24.162C25.6637 22.732 26.0037 20.852 26.0037 18.072V7.892C26.0037 5.112 25.6637 3.212 24.2237 1.792ZM22.4737 7.502V18.452C22.4737 19.892 22.2837 20.932 21.6437 21.572C21.0037 22.212 19.9437 22.422 18.5137 22.422H7.4937C6.0537 22.422 5.0037 22.212 4.3637 21.572C3.7237 20.932 3.5237 19.892 3.5237 18.452V7.522C3.5237 6.052 3.7237 5.032 4.3637 4.372C5.0037 3.732 6.0737 3.542 7.5237 3.542H18.5137C19.9437 3.542 21.0037 3.742 21.6437 4.372C22.2837 5.032 22.4737 6.052 22.4737 7.502ZM17.2437 16.832C18.0637 16.832 18.5637 16.232 18.5637 15.342V9.132C18.5637 7.972 17.8937 7.372 16.7737 7.372H10.5437C9.6437 7.372 9.0537 7.872 9.0537 8.692C9.0537 9.512 9.6437 10.032 10.5437 10.032H12.5337L14.1337 9.812L12.2937 11.442L7.9337 15.822C7.6337 16.102 7.4337 16.512 7.4337 16.922C7.4337 17.832 8.1237 18.432 8.9737 18.432C9.4237 18.432 9.7937 18.282 10.1437 17.952L14.4637 13.622L16.0937 11.782L15.9037 13.482V15.342C15.9037 16.252 16.4237 16.832 17.2437 16.832Z","geometry":{"width":26.00390625,"height":25.94921875}}