{"path":"M0.0037 8.9843C0.0037 14.8443 4.9337 20.6943 12.4737 25.6043C13.0837 26.0143 13.7637 26.4143 14.2337 26.4143C14.6837 26.4143 15.3637 26.0143 15.9937 25.6043C23.5137 20.6943 28.4537 14.8443 28.4537 8.9843C28.4537 3.6143 24.7237 0.0043 20.1637 0.0043C17.4437 0.0043 15.4337 1.1943 14.2337 2.9143C13.0337 1.1943 11.0037 0.0043 8.2837 0.0043C3.7437 0.0043 0.0037 3.6143 0.0037 8.9843ZM3.7437 8.9443C3.7437 5.7843 5.8937 3.6143 8.7537 3.6143C11.0337 3.6143 12.2737 4.9243 13.1137 6.1143C13.5037 6.6743 13.8037 6.9043 14.2337 6.9043C14.6437 6.9043 14.9337 6.6743 15.3437 6.1143C16.2237 4.9243 17.4337 3.6143 19.7137 3.6143C22.5737 3.6143 24.7237 5.7843 24.7237 8.9443C24.7237 13.3543 20.2637 18.4543 14.4537 22.3243C14.3437 22.3843 14.2837 22.4343 14.2337 22.4343C14.1737 22.4343 14.1137 22.3843 14.0137 22.3243C8.1937 18.4543 3.7437 13.3543 3.7437 8.9443ZM15.3837 17.6543V14.0843L15.2437 12.1443L16.1037 13.0543L16.8037 13.7943C17.0237 14.0543 17.3937 14.2443 17.7437 14.2443C18.4737 14.2443 19.0137 13.7243 19.0137 13.0243C19.0137 12.6143 18.8837 12.3343 18.5637 12.0543L15.0937 8.9043C14.7237 8.5743 14.3837 8.3843 13.9337 8.3843C13.4837 8.3843 13.1437 8.5743 12.7737 8.9043L9.2937 12.0543C8.9837 12.3343 8.8437 12.6143 8.8437 13.0243C8.8437 13.7243 9.3937 14.2443 10.1137 14.2443C10.4737 14.2443 10.8237 14.0543 11.0637 13.7943L11.7737 13.0543L12.6237 12.1443L12.4837 14.0843V17.6543C12.4837 18.4543 13.1437 19.0143 13.9337 19.0143C14.7237 19.0143 15.3837 18.4543 15.3837 17.6543Z","geometry":{"width":28.451171875,"height":26.4140625}}