{"path":"M0.0037 24.6184C0.0037 27.7284 1.7137 29.4184 4.8237 29.4184H27.8037C30.9437 29.4184 32.6337 27.7284 32.6337 24.6184V8.0784C32.6337 4.9784 30.9437 3.2784 27.8037 3.2784H19.9237C18.9537 3.2784 18.1537 4.0784 18.1537 5.0484C18.1537 6.0184 18.9537 6.8084 19.9237 6.8084H27.4237C28.5237 6.8084 29.1037 7.3584 29.1037 8.5184V24.1984C29.1037 25.3584 28.5237 25.8984 27.4237 25.8984H5.2137C4.1137 25.8984 3.5237 25.3584 3.5237 24.1984V8.5184C3.5237 7.3584 4.1137 6.8084 5.2137 6.8084H7.9837V8.9384C7.9837 10.0984 8.9437 10.4484 9.9437 9.7184L14.9437 6.1084C15.7537 5.5184 15.7337 4.5884 14.9437 4.0084L9.9537 0.3784C8.9537 -0.3416 7.9837 -0.0116 7.9837 1.1784V3.2784H4.8237C1.7137 3.2784 0.0037 4.9784 0.0037 8.0784Z","geometry":{"width":32.634765625,"height":29.421323503136147}}