{"path":"M4.8237 26.1555H21.3137C24.4437 26.1555 26.1437 24.4455 26.1437 21.3555V4.7955C26.1437 1.7055 24.4437 -0.0045 21.3137 -0.0045H4.8237C1.7137 -0.0045 0.0037 1.6955 0.0037 4.7955V21.3555C0.0037 24.4555 1.7137 26.1555 4.8237 26.1555ZM5.2137 22.6255C4.1137 22.6255 3.5237 22.0755 3.5237 20.9155V5.2355C3.5237 4.0755 4.1137 3.5455 5.2137 3.5455H20.9337C22.0237 3.5455 22.6137 4.0755 22.6137 5.2355V20.9155C22.6137 22.0755 22.0237 22.6255 20.9337 22.6255ZM14.5837 6.0555C11.3237 6.0555 9.2537 8.3655 9.2537 11.6255V15.5955L9.3237 16.8255L8.6237 15.8855L7.3937 14.5655C7.1937 14.3255 6.9037 14.2055 6.6037 14.2055C5.9737 14.2055 5.4437 14.7555 5.4437 15.3655C5.4437 15.6655 5.5537 15.9455 5.7837 16.1555L9.4837 19.8255C9.7337 20.0555 10.0337 20.1955 10.3737 20.1955C10.6937 20.1955 11.0037 20.0655 11.2537 19.8255L14.9737 16.1455C15.1937 15.9255 15.3037 15.6555 15.3037 15.3355C15.3037 14.7355 14.7837 14.1955 14.1337 14.1955C13.8537 14.1955 13.5537 14.3155 13.3437 14.5655L12.0437 16.0555L11.4837 16.8255L11.5637 15.5955V11.6255C11.5637 9.8255 12.6737 8.5455 14.5337 8.5455C16.3937 8.5455 17.5837 9.8055 17.5837 11.6255V13.5755C17.5837 14.3555 18.0337 14.9155 18.7837 14.9155C19.5537 14.9155 20.0137 14.3555 20.0137 13.5655V11.6255C20.0137 8.3655 17.8937 6.0555 14.5837 6.0555Z","geometry":{"width":26.140625,"height":26.154296875}}