{"path":"M4.8237 26.1377H21.3137C24.4437 26.1377 26.1437 24.4477 26.1437 21.3377V4.7977C26.1437 1.6977 24.4437 -0.0023 21.3137 -0.0023H4.8237C1.7137 -0.0023 0.0037 1.6977 0.0037 4.7977V21.3377C0.0037 24.4477 1.7137 26.1377 4.8237 26.1377ZM21.8037 13.0577C21.8037 13.5377 21.6137 13.8877 21.2637 14.2277L17.5137 17.8877C17.2237 18.1677 16.9137 18.2777 16.5537 18.2777C15.8437 18.2777 15.3537 17.7477 15.3537 17.0077C15.3537 16.5977 15.5837 16.2877 15.8337 16.0277L16.4237 15.4477L17.8437 14.3577L15.1437 14.5077H11.1537L8.4637 14.3577L9.8837 15.4477L10.4737 16.0277C10.7237 16.2877 10.9537 16.5977 10.9537 17.0077C10.9537 17.7477 10.4637 18.2777 9.7437 18.2777C9.3937 18.2777 9.0737 18.1677 8.7937 17.8877L5.0437 14.2277C4.6937 13.8877 4.4937 13.5377 4.4937 13.0577C4.4937 12.5777 4.6937 12.2077 5.0437 11.8677L8.7937 8.2277C9.0737 7.9577 9.3937 7.8377 9.7437 7.8377C10.4637 7.8377 10.9537 8.3677 10.9537 9.1077C10.9537 9.5177 10.7337 9.8277 10.4737 10.0877L9.8837 10.6677L8.4537 11.7677L11.1537 11.6077H15.1437L17.8537 11.7677L16.4237 10.6677L15.8337 10.0877C15.5737 9.8277 15.3537 9.5177 15.3537 9.1077C15.3537 8.3677 15.8437 7.8377 16.5537 7.8377C16.9137 7.8377 17.2237 7.9577 17.5137 8.2277L21.2637 11.8677C21.6137 12.2077 21.8037 12.5777 21.8037 13.0577Z","geometry":{"width":26.140625,"height":26.140625}}