{"path":"M22.1609 2.2698C22.1609 1.0098 21.2009 -0.0002 19.6209 -0.0002H2.5609C0.9609 -0.0002 0.0009 1.0098 0.0009 2.2598C0.0009 2.8798 0.2509 3.4198 0.6309 4.1798L8.6409 20.8898C9.2709 22.1898 10.0509 22.7898 11.0909 22.7898C12.1109 22.7898 12.8909 22.1898 13.5209 20.8898L21.5509 4.1798C21.9209 3.4198 22.1609 2.8998 22.1609 2.2698Z","geometry":{"width":22.162109375,"height":22.791015625}}