{"path":"M4.8037 30.0902H19.4437C22.5437 30.0902 24.2437 28.3802 24.2437 25.2702V13.3302H13.4537C11.8037 13.3302 10.9737 12.5102 10.9737 10.8702V0.0002H4.8037C1.6937 0.0002 0.0037 1.7102 0.0037 4.8302V25.2702C0.0037 28.4002 1.6937 30.0902 4.8037 30.0902ZM14.0437 11.1202H24.1137C24.0637 10.4002 23.5037 9.7302 22.7137 8.9302L15.3537 1.5002C14.6037 0.7402 13.9037 0.1902 13.1937 0.1202V10.2802C13.1937 10.8402 13.4837 11.1202 14.0437 11.1202ZM12.1237 26.5902C11.3637 26.5902 10.7337 26.0602 10.7337 25.3102V21.3102L10.8737 19.4502L10.0337 20.3302L9.0337 21.3602C8.8037 21.5902 8.4737 21.7902 8.1437 21.7902C7.4537 21.7902 6.9337 21.2902 6.9337 20.6302C6.9337 20.2502 7.0637 19.9702 7.3737 19.7102L11.0237 16.3502C11.3737 16.0502 11.6937 15.8702 12.1237 15.8702C12.5537 15.8702 12.8637 16.0502 13.2237 16.3502L16.8837 19.7102C17.1737 19.9702 17.3037 20.2502 17.3037 20.6302C17.3037 21.2902 16.7737 21.7902 16.0937 21.7902C15.7637 21.7902 15.4237 21.5902 15.2037 21.3602L14.2037 20.3302L13.3737 19.4502L13.5037 21.3102V25.3102C13.5037 26.0602 12.8837 26.5902 12.1237 26.5902Z","geometry":{"width":24.240234375,"height":30.091796875}}