{"path":"M4.8237 26.1377H21.3137C24.4437 26.1377 26.1437 24.4477 26.1437 21.3377V4.7977C26.1437 1.6977 24.4437 -0.0023 21.3137 -0.0023H4.8237C1.7137 -0.0023 0.0037 1.6977 0.0037 4.7977V21.3377C0.0037 24.4477 1.7137 26.1377 4.8237 26.1377ZM18.1437 19.6377C17.7037 20.0877 16.9837 20.0877 16.5537 19.6377L13.1437 16.1377C12.9437 15.9177 12.8137 15.6377 12.8137 15.3677C12.8137 14.7377 13.2437 14.3177 13.8637 14.3177C14.1637 14.3177 14.4237 14.4077 14.6337 14.6177L16.0137 16.0477L16.2837 16.3677L16.2737 15.6277V7.1877C16.2737 6.5877 16.7237 6.1277 17.3537 6.1277C17.9537 6.1277 18.4337 6.5877 18.4337 7.1877V15.6177L18.4137 16.3477L18.6937 16.0477L20.0737 14.6177C20.2737 14.4077 20.5337 14.3177 20.8237 14.3177C21.4337 14.3177 21.8937 14.7477 21.8937 15.3677C21.8937 15.6377 21.7537 15.9277 21.5637 16.1377ZM8.1737 6.4777C8.6237 5.9977 9.3237 6.0477 9.7637 6.4777L13.1637 9.9977C13.3737 10.1877 13.5037 10.4677 13.5037 10.7577C13.5037 11.3777 13.0737 11.8077 12.4537 11.8077C12.1637 11.8077 11.8937 11.7177 11.6937 11.5077L10.3037 10.0577L10.0337 9.7477L10.0537 10.4977V18.9177C10.0537 19.5277 9.5937 19.9877 8.9737 19.9877C8.3637 19.9877 7.8937 19.5277 7.8937 18.9177V10.5177L7.9037 9.7477L7.6337 10.0577L6.2437 11.4977C6.0437 11.7077 5.7837 11.8077 5.4937 11.8077C4.8837 11.8077 4.4437 11.3777 4.4437 10.7577C4.4437 10.4877 4.5637 10.1977 4.7537 9.9977Z","geometry":{"width":26.140625,"height":26.140625}}