{"path":"M14.9337 0.0009C13.7437 0.0009 12.9437 0.8309 12.9437 2.0609V7.2909L13.0737 9.6009L10.3337 6.5609C9.9937 6.1709 9.5537 5.9309 8.9737 5.9309C7.9037 5.9309 7.1137 6.7109 7.1137 7.8109C7.1137 8.3109 7.3437 8.8309 7.7337 9.2109L13.4637 14.7209C13.8337 15.0909 14.3537 15.3309 14.9337 15.3309C15.5037 15.3309 16.0237 15.0909 16.3937 14.7209L22.1237 9.2109C22.5137 8.8309 22.7537 8.3109 22.7537 7.8109C22.7537 6.7109 21.9737 5.9309 20.9037 5.9309C20.3037 5.9309 19.8637 6.1709 19.5237 6.5609L16.7937 9.6009L16.9137 7.2909V2.0609C16.9137 0.8309 16.1237 0.0009 14.9337 0.0009ZM0.0037 18.5709C0.0037 19.6309 0.8237 20.4709 1.9037 20.4709H27.9637C29.0437 20.4709 29.8637 19.6309 29.8637 18.5709C29.8637 17.4909 29.0437 16.6509 27.9637 16.6509H1.9037C0.8237 16.6509 0.0037 17.4909 0.0037 18.5709ZM14.9337 37.1209C16.1237 37.1209 16.9137 36.2809 16.9137 35.0509V29.8309L16.7937 27.5209L19.5237 30.5609C19.8637 30.9509 20.3037 31.1809 20.9037 31.1809C21.9737 31.1809 22.7537 30.4109 22.7537 29.3109C22.7537 28.8109 22.5137 28.2909 22.1237 27.9009L16.3937 22.3909C16.0237 22.0209 15.5037 21.7909 14.9337 21.7909C14.3537 21.7909 13.8337 22.0209 13.4637 22.3909L7.7337 27.9009C7.3437 28.2909 7.1137 28.8109 7.1137 29.3109C7.1137 30.4109 7.9037 31.1809 8.9737 31.1809C9.5537 31.1809 9.9937 30.9509 10.3337 30.5609L13.0737 27.5209L12.9437 29.8309V35.0509C12.9437 36.2809 13.7437 37.1209 14.9337 37.1209Z","geometry":{"width":29.859375,"height":37.119140625}}