{"path":"M0.4137 4.9339L4.3637 7.9239C5.1937 8.5639 6.2637 8.2139 6.2637 7.1139V5.2739H21.6037V7.1139C21.6037 8.1939 22.6537 8.5839 23.5037 7.9239L27.4537 4.9339C28.0037 4.5039 27.9837 3.7239 27.4537 3.3139L23.5037 0.3239C22.6437 -0.3361 21.6037 0.0439 21.6037 1.1439V2.9739H6.2637V1.1439C6.2637 0.0439 5.2237 -0.3361 4.3637 0.3239L0.4137 3.3139C-0.1363 3.7439 -0.1363 4.5039 0.4137 4.9339ZM23.0737 13.0939V31.4939C23.0737 32.3839 23.8337 33.0839 24.6937 33.0839C25.5637 33.0839 26.2937 32.3839 26.2937 31.4939V13.0939C26.2937 12.2139 25.5537 11.5239 24.6937 11.5239C23.8437 11.5239 23.0737 12.2139 23.0737 13.0939ZM15.9137 13.0939V31.4939C15.9137 32.3839 16.6537 33.0839 17.5137 33.0839C18.4037 33.0839 19.1237 32.3839 19.1237 31.4939V13.0939C19.1237 12.2139 18.3937 11.5239 17.5137 11.5239C16.6837 11.5239 15.9137 12.2139 15.9137 13.0939ZM8.7337 13.0939V31.4939C8.7337 32.3839 9.4837 33.0839 10.3537 33.0839C11.2237 33.0839 11.9537 32.3839 11.9537 31.4939V13.0939C11.9537 12.2139 11.2137 11.5239 10.3537 11.5239C9.5037 11.5239 8.7337 12.2139 8.7337 13.0939ZM1.5737 13.0939V22.8139C1.5737 23.7039 2.3137 24.3939 3.1737 24.3939C4.0637 24.3939 4.7837 23.7039 4.7837 22.8139V13.0939C4.7837 12.2139 4.0437 11.5239 3.1737 11.5239C2.3337 11.5239 1.5737 12.2139 1.5737 13.0939Z","geometry":{"width":27.85817052011061,"height":33.079861111111114}}