{"path":"M0.0137 15.7515C0.0137 16.9015 0.8937 17.7915 1.9537 17.7915C3.0237 17.7915 3.8437 16.9015 3.8437 15.7815V10.5515L3.6537 6.2115L5.7837 8.6015L17.8837 20.6815C18.3237 21.1115 18.8237 21.3415 19.3437 21.3415C20.3937 21.3415 21.3537 20.3715 21.3537 19.3315C21.3537 18.8115 21.1237 18.3115 20.7037 17.8715L8.6137 5.7715L6.2237 3.6515L10.7237 3.8115H15.7937C16.9137 3.8115 17.8037 2.9915 17.8037 1.9415C17.8037 0.8715 16.9437 0.0015 15.7737 0.0015H2.0737C0.8337 0.0015 0.0037 0.8315 0.0037 2.0615Z","geometry":{"width":21.35546875,"height":21.341796875}}