{"path":"M4.1937 -0.0012C3.4037 -0.0012 2.6537 0.0388 1.9037 0.1487C1.0437 0.2888 0.0037 0.8588 0.0037 2.1487C0.0037 3.2987 0.7937 4.0188 1.9537 4.0188C2.5337 4.0188 3.2237 3.9488 4.1537 3.9488C7.7837 3.9488 9.3337 5.2587 9.3337 8.9288L9.3237 16.7588L9.4637 20.0688L7.4537 17.8188L3.6337 13.9688C3.2637 13.5988 2.8037 13.3388 2.2137 13.3388C1.1437 13.3388 0.3237 14.1388 0.3237 15.2988C0.3237 15.7788 0.5437 16.2688 0.9537 16.6788L9.8437 25.5988C10.2137 25.9588 10.7737 26.1988 11.3037 26.1988C11.8437 26.1988 12.4037 25.9588 12.7737 25.5988L21.6737 16.6788C22.0837 16.2688 22.2837 15.7788 22.2837 15.2988C22.2837 14.1388 21.4737 13.3388 20.3937 13.3388C19.8137 13.3388 19.3437 13.5988 18.9937 13.9688L15.1437 17.8188L13.1537 20.0688L13.2937 16.7588V8.6088C13.2937 2.6388 10.1537 -0.0012 4.1937 -0.0012Z","geometry":{"width":22.28515625,"height":26.1953125}}