{"path":"M0.0027 17.8259C0.0027 24.7159 5.5627 30.2859 12.4427 30.2859C19.3327 30.2859 24.8827 24.7159 24.8827 17.8259C24.8827 16.7659 24.1427 16.0259 23.1027 16.0259C22.0827 16.0259 21.3827 16.7659 21.3827 17.8259C21.3827 22.7659 17.3927 26.7559 12.4427 26.7559C7.4927 26.7559 3.5227 22.7659 3.5227 17.8259C3.5227 12.7859 7.3927 8.8359 12.3327 8.8359C12.9727 8.8359 13.5627 8.8759 14.0827 8.9659L11.0027 12.0159C10.7027 12.3159 10.5127 12.6759 10.5127 13.1559C10.5127 14.1059 11.2627 14.8659 12.2227 14.8659C12.7027 14.8659 13.0927 14.6959 13.4127 14.3959L18.9927 8.7359C19.3627 8.3659 19.5327 7.9559 19.5327 7.4659C19.5327 6.9859 19.3427 6.5359 18.9927 6.1959L13.4127 0.5059C13.0927 0.1759 12.7027 -0.0041 12.2227 -0.0041C11.2627 -0.0041 10.5127 0.7759 10.5127 1.7459C10.5127 2.2259 10.7027 2.5859 10.9927 2.8959L13.7127 5.5659C13.3027 5.4959 12.8127 5.4459 12.3327 5.4459C5.4727 5.4459 0.0027 10.9259 0.0027 17.8259Z","geometry":{"width":24.8828125,"height":30.283203125}}