{"path":"M4.8237 26.1377H21.3137C24.4437 26.1377 26.1437 24.4477 26.1437 21.3377V4.7977C26.1437 1.6977 24.4437 -0.0023 21.3137 -0.0023H4.8237C1.7137 -0.0023 0.0037 1.6977 0.0037 4.7977V21.3377C0.0037 24.4477 1.7137 26.1377 4.8237 26.1377ZM8.6937 17.1577C7.8337 17.1577 7.2837 16.5277 7.2837 15.5677V9.0377C7.2837 7.7977 7.9937 7.1477 9.1837 7.1477H15.7537C16.7237 7.1477 17.3537 7.6977 17.3537 8.5677C17.3537 9.4377 16.7237 9.9777 15.7637 9.9777H13.6837L11.9937 9.7577L13.9337 11.4677L18.5137 16.0377C18.8237 16.3677 19.0337 16.7977 19.0337 17.2277C19.0337 18.1977 18.3037 18.8377 17.4037 18.8377C16.9437 18.8377 16.5337 18.6777 16.1637 18.3177L11.6237 13.7777L9.9137 11.8577L10.1137 13.6277V15.5677C10.1137 16.5477 9.5737 17.1577 8.6937 17.1577Z","geometry":{"width":26.140625,"height":26.140625}}