{"path":"M22.1609 20.5361C22.1609 19.9061 21.9209 19.3761 21.5509 18.6061L13.5209 1.9161C12.8909 0.6161 12.1109 -0.0039 11.0909 -0.0039C10.0509 -0.0039 9.2709 0.6161 8.6409 1.9161L0.6309 18.6061C0.2509 19.3761 0.0009 19.9061 0.0009 20.5361C0.0009 21.7761 0.9609 22.8061 2.5609 22.8061L19.6209 22.7861C21.2009 22.7861 22.1609 21.7761 22.1609 20.5361Z","geometry":{"width":22.162109375,"height":22.8046875}}