{"path":"M4.8237 26.1414H21.3137C24.4437 26.1414 26.1437 24.4414 26.1437 21.3414V4.8014C26.1437 1.6914 24.4437 0.0014 21.3137 0.0014H4.8237C1.7137 0.0014 0.0037 1.6914 0.0037 4.8014V21.3414C0.0037 24.4414 1.7137 26.1414 4.8237 26.1414ZM11.5637 20.2614C8.1437 20.2614 5.8937 17.9514 5.8937 14.5214V12.5114C5.8937 11.6514 6.4237 11.0714 7.2037 11.0714C7.9737 11.0714 8.4937 11.6514 8.4937 12.4914V14.5214C8.4937 16.3814 9.7237 17.6414 11.5637 17.6414C13.3437 17.6414 14.5437 16.3914 14.5437 14.5014V10.4314L14.6337 9.3014L14.1337 10.0214L12.8237 11.5214C12.6037 11.7814 12.2937 11.9214 11.9737 11.9214C11.2937 11.9214 10.7337 11.3514 10.7337 10.6914C10.7337 10.3614 10.8437 10.0514 11.0737 9.8314L14.9037 6.0614C15.1737 5.7814 15.5037 5.6614 15.8337 5.6614C16.1737 5.6614 16.5037 5.8014 16.7637 6.0614L20.5737 9.8314C20.8237 10.0614 20.9437 10.3514 20.9437 10.6814C20.9437 11.3214 20.3737 11.9114 19.7037 11.9114C19.3837 11.9114 19.0737 11.7714 18.8537 11.5214L17.6137 10.1714L16.9537 9.2814L17.0337 10.4314V14.5014C17.0337 17.9514 14.8437 20.2614 11.5637 20.2614Z","geometry":{"width":26.140625,"height":26.140625}}