{"path":"M4.8237 26.1377H27.8037C30.9437 26.1377 32.6337 24.4477 32.6337 21.3377V4.7977C32.6337 1.6977 30.9437 -0.0023 27.8037 -0.0023H4.8237C1.7137 -0.0023 0.0037 1.6977 0.0037 4.7977V21.3377C0.0037 24.4477 1.7137 26.1377 4.8237 26.1377ZM24.5537 11.7077C24.5537 9.3777 23.2537 8.0777 20.9037 8.0777H3.5237V5.2177C3.5237 4.0577 4.1137 3.5277 5.2137 3.5277H27.4237C28.5237 3.5277 29.1037 4.0577 29.1037 5.2177V20.9177C29.1037 22.0777 28.5237 22.6177 27.4237 22.6177H24.5537ZM5.2137 22.6177C4.1137 22.6177 3.5237 22.0777 3.5237 20.9177V10.8277H13.9637V22.6177ZM20.5637 10.8277C21.3737 10.8277 21.8237 11.2477 21.8237 12.0877V22.6177H16.7037V10.8277Z","geometry":{"width":32.634765625,"height":26.140625}}