{"path":"M25.0337 11.6877C25.0337 9.3777 23.7337 8.0677 21.3837 8.0677L0.0037 8.0777V4.7977C0.0037 1.6977 1.7137 -0.0023 4.8237 -0.0023H27.8037C30.9437 -0.0023 32.6337 1.6977 32.6337 4.7977V21.3377C32.6337 24.4477 30.9437 26.1377 27.8037 26.1377H25.0337ZM22.2837 12.0877V26.1377H16.4837V10.8277H21.0437C21.8337 10.8277 22.2837 11.2477 22.2837 12.0877ZM4.8237 26.1377C1.7137 26.1377 0.0037 24.4477 0.0037 21.3377V10.8277H13.7437V26.1377H13.7437Z","geometry":{"width":32.634765625,"height":26.140625}}