{"path":"M7.1964 14.3961C11.1164 14.3961 14.3964 11.1261 14.3964 7.1961C14.3964 3.2561 11.1464 -0.0039 7.1964 -0.0039C3.2564 -0.0039 -0.0036 3.2561 -0.0036 7.1961C-0.0036 11.1461 3.2564 14.3961 7.1964 14.3961ZM21.7364 1.0261C19.5064 1.0261 17.1764 1.4261 15.0664 2.4161C15.5464 3.2261 15.8864 4.1161 16.0764 5.0461C17.8264 4.1661 19.7164 3.7861 21.7264 3.7861C28.0564 3.7861 32.7964 7.7361 32.7964 14.4561C32.7964 17.9361 31.6664 20.2761 29.8464 20.2761C28.6464 20.2761 27.9564 19.4661 27.9564 18.0861V10.1861C27.9564 9.0961 27.3564 8.4661 26.2864 8.4661C25.2264 8.4661 24.6264 9.0961 24.6264 10.1861V11.0561H24.3764C23.6764 9.4161 22.0964 8.4661 20.1264 8.4661C16.6664 8.4661 14.2764 11.3661 14.2764 15.6661C14.2764 20.0261 16.7164 23.0661 20.3464 23.0661C22.3964 23.0661 23.8564 22.0261 24.6064 20.1961H24.8464C25.2664 21.9961 26.9064 23.0361 29.1064 23.0361C33.2464 23.0361 35.7964 19.4661 35.7964 14.1261C35.7964 6.2361 29.9964 1.0261 21.7364 1.0261ZM7.1964 11.8561C6.5364 11.8561 6.0964 11.4161 6.0964 10.7761V8.2961H3.6464C2.9964 8.2961 2.5564 7.8661 2.5464 7.2061C2.5464 6.5461 2.9764 6.1161 3.6464 6.1161H6.0964V3.6661C6.0964 3.0261 6.5364 2.5861 7.1964 2.5661C7.8564 2.5561 8.2864 3.0061 8.2864 3.6661V6.1161H10.7464C11.4064 6.1161 11.8364 6.5461 11.8364 7.2061C11.8364 7.8661 11.4064 8.2961 10.7464 8.2961H8.2864V10.7761C8.2864 11.4161 7.8564 11.8561 7.1964 11.8561ZM21.1764 20.0561C19.2264 20.0561 18.0164 18.4161 18.0164 15.7361C18.0164 13.0861 19.2364 11.4261 21.1764 11.4261C23.1464 11.4261 24.3864 13.0661 24.3864 15.7061C24.3864 18.3861 23.1464 20.0561 21.1764 20.0561ZM21.9464 30.1561C24.1764 30.1561 25.8564 29.9261 26.9464 29.5461C27.8664 29.2161 28.1264 28.7661 28.1264 28.1061C28.1264 27.3961 27.6564 26.8961 26.7964 26.8961C26.5664 26.8961 26.3164 26.9161 26.0464 26.9561C24.9064 27.2061 23.8564 27.3761 22.4064 27.3761C15.3264 27.3761 10.3264 23.3061 10.0664 15.9461C9.1564 16.2661 8.1864 16.4561 7.1964 16.4561H7.0164C7.4664 25.0861 13.6264 30.1561 21.9464 30.1561Z","geometry":{"width":35.79296875,"height":30.16015625}}