{"path":"M4.8237 26.1377H21.3137C24.4437 26.1377 26.1437 24.4477 26.1437 21.3377V4.7977C26.1437 1.6977 24.4437 -0.0023 21.3137 -0.0023H4.8237C1.7137 -0.0023 0.0037 1.6977 0.0037 4.7977V21.3377C0.0037 24.4477 1.7137 26.1377 4.8237 26.1377ZM7.1937 16.0077C7.1937 15.6577 7.4337 15.3777 7.8237 15.3777H8.8037L9.1437 14.2777H7.8237C7.4337 14.2777 7.1937 14.0177 7.1937 13.6577C7.1937 13.2877 7.4337 13.0177 7.8237 13.0177H9.5437L11.1437 7.9577C11.4337 7.0177 12.1137 6.4577 13.1437 6.4577C14.1337 6.4577 14.8437 7.0177 15.1337 7.9577L16.7337 13.0177H18.4837C18.8637 13.0177 19.1137 13.2877 19.1137 13.6577C19.1137 14.0177 18.8637 14.2777 18.4837 14.2777H17.1337L17.4737 15.3777H18.4837C18.8637 15.3777 19.1137 15.6577 19.1137 16.0077C19.1137 16.3777 18.8637 16.6377 18.4837 16.6377H17.8737L18.2837 17.8977C18.3437 18.1277 18.3937 18.3177 18.3937 18.4977C18.3937 19.2677 17.8537 19.7277 17.0637 19.7277C16.3237 19.7277 15.9137 19.3777 15.7337 18.7177L15.1237 16.6377H11.1437L10.5437 18.7177C10.3637 19.3577 9.9837 19.7277 9.2437 19.7277C8.4237 19.7277 7.8937 19.2677 7.8937 18.4977C7.8937 18.3177 7.9337 18.1277 7.9937 17.8977L8.4037 16.6377H7.8237C7.4337 16.6377 7.1937 16.3777 7.1937 16.0077ZM12.1937 13.0177H14.0837L13.1437 9.7377ZM11.5137 15.3777H14.7637L14.4537 14.2777H11.8237Z","geometry":{"width":26.140625,"height":26.140625}}