{"path":"M0.0037 18.3629C0.0037 18.8129 0.3737 19.1729 0.8037 19.1729H2.3837L1.4337 22.1329C1.3137 22.5429 1.2537 22.9029 1.2537 23.2129C1.2537 24.4829 2.1437 25.2429 3.5237 25.2429C4.7737 25.2429 5.3837 24.6229 5.6837 23.5329L6.9437 19.1729H15.4237L16.6837 23.5329C16.9837 24.6329 17.6337 25.2429 18.8937 25.2429C20.2037 25.2429 21.1137 24.4829 21.1137 23.2129C21.1137 22.9029 21.0437 22.5329 20.9137 22.1329L19.9837 19.1729H21.5437C21.9937 19.1729 22.3537 18.8129 22.3537 18.3629C22.3537 17.9229 21.9937 17.5529 21.5437 17.5529H19.4737L18.5237 14.5629H21.5437C21.9937 14.5629 22.3537 14.1929 22.3537 13.7429C22.3537 13.3029 21.9937 12.9329 21.5437 12.9329H18.0037L14.7837 2.7029C14.2237 0.8229 13.0537 0.0029 11.1937 0.0029C9.3137 0.0029 8.1437 0.8229 7.5837 2.7029L4.3437 12.9329H0.8037C0.3737 12.9329 0.0037 13.3029 0.0037 13.7429C0.0037 14.1929 0.3737 14.5629 0.8037 14.5629H3.8237L2.8837 17.5529H0.8037C0.3737 17.5529 0.0037 17.9229 0.0037 18.3629ZM11.1037 4.7429H11.2537L13.6137 12.9329H8.7537ZM7.4137 17.5529L8.2737 14.5629H14.0837L14.9437 17.5529Z","geometry":{"width":22.353515625,"height":25.23828125}}