{"path":"M13.8037 12.005C13.7937 14.575 13.9837 17.175 14.7337 19.825C15.6437 22.875 17.3637 24.005 20.9437 24.005H21.7537C30.1737 24.005 37.4837 18.485 37.4837 12.005C37.4837 5.505 30.1737 -0.005 21.7537 -0.005H20.9437C17.3737 -0.005 15.6637 1.135 14.7337 4.165C13.9837 6.835 13.7937 9.415 13.8037 12.005ZM0.0037 4.105C0.0037 4.905 0.6537 5.535 1.4337 5.535H11.8437C12.1137 4.225 12.3037 3.435 12.6037 2.665H1.4337C0.6537 2.665 0.0037 3.305 0.0037 4.105ZM20.6137 17.375C19.6737 17.375 19.1137 16.855 19.1137 15.955C19.1137 15.705 19.1837 15.385 19.3437 14.945L22.0837 7.135C22.5037 5.855 23.2737 5.265 24.4737 5.265C25.7037 5.265 26.5237 5.865 26.9437 7.135L29.6837 14.945C29.8337 15.385 29.9037 15.705 29.9037 15.955C29.9037 16.845 29.3237 17.375 28.3937 17.375C27.6137 17.375 27.1137 16.955 26.8937 16.035L26.3737 14.415H22.6437L22.1237 16.035C21.8937 16.955 21.3937 17.375 20.6137 17.375ZM0.0037 9.365C0.0037 10.155 0.6537 10.815 1.4337 10.815H11.2937C11.3037 9.875 11.3737 8.905 11.4837 7.925H1.4337C0.6537 7.925 0.0037 8.575 0.0037 9.365ZM23.2237 12.165H25.7837L24.5837 8.095H24.4437ZM0.0037 14.645C0.0037 15.435 0.6537 16.075 1.4337 16.075H11.4837C11.3737 15.095 11.3237 14.135 11.2937 13.195H1.4337C0.6537 13.195 0.0037 13.865 0.0037 14.645ZM0.0037 19.905C0.0037 20.695 0.6537 21.345 1.4337 21.345L12.6237 21.355C12.3037 20.545 12.0337 19.425 11.8437 18.475H1.4337C0.6537 18.475 0.0037 19.125 0.0037 19.905Z","geometry":{"width":37.48828125,"height":24.0078125}}