{"path":"M13.8037 12.005C13.8037 14.575 14.0037 17.175 14.7537 19.825C15.6537 22.875 17.3637 24.005 20.9637 24.005H21.7537C30.1837 24.005 37.5037 18.485 37.5037 12.005C37.5037 5.505 30.1837 -0.005 21.7537 -0.005H20.9637C17.3737 -0.005 15.6637 1.135 14.7537 4.165C14.0037 6.835 13.8037 9.415 13.8037 12.005ZM0.0037 4.105C0.0037 4.905 0.6537 5.535 1.4337 5.535H11.8437C12.1137 4.225 12.3037 3.435 12.6037 2.665H1.4337C0.6537 2.665 0.0037 3.305 0.0037 4.105ZM17.1037 12.005C17.1037 9.175 17.3237 7.135 17.9137 5.095C18.3037 3.735 19.0737 3.285 20.9637 3.285H21.7537C28.3037 3.285 34.2237 7.385 34.2237 12.005C34.2237 16.615 28.3037 20.725 21.7537 20.725H20.9637C19.0537 20.725 18.3037 20.265 17.9137 18.905C17.3237 16.875 17.1037 14.835 17.1037 12.005ZM20.8037 17.065C21.5337 17.065 21.9937 16.675 22.2137 15.795L22.7337 14.235H26.2937L26.7837 15.795C27.0037 16.675 27.4837 17.065 28.2037 17.065C29.0837 17.065 29.6137 16.575 29.6137 15.735C29.6137 15.495 29.5437 15.185 29.4037 14.775L26.7837 7.325C26.3837 6.135 25.6337 5.565 24.4737 5.565C23.3537 5.565 22.6237 6.135 22.2337 7.325L19.6037 14.775C19.4737 15.185 19.4037 15.495 19.4037 15.735C19.4037 16.575 19.9337 17.065 20.8037 17.065ZM0.0037 9.365C0.0037 10.155 0.6537 10.815 1.4337 10.815H11.2937C11.3037 9.875 11.3737 8.905 11.4837 7.925H1.4337C0.6537 7.925 0.0037 8.575 0.0037 9.365ZM23.2837 12.125L24.4437 8.245H24.5837L25.7337 12.125ZM0.0037 14.645C0.0037 15.435 0.6537 16.075 1.4337 16.075H11.4837C11.3737 15.095 11.3237 14.135 11.2937 13.195H1.4337C0.6537 13.195 0.0037 13.865 0.0037 14.645ZM0.0037 19.905C0.0037 20.695 0.6537 21.345 1.4337 21.345L12.6237 21.355C12.3037 20.545 12.0337 19.425 11.8437 18.475H1.4337C0.6537 18.475 0.0037 19.125 0.0037 19.905Z","geometry":{"width":37.501953125,"height":24.0078125}}