{"path":"M3.331 31.8646H5.081C6.451 31.8646 7.411 30.8646 7.411 29.4746V28.1746H10.291C10.911 29.6546 12.371 30.6646 14.091 30.6646C15.811 30.6646 17.261 29.6546 17.881 28.1746H20.781V29.4746C20.781 30.8646 21.731 31.8646 23.101 31.8646H24.871C26.231 31.8646 27.181 30.8646 27.181 29.4746V23.5146C27.181 22.1146 26.231 21.1246 24.871 21.1246H23.101C21.731 21.1246 20.781 22.1146 20.781 23.5146V24.8346H17.871C17.461 23.8946 16.721 23.1546 15.771 22.7446V7.1246H20.141L20.111 7.2146C19.621 8.5246 20.191 9.7846 21.461 10.2546L22.971 10.8146C24.261 11.2946 25.491 10.6646 25.971 9.3446L28.021 3.7446C28.491 2.4346 27.941 1.1746 26.661 0.7046L25.151 0.1646C23.851 -0.3154 22.621 0.2946 22.141 1.6146L21.371 3.7546H8.081L8.091 3.7446C8.551 2.4346 8.011 1.1746 6.721 0.7046L5.221 0.1646C3.921 -0.3154 2.691 0.2946 2.211 1.6146L0.171 7.2146C-0.319 8.5246 0.261 9.7846 1.541 10.2546L3.031 10.8146C4.331 11.2946 5.561 10.6646 6.041 9.3446L6.861 7.1246H12.411V22.7346C11.471 23.1446 10.721 23.8946 10.301 24.8346H7.411V23.5146C7.411 22.1146 6.451 21.1246 5.081 21.1246H3.331C1.951 21.1246 1.011 22.1146 1.011 23.5146V29.4746C1.011 30.8646 1.951 31.8646 3.331 31.8646ZM14.091 28.2446C13.121 28.2446 12.371 27.4946 12.371 26.5346C12.371 25.5746 13.121 24.8246 14.091 24.8246C15.051 24.8246 15.791 25.5746 15.791 26.5346C15.791 27.4946 15.051 28.2446 14.091 28.2446Z","geometry":{"width":28.188286410801116,"height":31.86650969081909}}