{"path":"M3.331 31.8646H5.081C6.451 31.8646 7.411 30.8646 7.411 29.4746V28.1746H20.781V29.4746C20.781 30.8646 21.731 31.8646 23.101 31.8646H24.871C26.231 31.8646 27.181 30.8646 27.181 29.4746V23.5146C27.181 22.1146 26.231 21.1246 24.871 21.1246H23.101C21.731 21.1246 20.781 22.1146 20.781 23.5146V24.8346H15.771V9.2246C16.721 8.8146 17.461 8.0646 17.871 7.1246H20.141L20.111 7.2146C19.621 8.5246 20.191 9.7846 21.461 10.2546L22.971 10.8146C24.261 11.2946 25.491 10.6646 25.971 9.3446L28.021 3.7446C28.491 2.4346 27.941 1.1746 26.661 0.7046L25.151 0.1646C23.851 -0.3154 22.621 0.2946 22.141 1.6146L21.371 3.7546H17.871C17.241 2.3046 15.801 1.3146 14.091 1.3146C12.381 1.3146 10.931 2.3046 10.301 3.7546H8.081L8.091 3.7446C8.551 2.4346 8.011 1.1746 6.721 0.7046L5.221 0.1646C3.921 -0.3154 2.691 0.2946 2.211 1.6146L0.171 7.2146C-0.319 8.5246 0.261 9.7846 1.541 10.2546L3.031 10.8146C4.331 11.2946 5.561 10.6646 6.041 9.3446L6.861 7.1246H10.301C10.721 8.0646 11.471 8.8146 12.411 9.2246V24.8346H7.411V23.5146C7.411 22.1146 6.451 21.1246 5.081 21.1246H3.331C1.951 21.1246 1.011 22.1146 1.011 23.5146V29.4746C1.011 30.8646 1.951 31.8646 3.331 31.8646ZM14.091 7.1446C13.121 7.1446 12.371 6.3946 12.371 5.4346C12.371 4.4846 13.121 3.7346 14.091 3.7346C15.051 3.7346 15.791 4.4846 15.791 5.4346C15.791 6.3946 15.051 7.1446 14.091 7.1446Z","geometry":{"width":28.188286410801116,"height":31.86650969081909}}