{"path":"M4.8237 26.1377H21.3137C24.4437 26.1377 26.1437 24.4477 26.1437 21.3377V4.7977C26.1437 1.6977 24.4437 -0.0023 21.3137 -0.0023H4.8237C1.7137 -0.0023 0.0037 1.6977 0.0037 4.7977V21.3377C0.0037 24.4477 1.7137 26.1377 4.8237 26.1377ZM5.2137 22.6177C4.1137 22.6177 3.5237 22.0777 3.5237 20.9177V5.2377C3.5237 4.0777 4.1137 3.5277 5.2137 3.5277H20.9337C22.0237 3.5277 22.6137 4.0777 22.6137 5.2377V20.9177C22.6137 22.0777 22.0237 22.6177 20.9337 22.6177ZM9.9837 19.1177H14.1737C16.7737 19.1177 18.5237 17.7577 18.5237 15.7377C18.5237 14.0377 17.4437 12.9077 15.6137 12.6777V12.5777C17.0237 12.3077 17.9337 11.2477 17.9337 9.8977C17.9337 8.0477 16.4437 6.8877 14.0637 6.8877H9.9837C8.7537 6.8877 8.0937 7.5477 8.0937 8.7777V17.2277C8.0937 18.4577 8.7337 19.1177 9.9837 19.1177ZM11.1937 11.8677V8.9777H13.1237C14.1937 8.9777 14.8637 9.5277 14.8637 10.3877C14.8637 11.3377 14.1237 11.8677 12.7837 11.8677ZM11.1837 16.9077V13.7377H13.2637C14.5237 13.7377 15.2737 14.3377 15.2737 15.3377C15.2737 16.3877 14.4937 16.9077 12.8937 16.9077Z","geometry":{"width":26.140625,"height":26.140625}}