{"path":"M4.8237 26.1377H21.3137C24.4437 26.1377 26.1437 24.4477 26.1437 21.3377V4.7977C26.1437 1.6977 24.4437 -0.0023 21.3137 -0.0023H4.8237C1.7137 -0.0023 0.0037 1.6977 0.0037 4.7977V21.3377C0.0037 24.4477 1.7137 26.1377 4.8237 26.1377ZM9.8837 19.4377C8.5737 19.4377 7.8937 18.7477 7.8937 17.4277V8.5677C7.8937 7.2577 8.5837 6.5577 9.8837 6.5577H14.2237C16.7237 6.5577 18.2937 7.7777 18.2937 9.7377C18.2937 11.1577 17.3237 12.2677 15.8337 12.5477V12.6577C17.7737 12.9077 18.9037 14.0977 18.9037 15.8877C18.9037 18.0177 17.0637 19.4377 14.3237 19.4377ZM11.1937 11.7977H12.8337C14.2337 11.7977 15.0137 11.2377 15.0137 10.2577C15.0137 9.3477 14.3137 8.7877 13.1937 8.7877H11.1937ZM11.1837 17.1077H12.9637C14.6437 17.1077 15.4537 16.5577 15.4537 15.4477C15.4537 14.4077 14.6737 13.7977 13.3437 13.7977H11.1837Z","geometry":{"width":26.140625,"height":26.140625}}