{"path":"M26.3916 23.792C27.5716 23.792 28.4616 22.932 28.4616 21.762V2.012C28.4616 0.862 27.5716 0.002 26.3916 0.002C25.1816 0.002 24.2916 0.862 24.2916 2.012V21.762C24.2916 22.932 25.1816 23.792 26.3916 23.792ZM17.8716 23.312C19.2816 23.312 20.4516 22.262 20.4516 20.382V3.402C20.4516 1.522 19.2916 0.482 17.8816 0.482C17.2016 0.482 16.6116 0.652 15.9416 1.022L1.8216 9.312C0.6716 9.982 0.0016 10.742 0.0016 11.882C0.0016 13.012 0.7016 13.832 1.8216 14.492L15.9416 22.762C16.6016 23.132 17.2016 23.312 17.8716 23.312ZM16.7316 19.182C16.6616 19.182 16.5816 19.152 16.5016 19.112L4.6116 12.142C4.5016 12.072 4.4316 12.002 4.4316 11.882C4.4316 11.762 4.4816 11.702 4.6116 11.652L16.5016 4.672C16.6016 4.622 16.6616 4.612 16.7316 4.612C16.8716 4.612 16.9716 4.692 16.9716 4.852V18.932C16.9716 19.102 16.8716 19.182 16.7316 19.182Z","geometry":{"width":28.46484375,"height":23.7890625}}