{"path":"M7.6342 35.9569H16.0542C21.1242 35.9569 23.7242 33.3069 23.6842 28.1669C23.6242 22.6269 23.5942 18.5769 23.4642 15.5569C23.1342 8.4069 21.4142 5.1269 16.6242 4.0369C16.3142 1.5969 14.4742 -0.0031 11.8442 -0.0031C9.1842 -0.0031 7.3442 1.5969 7.0442 4.0369C2.2742 5.1369 0.5442 8.4169 0.2242 15.5569C0.0842 18.5769 0.0542 22.6269 0.0042 28.1669C-0.0358 33.3069 2.5542 35.9569 7.6342 35.9569ZM11.8442 2.4469C12.7942 2.4469 13.5342 2.9169 13.8942 3.6469C13.2442 3.6069 12.5642 3.5969 11.8442 3.5969C11.1042 3.5969 10.4142 3.6069 9.7742 3.6469C10.1342 2.9169 10.8742 2.4469 11.8442 2.4469ZM7.6342 32.9069C4.2542 32.9069 2.9942 31.6369 3.0342 28.1869C3.0942 22.6569 3.1142 18.6669 3.2542 15.6969C3.5842 8.1669 5.0442 6.6269 11.8442 6.6269C18.6342 6.6269 20.0942 8.1669 20.4242 15.6969C20.5642 18.6669 20.5942 22.6569 20.6442 28.1869C20.6842 31.6369 19.4242 32.9069 16.0542 32.9069ZM7.4642 30.1169H16.2142C17.5842 30.1169 18.4942 29.2069 18.4942 27.8469V21.0869C18.4942 19.7469 17.5842 18.8269 16.2142 18.8269H7.4642C6.1142 18.8269 5.1842 19.7469 5.1842 21.0869V27.8469C5.1842 29.1869 6.1142 30.1169 7.4642 30.1169ZM7.5842 21.5869C7.5842 21.3569 7.7342 21.2069 7.9742 21.2069H15.7142C15.9442 21.2069 16.0942 21.3569 16.0942 21.5869V22.7269H7.5842ZM7.9742 27.7269C7.7342 27.7269 7.5842 27.5769 7.5842 27.3569V24.9069H16.0942V27.3569C16.0942 27.5769 15.9442 27.7269 15.7142 27.7269Z","geometry":{"width":23.680643976961267,"height":35.95703125}}