{"path":"M7.6342 35.9269H16.0542C21.1242 35.9269 23.7242 33.2769 23.6842 28.1469C23.6242 22.6169 23.5942 18.5669 23.4642 15.5269C23.1442 8.3969 21.4142 5.1169 16.6242 4.0169C16.3142 1.5869 14.4742 -0.0031 11.8442 -0.0031C9.1842 -0.0031 7.3542 1.5869 7.0442 4.0169C2.2742 5.1169 0.5442 8.3969 0.2242 15.5269C0.0842 18.5669 0.0542 22.6169 0.0042 28.1469C-0.0358 33.2769 2.5542 35.9269 7.6342 35.9269ZM11.8442 2.4469C12.7942 2.4469 13.5342 2.8969 13.8942 3.6369C13.2442 3.5969 12.5642 3.5669 11.8442 3.5669C11.1142 3.5669 10.4142 3.5969 9.7742 3.6369C10.1342 2.8969 10.8842 2.4469 11.8442 2.4469ZM5.0742 20.9769C5.0742 19.6469 5.9842 18.7269 7.3442 18.7269H16.3342C17.7042 18.7269 18.6042 19.6469 18.6042 20.9769V22.6969H5.0742ZM5.0742 24.8669H18.6042V27.9269C18.6042 29.2669 17.7042 30.1869 16.3342 30.1869H7.3442C5.9842 30.1869 5.0742 29.2569 5.0742 27.9269Z","geometry":{"width":23.680643976961267,"height":35.9296875}}