{"path":"M2.0737 23.792C3.2637 23.792 4.1537 22.932 4.1537 21.762V12.402C4.3437 13.272 4.9937 13.932 5.9337 14.492L20.0537 22.762C20.7037 23.132 21.3037 23.312 21.9737 23.312C23.3837 23.312 24.5537 22.262 24.5537 20.382V12.472C24.7637 13.302 25.4037 13.942 26.3037 14.492L40.4437 22.762C41.0837 23.132 41.6837 23.312 42.3537 23.312C43.7637 23.312 44.9437 22.262 44.9437 20.382V3.402C44.9437 1.522 43.7737 0.482 42.3737 0.482C41.7037 0.482 41.0937 0.652 40.4437 1.022L26.3037 9.312C25.3737 9.862 24.7637 10.462 24.5537 11.282V3.402C24.5537 1.522 23.3937 0.482 21.9937 0.482C21.3137 0.482 20.7137 0.652 20.0537 1.022L5.9337 9.312C4.9737 9.872 4.3437 10.502 4.1537 11.352V2.012C4.1537 0.862 3.2637 0.002 2.0737 0.002C0.8937 0.002 0.0037 0.862 0.0037 2.012V21.762C0.0037 22.932 0.8937 23.792 2.0737 23.792ZM20.8537 19.182C20.7637 19.182 20.6837 19.152 20.6037 19.112L8.7237 12.142C8.6037 12.072 8.5437 12.002 8.5437 11.882C8.5437 11.762 8.6037 11.702 8.7237 11.652L20.6037 4.672C20.7037 4.622 20.7637 4.612 20.8337 4.612C20.9737 4.612 21.0837 4.692 21.0837 4.852V18.932C21.0837 19.102 20.9737 19.182 20.8537 19.182ZM41.2337 19.182C41.1537 19.182 41.0737 19.152 40.9837 19.112L29.0937 12.142C28.9837 12.072 28.9137 12.002 28.9137 11.882C28.9137 11.762 28.9837 11.702 29.0937 11.652L40.9837 4.672C41.0837 4.622 41.1537 4.612 41.2237 4.612C41.3537 4.612 41.4537 4.692 41.4537 4.852V18.932C41.4537 19.102 41.3537 19.182 41.2337 19.182Z","geometry":{"width":44.939453125,"height":23.7890625}}