{"path":"M2.0737 23.792C3.2637 23.792 4.1537 22.932 4.1537 21.762V12.472C4.3637 13.302 5.0037 13.942 5.9037 14.492L20.0437 22.762C20.6837 23.132 21.2837 23.312 21.9537 23.312C23.3637 23.312 24.5437 22.262 24.5437 20.382V3.402C24.5437 1.522 23.3837 0.482 21.9737 0.482C21.3037 0.482 20.7037 0.652 20.0437 1.022L5.9037 9.312C4.9737 9.862 4.3637 10.462 4.1537 11.282V2.012C4.1537 0.862 3.2637 0.002 2.0737 0.002C0.8937 0.002 0.0037 0.862 0.0037 2.012V21.762C0.0037 22.932 0.8937 23.792 2.0737 23.792ZM20.8337 19.182C20.7537 19.182 20.6737 19.152 20.5937 19.112L8.6937 12.142C8.5837 12.072 8.5337 12.002 8.5337 11.882C8.5337 11.762 8.5837 11.702 8.6937 11.652L20.5937 4.672C20.6837 4.622 20.7537 4.612 20.8237 4.612C20.9637 4.612 21.0537 4.692 21.0537 4.852V18.932C21.0537 19.102 20.9637 19.182 20.8337 19.182Z","geometry":{"width":24.541015625,"height":23.7890625}}