{"path":"M2.2044 23.4852H5.5644C7.0144 23.4852 7.7544 22.7452 7.7544 21.3052V12.3352C7.9544 13.1652 8.5844 13.8052 9.5044 14.3452L23.6244 22.6152C24.2844 22.9952 24.8844 23.1552 25.5544 23.1552C26.9444 23.1552 28.1344 22.1052 28.1344 20.2352V3.2652C28.1344 1.3852 26.9744 0.3252 25.5644 0.3252C24.8844 0.3252 24.2844 0.5052 23.6244 0.8852L9.5044 9.1552C8.5744 9.7052 7.9544 10.3252 7.7544 11.1252V2.2052C7.7544 0.7552 7.0144 0.0452 5.5644 -0.0048H2.2044C0.7344 -0.0048 0.0044 0.7552 0.0044 2.2052V21.3052C-0.0256 22.7452 0.7144 23.4852 2.2044 23.4852Z","geometry":{"width":28.13745124974459,"height":23.48828125}}