{"path":"M17.8545 22.8291C19.2645 22.8291 20.4345 21.7791 20.4345 19.8891V11.9891C20.6445 12.8291 21.2845 13.4691 22.1845 13.9991L36.3245 22.2691C36.9645 22.6591 37.5745 22.8291 38.2445 22.8291C39.6445 22.8291 40.8245 21.7791 40.8245 19.8891V2.9291C40.8245 1.0391 39.6645 -0.0009 38.2545 -0.0009C37.5845 -0.0009 36.9845 0.1791 36.3245 0.5491L22.1845 8.8191C21.2645 9.3691 20.6445 9.9791 20.4345 10.7991V2.9291C20.4345 1.0391 19.2745 -0.0009 17.8845 -0.0009C17.1945 -0.0009 16.5945 0.1791 15.9445 0.5491L1.8145 8.8191C0.6745 9.4991 0.0045 10.2691 0.0045 11.3991C0.0045 12.5191 0.6945 13.3391 1.8145 13.9991L15.9445 22.2691C16.5845 22.6591 17.1845 22.8291 17.8545 22.8291Z","geometry":{"width":40.82421875,"height":22.83203125}}