{"path":"M27.8451 6.0471H26.3051C26.2651 2.6671 23.4451 -0.0029 19.9351 -0.0029C16.4351 -0.0029 13.6151 2.6671 13.5651 6.0471H12.0151C8.9051 6.0471 7.1951 7.7371 7.1951 10.8371V15.6571C12.2651 15.6571 16.4451 19.8371 16.4451 24.8971C16.4451 26.6771 15.9251 28.3371 15.0351 29.7471H28.0851C30.9851 29.7471 32.6751 28.0571 32.6751 24.9471V10.8371C32.6751 7.7471 30.9651 6.0471 27.8451 6.0471ZM19.9351 2.9271C21.7251 2.9271 22.9651 4.2771 23.0251 6.0471H16.8551C16.8951 4.2771 18.1551 2.9271 19.9351 2.9271ZM7.2051 32.0871C11.1151 32.0871 14.3951 28.8171 14.3951 24.8871C14.3951 20.9471 11.1451 17.6871 7.2051 17.6871C3.2551 17.6871 -0.0049 20.9471 -0.0049 24.8871C-0.0049 28.8371 3.2551 32.0871 7.2051 32.0871ZM6.9451 26.5771C6.3451 26.5771 5.8351 26.2471 5.8351 25.6471V25.5971C5.8351 24.8871 6.2851 24.4571 6.9151 24.0071C7.6451 23.5271 8.0551 23.2471 8.0551 22.7671C8.0551 22.3371 7.7251 22.0571 7.2351 22.0571C6.7951 22.0571 6.5051 22.2571 6.2051 22.5471C5.9651 22.7771 5.7151 23.0471 5.2051 23.0471C4.5151 23.0471 4.1451 22.6271 4.1451 22.1071C4.1451 20.8771 5.7251 20.0971 7.3151 20.0971C9.2051 20.0971 10.5151 21.1671 10.5151 22.6271C10.5151 23.8271 9.6951 24.2271 8.9251 24.7571C8.4951 25.0771 8.2151 25.3171 8.1251 25.7671C7.9551 26.3071 7.5151 26.5771 6.9451 26.5771ZM6.9351 29.5871C6.2051 29.5871 5.6451 29.1071 5.6451 28.3971C5.6451 27.6971 6.2251 27.2171 6.9351 27.2171C7.6851 27.2171 8.2351 27.7171 8.2351 28.3971C8.2151 29.1071 7.6851 29.5871 6.9351 29.5871Z","geometry":{"width":32.67578125,"height":32.087890625}}