{"path":"M26.0951 6.0471H24.5551C24.5151 2.6671 21.6951 -0.0029 18.1851 -0.0029C14.6851 -0.0029 11.8651 2.6671 11.8151 6.0471H10.2651C7.1551 6.0471 5.4451 7.7371 5.4451 10.8371V15.8471C6.0151 15.7271 6.5851 15.6571 7.1951 15.6571C7.7951 15.6571 8.3951 15.7271 8.9651 15.8471V11.2771C8.9651 10.1171 9.5551 9.5671 10.6551 9.5671H25.7151C26.8151 9.5671 27.3951 10.1171 27.3951 11.2771V24.5271C27.3951 25.6871 26.8151 26.2271 25.9451 26.2271H16.2951C16.1651 27.4971 15.7051 28.7071 15.0351 29.7471H26.3351C29.2351 29.7471 30.9251 28.0571 30.9251 24.9471V10.8371C30.9251 7.7471 29.2151 6.0471 26.0951 6.0471ZM18.1851 2.9271C19.9751 2.9271 21.2151 4.2771 21.2751 6.0471H15.1051C15.1451 4.2771 16.4051 2.9271 18.1851 2.9271ZM7.2051 32.0871C11.1251 32.0871 14.3951 28.8171 14.3951 24.8871C14.3951 20.9471 11.1551 17.6871 7.2051 17.6871C3.2551 17.6871 -0.0049 20.9471 -0.0049 24.8871C-0.0049 28.8371 3.2551 32.0871 7.2051 32.0871ZM3.6551 25.9871C3.0751 25.9871 2.5751 25.4871 2.5551 24.8971C2.5551 24.3071 3.0751 23.8071 3.6551 23.8071H10.7551C11.3451 23.8071 11.8551 24.2971 11.8551 24.8971C11.8551 25.4871 11.3451 25.9871 10.7551 25.9871Z","geometry":{"width":30.92578125,"height":32.087890625}}