{"path":"M27.8451 6.0471H26.3051C26.2651 2.6671 23.4451 -0.0029 19.9351 -0.0029C16.4351 -0.0029 13.6151 2.6671 13.5651 6.0471H12.0151C8.9051 6.0471 7.1951 7.7371 7.1951 10.8371V15.6571C12.2651 15.6571 16.4451 19.8371 16.4451 24.8971C16.4451 26.6771 15.9251 28.3371 15.0351 29.7471H28.0851C30.9851 29.7471 32.6751 28.0571 32.6751 24.9471V10.8371C32.6751 7.7471 30.9651 6.0471 27.8451 6.0471ZM19.9351 2.9271C21.7251 2.9271 22.9651 4.2771 23.0251 6.0471H16.8551C16.8951 4.2771 18.1551 2.9271 19.9351 2.9271ZM7.2051 32.0871C11.1151 32.0871 14.3951 28.8171 14.3951 24.8871C14.3951 20.9471 11.1451 17.6871 7.2051 17.6871C3.2551 17.6871 -0.0049 20.9471 -0.0049 24.8871C-0.0049 28.8371 3.2551 32.0871 7.2051 32.0871ZM3.6551 25.9871C3.0651 25.9871 2.5551 25.4871 2.5551 24.8971C2.5451 24.3071 3.0651 23.8071 3.6551 23.8071H10.7551C11.3451 23.8071 11.8351 24.2971 11.8351 24.8971C11.8351 25.4871 11.3451 25.9871 10.7551 25.9871Z","geometry":{"width":32.67578125,"height":32.087890625}}