{"path":"M4.8237 26.1377H21.3137C24.4437 26.1377 26.1437 24.4477 26.1437 21.3377V4.7977C26.1437 1.6977 24.4437 -0.0023 21.3137 -0.0023H4.8237C1.7137 -0.0023 0.0037 1.6977 0.0037 4.7977V21.3377C0.0037 24.4477 1.7137 26.1377 4.8237 26.1377ZM5.2137 22.6177C4.1137 22.6177 3.5237 22.0777 3.5237 20.9177V5.2377C3.5237 4.0777 4.1137 3.5277 5.2137 3.5277H20.9337C22.0237 3.5277 22.6137 4.0777 22.6137 5.2377V20.9177C22.6137 22.0777 22.0237 22.6177 20.9337 22.6177ZM13.2037 20.6177C13.5537 20.6177 13.7937 20.3677 13.7937 20.0177V19.1577H14.2037C16.7037 19.1577 18.3037 17.7777 18.3037 15.6577C18.3037 14.2777 17.4037 13.1377 16.0637 12.7377C17.0537 12.2877 17.7437 11.2677 17.7437 10.1877C17.7437 8.3377 16.3537 7.0777 14.1237 7.0777H13.7937V6.1377C13.7937 5.7877 13.5537 5.5377 13.2037 5.5377C12.8537 5.5377 12.6037 5.7877 12.6037 6.1377V7.0777H10.4737C9.6137 7.0777 9.0637 7.6377 9.0637 8.5277V17.7177C9.0637 18.6077 9.6137 19.1577 10.4837 19.1577H12.6037V20.0177C12.6037 20.3677 12.8537 20.6177 13.2037 20.6177ZM11.6337 12.0077V9.1377H12.6037V12.0077ZM13.7937 11.9477V9.1477C14.7337 9.2377 15.2537 9.7177 15.2537 10.5177C15.2537 11.3177 14.7337 11.8277 13.7937 11.9477ZM11.6337 17.1077V13.8777H12.6037V17.0877ZM13.7937 17.0877V13.8877C15.0537 13.9677 15.6837 14.5077 15.6837 15.4777C15.6837 16.4777 15.0537 17.0177 13.7937 17.0877Z","geometry":{"width":26.140625,"height":26.140625}}