{"path":"M4.8237 26.1377H21.3137C24.4437 26.1377 26.1437 24.4477 26.1437 21.3377V4.7977C26.1437 1.6977 24.4437 -0.0023 21.3137 -0.0023H4.8237C1.7137 -0.0023 0.0037 1.6977 0.0037 4.7977V21.3377C0.0037 24.4477 1.7137 26.1377 4.8237 26.1377ZM13.2937 21.0277C12.9337 21.0277 12.6637 20.7577 12.6637 20.3877V19.4677H10.4137C9.4837 19.4677 8.9137 18.8977 8.9137 17.9477V8.2977C8.9137 7.3577 9.4837 6.7677 10.4137 6.7677H12.6637V5.7677C12.6637 5.3977 12.9337 5.1277 13.2937 5.1277C13.6537 5.1277 13.9137 5.3977 13.9137 5.7677V6.7677H14.2737C16.6237 6.7677 18.1037 8.0777 18.1037 10.0177C18.1037 11.1877 17.3537 12.2377 16.3137 12.7177C17.7237 13.1377 18.6737 14.3377 18.6737 15.7877C18.6737 18.0177 16.9937 19.4677 14.3537 19.4677H13.9137V20.3877C13.9137 20.7577 13.6537 21.0277 13.2937 21.0277ZM11.6637 11.9377H12.6637V8.9377H11.6637ZM13.9137 11.8777C14.9037 11.7577 15.4337 11.2277 15.4337 10.3777C15.4337 9.5577 14.8937 9.0477 13.9137 8.9677ZM11.6637 17.2977L12.6637 17.2777V13.9477H11.6637ZM13.9137 17.2777C15.2337 17.2177 15.8837 16.6377 15.8837 15.5877C15.8837 14.5877 15.2337 14.0277 13.9137 13.9477Z","geometry":{"width":26.140625,"height":26.140625}}