{"path":"M9.2737 38.6935C9.9437 38.6935 10.5037 38.1335 10.5037 37.4635C10.5037 34.4635 13.2037 33.7835 13.2037 30.7435C13.2037 27.7035 10.8737 27.2035 10.5837 24.8935H11.1437C12.0837 24.8935 12.5637 24.0935 12.3637 23.2835L11.9237 21.6335C15.9037 20.1635 18.7337 15.3435 18.7337 9.6135C18.7337 4.1535 14.8737 0.0035 9.3537 0.0035C3.8437 0.0035 0.0037 4.1535 0.0037 9.6135C0.0037 15.3235 2.8137 20.1535 6.7937 21.6335L6.3537 23.2835C6.1537 24.0935 6.6337 24.8935 7.5737 24.8935H8.1337C8.3237 28.5035 10.7837 28.8635 10.7837 30.7435C10.7837 32.7335 8.0637 32.9935 8.0637 37.4635C8.0637 38.1335 8.6037 38.6935 9.2737 38.6935Z","geometry":{"width":18.73046875,"height":38.69140625}}