{"path":"M7.5237 38.9635C8.1737 38.9635 8.6937 38.4435 8.6937 37.8035C8.6937 35.3035 11.0037 34.8635 11.0037 32.1835C11.0037 29.5435 9.1637 29.2135 8.8037 27.4935H9.1437C10.0237 27.4935 10.4637 26.7735 10.2637 26.0335L9.9237 24.7435C11.6737 24.1335 13.1537 22.7635 14.1937 20.9335C14.6337 21.2235 15.1037 21.4535 15.6037 21.6335L15.1637 23.2835C14.9437 24.0935 15.4237 24.8935 16.3637 24.8935H16.9237C17.1137 28.5035 19.5937 28.8635 19.5937 30.7435C19.5937 32.7335 16.8537 32.9935 16.8537 37.4635C16.8537 38.1335 17.4037 38.6935 18.0737 38.6935C18.7437 38.6935 19.2937 38.1335 19.2937 37.4635C19.2937 34.4635 22.0137 33.7835 22.0137 30.7435C22.0137 27.7035 19.6637 27.2035 19.3837 24.8935H19.9437C20.8937 24.8935 21.3737 24.0935 21.1637 23.2835L20.7137 21.6335C24.7037 20.1635 27.5337 15.3435 27.5337 9.6135C27.5337 4.1535 23.6637 0.0035 18.1537 0.0035C13.6737 0.0035 10.3037 2.7435 9.1837 6.7035C8.7637 6.6335 8.3137 6.5935 7.8437 6.5935C3.2437 6.5935 0.0037 10.1735 0.0037 14.7335C0.0037 19.2135 2.1237 23.0935 5.2137 24.5135L4.8237 26.0335C4.6237 26.7735 5.0837 27.4935 5.9337 27.4935H6.4537C6.6837 30.5535 8.7137 30.6535 8.7137 32.1835C8.7137 33.7935 6.3837 33.8135 6.3837 37.8035C6.3837 38.4435 6.8937 38.9635 7.5237 38.9635ZM18.1537 19.2335C14.4737 19.2335 11.6437 14.9535 11.6437 9.6135C11.6437 5.7835 14.2837 2.8535 18.1537 2.8535C22.0137 2.8535 24.6737 5.7835 24.6737 9.6135C24.6737 14.9535 21.8237 19.2335 18.1537 19.2335ZM2.8737 14.7335C2.8737 11.7435 4.8537 9.4335 7.8437 9.4335C8.1937 9.4335 8.5037 9.4735 8.8037 9.5335C8.8037 9.5535 8.8037 9.5835 8.8037 9.6135C8.8037 13.3535 10.0037 16.7235 11.9637 19.0035C11.0637 21.0135 9.5937 22.2335 7.8437 22.2335C5.0137 22.2335 2.8737 18.9635 2.8737 14.7335Z","geometry":{"width":27.53515625,"height":38.96484375}}