{"path":"M24.3658 15.2554L26.6158 12.7954C29.7658 9.3554 29.7658 5.2554 26.7858 2.2354C23.8058 -0.7846 19.6458 -0.7546 16.2258 2.3954L13.7858 4.6554C15.2958 4.0854 16.7058 4.6854 18.0858 6.0654L23.0558 11.0254C24.4358 12.4054 24.9358 13.7154 24.3658 15.2554ZM12.4858 21.3854C13.9158 22.8254 15.2958 22.8654 16.7758 21.3854L21.3658 16.7954C22.8558 15.3054 22.8158 13.9554 21.3858 12.5054L16.5058 7.6354C15.0658 6.2054 13.7158 6.1554 12.2258 7.6454L7.6258 12.2454C6.1558 13.7154 6.1958 15.0854 7.6258 16.5354ZM13.5358 12.4854C12.9858 11.9454 12.9858 11.0654 13.5258 10.5354C14.0658 9.9754 14.9258 9.9754 15.4758 10.5354C16.0258 11.0654 16.0358 11.9154 15.4658 12.4854C14.9458 12.9954 14.0558 13.0054 13.5358 12.4854ZM10.4958 15.4954C9.9558 14.9354 9.9558 14.1054 10.4958 13.5254C11.0458 12.9854 11.9058 12.9954 12.4658 13.5554C12.9758 14.0754 13.0058 14.9354 12.4658 15.4854C11.8958 16.0554 11.0458 16.0354 10.4958 15.4954ZM18.4858 15.4954C17.9558 16.0354 17.0758 16.0354 16.5258 15.4854C16.0058 14.9654 16.0058 14.0754 16.5258 13.5554C17.1058 12.9954 17.9558 12.9954 18.4858 13.5254C19.0458 14.0854 19.0458 14.9354 18.4858 15.4954ZM2.2158 26.8054C5.1958 29.8254 9.3558 29.7954 12.7658 26.6354L15.2158 24.3754C13.6858 24.9454 12.3158 24.3754 10.9358 22.9854L5.9658 18.0254C4.5758 16.6354 4.0758 15.3154 4.6458 13.8054L2.3758 16.2454C-0.7742 19.6654 -0.7542 23.7854 2.2158 26.8054ZM13.5258 18.5154C12.9858 17.9754 12.9658 17.1254 13.5358 16.5454C14.0658 16.0154 14.9458 16.0354 15.4658 16.5454C16.0058 17.1154 16.0358 17.9754 15.4758 18.5154C14.9158 19.0654 14.0658 19.0654 13.5258 18.5154Z","geometry":{"width":28.99874505665714,"height":29.04017417221576}}