{"path":"M2.2717 27.2243C5.4317 30.3843 10.1117 30.2343 13.4417 26.9143L17.5317 22.7943L22.8017 17.5343L26.9017 13.4443C30.2317 10.1243 30.3617 5.4443 27.2117 2.2743C24.0517 -0.8857 19.3817 -0.7357 16.0417 2.5943L11.9517 6.6943L6.6917 11.9743L2.5917 16.0443C-0.7483 19.3843 -0.8683 24.0543 2.2717 27.2243ZM22.8017 11.7543L17.7517 6.6943C17.5617 6.5043 17.3717 6.3343 17.1817 6.1843L18.3817 4.9843C20.3817 2.9843 23.0317 2.5743 24.9717 4.5143C26.9217 6.4643 26.5117 9.1143 24.5017 11.1243L23.3217 12.3143C23.1617 12.1243 22.9917 11.9443 22.8017 11.7543ZM15.6517 8.9443L20.5517 13.8543C21.0217 14.3243 20.9817 14.6643 20.4917 15.1443L15.1417 20.4843C14.6617 20.9743 14.3117 21.0243 13.8417 20.5543L8.9517 15.6343C8.4817 15.1643 8.5217 14.8243 9.0017 14.3443L14.3617 9.0143C14.8417 8.5243 15.1817 8.4843 15.6517 8.9443ZM14.7317 13.1743C15.3917 13.1743 15.8417 12.6643 15.8417 12.0743C15.8517 11.4743 15.3617 10.9843 14.7617 10.9843C14.1417 10.9843 13.6617 11.4743 13.6617 12.0943C13.6617 12.6543 14.1517 13.1743 14.7317 13.1743ZM17.4017 15.8243C18.0117 15.8243 18.4917 15.3143 18.4817 14.7143C18.4817 14.1343 18.0217 13.6243 17.3817 13.6243C16.8117 13.6243 16.3017 14.1543 16.3017 14.7043C16.3017 15.3343 16.7917 15.8243 17.4017 15.8243ZM12.1217 15.8543C12.7117 15.8543 13.1817 15.3343 13.1817 14.7743C13.2017 14.1443 12.7117 13.6543 12.1017 13.6543C11.4817 13.6543 11.0117 14.1543 11.0117 14.7543C11.0117 15.3643 11.4817 15.8543 12.1217 15.8543ZM14.7417 18.5043C15.3417 18.5043 15.8217 17.9943 15.8217 17.3843C15.8217 16.8243 15.3417 16.2943 14.7617 16.2943C14.1117 16.2943 13.6517 16.8043 13.6517 17.3943C13.6517 17.9943 14.1117 18.5043 14.7417 18.5043ZM4.5217 24.9843C2.5617 23.0443 2.9717 20.3943 4.9817 18.3643L6.1717 17.1743C6.3217 17.3743 6.5017 17.5643 6.6917 17.7543L11.7417 22.7943C11.9317 22.9843 12.1217 23.1643 12.3117 23.3143L11.1217 24.5243C9.1217 26.5143 6.4717 26.9243 4.5217 24.9843Z","geometry":{"width":29.488935886456602,"height":29.503320590815058}}