{"path":"M0.0037 21.8375C0.0037 22.6275 0.5237 23.1575 1.3137 23.1575H34.7637C35.5637 23.1575 36.0837 22.6275 36.0837 21.8375V1.3075C36.0837 0.5175 35.5637 -0.0025 34.7637 -0.0025H1.3137C0.5237 -0.0025 0.0037 0.5175 0.0037 1.3075ZM3.5237 19.2475V3.8975C3.5237 3.6375 3.6537 3.5275 3.9137 3.5275H32.1737C32.4337 3.5275 32.5537 3.6375 32.5537 3.8975V19.2475C32.5537 19.5075 32.4337 19.6375 32.1737 19.6375H3.9137C3.6537 19.6375 3.5237 19.5075 3.5237 19.2475ZM4.6437 17.8975C4.6437 18.3075 4.8537 18.5075 5.2337 18.5075H30.8437C31.2237 18.5075 31.4437 18.3075 31.4437 17.8975V5.2475C31.4437 4.8375 31.2237 4.6375 30.8437 4.6375H5.2337C4.8537 4.6375 4.6437 4.8375 4.6437 5.2475ZM6.2037 16.6975V6.4575C6.2037 6.3075 6.3037 6.2075 6.4537 6.2075H14.8337C13.8237 7.4275 13.2037 9.2875 13.2037 11.5575C13.2037 13.8475 13.8237 15.7275 14.8337 16.9375H6.4537C6.3037 16.9375 6.2037 16.8575 6.2037 16.6975ZM22.8837 11.5575C22.8837 9.2875 22.2537 7.4275 21.2337 6.2075H29.6237C29.7937 6.2075 29.8737 6.3075 29.8737 6.4575V16.6975C29.8737 16.8575 29.7937 16.9375 29.6237 16.9375H21.2237C22.2537 15.7275 22.8837 13.8475 22.8837 11.5575ZM17.9937 16.6075C16.3537 16.6075 14.9937 14.6275 14.9937 11.5575C14.9937 8.5075 16.3537 6.5475 17.9937 6.5475C19.7037 6.5475 21.0937 8.5075 21.0937 11.5575C21.0937 14.6275 19.7037 16.6075 17.9937 16.6075Z","geometry":{"width":36.080078125,"height":23.16015625}}