{"path":"M13.3437 8.123L19.6637 12.513C20.5637 13.133 21.8037 13.123 22.7737 12.453L28.9937 8.123C30.2237 7.263 30.2537 5.743 28.9937 4.863L22.6937 0.473C21.7837 -0.157 20.5637 -0.167 19.6637 0.473L13.3437 4.863C12.0837 5.743 12.1037 7.263 13.3437 8.123ZM25.7537 17.503L31.9937 21.843C32.9537 22.503 34.1937 22.513 35.1137 21.873L41.3937 17.503C42.6537 16.633 42.6537 15.123 41.3937 14.243L35.1137 9.853C34.1937 9.223 32.9737 9.213 32.0637 9.853L25.7537 14.243C24.5037 15.123 24.5137 16.633 25.7537 17.503ZM0.9437 17.503L7.2437 21.883C8.1437 22.513 9.4037 22.503 10.3737 21.833L16.5837 17.503C17.8237 16.633 17.8437 15.123 16.5837 14.243L10.2937 9.853C9.3837 9.223 8.1437 9.213 7.2437 9.853L0.9437 14.243C-0.3163 15.123 -0.3163 16.633 0.9437 17.503Z","geometry":{"width":42.341796875,"height":22.347030799534508}}