{"path":"M0.0037 13.0631C0.0037 14.6031 0.9837 15.5831 2.5337 15.5831H30.5937C32.1437 15.5831 33.1437 14.6031 33.1437 13.0631V12.0231C33.1437 10.4931 32.1437 9.4831 30.5937 9.4831H28.1637L22.9937 0.7631C22.5337 -0.0269 21.6337 -0.1569 20.9037 0.2031C20.1637 0.6031 19.8137 1.4431 20.2937 2.2931L24.4337 9.4831H8.7137L12.8537 2.2931C13.3337 1.4431 12.9737 0.6031 12.2337 0.2031C11.5437 -0.1669 10.6337 -0.0569 10.1437 0.7631L4.9737 9.4831H2.5337C0.9837 9.4831 0.0037 10.4931 0.0037 12.0231ZM9.3137 30.8231H23.8337C27.4237 30.8231 28.4737 28.6531 28.9137 26.5431L30.7637 17.6431H2.3937L4.2237 26.5431C4.6637 28.6531 5.7137 30.8231 9.3137 30.8231ZM22.7537 28.1631C22.1237 28.0531 21.7637 27.6031 21.8637 27.0431L22.9837 20.7631C23.0737 20.2031 23.5737 19.8931 24.1737 19.9731C24.8037 20.0931 25.1737 20.5631 25.0737 21.1231L23.9437 27.3631C23.8337 27.9331 23.3337 28.2531 22.7537 28.1631ZM10.3937 28.1631C9.7737 28.2531 9.3137 27.9331 9.2037 27.3631L8.0637 21.1031C7.9737 20.5431 8.3437 20.0931 8.9737 19.9731C9.5737 19.8931 10.0637 20.2031 10.1537 20.7631L11.2837 27.0431C11.3737 27.6031 11.0237 28.0531 10.3937 28.1631ZM18.6237 28.1331C18.0037 28.0931 17.5837 27.6731 17.6237 27.0931L18.0337 20.9431C18.0737 20.3631 18.5137 19.9531 19.1437 20.0131C19.7537 20.0531 20.1637 20.4731 20.1237 21.0531L19.7137 27.2031C19.6737 27.7731 19.2237 28.1631 18.6237 28.1331ZM14.5437 28.1331C13.9337 28.1631 13.4837 27.7731 13.4437 27.2031L13.0337 21.0531C12.9837 20.4731 13.4137 20.0531 14.0137 20.0131C14.6437 19.9531 15.0837 20.3631 15.1237 20.9431L15.5337 27.0931C15.5737 27.6731 15.1437 28.0931 14.5437 28.1331Z","geometry":{"width":33.140625,"height":30.82682169182844}}