{"path":"M4.8237 26.1414H27.8037C30.9437 26.1414 32.6337 24.4414 32.6337 21.3414V8.5314C32.6337 5.4314 30.9437 3.7314 27.8037 3.7314H26.3037V2.2014C26.3037 0.8214 25.5137 0.0014 24.1337 0.0014H20.6737C19.2937 0.0014 18.4937 0.8214 18.4937 2.2014V3.7314H14.1337V2.2014C14.1337 0.8214 13.3437 0.0014 11.9637 0.0014H8.5037C7.1237 0.0014 6.3337 0.8214 6.3337 2.2014V3.7314H4.8237C1.7137 3.7314 0.0037 5.4314 0.0037 8.5314V21.3414C0.0037 24.4414 1.7137 26.1414 4.8237 26.1414Z","geometry":{"width":32.634765625,"height":26.140625}}