{"path":"M29.3137 29.571C29.7637 30.021 30.5037 30.021 30.9437 29.571C31.3737 29.121 31.3937 28.391 30.9437 27.941L3.3237 0.341C2.8737 -0.109 2.1337 -0.109 1.6837 0.341C1.2437 0.771 1.2437 1.531 1.6837 1.961ZM31.8937 25.971C32.3737 25.271 32.6337 24.361 32.6337 23.211V10.401C32.6337 7.301 30.9437 5.601 27.8037 5.601H26.3037V4.071C26.3037 2.691 25.5137 1.871 24.1337 1.871H20.6737C19.2937 1.871 18.4937 2.691 18.4937 4.071V5.601H14.1337V4.071C14.1337 2.691 13.3437 1.871 11.9637 1.871H8.6037C8.3437 1.871 8.0937 1.911 7.9037 2.011L15.0237 9.131H27.4237C28.5237 9.131 29.1037 9.661 29.1037 10.821V22.341C29.1037 22.621 29.0237 22.831 28.8637 22.951ZM4.8237 28.011H24.8437L21.3037 24.481H5.2137C4.1137 24.481 3.5237 23.951 3.5237 22.771V10.821C3.5237 9.661 4.1137 9.131 5.2137 9.131H5.9237L2.8137 6.011H2.6137C0.9037 6.651 0.0037 8.131 0.0037 10.401V23.211C0.0037 26.311 1.7137 28.011 4.8237 28.011Z","geometry":{"width":32.634765625,"height":29.9072265625}}