{"path":"M4.8237 26.1414H27.8037C30.9437 26.1414 32.6337 24.4414 32.6337 21.3414V8.5314C32.6337 5.4314 30.9437 3.7314 27.8037 3.7314H26.3037V2.2014C26.3037 0.8214 25.5137 0.0014 24.1337 0.0014H20.6737C19.2937 0.0014 18.4937 0.8214 18.4937 2.2014V3.7314H14.1337V2.2014C14.1337 0.8214 13.3437 0.0014 11.9637 0.0014H8.5037C7.1237 0.0014 6.3337 0.8214 6.3337 2.2014V3.7314H4.8237C1.7137 3.7314 0.0037 5.4314 0.0037 8.5314V21.3414C0.0037 24.4414 1.7137 26.1414 4.8237 26.1414ZM3.5237 20.9014V8.9514C3.5237 7.7914 4.1137 7.2614 5.2137 7.2614H27.4237C28.5237 7.2614 29.1037 7.7914 29.1037 8.9514V20.9014C29.1037 22.0814 28.5237 22.6114 27.4237 22.6114H5.2137C4.1137 22.6114 3.5237 22.0814 3.5237 20.9014Z","geometry":{"width":32.634765625,"height":26.140625}}