{"path":"M6.9327 30.5989C6.6027 31.5089 7.0627 32.4889 7.9727 32.8189C8.8527 33.1289 9.8527 32.6689 10.1827 31.7789L15.6427 16.7689C15.8927 17.0389 16.1327 17.3489 16.3327 17.7089C16.6627 18.2389 17.2527 18.2589 17.4927 17.7489C19.2927 13.9789 20.1527 9.4489 19.6327 5.7989L20.8727 2.3589C21.2327 1.4089 20.7827 0.4589 19.8627 0.1089C18.9327 -0.2311 17.9927 0.2189 17.6427 1.1789L16.4327 4.5189C13.6027 7.0089 11.2927 11.1589 10.2327 15.2789C10.1127 15.7789 10.4927 16.0989 11.0427 15.8889C11.5227 15.7089 11.9727 15.5989 12.4127 15.5489ZM15.3127 2.5889C7.5327 1.4489 1.7927 6.7989 0.1427 11.3489C-0.2673 12.4289 0.2327 13.3589 1.0327 13.6589C1.7227 13.8989 2.3227 13.7289 3.2127 13.3089C4.1527 12.7089 5.0427 12.4689 6.0227 12.8389C6.6427 13.0489 6.9927 13.4389 7.2527 13.8089C7.4727 14.0689 7.7727 14.0489 7.9027 13.6089C9.2527 9.0289 12.0327 5.0789 15.3127 2.5889ZM21.7327 4.9289C22.6627 8.9289 22.2327 13.7489 20.3227 18.1489C20.1527 18.5389 20.3527 18.7789 20.6927 18.7089C21.1327 18.5889 21.6527 18.5189 22.2727 18.7489C23.2527 19.0889 23.8027 19.8689 24.1127 20.9189C24.5427 21.8089 24.8927 22.3289 25.5627 22.5889C26.3827 22.8789 27.3427 22.4789 27.7327 21.3889C29.3927 16.8389 28.4327 9.0589 21.7327 4.9289Z","geometry":{"width":28.444788780069636,"height":32.9149813617062}}