{"path":"M0.115 11.4855C-0.235 12.4355 0.245 13.3655 1.065 13.6655C1.745 13.9055 2.345 13.7055 3.235 13.2955C4.165 12.7155 5.065 12.4955 6.095 12.8455C7.105 13.2155 7.615 14.0155 7.985 15.2955C8.185 15.9255 8.475 16.3655 9.015 16.5555C9.565 16.7555 10.085 16.6055 10.615 16.2755C11.115 15.8855 11.765 15.6755 12.385 15.6755L6.945 30.5955C6.615 31.4955 7.075 32.4855 7.985 32.8055C8.865 33.1255 9.865 32.6755 10.195 31.7855L15.625 16.8555C16.105 17.2555 16.455 17.8255 16.565 18.4555C16.795 19.0455 17.085 19.4955 17.615 19.6855C18.165 19.8855 18.675 19.7255 19.215 19.4155C20.335 18.6455 21.225 18.3555 22.255 18.7255C23.265 19.1055 23.815 19.8655 24.145 20.9155C24.565 21.8055 24.895 22.3355 25.585 22.5955C26.405 22.8855 27.365 22.4855 27.705 21.5155C29.545 16.5155 28.315 7.9255 20.275 4.0755L20.905 2.3655C21.245 1.4055 20.805 0.4455 19.875 0.1055C18.955 -0.2245 18.015 0.2255 17.655 1.1755L17.045 2.8955C8.405 0.6855 1.955 6.4655 0.115 11.4855ZM4.725 9.7155C6.835 6.9655 10.375 5.2755 14.225 5.6555C12.435 6.9955 10.715 9.0855 9.525 11.7655C8.975 10.9255 8.185 10.3055 7.145 9.9255C6.335 9.6255 5.535 9.5555 4.725 9.7155ZM11.745 12.7255C13.245 9.4555 15.605 7.2455 17.615 6.3255C18.585 8.3255 18.975 11.5355 18.015 15.0255C17.355 14.0355 16.345 13.2455 15.255 12.8355C14.145 12.4255 12.865 12.4155 11.745 12.7255ZM20.325 15.7055C21.135 12.8855 21.155 10.1855 20.655 8.0055C23.855 10.1955 25.465 13.7655 25.305 17.1955C24.795 16.5655 24.125 16.1155 23.335 15.8155C22.295 15.4355 21.265 15.3955 20.325 15.7055Z","geometry":{"width":28.450859967222346,"height":32.90950194853929}}