{"path":"M18.33 18.4149C20.22 18.4149 22.27 17.2949 22.7 14.8849L23.43 10.8649C24.23 6.5449 20.95 3.3449 15.75 1.5549C12.66 0.4749 9.63 0.0049 6.56 0.0049C5.63 0.0049 5.35 0.3249 5.35 0.9149C5.35 2.3949 6.08 3.5149 7.59 3.7149C10.01 4.0849 12.06 4.6249 13.84 5.5049C14.57 5.8749 14.86 6.4649 14.72 7.3449L13.82 12.7249C13.3 15.9249 15.45 18.4149 18.33 18.4149ZM18.33 20.0049C14.37 20.0049 11.55 16.5449 12.25 12.4649L12.78 9.2849C9.93 10.0349 7.81 11.2749 6.82 13.1749C7.67 16.8949 9.02 20.3449 10.91 23.6549C11.77 24.0449 12.66 24.1849 13.88 24.1849C18.63 24.1849 22.96 21.8849 23.38 17.3749C22.31 19.0049 20.47 20.0049 18.33 20.0049ZM18.31 16.3649C16.97 16.3649 15.87 15.2749 15.87 13.9349C15.87 12.5749 16.97 11.4849 18.31 11.4849C19.67 11.4849 20.74 12.5749 20.74 13.9349C20.74 15.2849 19.67 16.3649 18.31 16.3649ZM18.31 15.2049C19.03 15.2049 19.58 14.6249 19.58 13.9349C19.58 13.2249 19.03 12.6649 18.31 12.6649C17.61 12.6649 17.05 13.2249 17.05 13.9349C17.05 14.6249 17.61 15.2049 18.31 15.2049ZM0 19.1949C0 22.8449 2.49 25.3449 6.11 25.3449C7.6 25.3449 8.75 24.9249 9.53 24.4349C7.53 20.9849 6.11 17.2949 5.22 13.3549C2.47 13.6449 0 15.8549 0 19.1949Z","geometry":{"width":23.551417983284143,"height":25.34765625}}