{"path":"M10.3637 14.0274C12.3437 14.8674 14.6737 13.9174 15.5337 11.9474L18.3737 5.5074C19.2337 3.5274 18.2837 1.1774 16.2837 0.3074C14.2737 -0.5326 11.9737 0.4074 11.0837 2.4174L8.2737 8.8474C7.3837 10.8474 8.3437 13.1474 10.3637 14.0274ZM23.9437 9.8274C23.2537 7.5474 21.6037 6.3774 20.1537 5.1874C20.0837 5.5174 19.9737 5.8374 19.8337 6.1374L17.0037 12.5774C15.7737 15.3774 12.5237 16.6774 9.7337 15.4974C7.2337 14.4074 5.9237 11.7374 6.5337 9.2274C5.5337 10.7474 5.4137 12.7674 6.2937 15.1574C7.9837 19.9074 12.3137 21.1374 16.9937 19.2974L19.6437 18.2774C23.2837 16.8374 25.0037 13.4674 23.9437 9.8274ZM11.8537 12.8774C10.4737 12.8774 9.3937 11.7674 9.3937 10.3974C9.3937 9.0374 10.5037 7.9274 11.8537 7.9274C13.2337 7.9274 14.3237 9.0374 14.3237 10.3974C14.3237 11.7674 13.2337 12.8774 11.8537 12.8774ZM11.8537 11.7174C12.5937 11.7174 13.1637 11.1274 13.1637 10.3974C13.1637 9.6874 12.5937 9.0974 11.8537 9.0974C11.1337 9.0974 10.5537 9.6874 10.5537 10.3974C10.5537 11.1274 11.1337 11.7174 11.8537 11.7174ZM4.7837 15.7074C4.1337 13.9274 3.9537 12.2474 4.3037 10.4274C1.7337 11.2074 0.0037 13.5074 0.0037 16.2974C0.0037 19.7674 2.8037 22.5674 6.2437 22.5674C7.8037 22.5674 9.0337 22.0874 10.0237 21.2174C7.6437 20.3774 5.7837 18.4974 4.7837 15.7074Z","geometry":{"width":24.251667362771194,"height":22.56906434040805}}