{"path":"M0.0037 14.2985C0.0037 16.7185 0.6037 19.2485 1.7237 21.6385C1.3437 22.1585 1.3137 23.0185 1.7237 23.8685L4.3037 29.1385C4.6237 29.7885 5.2737 30.1085 5.9237 30.1085C6.7837 30.1085 7.6137 29.5285 7.6737 28.5185L4.6437 22.3685C3.5437 20.1085 2.9437 17.5685 2.9437 14.3185C2.9437 7.6885 7.4537 3.2285 14.1637 3.2285C20.8737 3.2285 25.4037 7.6885 25.4037 14.3185C25.4037 17.5785 24.7837 20.1285 23.6837 22.3685L20.6537 28.5185C20.7137 29.5285 21.5437 30.1085 22.4037 30.1085C23.0537 30.1085 23.7037 29.7885 24.0237 29.1385L26.6037 23.8685C27.0137 23.0185 26.9837 22.1585 26.6037 21.6385C27.7237 19.2485 28.3237 16.7185 28.3237 14.2985C28.3237 6.1685 22.6437 -0.0015 14.1637 -0.0015C5.6837 -0.0015 0.0037 6.1685 0.0037 14.2985ZM20.0437 19.5185L16.6137 26.4985C16.1037 27.5085 16.3937 28.4785 17.2437 28.9285C18.2537 29.4785 19.3137 29.0485 19.9237 27.8585L23.1837 21.2085C23.8337 19.9085 23.2437 18.8685 22.3937 18.5085C21.6137 18.1885 20.5937 18.4185 20.0437 19.5185ZM8.2837 19.5185C7.7337 18.4185 6.7137 18.1885 5.9337 18.5085C5.0837 18.8685 4.5137 19.9085 5.1437 21.2085L8.4037 27.8585C9.0137 29.0485 10.0737 29.4785 11.0837 28.9285C11.9337 28.4785 12.2237 27.5085 11.7137 26.4985Z","geometry":{"width":28.328125,"height":30.10546875}}