{"path":"M13.8914 14.0274C15.9014 13.1474 16.8514 10.8474 15.9814 8.8474L13.1614 2.4174C12.2714 0.4074 9.9614 -0.5326 7.9714 0.3074C5.9614 1.1774 5.0114 3.5274 5.8814 5.5074L8.7114 11.9474C9.5814 13.9174 11.8914 14.8674 13.8914 14.0274ZM0.3114 9.8274C-0.7586 13.4674 0.9714 16.8374 4.6014 18.2774L7.2414 19.2974C11.9214 21.1374 16.2714 19.9074 17.9614 15.1574C18.8414 12.7674 18.7114 10.7474 17.7214 9.2274C18.3214 11.7374 17.0214 14.4074 14.5214 15.4974C11.7314 16.6774 8.4714 15.3774 7.2414 12.5774L4.4114 6.1374C4.2814 5.8374 4.1714 5.5174 4.1014 5.1874C2.6514 6.3774 0.9914 7.5474 0.3114 9.8274ZM12.4014 12.8774C11.0214 12.8774 9.9214 11.7674 9.9214 10.3974C9.9214 9.0374 11.0214 7.9274 12.4014 7.9274C13.7514 7.9274 14.8614 9.0374 14.8614 10.3974C14.8614 11.7674 13.7614 12.8774 12.4014 12.8774ZM12.4014 11.7174C13.1214 11.7174 13.6814 11.1274 13.6814 10.3974C13.6814 9.6874 13.1214 9.0974 12.4014 9.0974C11.6414 9.0974 11.0814 9.6874 11.0814 10.3974C11.0814 11.1274 11.6414 11.7174 12.4014 11.7174ZM19.4514 15.7074C18.4514 18.4974 16.5914 20.3774 14.2314 21.2174C15.2114 22.0874 16.4314 22.5674 17.9914 22.5674C21.4514 22.5674 24.2514 19.7674 24.2514 16.2974C24.2514 13.5074 22.5114 11.2074 19.9414 10.4274C20.3014 12.2474 20.1114 13.9274 19.4514 15.7074Z","geometry":{"width":24.251667362771194,"height":22.56906434040805}}