{"path":"M17.1 17.1736C18.87 17.1736 20.77 16.1336 21.18 13.8936L21.86 10.1336C22.6 6.0936 19.54 3.1336 14.7 1.4636C11.81 0.4536 8.98 0.0036 6.13 0.0036C5.26 0.0036 4.99 0.3136 4.99 0.8636C4.99 2.2236 5.69 3.2836 7.08 3.4736C9.34 3.8136 11.25 4.3036 12.91 5.1436C13.6 5.4836 13.88 6.0336 13.74 6.8536L12.91 11.8636C12.41 14.8636 14.42 17.1736 17.1 17.1736ZM29.07 17.1736C31.76 17.1736 33.77 14.8636 33.28 11.8636L32.44 6.8536C32.31 6.0336 32.58 5.4836 33.26 5.1436C34.93 4.3036 36.85 3.8136 39.1 3.4736C40.5 3.2836 41.19 2.2236 41.19 0.8636C41.19 0.3136 40.92 0.0036 40.04 0.0036C37.2 0.0036 34.37 0.4536 31.49 1.4636C26.65 3.1336 23.57 6.0936 24.31 10.1336L25.01 13.8936C25.42 16.1336 27.32 17.1736 29.07 17.1736ZM17.1 18.6636C13.41 18.6636 10.79 15.4336 11.43 11.6236L11.92 8.6536C9.27 9.3636 7.29 10.5236 6.37 12.2936C7.16 15.7636 8.42 18.9736 10.19 22.0536C10.99 22.4236 11.81 22.5636 12.95 22.5636C17.38 22.5636 21.41 20.4136 21.81 16.2136C20.82 17.7236 19.1 18.6636 17.1 18.6636ZM29.07 18.6636C27.08 18.6636 25.36 17.7236 24.36 16.2136C24.77 20.4136 28.79 22.5636 33.22 22.5636C34.37 22.5636 35.19 22.4236 36 22.0536C37.76 18.9736 39.02 15.7636 39.81 12.2936C38.9 10.5236 36.91 9.3636 34.26 8.6536L34.75 11.6236C35.4 15.4336 32.77 18.6636 29.07 18.6636ZM17.09 15.2536C15.83 15.2536 14.82 14.2436 14.82 12.9836C14.82 11.7336 15.83 10.7236 17.09 10.7236C18.35 10.7236 19.36 11.7336 19.36 12.9836C19.36 14.2436 18.35 15.2536 17.09 15.2536ZM29.09 15.2536C27.82 15.2536 26.82 14.2436 26.82 12.9836C26.82 11.7336 27.82 10.7236 29.09 10.7236C30.35 10.7236 31.36 11.7336 31.36 12.9836C31.36 14.2436 30.35 15.2536 29.09 15.2536ZM17.09 14.1736C17.75 14.1736 18.27 13.6436 18.27 12.9836C18.27 12.3336 17.75 11.8136 17.09 11.8136C16.42 11.8136 15.9 12.3336 15.9 12.9836C15.9 13.6436 16.42 14.1736 17.09 14.1736ZM29.09 14.1736C29.75 14.1736 30.27 13.6436 30.27 12.9836C30.27 12.3336 29.75 11.8136 29.09 11.8136C28.42 11.8136 27.92 12.3336 27.92 12.9836C27.92 13.6436 28.42 14.1736 29.09 14.1736ZM0 17.8936C0 21.3036 2.32 23.6436 5.71 23.6436C7.1 23.6436 8.18 23.2436 8.9 22.7936C7.04 19.5736 5.7 16.1236 4.88 12.4536C2.32 12.7236 0 14.7936 0 17.8936ZM46.18 17.8936C46.18 14.7936 43.86 12.7236 41.3 12.4536C40.48 16.1236 39.14 19.5736 37.28 22.7936C38.01 23.2436 39.09 23.6436 40.47 23.6436C43.86 23.6436 46.18 21.3036 46.18 17.8936Z","geometry":{"width":46.18359375,"height":23.638671875}}