{"path":"M5.2181 18.4149C8.0981 18.4149 10.2581 15.9249 9.7281 12.7249L8.8381 7.3449C8.6881 6.4649 8.9781 5.8749 9.7181 5.5049C11.5081 4.6249 13.5581 4.0849 15.9781 3.7149C17.4681 3.5149 18.2181 2.3949 18.2181 0.9149C18.2181 0.3249 17.9181 0.0049 16.9881 0.0049C13.9381 0.0049 10.9081 0.4749 7.8181 1.5549C2.6181 3.3449 -0.6719 6.5449 0.1181 10.8649L0.8581 14.8849C1.2981 17.2949 3.3281 18.4149 5.2181 18.4149ZM5.2181 20.0049C3.0881 20.0049 1.2381 19.0049 0.1681 17.3749C0.6081 21.8849 4.9281 24.1849 9.6781 24.1849C10.8881 24.1849 11.7781 24.0449 12.6381 23.6549C14.5381 20.3449 15.8781 16.8949 16.7281 13.1749C15.7581 11.2749 13.6281 10.0349 10.7781 9.2849L11.3181 12.4649C11.9981 16.5449 9.1981 20.0049 5.2181 20.0049ZM5.2481 16.3649C3.8881 16.3649 2.8081 15.2849 2.8081 13.9349C2.8081 12.5749 3.8881 11.4849 5.2481 11.4849C6.5981 11.4849 7.6781 12.5749 7.6781 13.9349C7.6781 15.2749 6.5981 16.3649 5.2481 16.3649ZM5.2481 15.2049C5.9581 15.2049 6.5181 14.6249 6.5181 13.9349C6.5181 13.2249 5.9581 12.6649 5.2481 12.6649C4.5381 12.6649 3.9881 13.2249 3.9881 13.9349C3.9881 14.6249 4.5381 15.2049 5.2481 15.2049ZM23.5681 19.1949C23.5681 15.8549 21.0781 13.6449 18.3381 13.3549C17.4581 17.2949 16.0181 20.9849 14.0181 24.4349C14.7981 24.9249 15.9681 25.3449 17.4381 25.3449C21.0781 25.3449 23.5681 22.8449 23.5681 19.1949Z","geometry":{"width":23.564708480468873,"height":25.34765625}}