{"path":"M3.5237 8.0395H7.2737V6.2595C7.2737 4.8795 8.0437 4.1395 9.4337 4.1395H14.4337C15.8437 4.1395 16.5937 4.8795 16.5937 6.2595V8.0395H19.6337V6.2595C19.6337 4.8795 20.3837 4.1395 21.8337 4.1395H26.6737C28.1137 4.1395 28.8737 4.8795 28.8737 6.2595V8.0395H32.6237V4.1195C32.6237 1.4095 31.1537 -0.0005 28.4737 -0.0005H7.6737C4.9937 -0.0005 3.5237 1.4095 3.5237 4.1195ZM0.0037 23.3795C0.0037 24.1495 0.5037 24.6395 1.2737 24.6395H2.1737C2.9237 24.6395 3.4437 24.1495 3.4437 23.3795V21.4895C3.5937 21.5295 4.1337 21.5595 4.4937 21.5595H31.6237C32.0037 21.5595 32.5237 21.5295 32.6937 21.4895V23.3795C32.6937 24.1495 33.2137 24.6395 33.9637 24.6395H34.8637C35.6137 24.6395 36.1337 24.1495 36.1337 23.3795V14.8195C36.1337 11.9395 34.5537 10.3795 31.6237 10.3795H4.4937C1.5837 10.3795 0.0037 11.9395 0.0037 14.8195Z","geometry":{"width":36.134765625,"height":24.63671875}}