{"path":"M1.2737 24.6395H2.1737C2.9237 24.6395 3.4437 24.1495 3.4437 23.3795V21.4895C3.5937 21.5295 4.1337 21.5595 4.4937 21.5595H31.6237C32.0037 21.5595 32.5237 21.5295 32.6937 21.4895V23.3795C32.6937 24.1495 33.2137 24.6395 33.9637 24.6395H34.8637C35.6137 24.6395 36.1337 24.1495 36.1337 23.3795V13.4795C36.1337 10.9195 34.9037 9.4195 32.6237 9.1095V4.1195C32.6237 1.4095 31.1537 -0.0005 28.4737 -0.0005H7.6537C4.9737 -0.0005 3.5137 1.4095 3.5137 4.1195V9.1095C1.2337 9.4195 0.0037 10.9195 0.0037 13.4795V23.3795C0.0037 24.1495 0.5037 24.6395 1.2737 24.6395ZM7.3237 6.5495C7.3237 5.1695 8.0837 4.4295 9.4737 4.4295H14.5737C15.9737 4.4295 16.7237 5.1695 16.7237 6.5495V9.0495H7.3237ZM19.4137 6.5495C19.4137 5.1695 20.1637 4.4295 21.5637 4.4295H26.6437C28.0537 4.4295 28.8037 5.1695 28.8037 6.5495V9.0495H19.4137ZM3.6937 18.7195C3.3637 18.7195 3.1737 18.4995 3.1737 18.1295V13.5095C3.1737 12.5395 3.8137 11.8995 4.7737 11.8995H31.3537C32.3237 11.8995 32.9637 12.5395 32.9637 13.5095V18.1295C32.9637 18.4995 32.7737 18.7195 32.4337 18.7195Z","geometry":{"width":36.134765625,"height":24.63671875}}