{"path":"M0.0007 21.8584C0.0007 23.2984 1.0207 24.2684 2.6707 24.2684H8.0407C8.1507 26.8684 10.4207 29.3984 13.9007 29.3984C17.3907 29.3984 19.6607 26.8784 19.7707 24.2684H25.1407C26.7707 24.2684 27.8107 23.2984 27.8107 21.8584C27.8107 20.2584 26.5807 18.9884 25.2507 17.8284C24.1707 16.8984 23.9707 15.1084 23.6807 12.6784C23.3507 7.8584 21.6607 4.4284 18.2007 3.1884C17.5707 1.3084 15.9807 -0.0016 13.9007 -0.0016C11.8307 -0.0016 10.2407 1.3084 9.6107 3.1884C6.1507 4.4284 4.4607 7.8584 4.1307 12.6784C3.8407 15.1084 3.6407 16.8984 2.5607 17.8284C1.2307 18.9884 0.0007 20.2584 0.0007 21.8584ZM4.3307 20.9884V20.8384C4.8807 20.4684 5.6307 19.8684 6.2307 19.1284C7.1007 18.0884 7.4907 15.7484 7.6707 13.2884C7.9207 8.4784 9.4907 6.7284 11.4607 6.1884C11.7707 6.1284 11.9607 5.9784 12.0007 5.5484C12.1107 4.2284 12.8107 3.4084 13.9007 3.4084C15.0007 3.4084 15.6907 4.2284 15.8007 5.5484C15.8507 5.9784 16.0407 6.1284 16.3507 6.1884C18.3207 6.7284 19.8907 8.4784 20.1207 13.2884C20.3007 15.7484 20.7307 18.0884 21.5707 19.1284C22.1807 19.8684 22.8507 20.4684 23.3907 20.8384V20.9884ZM11.4207 24.2684H16.3907C16.3007 25.7484 15.2807 26.7284 13.9007 26.7284C12.5207 26.7284 11.5107 25.7484 11.4207 24.2684Z","geometry":{"width":27.80859375,"height":29.39453125}}