{"path":"M4.8237 26.1377H21.3137C24.4437 26.1377 26.1437 24.4477 26.1437 21.3377V4.7977C26.1437 1.6977 24.4437 -0.0023 21.3137 -0.0023H4.8237C1.7137 -0.0023 0.0037 1.6977 0.0037 4.7977V21.3377C0.0037 24.4477 1.7137 26.1377 4.8237 26.1377ZM5.2137 22.6177C4.1137 22.6177 3.5237 22.0777 3.5237 20.9177V5.2377C3.5237 4.0777 4.1137 3.5277 5.2137 3.5277H20.9337C22.0237 3.5277 22.6137 4.0777 22.6137 5.2377V20.9177C22.6137 22.0777 22.0237 22.6177 20.9337 22.6177ZM7.3837 17.6377H18.7837C19.6037 17.6377 20.1137 17.1577 20.1137 16.4577C20.1137 15.6377 19.4837 14.9977 18.8037 14.4077C18.2537 13.9277 18.1737 12.8877 18.0337 11.7977C17.8437 9.3677 17.0237 7.5777 15.2537 6.9277C14.9337 5.9877 14.1337 5.3177 13.0837 5.3177C12.0337 5.3177 11.2537 5.9877 10.9137 6.9277C9.1437 7.5777 8.3137 9.3677 8.1437 11.7977C8.0137 12.8877 7.9037 13.9277 7.3737 14.4077C6.7037 15.0077 6.0737 15.6377 6.0737 16.4577C6.0737 17.1577 6.5737 17.6377 7.3837 17.6377ZM13.0837 20.8477C14.4137 20.8477 15.3937 19.9377 15.4737 18.8077H10.7037C10.7837 19.9377 11.7537 20.8477 13.0837 20.8477Z","geometry":{"width":26.140625,"height":26.140625}}