{"path":"M7.7907 4.1584L10.3407 6.6984C10.6807 6.4684 11.0607 6.2984 11.4607 6.1884C11.7707 6.1284 11.9607 5.9784 12.0007 5.5484C12.1107 4.2284 12.8107 3.4084 13.9007 3.4084C15.0007 3.4084 15.6907 4.2284 15.8007 5.5484C15.8507 5.9784 16.0407 6.1284 16.3607 6.1884C18.3307 6.7284 19.9307 8.5184 20.1507 13.4684C20.2507 14.8484 20.4007 15.9784 20.7307 16.9984L27.1407 23.4584C27.5507 23.0484 27.7807 22.4784 27.7807 21.7884C27.7807 20.3284 26.6707 19.1584 25.4407 18.1184C24.2707 17.0184 23.9807 15.5284 23.7107 12.9184C23.3907 7.8884 21.6707 4.4384 18.2007 3.1884C17.5807 1.3084 15.9807 -0.0016 13.9007 -0.0016C11.8407 -0.0016 10.2407 1.3084 9.6107 3.1884C8.9407 3.4284 8.3407 3.7584 7.7907 4.1584ZM0.9207 3.1584L26.2207 28.4284C26.6707 28.8784 27.4107 28.8784 27.8507 28.4284C28.2907 27.9684 28.3007 27.2484 27.8507 26.7984L2.5607 1.5284C2.1207 1.0784 1.3807 1.0784 0.9207 1.5284C0.4907 1.9684 0.4907 2.7184 0.9207 3.1584ZM13.9007 29.3984C17.0607 29.3984 19.2207 27.2984 19.6607 24.9284H20.1007L16.1907 20.9884H4.3507V20.8384C4.8807 20.4684 5.6307 19.8684 6.2307 19.1284C6.9907 18.2384 7.4007 16.5584 7.5507 14.3384C7.5707 13.6884 7.6307 13.0884 7.7107 12.5284L4.5807 9.3884C4.3307 10.3784 4.2007 11.4684 4.1307 12.6784C3.8407 15.1084 3.6407 16.8984 2.5607 17.8284C1.2307 18.9884 0.0007 20.2584 0.0007 21.8584C0.0007 23.3084 1.0207 24.2684 2.6807 24.2684H8.0407C8.1607 26.8684 10.4207 29.3984 13.9007 29.3984ZM13.9007 26.7284C12.5207 26.7284 11.5107 25.7484 11.4207 24.2684H16.3907C16.3007 25.7484 15.2807 26.7284 13.9007 26.7284Z","geometry":{"width":28.18288104484249,"height":29.39453125}}