{"path":"M22.2306 7.552C20.3906 4.382 18.0606 2.042 15.1306 0.352C13.7906 -0.418 12.4406 0.112 12.0406 1.622C11.7006 2.922 11.4506 4.202 11.3406 5.492C14.0006 6.722 16.4306 8.302 18.5406 10.052C19.5606 8.732 20.8006 7.912 22.2306 7.552ZM23.9206 9.422C21.7906 9.422 20.2306 10.542 19.0406 13.282C14.7806 9.072 8.3206 5.462 1.8806 4.982C0.2806 4.882 0.0606 6.112 0.0206 7.022C-0.4094 14.182 5.1206 20.482 12.3406 21.262C10.2906 25.722 7.0806 29.142 3.7406 31.942C3.0906 32.492 3.3206 33.282 3.6906 33.872C5.5106 36.702 11.2606 38.642 14.8606 37.382C15.8106 37.052 15.9506 36.552 15.9506 35.862V30.862C19.7806 30.572 25.7706 27.832 24.9306 19.882L24.8206 18.992C26.4406 18.572 27.7606 17.802 28.6106 16.872L32.7106 17.462C33.8906 17.642 34.4406 15.962 33.2506 15.442L29.6806 13.942C29.4206 11.652 26.9306 9.422 23.9206 9.422ZM25.4806 14.632C24.9906 14.632 24.5806 14.242 24.5806 13.742C24.5806 13.272 24.9906 12.842 25.4806 12.842C25.9606 12.842 26.3706 13.272 26.3706 13.742C26.3706 14.242 25.9606 14.632 25.4806 14.632Z","geometry":{"width":33.911970749002,"height":37.77513922895223}}