{"path":"M24.1511 9.1393C23.8811 9.1393 23.6111 9.1493 23.3311 9.1893C21.3911 5.1693 18.7711 2.3193 15.3611 0.3493C14.0211 -0.4207 12.6711 0.1193 12.2911 1.6193C11.7511 3.6193 11.4511 5.4993 11.4911 7.4193C8.5511 5.9493 5.3411 4.9393 2.1311 4.6993C0.3211 4.5893 0.0611 6.0493 0.0211 6.9693C-0.4089 14.0593 4.9911 20.3793 11.9311 21.3893C9.9911 25.3493 7.2611 28.7993 3.8211 31.7293C3.0511 32.3493 3.3511 33.3393 3.7311 33.9493C5.5911 36.8493 11.4911 38.8493 15.1711 37.5593C16.2511 37.1893 16.4211 36.5193 16.4211 35.8293V31.0293C20.3111 30.6593 26.2911 27.7593 25.4011 19.7993L25.3211 19.1193C26.8811 18.6793 28.1911 17.8993 29.0511 16.9293L32.8811 17.4893C34.0511 17.6693 34.6011 15.9893 33.4011 15.4693L30.1711 14.0993C30.0311 11.6393 27.3511 9.1393 24.1511 9.1393ZM14.6411 3.6593C14.6911 3.3993 14.9011 3.3093 15.1211 3.4693C17.5011 5.1193 19.3611 7.3093 20.8711 10.4093C20.2311 10.9993 19.6811 11.7893 19.1911 12.8293C17.8011 11.4793 16.1611 10.1893 14.3811 9.0593C14.1311 7.2093 14.2611 5.5193 14.6411 3.6593ZM24.3011 11.8093C26.1511 11.8093 27.5611 13.1293 27.5611 14.2793C27.5611 15.2393 26.3411 16.3693 23.5311 16.7693C22.8611 16.8593 22.4711 17.2893 22.5311 17.8893L22.6911 19.8893C23.2411 26.9893 17.8011 28.0193 14.6411 28.2393C14.0411 28.2793 13.6411 28.7193 13.6411 29.2793V35.0193C13.6411 35.2393 13.5911 35.3593 13.3111 35.3893C11.2311 35.6893 7.7611 34.4693 6.5911 33.1193C6.4511 32.9393 6.4411 32.7893 6.5611 32.6993C10.2411 29.5493 13.2311 25.4393 15.2111 20.6793C15.6011 19.7893 15.1611 19.0393 14.3011 19.0193C7.8911 18.9393 3.0711 14.2493 2.8011 7.8393C2.7911 7.5893 2.8811 7.5493 3.1011 7.5893C8.8011 8.4093 14.1211 11.6493 17.3511 14.8493C18.0611 15.5393 18.5411 15.8393 19.2111 15.8393C20.2911 15.8393 20.8311 15.3193 21.3811 14.1793C22.0811 12.7293 22.7311 11.8093 24.3011 11.8093ZM25.1711 14.7393C25.6411 14.7393 26.0511 14.3493 26.0511 13.8593C26.0511 13.3793 25.6411 12.9493 25.1711 12.9493C24.6711 12.9493 24.2611 13.3793 24.2611 13.8593C24.2611 14.3493 24.6711 14.7393 25.1711 14.7393Z","geometry":{"width":34.07354382808162,"height":37.95984785622592}}