{"path":"M1.6437 34.2233H33.6037C34.5037 34.2233 35.2437 33.4833 35.2437 32.5833C35.2437 31.6833 34.5037 30.9433 33.6037 30.9433H32.6737V23.8733C32.6737 20.6433 30.9837 18.9633 27.7037 18.9633H27.6537V16.4333C27.6537 13.2033 25.9637 11.5233 22.6837 11.5233H18.8437V5.9933C19.5137 5.5333 19.9437 4.7133 19.9437 3.7633C19.9437 2.3933 19.5137 1.4533 18.7537 0.6033C18.1337 -0.1767 17.2037 -0.1867 16.5537 0.5033C15.8337 1.3833 15.3137 2.3133 15.3137 3.7633C15.3137 4.7033 15.7537 5.5233 16.4037 5.9733V11.5233H12.5737C9.3137 11.5233 7.6037 13.1933 7.6037 16.4333V18.9633H7.5637C4.2937 18.9633 2.5837 20.6333 2.5837 23.8733V30.9433H1.6437C0.7337 30.9433 0.0037 31.6833 0.0037 32.5833C0.0037 33.4833 0.7337 34.2233 1.6437 34.2233ZM10.8837 16.5833C10.8837 15.3433 11.4437 14.8033 12.6337 14.8033H22.6237C23.8137 14.8033 24.3737 15.3433 24.3737 16.5833V18.9633H10.8837ZM17.6537 24.3933C15.5037 24.3933 14.8037 26.0833 13.0837 26.0833C11.6937 26.0833 10.9137 24.3933 8.7937 24.3933C7.5437 24.3933 6.6537 24.9933 5.8637 25.4733V24.0233C5.8637 22.7733 6.4237 22.2433 7.6037 22.2433H27.6437C28.8237 22.2433 29.3837 22.7733 29.3837 24.0233V25.4433C28.6037 24.9633 27.7237 24.3933 26.5137 24.3933C24.3937 24.3933 23.6137 26.0833 22.2137 26.0833C20.4937 26.0833 19.8137 24.3933 17.6537 24.3933ZM17.6537 26.9733C18.9537 26.9733 19.9737 28.6733 22.2137 28.6733C24.3637 28.6733 25.3037 26.9733 26.5137 26.9733C27.3837 26.9733 28.1337 27.8633 29.3837 28.3533V30.9433H5.8637V28.3733C7.1537 27.8933 7.9037 26.9733 8.7937 26.9733C9.9937 26.9733 10.9337 28.6733 13.0837 28.6733C15.3137 28.6733 16.3337 26.9733 17.6537 26.9733Z","geometry":{"width":35.24609375,"height":34.22146302127051}}