{"path":"M7.6037 17.2933H27.6537V16.4333C27.6537 13.2033 25.9637 11.5233 22.6837 11.5233H18.8437V5.9933C19.5137 5.5333 19.9437 4.7133 19.9437 3.7633C19.9437 2.3933 19.5137 1.4533 18.7537 0.6033C18.1337 -0.1767 17.2037 -0.1867 16.5537 0.5033C15.8337 1.3833 15.3137 2.3133 15.3137 3.7633C15.3137 4.7033 15.7537 5.5233 16.4037 5.9733V11.5233H12.5737C9.3137 11.5233 7.6037 13.1933 7.6037 16.4333ZM27.7037 19.3633H7.5637C4.2937 19.3633 2.5837 21.0233 2.5837 24.2633V26.4133H3.2037C5.2637 26.4133 6.3837 24.6133 8.4037 24.6133C10.4337 24.6133 11.3337 26.4133 12.9637 26.4133C14.7237 26.4133 15.5837 24.6133 17.6237 24.6133C19.6637 24.6133 20.5237 26.4133 22.3037 26.4133C23.9137 26.4133 24.8137 24.6133 26.8337 24.6133C28.8637 24.6133 29.9737 26.4133 32.0437 26.4133H32.6737V24.2633C32.6737 21.0433 30.9837 19.3633 27.7037 19.3633ZM1.6437 34.2233H33.6037C34.5037 34.2233 35.2437 33.4833 35.2437 32.5833C35.2437 31.6833 34.5037 30.9433 33.6037 30.9433H32.6737V28.4533H32.0437C29.3237 28.4533 28.3137 26.6433 26.8337 26.6433C25.4137 26.6433 24.3537 28.4533 22.3037 28.4533C20.1837 28.4533 19.0737 26.6433 17.6237 26.6433C16.1737 26.6433 15.0537 28.4533 12.9637 28.4533C10.8937 28.4533 9.8137 26.6433 8.4037 26.6433C6.9337 26.6433 5.9237 28.4533 3.2037 28.4533H2.5837V30.9433H1.6437C0.7337 30.9433 0.0037 31.6833 0.0037 32.5833C0.0037 33.4833 0.7337 34.2233 1.6437 34.2233Z","geometry":{"width":35.24609375,"height":34.22146302127051}}