{"path":"M4.8237 26.1377H21.3137C24.4437 26.1377 26.1437 24.4477 26.1437 21.3377V4.7977C26.1437 1.6977 24.4437 -0.0023 21.3137 -0.0023H4.8237C1.7137 -0.0023 0.0037 1.6977 0.0037 4.7977V21.3377C0.0037 24.4477 1.7137 26.1377 4.8237 26.1377ZM5.2137 22.6177C4.1137 22.6177 3.5237 22.0777 3.5237 20.9177V5.2377C3.5237 4.0777 4.1137 3.5277 5.2137 3.5277H20.9337C22.0237 3.5277 22.6137 4.0777 22.6137 5.2377V20.9177C22.6137 22.0777 22.0237 22.6177 20.9337 22.6177ZM8.9137 17.7777C8.9137 18.6577 9.4337 19.1977 10.3037 19.1977H11.0437V20.2577C11.0437 20.6077 11.2937 20.8477 11.6337 20.8477C11.9737 20.8477 12.2237 20.6077 12.2237 20.2577V19.1977H13.1137V20.2577C13.1137 20.6077 13.3537 20.8477 13.7037 20.8477C14.0437 20.8477 14.2837 20.6077 14.2837 20.2577V19.1677C16.6837 19.0477 18.1337 17.7277 18.1337 15.6977C18.1337 14.3177 17.2237 13.1977 15.9137 12.7877C16.8937 12.3477 17.5937 11.3177 17.5937 10.2277C17.5937 8.5077 16.3537 7.3277 14.2837 7.1677V6.0577C14.2837 5.7177 14.0437 5.4677 13.7037 5.4677C13.3537 5.4677 13.1137 5.7177 13.1137 6.0577V7.1377H12.2237V6.0577C12.2237 5.7177 11.9737 5.4677 11.6337 5.4677C11.2937 5.4677 11.0437 5.7177 11.0437 6.0577V7.1377H10.3037C9.4437 7.1377 8.9137 7.6977 8.9137 8.5877ZM11.4937 12.0277V9.1777H13.2637C14.3737 9.1777 15.0137 9.6677 15.0137 10.5577C15.0137 11.4977 14.3037 12.0477 13.0337 12.0277ZM11.4937 17.1477V13.9277H13.3337C14.7637 13.9277 15.5037 14.4777 15.5037 15.5177C15.5037 16.5877 14.7937 17.1277 13.4137 17.1277Z","geometry":{"width":26.140625,"height":26.140625}}