{"path":"M2.5537 27.3569H4.5237V29.9969C4.5237 30.4469 4.8837 30.8169 5.3337 30.8169C5.7837 30.8169 6.1437 30.4469 6.1437 29.9969V27.3569H8.7937V29.9969C8.7937 30.4469 9.1437 30.8169 9.5937 30.8169C10.0537 30.8169 10.4037 30.4469 10.4037 29.9969V27.3569C15.3837 27.2569 18.4537 24.6469 18.4537 20.5069C18.4537 17.2669 15.9937 14.8869 12.6837 14.6269V14.5069C15.3137 14.1069 17.2937 11.8769 17.2937 9.1869C17.2937 5.6469 14.6437 3.3669 10.4037 3.1969V0.8069C10.4037 0.3569 10.0537 -0.0031 9.5937 -0.0031C9.1437 -0.0031 8.7937 0.3569 8.7937 0.8069V3.1869H6.1437V0.8069C6.1437 0.3569 5.7837 -0.0031 5.3337 -0.0031C4.8837 -0.0031 4.5237 0.3569 4.5237 0.8069V3.1869H2.5537C0.9537 3.1869 0.0037 4.1669 0.0037 5.8269V24.7169C0.0037 26.3769 0.9537 27.3569 2.5537 27.3569ZM4.6937 13.3469V6.6669H8.6937C11.1937 6.6669 12.6837 7.8569 12.6837 9.9169C12.6837 12.0869 11.0337 13.3469 8.2337 13.3469ZM4.6937 23.8669V16.4769H8.8637C12.0137 16.4769 13.6837 17.7769 13.6837 20.1569C13.6837 22.5769 12.0537 23.8669 8.9937 23.8669Z","geometry":{"width":18.45703125,"height":30.81640625}}