{"path":"M30.0937 20.8754C35.3737 20.8754 38.7437 17.8854 38.7437 13.3754V2.0654C38.7437 0.7654 37.9137 -0.0046 36.6237 -0.0046C35.3437 -0.0046 34.5037 0.7654 34.5037 2.0654V12.9454C34.5037 15.6154 32.9037 17.2854 30.0937 17.2854C27.2937 17.2854 25.6937 15.6154 25.6937 12.9454V2.0654C25.6937 0.7654 24.8437 -0.0046 23.5537 -0.0046C22.2737 -0.0046 21.4537 0.7654 21.4537 2.0654V13.3754C21.4537 17.8854 24.8237 20.8754 30.0937 20.8754ZM2.6837 20.5054H10.1037C14.4637 20.5054 17.2637 18.1954 17.2637 14.6854C17.2637 11.9754 15.1237 9.9654 12.2737 9.8454V9.7354C14.6437 9.4154 16.3337 7.6554 16.3337 5.3854C16.3337 2.2454 13.8937 0.3254 9.8337 0.3254H2.6837C1.0237 0.3254 0.0037 1.2954 0.0037 2.9954V17.8454C0.0037 19.5354 1.0237 20.5054 2.6837 20.5054ZM5.6637 8.5754V3.9954H7.9737C9.7337 3.9954 10.7837 4.8254 10.7837 6.2354C10.7837 7.6854 9.6437 8.5754 7.7237 8.5754ZM5.6637 16.8754V11.7154H8.0937C10.2637 11.7154 11.5137 12.6154 11.5137 14.2554C11.5137 15.9554 10.4637 16.8754 8.2837 16.8754ZM22.6937 25.4854H37.4837C38.2137 25.4854 38.7437 24.9654 38.7437 24.2654C38.7437 23.5654 38.2137 23.0554 37.4837 23.0554H22.6937C21.9837 23.0554 21.4337 23.5654 21.4337 24.2654C21.4337 24.9654 21.9837 25.4854 22.6937 25.4854Z","geometry":{"width":38.74609375,"height":25.484375}}