{"path":"M46.9937 20.8754C52.2637 20.8754 55.6437 17.8854 55.6437 13.3754V2.0654C55.6437 0.7654 54.8237 -0.0046 53.5237 -0.0046C52.2437 -0.0046 51.4037 0.7654 51.4037 2.0654V12.9454C51.4037 15.6154 49.8037 17.2854 46.9937 17.2854C44.1837 17.2854 42.5837 15.6154 42.5837 12.9454V2.0654C42.5837 0.7654 41.7537 -0.0046 40.4537 -0.0046C39.1737 -0.0046 38.3537 0.7654 38.3537 2.0654V13.3754C38.3537 17.8854 41.7237 20.8754 46.9937 20.8754ZM20.9337 20.5054H29.8437C30.8837 20.5054 31.5937 19.9054 31.5937 18.8654C31.5937 17.8554 30.9137 17.2554 29.8437 17.2554H27.4937L30.4437 3.5654H32.7837C33.8337 3.5654 34.5537 2.9654 34.5537 1.9454C34.5537 0.9254 33.8637 0.3254 32.8037 0.3254H23.8737C22.8037 0.3254 22.1037 0.9254 22.1037 1.9454C22.1037 2.9654 22.8337 3.5654 23.8837 3.5654H26.2237L23.2737 17.2554H20.9337C19.8637 17.2554 19.1637 17.8554 19.1637 18.8654C19.1637 19.9054 19.8837 20.5054 20.9337 20.5054ZM2.6837 20.5054H10.1037C14.4637 20.5054 17.2637 18.1954 17.2637 14.6854C17.2637 11.9754 15.1237 9.9654 12.2737 9.8454V9.7354C14.6437 9.4154 16.3337 7.6554 16.3337 5.3854C16.3337 2.2454 13.8937 0.3254 9.8337 0.3254H2.6837C1.0237 0.3254 0.0037 1.2954 0.0037 2.9954V17.8454C0.0037 19.5354 1.0237 20.5054 2.6837 20.5054ZM5.6637 8.5754V3.9954H7.9737C9.7337 3.9954 10.7837 4.8254 10.7837 6.2354C10.7837 7.6854 9.6437 8.5754 7.7237 8.5754ZM5.6637 16.8754V11.7154H8.0937C10.2637 11.7154 11.5137 12.6154 11.5137 14.2554C11.5137 15.9554 10.4637 16.8754 8.2837 16.8754ZM39.5937 25.4854H54.4037C55.1137 25.4854 55.6437 24.9654 55.6437 24.2654C55.6437 23.5654 55.1137 23.0554 54.4037 23.0554H39.5937C38.8837 23.0554 38.3337 23.5654 38.3337 24.2654C38.3337 24.9654 38.8837 25.4854 39.5937 25.4854Z","geometry":{"width":55.64453125,"height":25.484375}}