{"path":"M-0.0004 17.927C-0.0004 18.557 0.4796 19.017 1.1496 19.017H9.4196L5.0996 30.447C4.4696 32.087 6.1696 32.957 7.2596 31.627L10.6896 27.427C10.5596 26.817 10.4896 26.167 10.4896 25.517C10.4896 20.387 14.8196 16.147 19.8796 16.287L20.6396 15.347C20.8996 15.017 21.0396 14.697 21.0396 14.347C21.0396 13.717 20.5496 13.247 19.8896 13.247H11.6196L15.9396 1.827C16.5596 0.197 14.8596 -0.683 13.7696 0.647L0.3996 16.927C0.1196 17.257 -0.0004 17.577 -0.0004 17.927ZM19.7396 32.717C23.6496 32.717 26.9296 29.437 26.9296 25.517C26.9296 21.577 23.6796 18.327 19.7396 18.327C15.7896 18.327 12.5396 21.577 12.5396 25.517C12.5396 29.457 15.7896 32.717 19.7396 32.717ZM16.4596 26.837C15.8196 26.837 15.3096 26.337 15.3096 25.707C15.3096 25.067 15.8296 24.557 16.4596 24.557H18.6996V21.717C18.6996 21.087 19.1996 20.597 19.8396 20.597C20.4796 20.597 20.9896 21.087 20.9896 21.717V25.707C20.9896 26.347 20.4796 26.837 19.8396 26.837Z","geometry":{"width":26.93359375,"height":32.720511954941685}}