{"path":"M0.0027 14.4523C0.0027 22.4223 6.4827 28.9023 14.4527 28.9023C22.4227 28.9023 28.9027 22.4223 28.9027 14.4523C28.9027 7.2823 23.6627 1.3223 16.8127 0.1923C17.1127 0.6723 17.3127 1.2123 17.3127 1.8223C17.3127 2.6023 17.0127 3.3123 16.4727 3.8123C21.4827 4.8023 25.2627 9.1923 25.2627 14.4523C25.2627 20.4123 20.4127 25.2623 14.4527 25.2623C8.4927 25.2623 3.6227 20.4123 3.6227 14.4523C3.6227 8.4923 8.4927 3.6223 14.4527 3.6223C15.4527 3.6223 16.2527 2.8123 16.2527 1.8223C16.2527 0.8023 15.4527 0.0023 14.4527 0.0023C6.4827 0.0023 0.0027 6.4823 0.0027 14.4523ZM8.8627 15.2723C8.8627 15.6723 9.1727 15.9723 9.5827 15.9723H13.6627L11.4827 21.6923C11.1127 22.6523 12.1727 23.2323 12.8227 22.4323L19.7027 14.0123C19.8527 13.8323 19.9327 13.6323 19.9327 13.4223C19.9327 13.0323 19.6227 12.7323 19.2127 12.7323H15.1327L17.3127 7.0023C17.6827 6.0423 16.6227 5.4823 15.9727 6.2623L9.0927 14.6923C8.9427 14.8723 8.8627 15.0823 8.8627 15.2723Z","geometry":{"width":28.90234375,"height":28.90234375}}