{"path":"M-0.0004 17.927C-0.0004 18.557 0.4796 19.017 1.1496 19.017H9.4196L5.0996 30.447C4.4696 32.087 6.1696 32.957 7.2596 31.627L20.6396 15.347C20.8996 15.017 21.0396 14.697 21.0396 14.347C21.0396 13.717 20.5496 13.247 19.8896 13.247H11.6196L15.9396 1.827C16.5596 0.197 14.8596 -0.683 13.7696 0.647L0.3996 16.927C0.1196 17.257 -0.0004 17.577 -0.0004 17.927Z","geometry":{"width":21.041015625,"height":32.27618121899441}}