{"path":"M8.9419 8.7293L10.8419 10.6393L13.2619 7.4493L11.5019 11.2793L15.4219 15.2093H18.2419L17.0219 16.8093L19.0319 18.7993L22.2119 14.7993C22.4719 14.4693 22.6119 14.1493 22.6119 13.7993C22.6119 13.1693 22.1219 12.6993 21.4619 12.6993H13.5119L17.5119 1.8393C18.1119 0.1793 16.4019 -0.6807 15.3419 0.6593ZM22.1919 27.8793C22.6419 28.3193 23.3919 28.3293 23.8119 27.8793C24.2719 27.4393 24.2719 26.6993 23.8119 26.2493L1.9719 4.4193C1.5319 3.9693 0.7819 3.9693 0.3319 4.4193C-0.1081 4.8593 -0.1081 5.6093 0.3319 6.0493ZM1.5719 18.4993C1.5719 19.1393 2.0519 19.5893 2.7219 19.5893H10.6819L6.6719 30.4593C6.0719 32.1193 7.7819 32.9893 8.8319 31.6393L15.2319 23.5893L13.3319 21.6893L10.9219 24.8393L12.6919 21.0293L8.7319 17.0893H5.9519L7.1619 15.5093L5.1419 13.5093L1.9719 17.4993C1.7119 17.8293 1.5719 18.1593 1.5719 18.4993Z","geometry":{"width":24.15478515625,"height":32.303816452462044}}