{"path":"M4.8237 26.1414H27.8037C30.9437 26.1414 32.6337 24.4414 32.6337 21.3414V8.5314C32.6337 5.4314 30.9437 3.7314 27.8037 3.7314H26.3037V2.2014C26.3037 0.8214 25.5137 0.0014 24.1337 0.0014H20.6737C19.2937 0.0014 18.4937 0.8214 18.4937 2.2014V3.7314H14.1337V2.2014C14.1337 0.8214 13.3437 0.0014 11.9637 0.0014H8.5037C7.1237 0.0014 6.3337 0.8214 6.3337 2.2014V3.7314H4.8237C1.7137 3.7314 0.0037 5.4314 0.0037 8.5314V21.3414C0.0037 24.4414 1.7137 26.1414 4.8237 26.1414ZM3.5237 20.9014V8.9514C3.5237 7.7914 4.1137 7.2614 5.2137 7.2614H27.4237C28.5237 7.2614 29.1037 7.7914 29.1037 8.9514V20.9014C29.1037 22.0814 28.5237 22.6114 27.4237 22.6114H5.2137C4.1137 22.6114 3.5237 22.0814 3.5237 20.9014ZM12.2237 15.7114C12.2237 16.0114 12.4537 16.2314 12.7737 16.2314H15.8737L14.2237 20.5914C13.9437 21.3114 14.7337 21.7414 15.2137 21.1414L20.4437 14.7414C20.5637 14.6014 20.6337 14.4514 20.6337 14.3014C20.6337 14.0014 20.3837 13.7814 20.0837 13.7814H16.9837L18.6237 9.4214C18.9037 8.6914 18.1137 8.2714 17.6337 8.8614L12.4037 15.2714C12.2937 15.4114 12.2237 15.5614 12.2237 15.7114Z","geometry":{"width":32.634765625,"height":26.140625}}