{"path":"M1.1533 19.037H9.4233L5.1133 30.447C4.4833 32.087 6.1833 32.957 7.2733 31.627L12.5733 25.117L16.7433 17.637C17.5133 16.277 18.8833 15.507 20.4533 15.567L20.7033 15.247C20.9333 14.957 21.0533 14.657 21.0533 14.327C21.0533 13.707 20.5633 13.237 19.8933 13.237H11.6233L15.9433 1.827C16.5733 0.197 14.8733 -0.683 13.7833 0.647L0.4133 16.947C0.1333 17.267 0.0033 17.597 0.0033 17.937C0.0033 18.587 0.4933 19.037 1.1533 19.037ZM14.4133 32.297H26.2233C27.4533 32.297 28.2833 31.357 28.2833 30.247C28.2833 29.907 28.2033 29.567 28.0133 29.237L22.0933 18.657C21.6833 17.927 21.0133 17.587 20.3333 17.587C19.6333 17.587 18.9333 17.937 18.5533 18.657L12.6333 29.237C12.4533 29.567 12.3633 29.907 12.3633 30.247C12.3633 31.357 13.1833 32.297 14.4133 32.297ZM20.3133 26.757C19.7033 26.757 19.2633 26.347 19.2533 25.757L19.1233 22.127C19.1033 21.437 19.6033 20.967 20.3133 20.967C21.0433 20.967 21.5433 21.427 21.5233 22.127L21.3933 25.757C21.3833 26.347 20.9333 26.757 20.3133 26.757ZM20.3133 30.247C19.5333 30.247 18.9533 29.687 18.9533 28.917C18.9533 28.177 19.5533 27.617 20.3133 27.617C21.0933 27.617 21.6933 28.177 21.6933 28.917C21.6933 29.687 21.1133 30.247 20.3133 30.247Z","geometry":{"width":28.287109375,"height":32.296683829941685}}