{"path":"M11.6657 27.672C11.9357 27.672 12.3157 27.562 12.6857 27.382C20.6057 23.422 23.3257 21.152 23.3257 16.252V6.312C23.3257 4.402 22.6957 3.622 21.0157 2.912C19.6857 2.362 14.8057 0.702 13.5657 0.302C12.9757 0.122 12.2457 0.002 11.6657 0.002C11.0757 0.002 10.3657 0.132 9.7757 0.302C8.5157 0.682 3.6357 2.362 2.3057 2.912C0.6457 3.612 -0.0043 4.402 -0.0043 6.312V16.252C-0.0043 21.152 2.8057 23.282 10.6457 27.382C11.0057 27.572 11.3857 27.672 11.6657 27.672ZM5.5757 14.002C5.5757 13.782 5.6757 13.562 5.8257 13.372L13.3557 4.142C14.0857 3.292 15.2157 3.892 14.8157 4.952L12.4257 11.222H16.9157C17.3457 11.222 17.6957 11.552 17.6957 11.972C17.6957 12.192 17.5957 12.432 17.4357 12.622L9.8957 21.832C9.1857 22.682 8.0557 22.082 8.4457 21.042L10.8257 14.752H6.3557C5.9157 14.752 5.5757 14.422 5.5757 14.002Z","geometry":{"width":23.32421875,"height":27.671875}}