{"path":"M27.7927 25.1431C32.2627 25.1431 35.8227 21.8331 35.8227 17.7031C35.8227 14.7431 34.1627 12.0131 31.3927 10.8731C31.3727 4.5531 26.8127 0.0031 20.8627 0.0031C17.3227 0.0031 14.4627 1.7231 12.6227 4.3331C8.9827 3.5031 5.3727 6.1231 5.1427 10.0231C1.9527 10.6731 0.0027 13.5731 0.0027 17.1131C0.0027 21.5031 3.8427 25.1431 8.7927 25.1431ZM9.1727 16.2431L13.6127 10.6231C13.9827 10.1731 14.3827 9.9631 14.7927 9.9631C15.1027 9.9631 15.3927 10.0631 15.7227 10.2431L20.9727 13.1431L25.4327 10.8431C26.5527 10.2831 27.4427 11.3731 26.6727 12.3431L22.2027 17.9931C21.8427 18.4331 21.4527 18.6531 21.0227 18.6531C20.7227 18.6531 20.4227 18.5531 20.1127 18.3731L14.8427 15.4631L10.4227 17.7731C9.2927 18.3331 8.3627 17.2531 9.1727 16.2431Z","geometry":{"width":35.8203125,"height":25.142578125}}