{"path":"M2.6137 26.9497H4.3237C5.3837 26.9497 6.2237 26.1097 6.2237 25.0497V22.8297C9.2737 23.0097 13.5037 23.1297 17.0237 23.1297C20.5537 23.1297 24.7837 23.0097 27.8237 22.8297V25.0497C27.8237 26.1097 28.6537 26.9497 29.7337 26.9497H31.4437C32.5137 26.9497 33.3437 26.1097 33.3437 25.0497V21.2297C33.8137 20.6397 34.0537 19.8797 34.0537 18.9797V16.5697C34.0537 13.9997 33.6837 12.5497 32.3337 10.8997L31.0337 9.3197C30.5337 6.8597 29.6137 4.2797 29.1337 3.2697C28.3237 1.5497 26.7737 0.5097 24.7637 0.2297C23.6637 0.0797 20.8237 -0.0003 17.0237 -0.0003C13.2237 -0.0003 10.3937 0.0997 9.2937 0.2297C7.2837 0.4897 5.7137 1.5497 4.9037 3.2697C4.4437 4.2797 3.5237 6.8597 3.0037 9.3197L1.7137 10.8997C0.3537 12.5497 0.0037 13.9997 0.0037 16.5697V18.9797C0.0037 19.8797 0.2437 20.6397 0.6937 21.2297V25.0497C0.6937 26.1097 1.5337 26.9497 2.6137 26.9497ZM17.0237 20.2897C12.2737 20.2897 6.6737 20.0597 4.4137 19.7997C3.2437 19.6597 2.7737 19.0897 2.7737 18.0297V16.2397C2.7737 14.4397 3.1837 13.5597 4.0037 12.4797L5.5937 10.3897C5.8937 8.7997 6.7537 5.8397 7.3137 4.6597C7.8037 3.6597 8.6837 3.1397 9.8037 3.0097C10.8237 2.8697 13.3537 2.7597 17.0237 2.7597C20.7037 2.7597 23.2537 2.8897 24.2237 3.0097C25.3637 3.1397 26.2337 3.6797 26.7437 4.6897C27.2937 5.7997 28.1337 8.7397 28.4537 10.3897L30.0537 12.4797C30.8737 13.5597 31.2837 14.4397 31.2837 16.2397V18.0297C31.2837 19.0897 30.8037 19.6597 29.6437 19.7997C27.3837 20.0397 21.7837 20.2897 17.0237 20.2897ZM12.9337 12.2497C12.9337 12.5397 13.1837 12.7697 13.4837 12.7697H16.5837L14.9337 17.1297C14.6537 17.8597 15.4537 18.2797 15.9437 17.6797L21.1537 11.2797C21.2737 11.1397 21.3437 10.9897 21.3437 10.8397C21.3437 10.5397 21.0937 10.3197 20.7937 10.3197H17.6937L19.3437 5.9597C19.6237 5.2197 18.8237 4.8097 18.3437 5.3997L13.1137 11.8097C13.0037 11.9497 12.9337 12.0997 12.9337 12.2497Z","geometry":{"width":34.056640625,"height":26.947265625}}