{"path":"M-0.0004 18.4993C-0.0004 19.1393 0.4796 19.5893 1.1496 19.5893H9.1096L5.0996 30.4593C4.4996 32.1193 6.2096 32.9893 7.2596 31.6393L10.6796 27.3493C10.5596 26.7593 10.4896 26.1693 10.4896 25.5293C10.4896 24.7593 10.5996 23.8993 10.8296 23.1593L9.2196 25.1493L12.9896 17.0893H4.3796L11.6496 7.5093L8.0496 15.2093H16.7296L14.7296 17.8193C16.0596 16.9193 17.6196 16.3393 19.4296 16.2993L20.6396 14.7993C20.8996 14.4693 21.0396 14.1493 21.0396 13.7993C21.0396 13.1693 20.5496 12.6993 19.8896 12.6993H11.9396L15.9396 1.8393C16.5396 0.1793 14.8296 -0.6807 13.7696 0.6593L0.3996 17.4993C0.1396 17.8293 -0.0004 18.1593 -0.0004 18.4993ZM19.7396 32.7293C23.6496 32.7293 26.9296 29.4493 26.9296 25.5293C26.9296 21.5893 23.6796 18.3393 19.7396 18.3393C15.7896 18.3393 12.5396 21.5893 12.5396 25.5293C12.5396 29.4693 15.7896 32.7293 19.7396 32.7293ZM16.4596 26.8493C15.8196 26.8493 15.3096 26.3493 15.3096 25.7193C15.3096 25.0793 15.8296 24.5693 16.4596 24.5693H18.6996V21.7293C18.6996 21.0993 19.1996 20.6093 19.8396 20.6093C20.4796 20.6093 20.9896 21.0993 20.9896 21.7293V25.7193C20.9896 26.3593 20.4796 26.8493 19.8396 26.8493Z","geometry":{"width":26.93359375,"height":32.732855817655576}}