{"path":"M14.2337 26.4143C14.6837 26.4143 15.3637 26.0143 15.9937 25.6043C23.5137 20.6943 28.4537 14.8443 28.4537 8.9843C28.4537 3.6143 24.7237 0.0043 20.2437 0.0043C17.4437 0.0043 15.4337 1.5343 14.2337 3.7743C13.0337 1.5443 11.0037 0.0043 8.2137 0.0043C3.7437 0.0043 0.0037 3.6143 0.0037 8.9843C0.0037 14.8443 4.9337 20.6943 12.4737 25.6043C13.0837 26.0143 13.7637 26.4143 14.2337 26.4143ZM9.6137 14.3043C9.6137 14.1343 9.6837 13.9743 9.8037 13.8343L15.3137 7.0843C15.8137 6.4643 16.6537 6.9143 16.3637 7.6743L14.6137 12.2643H17.8937C18.2137 12.2643 18.4737 12.4943 18.4737 12.8143C18.4737 12.9743 18.4037 13.1343 18.2637 13.2743L12.7737 20.0243C12.2637 20.6443 11.4137 20.2043 11.7037 19.4443L13.4537 14.8443H10.1837C9.8537 14.8443 9.6137 14.6143 9.6137 14.3043Z","geometry":{"width":28.451171875,"height":26.4140625}}