{"path":"M4.8237 26.1377H21.3137C24.4437 26.1377 26.1437 24.4477 26.1437 21.3377V4.7977C26.1437 1.6977 24.4437 -0.0023 21.3137 -0.0023H4.8237C1.7137 -0.0023 0.0037 1.6977 0.0037 4.7977V21.3377C0.0037 24.4477 1.7137 26.1377 4.8237 26.1377ZM5.2137 22.6177C4.1137 22.6177 3.5237 22.0777 3.5237 20.9177V5.2377C3.5237 4.0777 4.1137 3.5277 5.2137 3.5277H20.9337C22.0237 3.5277 22.6137 4.0777 22.6137 5.2377V20.9177C22.6137 22.0777 22.0237 22.6177 20.9337 22.6177ZM7.5337 13.8877C7.5337 14.2777 7.8437 14.5577 8.2437 14.5577H12.3037L10.1437 20.2877C9.7937 21.2277 10.8137 21.7777 11.4537 21.0177L18.3037 12.6177C18.4537 12.4377 18.5437 12.2377 18.5437 12.0477C18.5437 11.6477 18.2237 11.3577 17.8237 11.3577H13.7637L15.9237 5.6477C16.2837 4.6877 15.2537 4.1377 14.6137 4.9077L7.7637 13.2977C7.6137 13.4777 7.5337 13.6877 7.5337 13.8877Z","geometry":{"width":26.140625,"height":26.140625}}