{"path":"M0.0037 8.9843C0.0037 14.8443 4.9337 20.6943 12.4737 25.6043C13.0837 26.0143 13.7637 26.4143 14.2337 26.4143C14.6837 26.4143 15.3637 26.0143 15.9937 25.6043C23.5137 20.6943 28.4537 14.8443 28.4537 8.9843C28.4537 3.6143 24.7237 0.0043 20.1637 0.0043C17.4437 0.0043 15.4337 1.1943 14.2337 2.9143C13.0337 1.1943 11.0037 0.0043 8.2837 0.0043C3.7437 0.0043 0.0037 3.6143 0.0037 8.9843ZM3.7437 8.9443C3.7437 5.7843 5.8937 3.6143 8.7537 3.6143C11.0337 3.6143 12.2737 4.9243 13.1137 6.1143C13.5037 6.6743 13.8037 6.9043 14.2337 6.9043C14.6437 6.9043 14.9337 6.6743 15.3437 6.1143C16.2237 4.9243 17.4337 3.6143 19.7137 3.6143C22.5737 3.6143 24.7237 5.7843 24.7237 8.9443C24.7237 13.3543 20.2637 18.4543 14.4537 22.3243C14.3437 22.3843 14.2837 22.4343 14.2337 22.4343C14.1737 22.4343 14.1137 22.3843 14.0137 22.3243C8.1937 18.4543 3.7437 13.3543 3.7437 8.9443ZM9.8337 14.2443C9.8337 14.5443 10.0737 14.7643 10.3737 14.7643H13.4937L11.8237 19.1243C11.5537 19.8543 12.3637 20.2743 12.8337 19.6743L18.0637 13.2743C18.1737 13.1343 18.2337 12.9843 18.2337 12.8343C18.2337 12.5343 17.9937 12.3143 17.6937 12.3143H14.5837L16.2437 7.9543C16.5137 7.2343 15.7237 6.8043 15.2437 7.3943L10.0037 13.8043C9.8937 13.9443 9.8337 14.0943 9.8337 14.2443Z","geometry":{"width":28.451171875,"height":26.4140625}}