{"path":"M0.6544 13.5446C-1.0756 15.6646 0.9244 17.9246 3.2244 16.6946L12.9944 11.3346L23.6644 17.2546C24.3444 17.6346 24.9744 17.8146 25.5644 17.8146C26.4744 17.8146 27.3144 17.3646 28.0444 16.4446L37.8644 4.2646C39.4544 2.2846 37.6444 -0.1554 35.2644 1.1046L25.4944 6.4646L14.8244 0.5646C14.1444 0.1746 13.5144 0.0046 12.9144 0.0046C11.9944 0.0046 11.1744 0.4546 10.4344 1.3646Z","geometry":{"width":38.46349595383479,"height":17.814453125}}