{"path":"M0.0037 26.7997C0.0037 29.3097 1.2737 30.6097 3.8037 30.6097H23.6137C25.8437 30.6097 27.0937 29.5897 27.3537 27.5897C27.6837 29.9097 29.0537 31.0097 31.4737 30.7297L33.5137 30.5297C36.0137 30.2397 37.1437 28.8497 36.9037 26.3497L34.9137 7.2197C34.6537 4.7197 33.2637 3.5297 30.7437 3.7997L28.7237 4.0197C28.2337 4.0697 27.7837 4.1697 27.3937 4.3197V3.8097C27.3937 1.2997 26.1237 -0.0003 23.6137 -0.0003H20.4537C17.9237 -0.0003 16.6537 1.2997 16.6537 3.8097V9.1697C16.4637 9.1297 16.2537 9.1197 16.0237 9.1197H10.6337C10.3937 9.1197 10.1737 9.1297 9.9837 9.1697V7.7897C9.9837 5.2797 8.7137 3.9797 6.1937 3.9797H3.8037C1.2737 3.9797 0.0037 5.2797 0.0037 7.7897ZM20.0937 27.1697V4.4397C20.0937 3.7997 20.4437 3.4597 21.1137 3.4597H22.9437C23.6137 3.4597 23.9437 3.7997 23.9437 4.4397V26.1497C23.9437 26.8097 23.6137 27.1697 22.9437 27.1697ZM30.6937 26.3597L28.8237 8.4797C28.7537 7.8297 29.0537 7.4797 29.7237 7.3997L30.4337 7.2997C31.0937 7.2197 31.4737 7.5497 31.5437 8.1797L33.4037 26.0597C33.4737 26.6997 33.1837 27.0697 32.5137 27.1497L31.8037 27.2297C31.1437 27.3197 30.7637 26.9997 30.6937 26.3597ZM3.4637 26.1497V8.4197C3.4637 7.7797 3.8037 7.4397 4.4537 7.4397H5.5237C6.1937 7.4397 6.5337 7.7797 6.5337 8.4197V27.1697H4.4537C3.8037 27.1697 3.4637 26.8097 3.4637 26.1497ZM9.9837 27.1697V13.5597C9.9837 12.9197 10.3237 12.5597 10.9937 12.5597H15.6437C16.3137 12.5597 16.6537 12.9197 16.6537 13.5597V27.1697ZM10.9237 14.9797C10.9237 15.4997 11.3437 15.9297 11.8837 15.9297H14.8337C15.3637 15.9297 15.7737 15.4997 15.7737 14.9797C15.7737 14.4497 15.3637 14.0297 14.8337 14.0297H11.8837C11.3337 14.0297 10.9237 14.4497 10.9237 14.9797ZM10.9237 24.7497C10.9237 25.2797 11.3337 25.6997 11.8837 25.6997H14.8337C15.3637 25.6997 15.7737 25.2797 15.7737 24.7497C15.7737 24.2297 15.3637 23.7997 14.8337 23.7997H11.8837C11.3437 23.7997 10.9237 24.2297 10.9237 24.7497Z","geometry":{"width":36.93329402414098,"height":30.77552837951572}}