{"path":"M22.4537 30.6097H25.2837C26.7837 30.6097 27.6437 29.7397 27.6437 28.2497V9.6497L29.6537 28.5997C29.7937 30.0797 30.7637 30.8397 32.2537 30.6897L34.0737 30.4597C35.5637 30.3097 36.3137 29.3397 36.1637 27.8497L33.8837 6.2297C33.7437 4.7397 32.7737 3.9697 31.2837 4.1297L29.4537 4.3597C28.6037 4.4397 27.9837 4.8097 27.6437 5.3897V2.3697C27.6437 0.8797 26.7837 -0.0003 25.2837 -0.0003H22.4537C20.9437 -0.0003 20.0837 0.8797 20.0837 2.3697V28.2497C20.0837 29.7397 20.9437 30.6097 22.4537 30.6097ZM2.3637 30.6097H4.8437C6.3437 30.6097 7.2037 29.7397 7.2037 28.2497V6.3397C7.2037 4.8497 6.3437 3.9797 4.8437 3.9797H2.3637C0.8637 3.9797 0.0037 4.8497 0.0037 6.3397V28.2497C0.0037 29.7397 0.8637 30.6097 2.3637 30.6097ZM11.2337 30.6097H16.0537C17.5537 30.6097 18.4137 29.7397 18.4137 28.2497V11.4797C18.4137 9.9897 17.5537 9.1197 16.0537 9.1197H11.2337C9.7337 9.1197 8.8737 9.9897 8.8737 11.4797V28.2497C8.8737 29.7397 9.7337 30.6097 11.2337 30.6097ZM12.3137 14.5897C11.7337 14.5897 11.2837 14.1397 11.2837 13.5597C11.2837 12.9697 11.7137 12.5397 12.3137 12.5397H15.0237C15.6937 12.5397 16.0537 12.9697 16.0537 13.5597C16.0537 14.1397 15.6137 14.5897 15.0237 14.5897ZM12.3137 27.2097C11.7137 27.2097 11.2837 26.7397 11.2837 26.1697C11.2837 25.5897 11.7337 25.1297 12.3137 25.1297H15.0237C15.6137 25.1297 16.0537 25.5897 16.0537 26.1697C16.0537 26.7397 15.6137 27.2097 15.0237 27.2097Z","geometry":{"width":36.18100424224741,"height":30.711992661035502}}