{"path":"M4.8237 26.1377H21.3137C24.4437 26.1377 26.1437 24.4477 26.1437 21.3377V4.7977C26.1437 1.6977 24.4437 -0.0023 21.3137 -0.0023H4.8237C1.7137 -0.0023 0.0037 1.6977 0.0037 4.7977V21.3377C0.0037 24.4477 1.7137 26.1377 4.8237 26.1377ZM9.2537 20.5777C8.6037 20.5777 8.1437 20.0977 8.1437 19.3577V7.8177C8.1437 6.3877 8.9437 5.5677 10.3737 5.5677H15.9437C17.3737 5.5677 18.1737 6.3877 18.1737 7.8177V19.3577C18.1737 20.0977 17.7237 20.5777 17.0637 20.5777C16.6437 20.5777 16.3637 20.3677 15.8137 19.8477L13.2037 17.2677C13.1837 17.2277 13.1437 17.2277 13.1137 17.2677L10.5137 19.8477C9.9637 20.3677 9.6837 20.5777 9.2537 20.5777Z","geometry":{"width":26.140625,"height":26.140625}}