{"path":"M2.3014 31.0493C3.1614 31.0493 3.7414 30.6693 4.8214 29.5993L9.9814 24.4493C10.0514 24.3893 10.1414 24.3893 10.2114 24.4493L15.3814 29.6093C16.4614 30.6693 17.0214 31.0493 17.9014 31.0493C19.2814 31.0493 20.1914 30.0793 20.1914 28.5693V4.5293C20.1914 1.6093 18.5814 -0.0007 15.6914 -0.0007H4.5014C1.6114 -0.0007 0.0014 1.6093 0.0014 4.5293V28.5693C0.0014 30.0793 0.9014 31.0493 2.3014 31.0493ZM3.9014 25.2893C3.7314 25.4693 3.5314 25.3993 3.5314 25.1593V4.8993C3.5314 3.9393 3.9514 3.5293 4.8914 3.5293H15.3014C16.2414 3.5293 16.6614 3.9393 16.6614 4.8993V25.1593C16.6614 25.3993 16.4714 25.4693 16.3014 25.2893L11.2914 20.4493C10.4814 19.6693 9.7114 19.6693 8.9014 20.4493Z","geometry":{"width":20.193359375,"height":31.048828125}}