{"path":"M4.8237 26.1394H21.3137C24.4437 26.1394 26.1437 24.4494 26.1437 21.3394V4.7994C26.1437 1.6994 24.4437 -0.0006 21.3137 -0.0006H4.8237C1.7137 -0.0006 0.0037 1.6994 0.0037 4.7994V21.3394C0.0037 24.4494 1.7137 26.1394 4.8237 26.1394ZM5.2137 22.6094C4.1137 22.6094 3.5237 22.0794 3.5237 20.9194V5.2394C3.5237 4.0694 4.1137 3.5294 5.2137 3.5294H20.9337C22.0237 3.5294 22.6137 4.0694 22.6137 5.2394V20.9194C22.6137 22.0794 22.0237 22.6094 20.9337 22.6094ZM9.4437 20.0294C9.8437 20.0294 10.1037 19.8494 10.6137 19.3594L13.0337 16.9394C13.0537 16.9094 13.1137 16.9094 13.1237 16.9394L15.5537 19.3594C16.0637 19.8494 16.3137 20.0294 16.7037 20.0294C17.3237 20.0294 17.7337 19.5894 17.7337 18.9094V8.1894C17.7337 6.8494 16.9937 6.1094 15.6637 6.1094H10.4837C9.1737 6.1094 8.4337 6.8494 8.4337 8.1894V18.9094C8.4337 19.5894 8.8437 20.0294 9.4437 20.0294Z","geometry":{"width":26.140625,"height":26.140625}}