{"path":"M8.0537 0.003C4.8937 0.003 1.6537 1.493 0.3237 3.763C0.0637 4.223 0.0037 4.513 0.0037 5.263V24.293C0.0037 25.403 0.6437 25.993 1.7137 25.993C2.3337 25.993 2.7237 25.813 3.3737 25.403C4.9737 24.243 6.9437 23.643 8.9237 23.643C10.9137 23.643 12.7937 24.293 14.2837 25.523C14.4937 25.693 14.7237 25.753 14.9337 25.753C15.3037 25.753 15.5837 25.513 15.5837 25.103V4.243C15.5837 3.843 15.5337 3.663 15.2437 3.243C13.9337 1.253 11.1437 0.003 8.0537 0.003ZM25.3037 0.003C22.2037 0.003 19.4237 1.253 18.1037 3.243C17.8137 3.663 17.7737 3.843 17.7737 4.243V25.103C17.7737 25.513 18.0637 25.753 18.4337 25.753C18.6337 25.753 18.8637 25.693 19.0537 25.523C20.5537 24.293 22.4537 23.643 24.4137 23.643C26.4037 23.643 28.3837 24.243 29.9737 25.403C30.6437 25.813 31.0237 25.993 31.6337 25.993C32.7137 25.993 33.3637 25.403 33.3637 24.293V5.263C33.3637 4.513 33.2937 4.213 33.0137 3.763C31.7037 1.493 28.4537 0.003 25.3037 0.003Z","geometry":{"width":33.359375,"height":25.990234375}}