{"path":"M23.4863 19.9893V4.5293C23.4863 1.6093 21.8763 -0.0007 18.9863 -0.0007H7.7963C6.3963 -0.0007 5.3463 0.3993 4.6663 1.1793ZM25.7563 28.0393C26.2063 28.4893 26.9463 28.4893 27.3863 28.0393C27.8263 27.5893 27.8363 26.8693 27.3863 26.4093L1.9663 0.9993C1.5163 0.5493 0.7763 0.5493 0.3263 0.9993C-0.1137 1.4393 -0.1137 2.1893 0.3263 2.6293ZM3.2963 8.2293V28.5693C3.2963 30.0793 4.1963 31.0493 5.5963 31.0493C6.4563 31.0493 7.0363 30.6693 8.1163 29.5993L13.2763 24.4493C13.3463 24.3893 13.4363 24.3893 13.5063 24.4493L18.6763 29.6093C19.7563 30.6693 20.3163 31.0493 21.1963 31.0493C22.4863 31.0493 23.3663 30.1993 23.4763 28.8293V28.4193Z","geometry":{"width":27.71803729484249,"height":31.048828125}}