{"path":"M4.8237 26.1377H21.3137C24.4437 26.1377 26.1437 24.4477 26.1437 21.3377V4.7977C26.1437 1.6977 24.4437 -0.0023 21.3137 -0.0023H4.8237C1.7137 -0.0023 0.0037 1.6977 0.0037 4.7977V21.3377C0.0037 24.4477 1.7137 26.1377 4.8237 26.1377ZM17.6237 20.1977C17.2937 20.1977 17.0337 19.9377 17.0337 19.6077V18.5077C15.3837 18.3177 14.3237 17.2777 14.1637 15.9977C14.0837 15.2177 14.5637 14.7377 15.1737 14.7377C15.6037 14.7377 15.9537 15.0277 16.0737 15.5077C16.1737 16.0877 16.4637 16.5177 17.0337 16.6777V13.8877L16.3937 13.5877C15.0137 12.9177 14.1337 12.0277 14.1337 10.4877C14.1337 8.8177 15.3237 7.6877 17.0337 7.4877V6.4277C17.0337 6.0977 17.2937 5.8377 17.6237 5.8377C17.9537 5.8377 18.2237 6.0977 18.2237 6.4277V7.5077C19.8337 7.7377 20.7437 8.8477 20.8637 10.0077C20.9637 10.8577 20.4837 11.2677 19.8637 11.2677C19.4137 11.2677 19.0537 10.9777 18.9537 10.4977C18.8537 9.9977 18.6237 9.5977 18.2237 9.4177V12.0977L18.8237 12.3977C20.3937 13.1977 21.1337 14.1077 21.1337 15.4677C21.1337 17.2277 19.9237 18.3077 18.2237 18.5077V19.6077C18.2237 19.9377 17.9537 20.1977 17.6237 20.1977ZM7.2237 19.4377C6.5337 19.4377 6.0737 18.9777 6.0737 18.2777V8.5677C6.0737 7.4677 6.5937 6.8477 7.6737 6.8477H9.6437C11.8837 6.8477 13.1137 8.2177 13.1137 10.4277C13.1137 11.8977 12.5337 13.2777 11.5437 13.7277L13.0937 17.8677C13.4537 18.8377 12.7237 19.3977 12.0337 19.3977C11.5537 19.3977 11.1037 19.1677 10.9237 18.6377L9.3337 14.2277C9.2737 14.2277 9.2037 14.2277 9.1337 14.2277H8.3637V18.2777C8.3637 18.9777 7.9037 19.4377 7.2237 19.4377ZM8.3637 12.5277H9.3337C10.3537 12.5277 10.7737 11.6777 10.7737 10.5577C10.7737 9.3477 10.3337 8.6777 9.3237 8.6777H8.3637ZM17.0337 9.3077C16.5437 9.4477 16.2437 9.8177 16.2437 10.3477C16.2437 10.9077 16.5837 11.2277 16.9937 11.4677L17.0337 11.4877ZM18.2237 16.7077C18.7437 16.5577 19.0337 16.1777 19.0337 15.6677C19.0337 15.1577 18.7037 14.7977 18.2537 14.5177L18.2237 14.5077Z","geometry":{"width":26.140625,"height":26.140625}}