{"path":"M4.8237 26.1377H21.3137C24.4437 26.1377 26.1437 24.4477 26.1437 21.3377V4.7977C26.1437 1.6977 24.4437 -0.0023 21.3137 -0.0023H4.8237C1.7137 -0.0023 0.0037 1.6977 0.0037 4.7977V21.3377C0.0037 24.4477 1.7137 26.1377 4.8237 26.1377ZM5.2137 22.6177C4.1137 22.6177 3.5237 22.0777 3.5237 20.9177V5.2377C3.5237 4.0777 4.1137 3.5277 5.2137 3.5277H20.9337C22.0237 3.5277 22.6137 4.0777 22.6137 5.2377V20.9177C22.6137 22.0777 22.0237 22.6177 20.9337 22.6177ZM17.1837 19.8277C17.4837 19.8277 17.7437 19.5777 17.7437 19.2677V18.2377C19.3437 18.0477 20.5237 17.0177 20.5237 15.3377C20.5237 14.0677 19.8237 13.1677 18.3237 12.4277L17.7437 12.1377V9.5477C18.1337 9.7477 18.3437 10.1277 18.4437 10.6277C18.5537 11.0777 18.8937 11.3477 19.3137 11.3477C19.8937 11.3477 20.3437 10.9477 20.2637 10.1577C20.1237 9.0477 19.2737 7.9977 17.7437 7.7777V6.7577C17.7437 6.4377 17.4837 6.1977 17.1837 6.1977C16.8837 6.1977 16.6237 6.4377 16.6237 6.7577V7.7677C15.0137 7.9477 13.8737 9.0277 13.8737 10.6077C13.8737 12.0677 14.6937 12.9177 16.0237 13.5477L16.6237 13.8377V16.5277C16.0737 16.3477 15.8037 15.9277 15.7137 15.3777C15.6037 14.9177 15.2537 14.6577 14.8637 14.6577C14.2737 14.6577 13.8337 15.1077 13.9137 15.8277C14.0637 17.0577 15.0537 18.0477 16.6237 18.2377V19.2677C16.6237 19.5777 16.8837 19.8277 17.1837 19.8277ZM7.3137 19.1177C7.9537 19.1177 8.3937 18.6777 8.3937 18.0177V14.1477H9.1337C9.2037 14.1477 9.2537 14.1477 9.3337 14.1477L10.8437 18.3577C11.0237 18.8577 11.4437 19.0677 11.8837 19.0677C12.5537 19.0677 13.2237 18.5377 12.8937 17.6277L11.4037 13.6677C12.3637 13.2477 12.9037 11.9377 12.9037 10.5577C12.9037 8.4477 11.7337 7.1677 9.6137 7.1677H7.7237C6.7137 7.1677 6.2237 7.7377 6.2237 8.7777V18.0177C6.2237 18.6777 6.6537 19.1177 7.3137 19.1177ZM8.3937 12.5377V8.8877H9.3137C10.2837 8.8877 10.6937 9.5277 10.6937 10.6677C10.6937 11.7277 10.2937 12.5377 9.3237 12.5377ZM15.8637 10.4577C15.8637 9.9677 16.1437 9.6077 16.6237 9.4577V11.5777C16.2137 11.3377 15.8637 11.0077 15.8637 10.4577ZM18.5237 15.5277C18.5237 16.0277 18.2337 16.3777 17.7437 16.5277V14.3977C18.1937 14.6877 18.5237 15.0377 18.5237 15.5277Z","geometry":{"width":26.140625,"height":26.140625}}