{"path":"M26.4037 30.7855C26.9237 30.7855 27.2737 30.4155 27.2737 29.8755V27.0855C31.6637 26.7555 34.8037 24.2155 34.8037 20.1355C34.8037 16.6355 32.7437 14.7355 28.3437 13.6755L27.2737 13.4155V7.3155C28.7137 7.5855 29.6837 8.5055 30.2737 9.8255C30.7737 10.6455 31.3537 11.2255 32.4137 11.2255C33.5637 11.2255 34.2937 10.5455 34.2937 9.4655C34.2937 9.1555 34.2337 8.8355 34.1437 8.5055C33.4137 5.9655 30.9237 4.0155 27.2737 3.7155V0.9255C27.2737 0.3855 26.9237 -0.0045 26.4037 -0.0045C25.8637 -0.0045 25.5137 0.3855 25.5137 0.9255V3.7055C21.2237 3.9755 18.2137 6.6055 18.2137 10.4555C18.2137 13.9355 20.3437 15.9155 24.5237 16.9255L25.5137 17.1555V23.5055C23.6937 23.2655 22.6137 22.2455 22.0437 20.7955C21.6037 20.0155 21.0537 19.4455 20.0437 19.4455C18.8137 19.4455 18.1037 20.2255 18.1037 21.3955C18.1037 21.6955 18.1537 22.0155 18.2937 22.3855C19.0137 24.8555 21.6037 26.8555 25.5137 27.0955V29.8755C25.5137 30.4155 25.8637 30.7855 26.4037 30.7855ZM2.0937 27.6355C3.4037 27.6355 4.1837 26.8255 4.1837 25.4755V18.1055H7.3737C7.4237 18.1055 7.4737 18.1055 7.5337 18.1055L11.5237 25.8655C12.1137 27.0955 12.6637 27.6355 13.7137 27.6355C14.8737 27.6355 15.8737 26.9155 15.8737 25.7755C15.8737 25.2255 15.6237 24.6355 15.3037 23.9655L11.7137 17.2655C14.5637 16.2455 16.1337 13.6955 16.1337 10.3755C16.1337 5.9755 12.9837 2.9155 7.7137 2.9155H2.3337C0.8637 2.9155 0.0037 3.8155 0.0037 5.3555V25.4755C0.0037 26.8255 0.7937 27.6355 2.0937 27.6355ZM4.1837 14.8455V6.5255H7.6337C10.2937 6.5255 11.8637 8.1755 11.8637 10.6755C11.8637 13.2255 10.3637 14.8455 7.6837 14.8455ZM22.3537 10.0855C22.3537 8.6555 23.4737 7.5155 25.5137 7.2755V12.9755C23.3837 12.3755 22.3537 11.5155 22.3537 10.0855ZM30.6937 20.5855C30.6937 22.2855 29.4037 23.2955 27.2737 23.5155V17.5955C29.7137 18.2555 30.6937 18.9855 30.6937 20.5855Z","geometry":{"width":34.80859375,"height":30.7890625}}