{"path":"M4.7737 28.4262H28.7537C31.8437 28.4262 33.5137 26.7662 33.5137 23.6962V10.1562C33.5137 7.0862 31.8437 5.4262 28.7537 5.4262H24.3237V3.8862C24.3237 1.2762 22.8437 -0.0038 20.0937 -0.0038H13.3937C10.7337 -0.0038 9.2037 1.2762 9.2037 3.8862V5.4262H4.7737C1.6637 5.4262 0.0037 7.0862 0.0037 10.1562V23.6962C0.0037 26.7662 1.6637 28.4262 4.7737 28.4262ZM12.3037 4.1562C12.3037 3.2862 12.7937 2.8062 13.7037 2.8062H19.8237C20.7137 2.8062 21.2037 3.2862 21.2037 4.1562V5.4262H12.3037ZM3.5237 10.1962C3.5237 9.2162 4.0437 8.7062 4.9937 8.7062H28.5237C29.4737 8.7062 29.9837 9.2162 29.9837 10.1962V11.8262C26.1837 13.1962 21.6937 13.9062 16.7637 13.9062C11.8137 13.9062 7.3237 13.1962 3.5237 11.8162ZM4.9937 25.1462C4.0437 25.1462 3.5237 24.6362 3.5237 23.6562V15.0162C6.3737 15.8962 9.4737 16.4762 12.7237 16.7362V17.7762C12.7237 18.9362 13.3937 19.5662 14.6137 19.5662H18.8937C20.1237 19.5662 20.7837 18.9362 20.7837 17.7762V16.7362C24.0537 16.4762 27.1437 15.8962 29.9837 15.0162V23.6562C29.9837 24.6362 29.4737 25.1462 28.5237 25.1462Z","geometry":{"width":33.509765625,"height":28.423828125}}