{"path":"M15.3937 0.0009C14.3037 0.0009 13.6137 0.6109 12.8537 1.7909L10.4837 5.5409H6.7037C2.5137 5.5409 0.0037 8.0809 0.0037 12.2409V23.0809C0.0037 27.2309 2.5137 29.7809 6.7037 29.7809H23.8437C28.0237 29.7809 30.5437 27.2209 30.5437 23.0809V12.2409C30.5437 8.0909 28.0237 5.5409 23.8437 5.5409H20.2737L17.9237 1.8209C17.1437 0.5909 16.4837 0.0009 15.3937 0.0009ZM15.3937 3.5409L17.7737 7.8309C18.2937 8.7909 18.7537 9.0609 19.8237 9.0609H23.6237C25.8937 9.0609 27.0137 10.2009 27.0137 12.4509V22.8609C27.0137 25.1109 25.8937 26.2509 23.6237 26.2509H6.9137C4.6337 26.2509 3.5237 25.1109 3.5237 22.8609V12.4509C3.5237 10.2009 4.6337 9.0609 6.9137 9.0609H10.9237C12.0037 9.0609 12.4237 8.7809 12.9637 7.8309Z","geometry":{"width":30.54296875,"height":29.77734375}}