{"path":"M9.4637 8.069C9.8337 8.069 10.1337 7.809 10.1837 7.439C10.6337 5.099 10.5137 5.219 12.8537 4.759C13.2337 4.689 13.4937 4.399 13.4937 4.029C13.4937 3.669 13.2337 3.359 12.8537 3.299C10.5137 2.839 10.6337 2.969 10.1837 0.639C10.1337 0.259 9.8337 -0.001 9.4637 -0.001C9.0937 -0.001 8.7937 0.259 8.7337 0.639C8.2837 2.969 8.4037 2.839 6.0537 3.299C5.7037 3.359 5.4237 3.669 5.4237 4.029C5.4237 4.399 5.6837 4.689 6.0537 4.759C8.4037 5.219 8.2837 5.099 8.7337 7.439C8.7937 7.809 9.1037 8.069 9.4637 8.069ZM29.5137 8.479C29.5137 4.649 26.4237 1.549 22.5837 1.549C19.4437 1.549 16.8037 3.649 15.9837 6.539C16.3137 6.479 16.6537 6.469 16.9937 6.469C21.0937 6.469 24.4137 9.789 24.4137 13.889C24.4137 14.319 24.3937 14.729 24.3237 15.119C27.3037 14.399 29.5137 11.689 29.5137 8.479ZM4.0237 16.039C6.2037 16.039 8.0237 14.219 8.0237 12.019C8.0237 9.819 6.2037 7.999 4.0237 7.999C1.8137 7.999 0.0037 9.819 0.0037 12.019C0.0037 14.219 1.8137 16.039 4.0237 16.039ZM16.9937 19.479C20.0837 19.479 22.5837 16.999 22.5837 13.889C22.5837 10.799 20.0837 8.299 16.9937 8.299C13.8937 8.299 11.4037 10.799 11.4037 13.889C11.4037 16.979 13.9037 19.479 16.9937 19.479ZM24.6137 29.159C25.0637 29.159 25.4137 28.849 25.4837 28.399C25.8637 25.289 25.7837 25.319 29.2437 24.669C29.6837 24.579 29.9937 24.239 29.9937 23.799C29.9937 23.339 29.6637 22.999 29.2037 22.929C25.8937 22.489 25.8637 22.479 25.4837 19.239C25.4437 18.769 25.0737 18.439 24.6137 18.439C24.1437 18.439 23.7937 18.789 23.7437 19.249C23.3937 22.299 23.4637 22.289 19.9737 22.939C19.5337 23.019 19.2337 23.379 19.2337 23.799C19.2337 24.249 19.5537 24.579 20.0437 24.669C23.3537 25.179 23.3837 25.209 23.7437 28.359C23.7937 28.819 24.1437 29.159 24.6137 29.159ZM9.4637 28.639C11.8037 28.639 13.7437 26.689 13.7437 24.339C13.7437 21.999 11.8037 20.059 9.4637 20.059C7.0937 20.059 5.1537 21.989 5.1537 24.339C5.1537 26.699 7.0937 28.639 9.4637 28.639Z","geometry":{"width":29.99609375,"height":29.162109375}}