{"path":"M15.3937 -0.0009C14.3037 -0.0009 13.6037 0.5991 12.8337 1.7891L10.4637 5.5191H6.7037C2.5137 5.5191 0.0037 8.0791 0.0037 12.2391V23.0691C0.0037 27.2191 2.5137 29.7791 6.7037 29.7791H23.8437C28.0237 29.7791 30.5437 27.2191 30.5437 23.0691V12.2391C30.5437 8.0791 28.0237 5.5191 23.8437 5.5191H20.2937L17.9337 1.8091C17.1537 0.5891 16.4837 -0.0009 15.3937 -0.0009Z","geometry":{"width":30.54296875,"height":29.77734375}}