{"path":"M9.7037 30.4576C10.5837 30.4576 11.5537 30.0076 12.5937 29.1076L16.7237 25.4876C17.7737 26.4776 19.3137 27.0476 21.2037 27.0476H25.7737L30.3237 30.9376C31.3337 31.7976 32.2837 32.3376 33.1237 32.3376C34.4537 32.3376 35.2737 31.3776 35.2737 29.9376V27.0476H35.9537C39.4537 27.0476 41.7937 24.8676 41.7937 21.3576V12.6176C41.7937 8.9576 39.3637 6.6876 35.7137 6.6876H32.9737V6.0276C32.9737 2.2976 30.5837 -0.0024 26.7737 -0.0024H6.1937C2.4737 -0.0024 0.0037 2.2976 0.0037 6.0276V19.1576C0.0037 22.7376 2.3637 24.9476 5.9437 24.9476H7.5437V28.0776C7.5437 29.5276 8.3637 30.4576 9.7037 30.4576ZM10.5637 22.9776C10.5637 22.0776 9.9937 21.5776 9.2037 21.5776H6.8337C4.8037 21.5776 3.5237 20.3876 3.5237 18.2976V6.6576C3.5237 4.5676 4.8037 3.3676 6.8337 3.3676H26.1437C28.1737 3.3676 29.4537 4.5676 29.4537 6.6576V6.6876H21.2037C17.4737 6.6876 15.1037 8.9576 15.1037 12.6176V21.3576C15.1037 21.6876 15.1337 21.9976 15.1737 22.2976L10.5637 26.6776ZM32.2637 28.5876L28.1237 24.7576C27.4237 24.1076 26.6437 23.7476 25.7737 23.7476H21.7537C19.7937 23.7476 18.5537 22.5976 18.5537 20.5576L18.5637 13.1676C18.5637 11.1376 19.7937 9.9776 21.7537 9.9776H35.1637C37.1237 9.9776 38.3537 11.1376 38.3537 13.1676V20.5776C38.3537 22.5976 37.1237 23.7476 35.1637 23.7476H33.6237C32.8237 23.7476 32.2637 24.2576 32.2637 25.1376ZM28.4637 18.4676C29.2537 18.4676 29.7137 18.0376 29.7637 17.1976L29.9537 13.3076C29.9937 12.4176 29.3637 11.8076 28.4537 11.8076C27.5337 11.8076 26.9237 12.4176 26.9637 13.2876L27.1537 17.1976C27.2037 18.0176 27.6537 18.4676 28.4637 18.4676ZM28.4637 22.7376C29.4337 22.7376 30.1037 22.1376 30.1037 21.2476C30.1037 20.3576 29.4237 19.7576 28.4637 19.7576C27.4637 19.7576 26.8137 20.3676 26.8137 21.2476C26.8137 22.1176 27.4837 22.7376 28.4637 22.7376Z","geometry":{"width":41.794921875,"height":32.333984375}}