{"path":"M15.3937 29.7595C16.4837 29.7595 17.1537 29.1795 17.9337 27.9595L20.2937 24.2395H23.8437C28.0237 24.2395 30.5437 21.6795 30.5437 17.5395V6.6995C30.5437 2.5395 28.0237 -0.0005 23.8437 -0.0005H6.7037C2.5137 -0.0005 0.0037 2.5395 0.0037 6.6995V17.5395C0.0037 21.6795 2.5137 24.2395 6.7037 24.2395H10.4637L12.8337 27.9695C13.6037 29.1595 14.3037 29.7595 15.3937 29.7595Z","geometry":{"width":30.54296875,"height":29.763671875}}