{"path":"M21.5237 29.6795C22.8737 29.6795 23.6837 28.7695 23.6837 27.2795V24.2395H24.0737C27.8637 24.2395 30.5437 21.6795 30.5437 17.5395V6.6995C30.5437 2.5395 28.0237 -0.0005 23.8437 -0.0005H6.7037C2.5137 -0.0005 0.0037 2.5395 0.0037 6.6995V17.5395C0.0037 21.6795 2.5137 24.2395 6.7037 24.2395H14.0837L18.7037 28.2895C19.8537 29.2895 20.5937 29.6795 21.5237 29.6795ZM20.6737 25.7695L16.3937 21.5695C15.7137 20.8895 15.2837 20.7095 14.3437 20.7095H6.9137C4.6437 20.7095 3.5237 19.5595 3.5237 17.3195V6.8995C3.5237 4.6595 4.6437 3.5295 6.9137 3.5295H23.6237C25.9037 3.5295 27.0137 4.6595 27.0137 6.8995V17.3195C27.0137 19.5595 25.9037 20.7095 23.6237 20.7095H21.9437C21.1137 20.7095 20.6737 21.0595 20.6737 21.9795Z","geometry":{"width":30.54296875,"height":29.681640625}}