{"path":"M21.6537 28.5104C22.5537 28.5104 23.1237 27.8804 23.1237 26.8804V22.9504H24.5437C27.9037 22.9504 29.9237 20.9604 29.9237 17.6004V5.4704C29.9137 2.0104 27.8237 0.0004 24.2937 0.0004H5.6237C2.0237 0.0004 0.0037 2.0104 0.0037 5.4704V17.6004C0.0037 21.0304 2.0237 22.9504 5.6237 22.9504H14.6037L19.7837 27.5604C20.5337 28.2304 21.0437 28.5104 21.6537 28.5104Z","geometry":{"width":29.927734375,"height":28.505859375}}