{"path":"M15.3937 29.7795C16.4837 29.7795 17.1437 29.1795 17.9237 27.9595L20.2737 24.2395H23.8437C28.0237 24.2395 30.5437 21.6795 30.5437 17.5395V6.6995C30.5437 2.5395 28.0237 -0.0005 23.8437 -0.0005H6.7037C2.5137 -0.0005 0.0037 2.5395 0.0037 6.6995V17.5395C0.0037 21.6795 2.5137 24.2395 6.7037 24.2395H10.4837L12.8537 27.9695C13.6137 29.1595 14.3037 29.7795 15.3937 29.7795ZM15.3937 26.2395L12.9637 21.9295C12.4237 20.9895 12.0037 20.7095 10.9237 20.7095H6.9137C4.6337 20.7095 3.5237 19.5595 3.5237 17.3195V6.8995C3.5237 4.6595 4.6337 3.5295 6.9137 3.5295H23.6237C25.8937 3.5295 27.0137 4.6595 27.0137 6.8995V17.3195C27.0137 19.5595 25.8937 20.7095 23.6237 20.7095H19.8237C18.7537 20.7095 18.2937 20.9895 17.7737 21.9295Z","geometry":{"width":30.54296875,"height":29.77734375}}