{"path":"M8.8637 30.4096C9.4837 30.4096 9.9837 30.1496 10.7337 29.4596L14.4237 26.1396C13.6837 25.5096 12.9737 24.3796 12.9737 22.3896V11.9196C12.9737 7.4496 15.7537 4.6896 20.2337 4.6896H30.4837L30.4737 4.4196C30.1637 1.8496 28.3937 -0.0004 24.9637 -0.0004H5.5737C2.0637 -0.0004 0.0037 1.9696 0.0037 5.4096V19.5496C0.0037 22.8996 1.9837 24.8596 5.3337 24.8596H7.4137V28.7896C7.4137 29.7796 7.9537 30.4096 8.8637 30.4096ZM33.2737 32.4796C34.1837 32.4796 34.7237 31.8596 34.7237 30.8596V26.9296H36.1237C39.4737 26.9296 41.4537 24.9796 41.4537 21.6196V12.3296C41.4537 8.8896 39.3937 6.9196 35.8737 6.9196H20.7537C17.1537 6.9196 15.1937 8.8596 15.1937 12.4596V21.6196C15.1937 25.0496 17.1737 26.9296 20.7537 26.9296H26.2237L31.4037 31.5396C32.1537 32.2096 32.6437 32.4796 33.2737 32.4796Z","geometry":{"width":41.453125,"height":32.484375}}