{"path":"M0.0037 26.5555C0.0037 28.7255 1.1937 29.9955 3.2437 29.9955H20.5237C22.5737 29.9955 23.7637 28.7255 23.7637 26.5555V3.4455C23.7637 1.2755 22.5737 -0.0045 20.5237 -0.0045H3.2437C1.1937 -0.0045 0.0037 1.2755 0.0037 3.4455ZM3.4637 25.9655V4.0355C3.4637 3.6455 3.6637 3.4455 4.0337 3.4455H19.7237C20.0937 3.4455 20.3037 3.6455 20.3037 4.0355V25.9655C20.3037 26.3455 20.0937 26.5555 19.7237 26.5555H16.9837V22.6955C16.9837 21.5655 16.3937 20.9355 15.3137 20.9355H8.4637C7.3837 20.9355 6.7837 21.5655 6.7837 22.6955V26.5555H4.0337C3.6637 26.5555 3.4637 26.3455 3.4637 25.9655ZM7.5237 9.2455H10.0337C10.3337 9.2455 10.5537 9.0255 10.5537 8.7055V6.2455C10.5537 5.9355 10.3337 5.7255 10.0337 5.7255H7.5237C7.2037 5.7255 7.0037 5.9355 7.0037 6.2455V8.7055C7.0037 9.0255 7.2037 9.2455 7.5237 9.2455ZM13.7437 9.2455H16.2437C16.5537 9.2455 16.7637 9.0255 16.7637 8.7055V6.2455C16.7637 5.9355 16.5537 5.7255 16.2437 5.7255H13.7437C13.4237 5.7255 13.2237 5.9355 13.2237 6.2455V8.7055C13.2237 9.0255 13.4237 9.2455 13.7437 9.2455ZM7.5237 14.1755H10.0337C10.3337 14.1755 10.5537 13.9755 10.5537 13.6455V11.1955C10.5537 10.8655 10.3337 10.6655 10.0337 10.6655H7.5237C7.2037 10.6655 7.0037 10.8655 7.0037 11.1955V13.6455C7.0037 13.9755 7.2037 14.1755 7.5237 14.1755ZM13.7437 14.1755H16.2437C16.5537 14.1755 16.7637 13.9755 16.7637 13.6455V11.1955C16.7637 10.8655 16.5537 10.6655 16.2437 10.6655H13.7437C13.4237 10.6655 13.2237 10.8655 13.2237 11.1955V13.6455C13.2237 13.9755 13.4237 14.1755 13.7437 14.1755ZM7.5237 19.1155H10.0337C10.3337 19.1155 10.5537 18.9055 10.5537 18.5955V16.1355C10.5537 15.8155 10.3337 15.5955 10.0337 15.5955H7.5237C7.2037 15.5955 7.0037 15.8155 7.0037 16.1355V18.5955C7.0037 18.9055 7.2037 19.1155 7.5237 19.1155ZM13.7437 19.1155H16.2437C16.5537 19.1155 16.7637 18.9055 16.7637 18.5955V16.1355C16.7637 15.8155 16.5537 15.5955 16.2437 15.5955H13.7437C13.4237 15.5955 13.2237 15.8155 13.2237 16.1355V18.5955C13.2237 18.9055 13.4237 19.1155 13.7437 19.1155ZM9.3637 23.7455C9.3637 23.5055 9.5137 23.3555 9.7637 23.3555H14.0137C14.2637 23.3555 14.3937 23.5055 14.3937 23.7455V26.5555H9.3637Z","geometry":{"width":23.76171875,"height":29.99609375}}