{"path":"M35.2609 18.3865C36.1509 18.0165 36.5909 17.3065 36.5909 16.6665C36.5909 15.9965 36.1509 15.3265 35.2609 15.0165L28.9809 12.7865L31.5109 6.8265C31.6409 6.5465 31.6909 6.2365 31.6909 5.9465C31.6909 5.0565 31.0109 4.3165 30.0409 4.3165C29.7409 4.3165 29.3809 4.3765 29.0509 4.5365L23.0009 7.7665L20.1009 1.2865C19.7109 0.3465 18.9309 -0.0035 18.2909 -0.0035C17.6509 -0.0035 16.8709 0.3465 16.4909 1.2865L13.5909 7.7665L7.5209 4.5365C7.2009 4.3765 6.8509 4.3165 6.5509 4.3165C5.5809 4.3165 4.8909 5.0565 4.8909 5.9465C4.8909 6.2365 4.9509 6.5465 5.0709 6.8265L7.6009 12.7865L1.3409 15.0165C0.4409 15.3165 0.0009 16.0065 0.0009 16.6665C0.0009 17.3065 0.4409 18.0165 1.3409 18.3865L7.4509 21.0265L4.6209 27.7365C4.4809 28.0365 4.4209 28.3565 4.4209 28.6565C4.4209 29.4865 5.0409 30.1965 5.9609 30.1965C6.2609 30.1965 6.6309 30.1165 6.9609 29.9265L14.1409 25.7165L16.5609 32.2965C16.9109 33.2365 17.6609 33.5965 18.2909 33.5965C18.9309 33.5965 19.6709 33.2365 20.0309 32.2965L22.4509 25.7165L29.6309 29.9265C29.9509 30.1165 30.3209 30.1865 30.6209 30.1865C31.5309 30.1865 32.1709 29.5065 32.1709 28.6565C32.1709 28.3665 32.1009 28.0365 31.9609 27.7365L29.1309 21.0265Z","geometry":{"width":36.5859375,"height":33.591796875}}