{"path":"M5.4237 35.7432H7.1237C8.5737 35.7432 9.4037 34.9032 9.4037 33.4832V31.5532C11.4937 31.7032 13.8237 31.7732 16.0737 31.7732C18.3337 31.7732 20.6537 31.7032 22.7537 31.5532L22.7337 33.4832C22.7337 34.9032 23.5837 35.7432 25.0237 35.7432H26.7237C28.1637 35.7432 28.9937 34.9032 28.9937 33.4832V29.7332C29.4637 29.1032 29.7137 28.3132 29.7137 27.3432V17.9332H30.3337C31.3737 17.9332 32.1537 17.2432 32.1537 16.2432V11.2532C32.1537 10.2532 31.3737 9.5532 30.3337 9.5532H29.7137V4.4432C29.7137 2.2832 28.5037 0.9132 26.2737 0.5832C23.5537 0.2032 19.7137 0.0032 16.0737 0.0032C12.4237 0.0032 8.6037 0.1932 5.8837 0.5832C3.6337 0.9332 2.4437 2.2932 2.4437 4.4432V9.5532H1.8137C0.7837 9.5532 0.0037 10.2532 0.0037 11.2532V16.2432C0.0037 17.2432 0.7837 17.9332 1.8137 17.9332H2.4437V27.3432C2.4437 28.3032 2.6837 29.1032 3.1437 29.7332V33.4832C3.1437 34.9032 3.9737 35.7432 5.4237 35.7432ZM16.0737 28.9432C12.4037 28.9432 8.8637 28.7632 6.7637 28.4232C5.7037 28.2632 5.2937 27.6432 5.2937 26.5632V5.2232C5.2937 4.1432 5.7037 3.5232 6.7637 3.3632C8.8637 3.0232 12.4037 2.8432 16.0737 2.8432C19.7137 2.8432 23.2737 3.0632 25.3937 3.3632C26.4437 3.5232 26.8637 4.1332 26.8637 5.2232V26.5632C26.8637 27.6532 26.4437 28.2732 25.3937 28.4232C23.2737 28.7132 19.7137 28.9432 16.0737 28.9432ZM6.6437 12.1032H25.5137V6.7032C25.5137 5.5232 24.9337 4.8432 23.7337 4.7132C19.2337 4.2532 12.9837 4.2532 8.4337 4.7132C7.2437 4.8432 6.6437 5.5232 6.6437 6.7032ZM6.6437 14.4832V19.7332C6.6437 20.7632 7.1537 21.3532 8.1337 21.5332C12.4437 22.3132 19.6637 22.2832 24.0237 21.5332C24.9537 21.3732 25.5137 20.7632 25.5137 19.7332V14.4832ZM8.8137 27.0132C9.7737 27.0132 10.5237 26.2732 10.5237 25.3032C10.5237 24.3532 9.7737 23.5932 8.8137 23.5932C7.8637 23.5932 7.1137 24.3532 7.1137 25.3032C7.1137 26.2732 7.8637 27.0132 8.8137 27.0132ZM23.3237 27.0132C24.2937 27.0132 25.0437 26.2732 25.0437 25.3032C25.0437 24.3532 24.2937 23.5932 23.3237 23.5932C22.3637 23.5932 21.6137 24.3532 21.6137 25.3032C21.6137 26.2732 22.3637 27.0132 23.3237 27.0132ZM13.5337 26.6332H18.5937C19.3737 26.6332 19.9437 26.0632 19.9437 25.2932C19.9437 24.5132 19.3837 23.9632 18.5937 23.9632H13.5337C12.7537 23.9632 12.1937 24.5132 12.1937 25.2932C12.1937 26.0632 12.7737 26.6332 13.5337 26.6332Z","geometry":{"width":32.15625,"height":35.73828125}}