{"path":"M4.7337 34.1774H6.4237C7.8737 34.1774 8.7137 33.3474 8.7137 31.9274V29.9374C11.1837 30.1374 13.7837 30.2174 16.5137 30.2174C19.2537 30.2174 21.8637 30.1374 24.3337 29.9374V31.9274C24.3337 33.3474 25.1737 34.1774 26.6237 34.1774H28.3137C29.7637 34.1774 30.5937 33.3474 30.5937 31.9274V15.2274H31.2237C32.2837 15.2274 33.0437 14.5374 33.0437 13.5374V7.3674C33.0437 6.3574 32.2837 5.6574 31.2237 5.6574H30.5937V4.4474C30.5937 2.2874 29.4037 0.8974 27.1637 0.5874C24.3737 0.1874 20.5737 -0.0026 16.5137 -0.0026C12.4437 -0.0026 8.6837 0.1774 5.8837 0.5874C3.6337 0.9274 2.4437 2.2974 2.4437 4.4474V5.6574H1.8137C0.7837 5.6574 0.0037 6.3574 0.0037 7.3674V13.5374C0.0037 14.5374 0.7837 15.2274 1.8137 15.2274H2.4437V31.9274C2.4437 33.3474 3.2837 34.1774 4.7337 34.1774ZM7.0837 20.3174C6.1637 20.1374 5.7237 19.5774 5.7237 18.5374V5.5874C5.7237 4.4674 6.2037 3.8674 7.1937 3.7174C11.8937 3.0174 20.9837 3.0674 25.8637 3.7174C26.8537 3.8674 27.3337 4.4574 27.3337 5.5874V18.5374C27.3337 19.6074 26.8837 20.1474 25.9637 20.3074C21.0137 21.0774 11.8237 21.1474 7.0837 20.3174ZM8.0137 26.7174C6.9837 26.7174 6.1837 25.9074 6.1837 24.8874C6.1837 23.8474 6.9837 23.0374 8.0137 23.0374C9.0537 23.0374 9.8437 23.8474 9.8437 24.8874C9.8437 25.9074 9.0537 26.7174 8.0137 26.7174ZM25.0337 26.7174C23.9937 26.7174 23.2037 25.9074 23.2037 24.8874C23.2037 23.8474 23.9937 23.0374 25.0337 23.0374C26.0537 23.0374 26.8637 23.8474 26.8637 24.8874C26.8637 25.9074 26.0537 26.7174 25.0337 26.7174ZM13.5637 26.2074C12.7737 26.2074 12.1937 25.6474 12.1937 24.8574C12.1937 24.0474 12.7737 23.4974 13.5637 23.4974H19.4737C20.2637 23.4974 20.8337 24.0474 20.8337 24.8574C20.8337 25.6474 20.2637 26.2074 19.4737 26.2074Z","geometry":{"width":33.044921875,"height":34.1796875}}