{"path":"M4.8237 26.1377H21.3137C24.4437 26.1377 26.1437 24.4477 26.1437 21.3377V4.7977C26.1437 1.6977 24.4437 -0.0023 21.3137 -0.0023H4.8237C1.7137 -0.0023 0.0037 1.6977 0.0037 4.7977V21.3377C0.0037 24.4477 1.7137 26.1377 4.8237 26.1377ZM5.2137 22.6177C4.1137 22.6177 3.5237 22.0777 3.5237 20.9177V5.2377C3.5237 4.0777 4.1137 3.5277 5.2137 3.5277H20.9337C22.0237 3.5277 22.6137 4.0777 22.6137 5.2377V20.9177C22.6137 22.0777 22.0237 22.6177 20.9337 22.6177ZM13.0937 20.4677C17.1437 20.4677 20.4937 17.1177 20.4937 13.0677C20.4937 9.0277 17.1437 5.6777 13.0937 5.6777C9.0537 5.6777 5.7037 9.0277 5.7037 13.0677C5.7037 17.1077 9.0637 20.4677 13.0937 20.4677ZM13.0937 18.2777C10.2837 18.2777 7.8937 15.8877 7.8937 13.0677C7.8937 10.2377 10.2637 7.8577 13.0937 7.8577C15.9137 7.8577 18.3037 10.2577 18.3037 13.0677C18.3037 15.8977 15.9237 18.2777 13.0937 18.2777ZM13.0937 16.7877C15.1237 16.7877 16.8137 15.0977 16.8137 13.0677C16.8137 11.0577 15.0937 9.3477 13.0937 9.3477C11.0737 9.3477 9.3837 11.0477 9.3837 13.0677C9.3837 15.0777 11.0837 16.7877 13.0937 16.7877Z","geometry":{"width":26.140625,"height":26.140625}}