{"path":"M4.8237 26.1377H21.3137C24.4437 26.1377 26.1437 24.4477 26.1437 21.3377V4.7977C26.1437 1.6977 24.4437 -0.0023 21.3137 -0.0023H4.8237C1.7137 -0.0023 0.0037 1.6977 0.0037 4.7977V21.3377C0.0037 24.4477 1.7137 26.1377 4.8237 26.1377ZM13.1237 19.7377C9.2937 19.7377 6.8237 17.0877 6.8237 12.9977C6.8237 8.9277 9.3137 6.2577 13.1237 6.2577C15.6837 6.2577 17.7837 7.4477 18.5237 9.3277C18.6437 9.6277 18.7037 9.8877 18.7037 10.2177C18.7037 11.0877 18.1137 11.6077 17.1337 11.6077C16.4237 11.6077 16.0337 11.3577 15.6537 10.6777C15.1937 9.6777 14.3437 9.1377 13.1837 9.1377C11.4537 9.1377 10.3537 10.6477 10.3537 12.9977C10.3537 15.3677 11.4537 16.8677 13.1837 16.8677C14.3437 16.8677 15.1937 16.3377 15.6437 15.3577C16.0137 14.6977 16.4437 14.4277 17.1337 14.4277C18.1137 14.4277 18.7037 14.9477 18.7037 15.8177C18.7037 16.1177 18.6437 16.4077 18.5237 16.7077C17.7837 18.5677 15.6937 19.7377 13.1237 19.7377Z","geometry":{"width":26.140625,"height":26.140625}}