{"path":"M4.8437 33.1952C5.7837 33.1952 6.5037 32.4852 6.5037 31.5252V30.1052H10.9337V-0.0048H3.7637C1.5337 -0.0048 0.0037 1.5752 0.0037 3.8552V26.2452C0.0037 28.3252 1.2737 29.8152 3.1737 30.0652V31.5252C3.1737 32.4852 3.8937 33.1952 4.8437 33.1952ZM19.1237 33.1952C20.0837 33.1952 20.7937 32.4852 20.7937 31.5252V30.0752C22.7237 29.8352 24.0037 28.3452 24.0037 26.2452V3.8552C24.0037 1.5752 22.4637 -0.0048 20.2337 -0.0048H13.0737V30.1052H17.4737V31.5252C17.4737 32.4852 18.1837 33.1952 19.1237 33.1952ZM7.1637 17.5252C6.1937 17.5252 5.4437 16.7452 5.4437 15.8352C5.4437 14.8852 6.1937 14.1052 7.1637 14.1052C8.0937 14.1052 8.8737 14.8652 8.8737 15.8352C8.8737 16.7652 8.0937 17.5252 7.1637 17.5252ZM16.8437 17.5252C15.8737 17.5252 15.1237 16.7452 15.1237 15.8352C15.1237 14.8852 15.8737 14.1052 16.8437 14.1052C17.7837 14.1052 18.5637 14.8652 18.5637 15.8352C18.5637 16.7652 17.7837 17.5252 16.8437 17.5252Z","geometry":{"width":24.0078125,"height":33.1953125}}