{"path":"M0.0037 28.71C0.0037 29.63 0.7537 30.38 1.6637 30.38H6.7037L4.1437 34.49C3.7037 35.19 4.0337 36.12 4.9637 36.12H5.9637C6.4837 36.12 6.7937 35.94 7.0637 35.49L10.2437 30.38H20.5037L23.6937 35.49C23.9637 35.94 24.2837 36.12 24.8037 36.12H25.6337C26.5637 36.12 27.0537 35.19 26.5537 34.38L24.0637 30.38H29.3437C30.2537 30.38 31.0037 29.63 31.0037 28.71C31.0037 27.79 30.2537 27.04 29.3437 27.04H29.1237V8.34C29.1237 6.4 27.9637 5.2 25.8437 4.95C25.0837 4.85 24.2537 4.77 23.3537 4.7V3.25C23.4037 3.27 23.4437 3.27 23.4837 3.27C24.2637 3.38 24.9637 2.65 24.9637 1.83C24.9637 1.07 24.3237 0.46 23.4737 0.37C21.4137 0.12 18.4937 0 15.4937 0C12.5637 0 9.5937 0.14 7.4537 0.38C6.6137 0.49 6.0137 1.07 6.0137 1.83C6.0137 2.65 6.7237 3.38 7.5037 3.27C7.5437 3.27 7.6037 3.25 7.6537 3.25V4.7C6.7437 4.77 5.8937 4.85 5.1237 4.95C3.0537 5.2 1.8837 6.41 1.8837 8.34V27.04H1.6637C0.7537 27.04 0.0037 27.79 0.0037 28.71ZM15.4937 4.43C13.6537 4.43 11.7837 4.47 10.0237 4.55V3.05C11.6437 2.95 13.5237 2.9 15.4937 2.9C17.4737 2.9 19.3637 2.95 20.9837 3.05V4.55C19.2237 4.47 17.3337 4.43 15.4937 4.43ZM12.4837 18.59V11.33C12.4837 9.53 13.6837 8.33 15.4937 8.33C17.2937 8.33 18.4937 9.53 18.4937 11.33V18.59C18.4937 19.06 18.1837 19.37 17.7037 19.37H13.2737C12.7837 19.37 12.4837 19.06 12.4837 18.59ZM5.1037 18.59V11.8C5.1037 10.16 6.3037 8.96 7.9537 8.96C9.5937 8.96 10.7837 10.16 10.7837 11.8V18.59C10.7837 19.06 10.4737 19.37 9.9837 19.37H5.9037C5.4237 19.37 5.1037 19.06 5.1037 18.59ZM20.1837 18.59V11.8C20.1837 10.16 21.3837 8.96 23.0237 8.96C24.6737 8.96 25.8837 10.16 25.8837 11.8V18.59C25.8837 19.06 25.5437 19.37 25.0737 19.37H20.9837C20.4937 19.37 20.1837 19.06 20.1837 18.59ZM15.4937 26.03C14.0937 26.03 13.0837 25.01 13.0837 23.65C13.0837 22.24 14.1137 21.18 15.4937 21.18C16.8437 21.18 17.9237 22.26 17.9237 23.65C17.9237 25.01 16.8437 26.03 15.4937 26.03Z","geometry":{"width":31.0078125,"height":36.12109375}}