{"path":"M1.9937 4.919H7.6437V1.789C7.6437 0.589 7.0537 -0.001 5.8337 -0.001H3.8037C2.5837 -0.001 1.9937 0.589 1.9937 1.789ZM1.7937 21.119H3.4037V32.679H6.2437V21.119H7.8437C9.0537 21.119 9.6437 20.539 9.6437 19.329V8.569C9.6437 7.359 9.0537 6.749 7.8437 6.749H1.7937C0.5837 6.749 0.0037 7.359 0.0037 8.569V19.329C0.0037 20.539 0.5837 21.119 1.7937 21.119Z","geometry":{"width":9.638671875,"height":32.67578125}}