{"path":"M33.8838 3.6781C34.8938 3.6781 35.7238 2.8581 35.7238 1.8281C35.7238 0.8181 34.8938 -0.0019 33.8838 -0.0019C32.8638 -0.0019 32.0338 0.8181 32.0338 1.8281C32.0338 2.8581 32.8638 3.6781 33.8838 3.6781ZM29.7738 9.9081V4.9481C29.7738 1.8481 28.0838 0.1481 24.9538 0.1481H5.9038C2.7938 0.1481 1.0838 1.8481 1.0838 4.9481V9.9081H4.6038V5.2481C4.6038 4.1681 5.1537 3.6781 6.1638 3.6781H24.6938C25.7038 3.6781 26.2538 4.1681 26.2538 5.2481V9.9081ZM33.8838 9.3681C34.8938 9.3681 35.7238 8.5281 35.7238 7.5081C35.7238 6.4981 34.8938 5.6581 33.8838 5.6581C32.8638 5.6581 32.0338 6.4981 32.0338 7.5081C32.0338 8.5281 32.8638 9.3681 33.8838 9.3681ZM0.0038 13.2181C0.0038 13.8481 0.4537 14.2981 1.0838 14.2981H32.1838C32.5438 14.8581 33.1638 15.2281 33.8838 15.2281C34.9838 15.2281 35.9038 14.3181 35.9038 13.2081C35.9038 12.0981 34.9838 11.1681 33.8838 11.1681C33.1638 11.1681 32.5238 11.5481 32.1738 12.1281H1.0838C0.4537 12.1281 0.0038 12.5881 0.0038 13.2181ZM26.2538 16.5281V21.1881C26.2538 22.2681 25.7038 22.7681 24.6938 22.7681H6.1638C5.1537 22.7681 4.6038 22.2681 4.6038 21.1881V16.5281H1.0838V21.4881C1.0838 24.5981 2.7938 26.2881 5.9038 26.2881H24.9538C28.0838 26.2881 29.7738 24.5981 29.7738 21.4881V16.5281ZM33.8838 20.7281C34.8938 20.7281 35.7238 19.9081 35.7238 18.8781C35.7238 17.8681 34.8938 17.0381 33.8838 17.0381C32.8638 17.0381 32.0338 17.8681 32.0338 18.8781C32.0338 19.9081 32.8638 20.7281 33.8838 20.7281ZM33.8838 26.4181C34.8938 26.4181 35.7238 25.5981 35.7238 24.5781C35.7238 23.5581 34.8938 22.7181 33.8838 22.7181C32.8638 22.7181 32.0338 23.5581 32.0338 24.5781C32.0338 25.5981 32.8638 26.4181 33.8838 26.4181Z","geometry":{"width":35.90234375,"height":26.4140625}}