{"path":"M29.1037 11.9677H32.6337V4.7977C32.6337 1.6977 30.9437 -0.0023 27.8037 -0.0023H17.4337V3.5277H27.4237C28.5237 3.5277 29.1037 4.0577 29.1037 5.2177ZM0.0037 11.9677H3.5237V5.2177C3.5237 4.0577 4.1137 3.5277 5.2137 3.5277H15.2137V-0.0023H4.8237C1.7137 -0.0023 0.0037 1.6977 0.0037 4.7977ZM16.3237 9.6377C17.4037 9.6377 18.2937 8.7477 18.2937 7.6677C18.2937 6.5877 17.4137 5.6977 16.3237 5.6977C15.2437 5.6977 14.3537 6.5877 14.3537 7.6677C14.3537 8.7477 15.2437 9.6377 16.3237 9.6377ZM16.3237 15.0277C17.4037 15.0277 18.2937 14.1377 18.2937 13.0577C18.2937 11.9777 17.4037 11.0877 16.3237 11.0877C15.2437 11.0877 14.3537 11.9777 14.3537 13.0577C14.3537 14.1377 15.2437 15.0277 16.3237 15.0277ZM21.7137 15.0277C22.7937 15.0277 23.6837 14.1377 23.6837 13.0577C23.6837 11.9677 22.7937 11.0877 21.7137 11.0877C20.6337 11.0877 19.7437 11.9677 19.7437 13.0577C19.7437 14.1377 20.6337 15.0277 21.7137 15.0277ZM10.9337 15.0277C12.0337 15.0277 12.9037 14.1377 12.9037 13.0577C12.9037 11.9777 12.0337 11.0877 10.9337 11.0877C9.8537 11.0877 8.9737 11.9677 8.9737 13.0577C8.9737 14.1377 9.8537 15.0277 10.9337 15.0277ZM4.8237 26.1377H15.2137V22.6177H5.2137C4.1137 22.6177 3.5237 22.0777 3.5237 20.9177V14.1777H0.0037V21.3377C0.0037 24.4477 1.7137 26.1377 4.8237 26.1377ZM17.4337 26.1377H27.8037C30.9437 26.1377 32.6337 24.4477 32.6337 21.3377V14.1777H29.1037V20.9177C29.1037 22.0777 28.5237 22.6177 27.4237 22.6177H17.4337ZM16.3237 20.4077C17.4137 20.4077 18.2937 19.5277 18.2937 18.4477C18.2937 17.3477 17.4037 16.4777 16.3237 16.4777C15.2437 16.4777 14.3537 17.3477 14.3537 18.4477C14.3537 19.5277 15.2437 20.4077 16.3237 20.4077Z","geometry":{"width":32.634765625,"height":26.140625}}