{"path":"M29.1037 11.9677H32.6337V4.7977C32.6337 1.6977 30.9437 -0.0023 27.8037 -0.0023H17.4337V3.5277H27.4237C28.5237 3.5277 29.1037 4.0577 29.1037 5.2177ZM0.0037 11.9677H3.5237V5.2177C3.5237 4.0577 4.1137 3.5277 5.2137 3.5277H15.2137V-0.0023H4.8237C1.7137 -0.0023 0.0037 1.6977 0.0037 4.7977ZM6.6037 5.7377C5.9837 5.7377 5.7437 5.9977 5.7437 6.6277V11.9677H10.8237C11.2537 9.7777 13.0137 8.0377 15.2037 7.5977V5.7377ZM26.0337 5.7377H17.4337V7.5877C19.6237 8.0377 21.3737 9.7777 21.8037 11.9677H26.8937V6.6277C26.8937 5.9977 26.6437 5.7377 26.0337 5.7377ZM16.3337 16.5677C18.2337 16.5677 19.8237 14.9977 19.8237 13.0577C19.8237 11.1577 18.2337 9.5677 16.3337 9.5677C14.3937 9.5677 12.8237 11.1577 12.8237 13.0577C12.8237 14.9977 14.3937 16.5677 16.3337 16.5677ZM6.6037 20.3977H15.2037V18.5377C13.0137 18.0977 11.2637 16.3677 10.8237 14.1777H5.7437V19.5077C5.7437 20.1377 5.9837 20.3977 6.6037 20.3977ZM26.0337 20.3977C26.6437 20.3977 26.8937 20.1377 26.8937 19.5077V14.1777H21.8037C21.3737 16.3677 19.6237 18.0977 17.4337 18.5477V20.3977ZM4.8237 26.1377H15.2137V22.6177H5.2137C4.1137 22.6177 3.5237 22.0777 3.5237 20.9177V14.1777H0.0037V21.3377C0.0037 24.4477 1.7137 26.1377 4.8237 26.1377ZM17.4337 26.1377H27.8037C30.9437 26.1377 32.6337 24.4477 32.6337 21.3377V14.1777H29.1037V20.9177C29.1037 22.0777 28.5237 22.6177 27.4237 22.6177H17.4337Z","geometry":{"width":32.634765625,"height":26.140625}}