{"path":"M4.8237 26.9717H26.2537C25.5637 25.9517 25.1037 24.7317 24.9637 23.4517H5.2137C4.1137 23.4517 3.5237 22.9117 3.5237 21.7517V8.2217C3.5237 7.0517 4.1137 6.5117 5.2137 6.5117H9.4237C10.6537 6.5117 11.2337 6.3117 11.9337 5.5817L12.9337 4.5217C13.6737 3.7317 14.1137 3.5317 15.2837 3.5317H18.8437C20.0137 3.5317 20.4537 3.7417 21.1637 4.5017L22.1937 5.5817C22.8837 6.3017 23.4737 6.5117 24.7037 6.5117H28.9537C30.0537 6.5117 30.6437 7.0517 30.6437 8.2217V13.5717C31.7337 13.0417 32.9037 12.7717 34.1637 12.7717V7.7817C34.1637 4.6917 32.4537 2.9817 29.3437 2.9817H25.8837C24.8237 2.9817 24.4437 2.8417 23.7037 2.1317L22.6437 1.0617C21.8937 0.3317 21.1337 0.0017 19.7737 0.0017H14.3537C12.9837 0.0017 12.2337 0.3317 11.4837 1.0617L10.4137 2.1317C9.6837 2.8317 9.2937 2.9817 8.2437 2.9817H4.8237C1.7137 2.9817 0.0037 4.6917 0.0037 7.7817V22.1717C0.0037 25.2817 1.7137 26.9717 4.8237 26.9717ZM17.0937 21.9817C21.1137 21.9817 24.3337 18.7417 24.3337 14.7117C24.3337 10.6817 21.1137 7.4517 17.0937 7.4517C13.0737 7.4517 9.8437 10.6817 9.8437 14.7117C9.8437 18.7417 13.0737 21.9817 17.0937 21.9817ZM24.6537 9.9417C24.6537 10.9917 25.5137 11.8217 26.5537 11.8217C27.5737 11.8217 28.4337 10.9917 28.4337 9.9417C28.4337 8.9317 27.5637 8.0517 26.5537 8.0517C25.5137 8.0517 24.6537 8.9317 24.6537 9.9417ZM17.0937 18.8817C14.7937 18.8817 12.9237 17.0217 12.9237 14.7117C12.9237 12.4017 14.7837 10.5417 17.0937 10.5417C19.4037 10.5417 21.2437 12.4017 21.2437 14.7117C21.2437 17.0217 19.4037 18.8817 17.0937 18.8817ZM34.0537 29.2317C37.9837 29.2317 41.2637 25.9617 41.2637 22.0217C41.2637 18.0917 38.0037 14.8317 34.0537 14.8317C30.1237 14.8317 26.8637 18.0917 26.8637 22.0217C26.8637 25.9717 30.1237 29.2317 34.0537 29.2317ZM37.8337 23.3217C37.1237 23.3217 36.5337 22.7217 36.5337 22.0217C36.5337 21.3417 37.1237 20.7417 37.8337 20.7417C38.5137 20.7417 39.1037 21.3417 39.1037 22.0217C39.1037 22.7217 38.5137 23.3217 37.8337 23.3217ZM30.2737 23.3017C29.5837 23.3017 29.0137 22.7117 29.0137 22.0217C29.0137 21.3417 29.5837 20.7517 30.2737 20.7517C30.9637 20.7517 31.5437 21.3417 31.5437 22.0217C31.5437 22.7117 30.9637 23.3017 30.2737 23.3017ZM34.0537 23.3017C33.3837 23.3017 32.8037 22.7117 32.8037 22.0217C32.8037 21.3417 33.3837 20.7517 34.0537 20.7517C34.7437 20.7517 35.3437 21.3417 35.3237 22.0217C35.3237 22.7117 34.7437 23.3017 34.0537 23.3017Z","geometry":{"width":41.26171875,"height":29.23046875}}