{"path":"M0.0037 18.9252C0.0037 22.0252 1.7137 23.7252 4.8237 23.7252H5.3637V13.8252C5.3637 9.4852 8.0537 6.8052 12.4137 6.8052H14.0937C14.4637 6.8052 14.6037 6.7352 14.8037 6.5452L15.8437 5.6752C17.0537 4.6752 18.3637 4.1852 20.0137 4.1852H24.6637C26.3137 4.1852 27.6737 4.6752 28.8437 5.7052L29.5737 6.3152C29.6537 6.3952 29.7537 6.4952 29.8337 6.5352V4.7952C29.8337 1.7052 28.1237 -0.0048 25.0037 -0.0048H4.8237C1.7137 -0.0048 0.0037 1.6952 0.0037 4.7952ZM12.4137 30.5152H32.2637C35.3937 30.5152 37.0937 28.8252 37.0937 25.7152V13.8252C37.0937 10.7152 35.3937 9.0252 32.2637 9.0252H30.5737C29.5437 9.0252 29.1937 8.9152 28.5437 8.3552L27.4237 7.3852C26.6437 6.6952 25.8237 6.4152 24.6637 6.4152H20.0137C18.8537 6.4152 18.0437 6.7152 17.2437 7.3852L16.0937 8.3552C15.4537 8.8852 15.1337 9.0252 14.0937 9.0252H12.4137C9.2837 9.0252 7.5837 10.7152 7.5837 13.8252V25.7152C7.5837 28.8252 9.2837 30.5152 12.4137 30.5152ZM22.1937 25.7552C18.6237 25.7552 15.7237 22.8552 15.7237 19.2952C15.7237 15.7352 18.6237 12.8352 22.1937 12.8352C25.7337 12.8352 28.6337 15.7352 28.6337 19.2952C28.6337 22.8552 25.7337 25.7552 22.1937 25.7552ZM30.5137 16.2852C29.6037 16.2852 28.8737 15.5552 28.8737 14.6552C28.8737 13.7352 29.6037 13.0052 30.5137 13.0052C31.4137 13.0052 32.1737 13.7352 32.1737 14.6552C32.1737 15.5552 31.4137 16.2852 30.5137 16.2852ZM22.1937 22.8452C24.1337 22.8452 25.7337 21.2552 25.7337 19.2952C25.7337 17.3252 24.1337 15.7352 22.1937 15.7352C20.2237 15.7352 18.6237 17.3252 18.6237 19.2952C18.6237 21.2552 20.2237 22.8452 22.1937 22.8452Z","geometry":{"width":37.091796875,"height":30.515625}}