{"path":"M29.1037 11.9677H32.6337V4.7977C32.6337 1.6977 30.9437 -0.0023 27.8037 -0.0023H17.4337V3.5277H27.4237C28.5237 3.5277 29.1037 4.0577 29.1037 5.2177ZM0.0037 11.9677H3.5237V5.2177C3.5237 4.0577 4.1137 3.5277 5.2137 3.5277H15.2137V-0.0023H4.8237C1.7137 -0.0023 0.0037 1.6977 0.0037 4.7977ZM15.9937 15.5977C16.8537 15.5977 17.4437 15.1577 17.5437 14.5577C17.5537 14.5177 17.5537 14.4477 17.5637 14.4077C17.6637 13.7977 18.2137 13.3577 18.9937 12.8477C20.3937 11.9677 21.1337 11.1977 21.1337 9.6977C21.1337 7.4077 19.0437 5.9777 16.4337 5.9777C14.1137 5.9777 12.4437 6.9677 11.9337 8.2877C11.8237 8.5477 11.7737 8.7877 11.7737 9.0777C11.7737 9.8177 12.3437 10.3677 13.0737 10.3677C13.6337 10.3677 14.0437 10.1577 14.3537 9.7477L14.5037 9.5477C14.9437 8.8877 15.4737 8.5977 16.1337 8.5977C17.0037 8.5977 17.6237 9.1577 17.6237 9.8677C17.6237 10.6377 17.0637 11.0077 15.9737 11.7677C14.9937 12.4277 14.3437 13.0977 14.3437 14.1677V14.2777C14.3437 15.1477 14.9337 15.5977 15.9937 15.5977ZM4.8237 26.1377H15.2137V22.6177H5.2137C4.1137 22.6177 3.5237 22.0777 3.5237 20.9177V14.1777H0.0037V21.3377C0.0037 24.4477 1.7137 26.1377 4.8237 26.1377ZM17.4337 26.1377H27.8037C30.9437 26.1377 32.6337 24.4477 32.6337 21.3377V14.1777H29.1037V20.9177C29.1037 22.0777 28.5237 22.6177 27.4237 22.6177H17.4337ZM15.9837 19.9877C17.0037 19.9877 17.8037 19.3277 17.8037 18.3477C17.8037 17.3677 17.0237 16.7077 15.9837 16.7077C14.9537 16.7077 14.1537 17.3677 14.1537 18.3477C14.1537 19.3277 14.9537 19.9877 15.9837 19.9877Z","geometry":{"width":32.634765625,"height":26.140625}}