{"path":"M29.1037 11.9677H32.6337V4.7977C32.6337 1.6977 30.9437 -0.0023 27.8037 -0.0023H17.4337V3.5277H27.4237C28.5237 3.5277 29.1037 4.0577 29.1037 5.2177ZM0.0037 11.9677H3.5237V5.2177C3.5237 4.0577 4.1137 3.5277 5.2137 3.5277H15.2137V-0.0023H4.8237C1.7137 -0.0023 0.0037 1.6977 0.0037 4.7977ZM21.3437 11.9677H23.6937C23.1637 8.3977 20.0337 5.6077 16.3337 5.6077C12.5937 5.6077 9.4437 8.3977 8.9237 11.9677H11.2637C11.7737 9.6677 13.8637 7.8977 16.3337 7.8977C18.7737 7.8977 20.8537 9.6677 21.3437 11.9677ZM4.8237 26.1377H15.2137V22.6177H5.2137C4.1137 22.6177 3.5237 22.0777 3.5237 20.9177V14.1777H0.0037V21.3377C0.0037 24.4477 1.7137 26.1377 4.8237 26.1377ZM17.4337 26.1377H27.8037C30.9437 26.1377 32.6337 24.4477 32.6337 21.3377V14.1777H29.1037V20.9177C29.1037 22.0777 28.5237 22.6177 27.4237 22.6177H17.4337ZM23.6937 14.1777H21.3437C20.8237 16.4877 18.7737 18.2377 16.3337 18.2377C13.8637 18.2377 11.7837 16.4977 11.2837 14.1777H8.9237C9.4737 17.7777 12.5937 20.5377 16.3337 20.5377C20.0337 20.5377 23.1337 17.7777 23.6937 14.1777Z","geometry":{"width":32.634765625,"height":26.140625}}