{"path":"M4.8237 23.7252H7.2637V25.7152C7.2637 28.8252 8.9737 30.5152 12.0837 30.5152H32.2637C35.3937 30.5152 37.0937 28.8252 37.0937 25.7152V12.9752C37.0937 9.8752 35.3937 8.1752 32.2637 8.1752H30.7237C30.3537 8.1752 30.0737 8.1652 29.8337 8.1252V4.7952C29.8337 1.7052 28.1237 -0.0048 25.0037 -0.0048H4.8237C1.7137 -0.0048 0.0037 1.6952 0.0037 4.7952V18.9252C0.0037 22.0252 1.7137 23.7252 4.8237 23.7252ZM5.2137 20.1952C4.1137 20.1952 3.5237 19.6452 3.5237 18.4852V5.2352C3.5237 4.0752 4.1137 3.5452 5.2137 3.5452H24.6237C25.7137 3.5452 26.3037 4.0752 26.3037 5.2352V5.7552C25.8637 5.6052 25.3737 5.5252 24.8137 5.5252H19.5337C18.3737 5.5252 17.5637 5.8552 16.7737 6.5352L15.6537 7.5052C15.0237 8.0652 14.6737 8.1752 13.6337 8.1752H12.0837C8.9737 8.1752 7.2637 9.8752 7.2637 12.9752V20.1952ZM12.4837 26.9852C11.3737 26.9852 10.7837 26.4552 10.7837 25.2952V13.3952C10.7837 12.2352 11.3737 11.7052 12.4837 11.7052H14.6737C15.7637 11.7052 16.4837 11.4952 17.1137 10.9252L18.5837 9.6652C19.1937 9.1752 19.5737 9.0552 20.3937 9.0552H23.9537C24.7737 9.0552 25.1537 9.1752 25.7737 9.6652L27.2337 10.9252C27.8637 11.4952 28.5837 11.7052 29.6837 11.7052H31.8837C32.9737 11.7052 33.5637 12.2352 33.5637 13.3952V25.2952C33.5637 26.4552 32.9737 26.9852 31.8837 26.9852ZM22.1937 25.3752C25.6237 25.3752 28.4237 22.5852 28.4237 19.1452C28.4237 15.6952 25.6237 12.8952 22.1937 12.8952C18.7437 12.8952 15.9437 15.6952 15.9437 19.1452C15.9437 22.5852 18.7437 25.3752 22.1937 25.3752ZM30.0937 16.3652C30.9637 16.3652 31.6737 15.6652 31.6737 14.7952C31.6737 13.9152 30.9637 13.2052 30.0937 13.2052C29.2137 13.2052 28.5037 13.9152 28.5037 14.7952C28.5037 15.6652 29.2137 16.3652 30.0937 16.3652ZM22.1937 22.5952C20.2637 22.5952 18.7137 21.0452 18.7137 19.1252C18.7137 17.2152 20.2637 15.6552 22.1937 15.6552C24.0937 15.6552 25.6437 17.2152 25.6437 19.1252C25.6437 21.0452 24.0937 22.5952 22.1937 22.5952Z","geometry":{"width":37.091796875,"height":30.515625}}