{"path":"M1.6637 2.3539L5.5737 5.6539C5.9037 5.9239 6.2337 6.1039 6.5737 6.1039C6.9037 6.1039 7.2337 5.9239 7.5637 5.6539L11.4737 2.3539C12.8137 1.2539 11.1837 -0.9361 9.6237 0.4439L6.5737 3.2039L3.5137 0.4439C1.9537 -0.9361 0.3237 1.2539 1.6637 2.3539ZM4.8237 31.9539H29.3437C32.4537 31.9539 34.1637 30.2639 34.1637 27.1539V12.7639C34.1637 9.6739 32.4537 7.9639 29.3437 7.9639H26.1137C25.0637 7.9639 24.6737 7.8239 23.9537 7.1139L22.8837 6.0439C22.1237 5.3139 21.3837 4.9839 20.0137 4.9839H14.1137C12.7437 4.9839 12.0037 5.3139 11.2337 6.0439L10.1737 7.1139C9.4437 7.8139 9.0637 7.9639 7.9937 7.9639H4.8237C1.7137 7.9639 0.0037 9.6739 0.0037 12.7639V27.1539C0.0037 30.2639 1.7137 31.9539 4.8237 31.9539ZM17.0937 27.2839C13.0737 27.2839 9.8437 24.0439 9.8437 20.0039C9.8437 15.9739 13.0737 12.7439 17.0937 12.7439C21.1137 12.7439 24.3337 15.9739 24.3337 20.0039C24.3337 24.0439 21.1137 27.2839 17.0937 27.2839ZM25.1537 14.9939C25.1537 13.9639 26.0337 13.0939 27.0837 13.0939C28.1137 13.0939 28.9937 13.9639 28.9937 14.9939C28.9937 16.0539 28.1237 16.9039 27.0837 16.9039C26.0137 16.9139 25.1537 16.0739 25.1537 14.9939ZM17.0937 24.1939C19.4037 24.1939 21.2437 22.3139 21.2437 20.0039C21.2437 17.6939 19.4037 15.8339 17.0937 15.8339C14.7837 15.8339 12.9237 17.6939 12.9237 20.0039C12.9237 22.3139 14.7937 24.1939 17.0937 24.1939Z","geometry":{"width":34.166015625,"height":31.956788335235153}}