{"path":"M1.7637 9.8597C2.9137 9.8597 3.5237 9.2197 3.5237 8.0797V5.2397C3.5237 4.0597 4.1137 3.5297 5.2137 3.5297H8.1037C9.2537 3.5297 9.8837 2.8997 9.8837 1.7597C9.8837 0.6297 9.2537 -0.0003 8.1037 -0.0003H4.8237C1.7137 -0.0003 0.0037 1.6997 0.0037 4.7997V8.0797C0.0037 9.2297 0.6337 9.8597 1.7637 9.8597ZM25.8837 9.8597C27.0337 9.8597 27.6437 9.2297 27.6437 8.0797V4.7997C27.6437 1.6997 25.9537 -0.0003 22.8137 -0.0003H19.5537C18.3937 -0.0003 17.7637 0.6297 17.7637 1.7597C17.7637 2.8997 18.4037 3.5297 19.5537 3.5297H22.4337C23.5337 3.5297 24.1137 4.0597 24.1137 5.2397V8.0797C24.1137 9.2297 24.7437 9.8597 25.8837 9.8597ZM8.1337 19.8497H19.5337C21.0137 19.8497 21.8237 19.0497 21.8237 17.5797V10.7297C21.8237 9.2597 21.0137 8.4497 19.5337 8.4497H18.1337C17.6237 8.4497 17.4437 8.3897 17.0937 8.0497L16.5837 7.5297C16.2237 7.1897 15.8737 7.0297 15.2337 7.0297H12.4237C11.7837 7.0297 11.4337 7.1797 11.0637 7.5297L10.5537 8.0497C10.2137 8.3797 10.0337 8.4497 9.5337 8.4497H8.1337C6.6737 8.4497 5.8537 9.2597 5.8537 10.7297V17.5797C5.8537 19.0497 6.6737 19.8497 8.1337 19.8497ZM13.8337 17.8797C11.7437 17.8797 10.0637 16.2197 10.0637 14.0997C10.0637 11.9997 11.7437 10.3197 13.8337 10.3197C15.9437 10.3197 17.6137 11.9997 17.6137 14.0997C17.6137 16.2297 15.9437 17.8797 13.8337 17.8797ZM19.0737 12.5497C18.5437 12.5497 18.1137 12.1297 18.1137 11.6097C18.1137 11.0597 18.5437 10.6397 19.0737 10.6397C19.6037 10.6397 20.0337 11.0597 20.0337 11.6097C20.0337 12.1297 19.6037 12.5497 19.0737 12.5497ZM13.8337 16.2997C15.0537 16.2997 16.0237 15.3297 16.0237 14.0997C16.0237 12.8797 15.0537 11.9097 13.8337 11.9097C12.6337 11.9097 11.6437 12.8797 11.6437 14.0997C11.6437 15.3297 12.6337 16.2997 13.8337 16.2997ZM4.8237 27.6597H8.1037C9.2537 27.6597 9.8837 27.0297 9.8837 25.8797C9.8837 24.7497 9.2537 24.1197 8.1037 24.1197H5.2137C4.1137 24.1197 3.5237 23.5797 3.5237 22.4197V19.5797C3.5237 18.4197 2.8937 17.7997 1.7637 17.7997C0.6137 17.7997 0.0037 18.4197 0.0037 19.5797V22.8597C0.0037 25.9597 1.7137 27.6597 4.8237 27.6597ZM19.5537 27.6597H22.8137C25.9537 27.6597 27.6437 25.9497 27.6437 22.8597V19.5797C27.6437 18.4197 27.0337 17.7997 25.8837 17.7997C24.7437 17.7997 24.1137 18.4297 24.1137 19.5797V22.4197C24.1137 23.5797 23.5337 24.1197 22.4337 24.1197H19.5537C18.3937 24.1197 17.7637 24.7497 17.7637 25.8797C17.7637 27.0297 18.3937 27.6597 19.5537 27.6597Z","geometry":{"width":27.64453125,"height":27.658203125}}