{"path":"M15.2345 29.542C15.2345 30.392 15.9145 31.012 16.7945 31.012C24.2545 31.012 31.1345 26.442 33.4045 19.992C33.8145 18.852 33.2745 18.062 32.0745 18.062C25.9245 18.062 21.0145 21.072 18.3445 25.612V15.612C23.2145 14.912 26.4345 10.962 26.4345 6.012C26.4345 4.402 26.1845 2.752 25.4045 1.162C24.9545 0.232 23.8345 0.042 23.0845 0.802L20.2945 3.652L17.9145 0.572C17.3245 -0.188 16.2545 -0.188 15.6545 0.572L13.2745 3.652L10.4845 0.802C9.7545 0.042 8.6445 0.232 8.1745 1.162C7.4145 2.762 7.1345 4.412 7.1345 6.012C7.1345 10.962 10.3545 14.912 15.2345 15.612ZM13.0145 22.882C10.2445 19.922 6.2345 18.062 1.4545 18.062C0.2445 18.062 -0.2755 18.852 0.1345 19.992C1.9945 25.372 7.0945 29.492 13.1845 30.652C13.0745 30.312 13.0145 29.932 13.0145 29.542Z","geometry":{"width":33.53884736453999,"height":31.0078125}}