{"path":"M4.8237 26.9717H29.3437C32.4537 26.9717 34.1637 25.2817 34.1637 22.1717V7.7817C34.1637 4.6917 32.4537 2.9817 29.3437 2.9817H25.8837C24.8237 2.9817 24.4437 2.8417 23.7037 2.1317L22.6437 1.0617C21.8937 0.3317 21.1337 0.0017 19.7737 0.0017H14.3537C12.9837 0.0017 12.2337 0.3317 11.4837 1.0617L10.4137 2.1317C9.6837 2.8317 9.2937 2.9817 8.2437 2.9817H4.8237C1.7137 2.9817 0.0037 4.6917 0.0037 7.7817V22.1717C0.0037 25.2817 1.7137 26.9717 4.8237 26.9717ZM5.2137 23.4517C4.1137 23.4517 3.5237 22.9117 3.5237 21.7517V8.2217C3.5237 7.0517 4.1137 6.5117 5.2137 6.5117H9.4237C10.6537 6.5117 11.2337 6.3117 11.9337 5.5817L12.9337 4.5217C13.6737 3.7317 14.1137 3.5317 15.2837 3.5317H18.8437C20.0137 3.5317 20.4537 3.7417 21.1637 4.5017L22.1937 5.5817C22.8837 6.3017 23.4737 6.5117 24.7037 6.5117H28.9537C30.0537 6.5117 30.6437 7.0517 30.6437 8.2217V21.7517C30.6437 22.9117 30.0537 23.4517 28.9537 23.4517ZM17.0937 21.9017C21.1137 21.9017 24.3337 18.6717 24.3337 14.6317C24.3337 10.5917 21.1137 7.3717 17.0937 7.3717C13.0737 7.3717 9.8437 10.5917 9.8437 14.6317C9.8437 18.6717 13.0737 21.9017 17.0937 21.9017ZM24.6537 9.9417C24.6537 10.9917 25.5137 11.8217 26.5537 11.8217C27.5737 11.8217 28.4337 10.9917 28.4337 9.9417C28.4337 8.9317 27.5637 8.0517 26.5537 8.0517C25.5137 8.0517 24.6537 8.9317 24.6537 9.9417ZM17.0937 18.8117C14.7937 18.8117 12.9237 16.9417 12.9237 14.6317C12.9237 12.3217 14.7837 10.4617 17.0937 10.4617C19.4037 10.4617 21.2437 12.3217 21.2437 14.6317C21.2437 16.9417 19.4037 18.8117 17.0937 18.8117Z","geometry":{"width":34.166015625,"height":26.974609375}}