{"path":"M13.4437 0.0017C5.1537 0.0017 0.0037 5.0317 0.0037 13.3017V21.4817C0.0037 29.7317 5.1537 34.7817 13.4437 34.7817C21.7337 34.7817 26.8937 29.7317 26.8937 21.4817V13.3017C26.8937 5.0317 21.7337 0.0017 13.4437 0.0017ZM13.4437 3.6117C19.5537 3.6117 23.3337 7.1517 23.3337 12.9917V21.7917C23.3337 27.6317 19.5537 31.1717 13.4437 31.1717Z","geometry":{"width":26.892578125,"height":34.78125}}