{"path":"M0.0027 13.8917C0.0027 22.2417 5.7427 27.7817 14.3527 27.7817H22.9327C31.5527 27.7817 37.2927 22.2417 37.2927 13.8917C37.2927 5.5417 31.5527 0.0017 22.9327 0.0017H14.3527C5.7427 0.0017 0.0027 5.5417 0.0027 13.8917ZM3.8127 13.8917H33.4827C33.4827 19.9917 29.3927 24.0217 23.2327 24.0217H14.0727C7.9027 24.0217 3.8127 19.9917 3.8127 13.8917Z","geometry":{"width":37.296875,"height":27.78125}}