{"path":"M9.0237 29.6795C9.9537 29.6795 10.6937 29.2895 11.8437 28.2895L16.4637 24.2395H23.8437C28.0237 24.2395 30.5437 21.6795 30.5437 17.5395V6.6995C30.5437 2.5395 28.0237 -0.0005 23.8437 -0.0005H6.7037C2.5137 -0.0005 0.0037 2.5395 0.0037 6.6995V17.5395C0.0037 21.6795 2.6837 24.2395 6.4637 24.2395H6.8537V27.2795C6.8537 28.7695 7.6737 29.6795 9.0237 29.6795ZM9.8737 25.7695V21.9795C9.8737 21.0595 9.4337 20.7095 8.6037 20.7095H6.9137C4.6337 20.7095 3.5237 19.5595 3.5237 17.3195V6.8995C3.5237 4.6595 4.6337 3.5295 6.9137 3.5295H23.6237C25.8937 3.5295 27.0137 4.6595 27.0137 6.8995V17.3195C27.0137 19.5595 25.8937 20.7095 23.6237 20.7095H16.2037C15.2537 20.7095 14.8337 20.8895 14.1537 21.5695ZM6.9837 13.7795H11.6237C12.2137 13.7795 12.6637 13.2895 12.6637 12.7295C12.6637 12.1695 12.2137 11.6895 11.6237 11.6895H6.9837C6.4237 11.6895 5.9737 12.1695 5.9737 12.7295C5.9737 13.2895 6.4437 13.7795 6.9837 13.7795ZM14.5637 13.7795H23.5537C24.1337 13.7795 24.5837 13.2895 24.5837 12.7295C24.5837 12.1695 24.1337 11.6895 23.5537 11.6895H14.5637C14.0037 11.6895 13.5637 12.1695 13.5637 12.7295C13.5637 13.2895 14.0137 13.7795 14.5637 13.7795ZM6.9837 17.4195H9.0537C9.6237 17.4195 10.0937 16.9295 10.0937 16.3795C10.0937 15.7895 9.6237 15.3295 9.0537 15.3295H6.9837C6.4237 15.3295 5.9737 15.8095 5.9737 16.3795C5.9737 16.9295 6.4437 17.4195 6.9837 17.4195ZM11.9937 17.4195H18.0437C18.6237 17.4195 19.0837 16.9295 19.0837 16.3795C19.0837 15.7895 18.6237 15.3295 18.0437 15.3295H11.9937C11.4337 15.3295 10.9937 15.8095 10.9937 16.3795C10.9937 16.9295 11.4437 17.4195 11.9937 17.4195ZM20.9837 17.4195H23.5537C24.1137 17.4195 24.5837 16.9295 24.5837 16.3795C24.5837 15.7895 24.1137 15.3295 23.5537 15.3295H20.9837C20.4237 15.3295 19.9837 15.8095 19.9837 16.3795C19.9837 16.9295 20.4437 17.4195 20.9837 17.4195Z","geometry":{"width":30.54296875,"height":29.681640625}}