{"path":"M17.9967 26.8396C23.2767 26.8396 25.6967 25.4996 25.6967 22.3296V11.0496H26.2667C27.0367 11.0496 27.5767 10.4596 27.5767 9.6496V9.3696C27.5767 8.5496 27.0367 7.9596 26.2667 7.9596H25.6967V5.1996C25.6967 1.8496 22.8867 -0.0004 17.9967 -0.0004C13.0867 -0.0004 10.2967 1.8496 10.2967 5.1996V8.0096H9.7067C8.9467 8.0096 8.3967 8.5996 8.3967 9.4196V9.7196C8.3967 10.5296 8.9467 11.1196 9.7067 11.1196H10.2967V22.3296C10.2967 25.4996 12.7067 26.8396 17.9967 26.8396ZM17.9967 24.1896C14.3967 24.1896 12.9667 23.6096 12.9667 22.2296V5.2496C12.9667 3.5796 14.6767 2.6696 17.9967 2.6696C21.3067 2.6696 23.0167 3.5796 23.0167 5.2496V22.2296C23.0167 23.6096 21.5767 24.1896 17.9967 24.1896ZM17.9967 11.5796C18.9667 11.5796 20.3567 11.6796 20.7467 11.6796C21.5667 11.6796 21.9367 11.3296 21.9967 10.4896L22.1767 8.5996C22.3167 7.0396 21.2067 6.4496 17.9967 6.4496C14.7867 6.4496 13.6767 7.0396 13.8067 8.5996L13.9767 10.4896C14.0567 11.3296 14.4267 11.6796 15.2467 11.6796C15.6267 11.6796 17.0367 11.5796 17.9967 11.5796ZM17.9967 22.1396C21.2767 22.1396 22.3667 21.5996 22.1367 19.9996L21.9967 19.0996C21.8067 17.8096 20.7667 17.3996 17.9967 17.3996C15.2167 17.3996 14.1667 17.8096 13.9767 19.0996L13.8567 19.9996C13.6167 21.5996 14.6967 22.1396 17.9967 22.1396ZM7.1367 28.7896C8.4767 30.1296 10.2467 30.8596 11.6667 30.9696C12.5667 31.0396 13.2467 30.4196 13.2467 29.5296C13.2467 28.7796 12.7167 28.2696 11.6767 28.0996C10.7667 27.9596 9.8967 27.5396 9.1467 26.7796C8.3967 26.0296 7.9867 25.1696 7.8267 24.1896C7.6467 23.1896 7.2267 22.6996 6.3967 22.6996C5.5167 22.6996 4.8567 23.3896 4.9767 24.3596C5.1867 26.0496 5.9067 27.5796 7.1367 28.7896ZM3.4767 32.4396C5.6067 34.5796 8.3067 35.8296 11.1867 35.9296C12.1467 35.9596 12.7867 35.3096 12.7867 34.4296C12.7867 33.6596 12.1667 33.1096 11.1567 33.0296C9.0667 32.8696 7.0867 32.0296 5.4967 30.4296C3.8967 28.8496 3.0267 26.8696 2.8967 24.7696C2.8167 23.7096 2.2867 23.1596 1.4667 23.1596C0.6367 23.1596 -0.0533 23.7496 0.0067 24.7296C0.1967 27.6296 1.3567 30.3196 3.4767 32.4396Z","geometry":{"width":27.579240618223015,"height":35.93052819139284}}