{"path":"M9.5837 26.8396C14.8737 26.8396 17.2837 25.4996 17.2837 22.3296V11.1196H17.8737C18.6337 11.1196 19.1837 10.5296 19.1837 9.7196V9.4196C19.1837 8.5996 18.6337 8.0096 17.8737 8.0096H17.2837V5.1996C17.2837 1.8496 14.4937 -0.0004 9.5837 -0.0004C4.6937 -0.0004 1.8837 1.8496 1.8837 5.1996V7.9596H1.3137C0.5437 7.9596 0.0037 8.5496 0.0037 9.3696V9.6496C0.0037 10.4596 0.5437 11.0496 1.3137 11.0496H1.8837V22.3296C1.8837 25.4996 4.3037 26.8396 9.5837 26.8396ZM9.5837 11.4396C8.5537 11.4396 7.1137 11.5496 6.7037 11.5496C5.8337 11.5496 5.4437 11.1696 5.3737 10.2996L5.1937 8.2996C5.0437 6.6596 6.2037 6.0396 9.5837 6.0396C12.9637 6.0396 14.1337 6.6596 13.9837 8.2996L13.8037 10.2996C13.7237 11.1696 13.3437 11.5496 12.4837 11.5496C12.0737 11.5496 10.5937 11.4396 9.5837 11.4396ZM9.5837 22.5496C6.1237 22.5496 4.9937 21.9796 5.2237 20.2996L5.3737 19.3596C5.5637 17.9896 6.6537 17.5696 9.5837 17.5696C12.5137 17.5696 13.6137 17.9896 13.8037 19.3596L13.9637 20.2996C14.2037 21.9796 13.0537 22.5496 9.5837 22.5496ZM20.4437 28.7896C21.6737 27.5796 22.3937 26.0496 22.6037 24.3596C22.7237 23.3896 22.0837 22.6996 21.1737 22.6996C20.3537 22.6996 19.9337 23.1896 19.7537 24.1896C19.5937 25.1696 19.1837 26.0296 18.4437 26.7796C17.6737 27.5396 16.8137 27.9596 15.9037 28.0996C14.8637 28.2696 14.3237 28.7796 14.3237 29.5296C14.3237 30.4196 15.0137 31.0396 15.9237 30.9696C17.3337 30.8596 19.1037 30.1296 20.4437 28.7896ZM24.1037 32.4396C26.2237 30.3196 27.3837 27.6296 27.5737 24.7296C27.6337 23.7496 26.9437 23.1596 26.1137 23.1596C25.2937 23.1596 24.7637 23.7096 24.6737 24.7696C24.5537 26.8696 23.6837 28.8496 22.0937 30.4296C20.4937 32.0296 18.5137 32.8696 16.4237 33.0296C15.4037 33.1096 14.7937 33.6596 14.7937 34.4296C14.7937 35.3096 15.4337 35.9596 16.3937 35.9296C19.2937 35.8296 21.9737 34.5796 24.1037 32.4396Z","geometry":{"width":27.57924061822301,"height":35.93052819139284}}