{"path":"M4.2637 21.0444H5.9037C5.7837 20.5444 5.7037 20.0244 5.7037 19.4944C5.7037 16.1744 8.3837 13.5044 11.6937 13.5044C15.0137 13.5044 17.6737 16.1744 17.6737 19.4944C17.6737 20.0244 17.6137 20.5444 17.4837 21.0444H33.5937C33.4737 20.5444 33.3837 20.0244 33.3837 19.4944C33.3837 16.1744 36.0637 13.5044 39.3937 13.5044C42.6937 13.5044 45.3637 16.1744 45.3637 19.4944C45.3637 20.0244 45.2937 20.5444 45.1737 21.0444H46.7037C49.0537 21.0444 50.5337 19.5244 50.5337 17.1344V11.5644C50.5337 9.4844 49.9037 7.4944 46.8937 6.5344L44.2237 5.7044C42.3437 3.5044 39.0437 0.4344 33.1937 0.4344H29.9437C24.1137 0.4344 21.7137 1.0144 18.2137 3.2144L13.7637 6.0044L9.0537 1.2944C8.1237 0.3844 7.2237 0.0044 5.5637 0.0044H1.5137C0.6037 0.0044 0.0037 0.6044 0.0037 1.4644C0.0037 2.3244 0.6037 2.9444 1.5137 2.9444H5.6037C6.2337 2.9444 6.5937 3.1044 6.9737 3.4744L10.4137 6.9344L6.6037 7.3944C2.4737 7.9044 0.0837 10.3544 0.0837 13.9844V16.7644C0.0837 19.5244 1.6837 21.0444 4.2637 21.0444ZM11.6937 23.6544C13.9837 23.6544 15.8437 21.8044 15.8437 19.4944C15.8437 17.1944 13.9837 15.3444 11.6937 15.3444C9.3937 15.3444 7.5337 17.1944 7.5337 19.4944C7.5337 21.7944 9.3937 23.6544 11.6937 23.6544ZM39.3937 23.6544C41.6737 23.6544 43.5437 21.7944 43.5437 19.4944C43.5437 17.1944 41.6737 15.3444 39.3937 15.3444C37.0937 15.3444 35.2237 17.2144 35.2237 19.4944C35.2237 21.7944 37.0937 23.6544 39.3937 23.6544Z","geometry":{"width":50.53125,"height":23.65234375}}