{"path":"M16.9451 36.7898C24.1951 36.7898 27.3851 34.9898 27.3851 30.7998V25.6798L31.1751 29.4598C31.8051 30.0898 32.8351 30.0798 33.4451 29.4498C34.0451 28.8298 34.0651 27.8098 33.4451 27.1898L27.3851 21.1598V15.2698L31.1751 19.0698C31.8051 19.6998 32.8351 19.6898 33.4451 19.0598C34.0451 18.4398 34.0651 17.4198 33.4451 16.7998L27.3851 10.7598V6.9698C27.3851 2.4698 23.6751 -0.0002 16.9451 -0.0002C10.2351 -0.0002 6.5151 2.4898 6.5151 6.9698V21.1598L0.4551 27.1898C-0.1549 27.8098 -0.1449 28.8298 0.4551 29.4498C1.0751 30.0798 2.0951 30.0898 2.7251 29.4598L6.5151 25.6798V30.7998C6.5151 34.9898 9.7151 36.7898 16.9451 36.7898ZM16.9451 33.6198C11.9251 33.6198 9.7151 32.7398 9.7151 30.6798V7.0398C9.7151 4.5698 12.2951 3.1898 16.9451 3.1898C21.6051 3.1898 24.2051 4.5698 24.2051 7.0398V30.6798C24.2051 32.7398 21.9751 33.6198 16.9451 33.6198ZM16.9551 15.6798C18.2751 15.6798 20.2351 15.7898 20.7751 15.7898C21.8151 15.7898 22.2451 15.3898 22.3351 14.3298L22.5751 11.6898C22.7451 9.6898 21.2751 8.9098 16.9551 8.9098C12.6351 8.9098 11.1751 9.6898 11.3351 11.6898L11.5851 14.3298C11.6651 15.3898 12.1051 15.7898 13.1451 15.7898C13.6751 15.7898 15.5951 15.6798 16.9551 15.6798ZM16.9551 30.2998C21.4051 30.2998 22.8251 29.6098 22.5251 27.5798L22.3451 26.2998C22.1151 24.6498 20.7351 24.0998 16.9551 24.0998C13.1851 24.0998 11.8051 24.6498 11.5751 26.2998L11.3951 27.5798C11.0951 29.6098 12.5151 30.2998 16.9551 30.2998Z","geometry":{"width":33.90286083253956,"height":36.791015625}}