{"path":"M9.5837 26.8483C14.8737 26.8483 17.2837 25.4983 17.2837 22.3283V11.1183H17.8737C18.6337 11.1183 19.1837 10.5283 19.1837 9.7183V9.4383C19.1837 8.6083 18.6337 8.0283 17.8737 8.0283H17.2837V5.2083C17.2837 1.8483 14.4937 -0.0017 9.5837 -0.0017C4.7037 -0.0017 1.9037 1.8583 1.9037 5.2083V7.9683H1.3137C0.5437 7.9683 0.0037 8.5483 0.0037 9.3783V9.6683C0.0037 10.4683 0.5437 11.0583 1.3137 11.0583H1.9037V22.3283C1.9037 25.4983 4.3037 26.8483 9.5837 26.8483ZM9.5837 24.1983C6.0037 24.1983 4.5637 23.6283 4.5637 22.2483V5.2483C4.5637 3.5783 6.2737 2.6783 9.5837 2.6783C12.9237 2.6783 14.6137 3.5783 14.6137 5.2483V22.2483C14.6137 23.6283 13.1837 24.1983 9.5837 24.1983ZM9.5837 11.5983C10.5637 11.5983 11.9537 11.6883 12.3337 11.6883C13.1637 11.6883 13.5337 11.3483 13.6037 10.4983L13.7637 8.6083C13.9037 7.0583 12.8137 6.4683 9.5837 6.4683C6.3737 6.4683 5.2737 7.0583 5.4137 8.6083L5.5737 10.4983C5.6437 11.3483 6.0337 11.6883 6.8537 11.6883C7.2337 11.6883 8.6437 11.5983 9.5837 11.5983ZM9.5837 22.1383C12.8837 22.1383 13.9737 21.5983 13.7437 20.0183L13.6037 19.1083C13.4137 17.8283 12.3737 17.4183 9.5837 17.4183C6.8037 17.4183 5.7737 17.8283 5.5737 19.1083L5.4437 20.0183C5.2137 21.5983 6.3037 22.1383 9.5837 22.1383ZM9.5737 29.7183C8.5037 29.7183 7.6037 29.4083 6.8537 28.8583C5.9837 28.2583 5.2637 28.2283 4.7337 28.7683C4.0837 29.3983 4.1437 30.3283 4.8437 30.9083C5.9237 31.8383 7.6737 32.5683 9.5737 32.5683C11.4537 32.5683 13.2237 31.8383 14.3137 30.9083C14.9937 30.3283 15.0437 29.3983 14.4137 28.7683C13.8737 28.2283 13.1537 28.2583 12.2937 28.8583C11.5437 29.4083 10.6337 29.7183 9.5737 29.7183ZM9.5737 34.8883C7.3137 34.8883 5.3137 34.0883 3.7337 32.7183C2.9537 32.0583 2.1337 32.0083 1.6037 32.5483C0.9737 33.1783 0.9537 34.0883 1.6537 34.7383C3.7737 36.7183 6.5637 37.7383 9.5737 37.7383C12.5637 37.7383 15.3837 36.7383 17.4837 34.7583C18.1837 34.0883 18.1737 33.1783 17.5437 32.5483C17.0037 32.0083 16.1837 32.0583 15.4037 32.7183C13.8337 34.1083 11.8237 34.8883 9.5737 34.8883Z","geometry":{"width":19.181640625,"height":37.734375}}