{"path":"M16.9451 36.7898C24.1951 36.7898 27.3851 34.9898 27.3851 30.7998V15.2698L31.1751 19.0698C31.8051 19.6998 32.8351 19.6898 33.4451 19.0598C34.0451 18.4398 34.0651 17.4198 33.4451 16.7998L27.3851 10.7598V6.9698C27.3851 2.4698 23.6751 -0.0002 16.9451 -0.0002C10.2351 -0.0002 6.5151 2.4898 6.5151 6.9698V10.7598L0.4551 16.7998C-0.1549 17.4198 -0.1449 18.4398 0.4551 19.0598C1.0751 19.6898 2.0951 19.6998 2.7251 19.0698L6.5151 15.2698V30.7998C6.5151 34.9898 9.7151 36.7898 16.9451 36.7898ZM16.9551 15.4598C15.5251 15.4598 13.4951 15.5898 12.9551 15.5898C11.8451 15.5898 11.3851 15.1598 11.2851 14.0398L11.0551 11.2498C10.8651 9.1498 12.4051 8.3298 16.9551 8.3298C21.5151 8.3298 23.0551 9.1498 22.8651 11.2498L22.6351 14.0398C22.5351 15.1598 22.0751 15.5898 20.9751 15.5898C20.4151 15.5898 18.3551 15.4598 16.9551 15.4598ZM16.9551 30.8898C12.2651 30.8898 10.7751 30.1598 11.0951 27.9998L11.2851 26.6698C11.5351 24.9398 12.9751 24.3498 16.9551 24.3498C20.9351 24.3498 22.3851 24.9398 22.6351 26.6698L22.8251 27.9998C23.1551 30.1598 21.6451 30.8898 16.9551 30.8898Z","geometry":{"width":33.90286083253956,"height":36.791015625}}