{"path":"M26.3337 12.0483C27.4137 12.0483 28.0937 11.3983 28.1537 10.2783L28.4337 2.0883C28.4737 0.8383 27.6437 -0.0017 26.3137 -0.0017C24.9737 -0.0017 24.1437 0.8383 24.2037 2.0883L24.5037 10.3083C24.5537 11.3983 25.2537 12.0483 26.3337 12.0483ZM4.1937 25.8983H6.8037C7.6337 27.7383 9.4737 29.0283 11.6437 29.0283C13.8237 29.0283 15.6637 27.7383 16.4837 25.8983H34.4937C35.3137 27.7383 37.1737 29.0283 39.3437 29.0283C41.5037 29.0283 43.3537 27.7383 44.1737 25.8983H46.6237C48.9737 25.8983 50.4537 24.3583 50.4537 21.9883V16.4183C50.4537 14.3383 49.8337 12.3483 46.8137 11.3883L44.1437 10.5583C42.2637 8.3583 38.9637 5.2883 33.1237 5.2883H30.5337C30.4037 5.2883 30.2837 5.2883 30.1637 5.2883C30.0937 6.7683 30.0737 7.2783 30.0237 8.7683C30.1437 8.7683 30.2837 8.7683 30.4237 8.7683H33.1237C36.8037 8.7683 39.6237 10.2283 42.1937 13.8883L45.7837 14.8183C46.6637 15.0383 46.9737 15.6383 46.9737 16.4183V21.1183C46.9737 21.9683 46.5637 22.4183 45.8037 22.4183H44.4737C43.9037 20.1083 41.8337 18.4283 39.3437 18.4283C36.8437 18.4283 34.7837 20.1083 34.2037 22.4183H16.7937C16.2137 20.1083 14.1337 18.4283 11.6437 18.4283C9.1637 18.4283 7.0837 20.1083 6.5037 22.4183H4.7037C3.9137 22.4183 3.4637 21.9283 3.4637 21.0683V18.6883C3.4637 16.9983 4.5637 15.9783 6.7237 15.7183L13.8337 14.8483L19.9737 11.0183C20.9637 10.4083 21.7937 9.9683 22.7337 9.6783C22.6637 9.0683 22.6137 8.4583 22.5037 6.0583C20.9737 6.4683 19.6737 7.1083 18.1337 8.0683L12.6637 11.4983L6.5337 12.2483C2.3937 12.7583 0.0037 15.1983 0.0037 18.8383V21.6183C0.0037 24.3783 1.6037 25.8983 4.1937 25.8983ZM26.3337 18.5383C27.6737 18.5383 28.6537 17.6083 28.6537 16.3683C28.6537 15.1083 27.6837 14.1883 26.3337 14.1883C24.9637 14.1883 23.9837 15.1083 23.9837 16.3683C23.9837 17.6083 24.9737 18.5383 26.3337 18.5383ZM11.6437 25.8283C10.5037 25.8283 9.5937 24.9283 9.5937 23.7583C9.5937 22.6083 10.5037 21.7083 11.6437 21.7083C12.7937 21.7083 13.7137 22.6083 13.7137 23.7583C13.7137 24.9283 12.7937 25.8283 11.6437 25.8283ZM39.3437 25.8283C38.1837 25.8283 37.2837 24.9283 37.2837 23.7583C37.2837 22.6083 38.1837 21.7083 39.3437 21.7083C40.4937 21.7083 41.3937 22.6083 41.3937 23.7583C41.3937 24.9283 40.4937 25.8283 39.3437 25.8283Z","geometry":{"width":50.44921875,"height":29.025390625}}