{"path":"M13.5237 2.9493C16.4637 2.9493 19.1537 3.9093 21.0937 5.6593C21.7537 6.2493 22.5537 6.4393 23.2037 5.8893C23.8937 5.3193 23.9637 4.3093 23.1337 3.5093C20.7037 1.1993 17.2237 -0.0007 13.5237 -0.0007C9.8337 -0.0007 6.2637 1.2893 3.9237 3.5093C3.0737 4.3093 3.1437 5.3193 3.8437 5.8893C4.4937 6.4393 5.2937 6.2493 5.9637 5.6593C7.8937 3.9093 10.5837 2.9493 13.5237 2.9493ZM13.5337 8.8293C14.7937 8.8293 16.1637 9.2593 17.0237 9.9093C17.7037 10.3993 18.4737 10.5793 19.1037 10.0793C19.7937 9.5193 19.8337 8.4393 19.0337 7.7093C17.6637 6.5393 15.6537 5.8793 13.5337 5.8793C11.4037 5.8793 9.3937 6.5393 8.0237 7.7093C7.2237 8.4393 7.2637 9.5193 7.9537 10.0793C8.5837 10.5793 9.3537 10.3993 10.0537 9.9093C10.9137 9.2693 12.2637 8.8293 13.5337 8.8293ZM0.0037 32.6793C0.0037 33.5793 0.7337 34.3293 1.6637 34.3293H3.0037C3.9237 34.3293 4.6637 33.5793 4.6637 32.6793V31.3793H22.3937V32.6793C22.3937 33.5793 23.1337 34.3293 24.0537 34.3293H25.3937C26.3137 34.3293 27.0537 33.5793 27.0537 32.6793V25.2093C27.0537 23.1693 26.8337 21.9393 25.6737 20.6293L24.5837 19.4293L23.4237 16.2593C22.6537 14.1093 21.2737 13.2593 19.6237 13.0793C18.7737 12.9593 16.5037 12.8893 13.5337 12.8893C10.5537 12.8893 8.2837 12.9593 7.4337 13.0793C5.7837 13.2593 4.4037 14.1093 3.6337 16.2593L2.4737 19.4293L1.3837 20.6293C0.2237 21.9393 0.0037 23.1693 0.0037 25.2093ZM6.3337 19.6093C5.7737 19.6093 5.5637 19.3193 5.7237 18.8093L6.3837 16.9093C6.6737 16.1693 7.0537 15.9793 7.8337 15.8593C8.5037 15.7593 10.4737 15.7093 13.5337 15.7093C16.5837 15.7093 18.5537 15.7593 19.2137 15.8593C20.0037 15.9793 20.3937 16.1693 20.6737 16.9093L21.3237 18.8093C21.4937 19.3193 21.2837 19.6093 20.7137 19.6093ZM4.8837 26.6593C4.1837 26.6593 3.7237 26.2093 3.7237 25.5093V23.8393C3.7237 23.1593 4.1837 22.7093 4.8837 22.7093C5.5737 22.7093 6.0337 23.1493 6.0337 23.8393V25.5093C6.0337 26.2093 5.5737 26.6593 4.8837 26.6593ZM22.2737 26.6593C21.5837 26.6593 21.1237 26.1993 21.1237 25.5093V23.8393C21.1237 23.1593 21.5837 22.7093 22.2737 22.7093C22.9737 22.7093 23.4337 23.1493 23.4337 23.8393V25.5093C23.4337 26.2193 22.9737 26.6593 22.2737 26.6593ZM11.0837 26.1293C10.5237 26.1293 10.2137 25.7993 10.2137 25.1993V24.1593C10.2137 23.5793 10.5237 23.2593 11.0837 23.2593H15.9137C16.4837 23.2593 16.8137 23.5793 16.8137 24.1593V25.1993C16.8137 25.7993 16.4837 26.1293 15.9137 26.1293Z","geometry":{"width":27.056640625,"height":34.330078125}}