{"path":"M4.1937 20.6073H6.8037C7.6337 22.4473 9.4737 23.7373 11.6437 23.7373C13.8237 23.7373 15.6637 22.4473 16.4837 20.6073H34.4937C35.3137 22.4473 37.1737 23.7373 39.3437 23.7373C41.5037 23.7373 43.3537 22.4473 44.1737 20.6073H46.6237C48.9737 20.6073 50.4537 19.0673 50.4537 16.6973V11.1273C50.4537 9.0473 49.8337 7.0573 46.8137 6.0973L44.1437 5.2673C42.2637 3.0673 38.9637 -0.0027 33.1237 -0.0027H29.8637C24.0537 -0.0027 21.6337 0.5773 18.1337 2.7773L12.6637 6.2073L6.5337 6.9573C2.3937 7.4673 0.0037 9.9073 0.0037 13.5473V16.3273C0.0037 19.0873 1.6037 20.6073 4.1937 20.6073ZM39.3437 13.1373C36.8437 13.1373 34.7837 14.8173 34.2037 17.1273H16.7937C16.2137 14.8173 14.1337 13.1373 11.6437 13.1373C9.1637 13.1373 7.0837 14.8173 6.5037 17.1273H4.7037C3.9137 17.1273 3.4637 16.6373 3.4637 15.7773V13.3973C3.4637 11.7073 4.5637 10.6873 6.7237 10.4273L13.8337 9.5573L19.9737 5.7273C22.9537 3.8673 24.6337 3.4773 29.8637 3.4773H33.1237C36.8037 3.4773 39.6237 4.9373 42.1937 8.5973L45.7837 9.5273C46.6637 9.7473 46.9737 10.3473 46.9737 11.1273V15.8273C46.9737 16.6773 46.5637 17.1273 45.8037 17.1273H44.4737C43.9037 14.8173 41.8337 13.1373 39.3437 13.1373ZM11.6437 20.5373C10.5037 20.5373 9.5937 19.6373 9.5937 18.4673C9.5937 17.3173 10.5037 16.4173 11.6437 16.4173C12.7937 16.4173 13.7137 17.3173 13.7137 18.4673C13.7137 19.6373 12.7937 20.5373 11.6437 20.5373ZM39.3437 20.5373C38.1837 20.5373 37.2837 19.6373 37.2837 18.4673C37.2837 17.3173 38.1837 16.4173 39.3437 16.4173C40.4937 16.4173 41.3937 17.3173 41.3937 18.4673C41.3937 19.6373 40.4937 20.5373 39.3437 20.5373Z","geometry":{"width":50.44921875,"height":23.734375}}