{"path":"M4.1937 20.6069H5.8237C5.7037 20.1069 5.6237 19.5869 5.6237 19.0569C5.6237 15.7369 8.3037 13.0669 11.6037 13.0669C14.9337 13.0669 17.5937 15.7369 17.5937 19.0569C17.5937 19.5869 17.5237 20.1069 17.4037 20.6069H33.5137C33.3837 20.1069 33.3137 19.5869 33.3137 19.0569C33.3137 15.7369 35.9837 13.0669 39.3037 13.0669C42.6137 13.0669 45.2837 15.7369 45.2837 19.0569C45.2837 19.5869 45.2137 20.1069 45.0937 20.6069H46.6237C48.9737 20.6069 50.4537 19.0869 50.4537 16.6969V11.1269C50.4537 9.0469 49.8337 7.0569 46.8137 6.0969L44.1437 5.2669C42.2637 3.0669 38.9637 -0.0031 33.1237 -0.0031H29.8637C24.0537 -0.0031 21.6337 0.5769 18.1337 2.7769L12.6637 6.2069L6.5337 6.9569C2.3937 7.4669 0.0037 9.9169 0.0037 13.5469V16.3269C0.0037 19.0869 1.6037 20.6069 4.1937 20.6069ZM29.8637 14.6269C30.3937 15.5069 29.9437 16.4569 28.9037 16.4569H22.0537C21.0037 16.4569 20.5337 15.5169 21.0837 14.6269L24.4137 9.1469C24.9237 8.2969 26.0137 8.2969 26.5237 9.1469ZM11.6037 23.2169C13.9137 23.2169 15.7637 21.3669 15.7637 19.0569C15.7637 16.7569 13.9037 14.9069 11.6037 14.9069C9.3137 14.9069 7.4537 16.7569 7.4537 19.0569C7.4537 21.3569 9.3137 23.2169 11.6037 23.2169ZM39.3037 23.2169C41.5937 23.2169 43.4637 21.3569 43.4637 19.0569C43.4637 16.7569 41.5937 14.9069 39.3037 14.9069C37.0137 14.9069 35.1337 16.7769 35.1337 19.0569C35.1337 21.3569 37.0137 23.2169 39.3037 23.2169ZM29.8637 24.3669C30.4037 23.4869 29.9437 22.5269 28.9037 22.5269H22.0537C21.0037 22.5269 20.5337 23.4869 21.0837 24.3669L24.4137 29.8469C24.9237 30.6969 26.0137 30.6969 26.5237 29.8469Z","geometry":{"width":50.44921875,"height":30.4814453125}}