{"path":"M9.5837 26.8483C14.8737 26.8483 17.2837 25.4983 17.2837 22.3283V11.1183H17.8737C18.6337 11.1183 19.1837 10.5283 19.1837 9.7183V9.4383C19.1837 8.6083 18.6337 8.0283 17.8737 8.0283H17.2837V5.2083C17.2837 1.8483 14.4937 -0.0017 9.5837 -0.0017C4.7037 -0.0017 1.9037 1.8583 1.9037 5.2083V7.9683H1.3137C0.5437 7.9683 0.0037 8.5483 0.0037 9.3783V9.6683C0.0037 10.4683 0.5437 11.0583 1.3137 11.0583H1.9037V22.3283C1.9037 25.4983 4.3037 26.8483 9.5837 26.8483ZM9.5837 11.4583C8.5837 11.4583 7.1137 11.5483 6.7037 11.5483C5.8337 11.5483 5.4537 11.1883 5.3737 10.2983L5.1937 8.3083C5.0437 6.6583 6.2037 6.0583 9.5837 6.0583C12.9737 6.0583 14.1337 6.6583 13.9837 8.3083L13.8037 10.2983C13.7437 11.1883 13.3437 11.5483 12.4837 11.5483C12.0737 11.5483 10.6237 11.4583 9.5837 11.4583ZM9.5837 22.5583C6.1237 22.5583 4.9937 21.9983 5.2237 20.3183L5.3737 19.3583C5.5637 18.0083 6.6737 17.5783 9.5837 17.5783C12.5237 17.5783 13.6137 18.0083 13.8037 19.3583L13.9637 20.3183C14.2037 21.9983 13.0537 22.5583 9.5837 22.5583ZM9.5737 29.7183C8.5037 29.7183 7.6037 29.4083 6.8537 28.8583C5.9837 28.2583 5.2637 28.2283 4.7337 28.7683C4.0837 29.3983 4.1437 30.3283 4.8437 30.9083C5.9237 31.8383 7.6737 32.5683 9.5737 32.5683C11.4537 32.5683 13.2237 31.8383 14.3137 30.9083C14.9937 30.3283 15.0437 29.3983 14.4137 28.7683C13.8737 28.2283 13.1537 28.2583 12.2937 28.8583C11.5437 29.4083 10.6337 29.7183 9.5737 29.7183ZM9.5737 34.8883C7.3137 34.8883 5.3137 34.0883 3.7337 32.7183C2.9537 32.0583 2.1337 32.0083 1.6037 32.5483C0.9737 33.1783 0.9537 34.0883 1.6537 34.7383C3.7737 36.7183 6.5637 37.7383 9.5737 37.7383C12.5637 37.7383 15.3837 36.7383 17.4837 34.7583C18.1837 34.0883 18.1737 33.1783 17.5437 32.5483C17.0037 32.0083 16.1837 32.0583 15.4037 32.7183C13.8337 34.1083 11.8237 34.8883 9.5737 34.8883Z","geometry":{"width":19.181640625,"height":37.734375}}