{"path":"M17.3851 25.8966C21.7251 23.3766 23.0951 21.0966 21.5651 18.4666L16.1951 9.1566L16.6751 8.8766C17.2951 8.5166 17.4651 7.7766 17.0851 7.0866L16.9451 6.8466C16.5751 6.1566 15.8351 5.9366 15.1851 6.3066L14.7151 6.5866L13.3851 4.3066C11.8951 1.7066 9.0151 1.3766 5.3551 3.2266V1.2466C5.3551 0.5366 4.8051 -0.0034 4.0951 -0.0034H2.9951C2.2851 -0.0034 1.7451 0.5366 1.7451 1.2466V5.7566C-0.0949 7.6166 -0.5149 9.6666 0.6451 11.6666L2.0051 13.9966L1.5051 14.2766C0.8851 14.6466 0.7451 15.3666 1.0951 16.0666L1.2351 16.3066C1.6051 17.0066 2.3551 17.2166 2.9951 16.8466L3.4751 16.5566L8.8251 25.8266C10.3551 28.4666 12.9951 28.4266 17.3851 25.8966ZM31.2051 7.9266C31.9151 7.9266 32.4651 7.3866 32.4651 6.6766V1.2466C32.4651 0.5366 31.9151 -0.0034 31.2051 -0.0034H30.0951C29.3951 -0.0034 28.8551 0.5366 28.8551 1.2466V6.6766C28.8551 7.3866 29.3951 7.9266 30.0951 7.9266ZM10.0151 13.1566C9.1751 13.6466 7.9851 14.4266 7.6751 14.6266C6.9651 15.0366 6.4551 14.9266 5.9651 14.2166L4.8551 12.6466C3.9551 11.3766 4.6351 10.3066 7.4251 8.6866C10.2151 7.0666 11.4851 7.0266 12.1451 8.4466L12.9551 10.1966C13.2951 10.9466 13.1751 11.4466 12.4451 11.8566C12.1151 12.0566 10.8751 12.6566 10.0151 13.1566ZM31.2051 18.1866C31.9151 18.1866 32.4651 17.6366 32.4651 16.9266V11.5166C32.4651 10.7966 31.9151 10.2566 31.2051 10.2566H30.0951C29.3951 10.2566 28.8551 10.7966 28.8551 11.5166V16.9266C28.8551 17.6366 29.3951 18.1866 30.0951 18.1866ZM15.3351 22.3566C12.4651 24.0066 11.2451 24.0866 10.6451 22.5866L10.2951 21.7366C9.8051 20.5066 10.5351 19.6366 12.9351 18.2566C15.3551 16.8466 16.4751 16.6666 17.2851 17.7066L17.8451 18.4166C18.8751 19.6966 18.1751 20.6966 15.3351 22.3566ZM4.0951 28.4766C4.8051 28.4766 5.3551 27.9466 5.3551 27.2366V21.7566C5.3551 21.0366 4.8051 20.4966 4.0951 20.4966H2.9951C2.2851 20.4966 1.7451 21.0366 1.7451 21.7566V27.2366C1.7451 27.9466 2.2851 28.4766 2.9951 28.4766ZM31.2051 28.4766C31.9151 28.4766 32.4651 27.9466 32.4651 27.2366V21.7566C32.4651 21.0366 31.9151 20.4966 31.2051 20.4966H30.0951C29.3951 20.4966 28.8551 21.0366 28.8551 21.7566V27.2366C28.8551 27.9466 29.3951 28.4766 30.0951 28.4766Z","geometry":{"width":32.462134226018456,"height":28.478515625}}