{"path":"M39.0164 21.7702H40.8564C42.2664 21.7702 42.7064 20.6202 42.1864 19.6502L32.5964 0.8702C32.2964 0.3002 31.8364 0.0002 31.2364 0.0002H30.2764C29.5264 0.0002 29.1364 0.6702 29.4264 1.3802L37.1364 20.5102C37.4264 21.2302 37.9764 21.7702 39.0164 21.7702ZM1.5264 21.7702H3.3864C4.4264 21.7702 4.9664 21.2302 5.2564 20.5102L12.9664 1.3902C13.2564 0.6702 12.8764 0.0102 12.1164 0.0102H11.1664C10.5564 0.0102 10.0964 0.3002 9.7964 0.8902L0.2164 19.6502C-0.3036 20.6302 0.1264 21.7702 1.5264 21.7702ZM12.1064 16.7902C12.1064 17.3602 12.5464 17.8002 13.1164 17.8002H14.0164C14.5964 17.8002 15.0364 17.3602 15.0364 16.7902V15.8002H27.2364V16.7902C27.2364 17.3602 27.6964 17.8002 28.2664 17.8002H29.1664C29.7464 17.8002 30.1764 17.3602 30.1764 16.7902V11.7202C30.1764 10.3502 30.0264 9.5602 29.2664 8.7102L28.5164 7.8702L27.7364 5.7002C27.2264 4.2902 26.3364 3.7602 25.2464 3.6202C24.6564 3.5402 23.1564 3.5002 21.1464 3.5002C19.1164 3.5002 17.6164 3.5402 17.0264 3.6202C15.9464 3.7602 15.0464 4.2902 14.5364 5.7002L13.7564 7.8702L13.0064 8.7102C12.2464 9.5602 12.1064 10.3502 12.1064 11.7202ZM16.2764 8.0502C15.8364 8.0502 15.6364 7.7502 15.7664 7.3602L16.2064 6.0702C16.3964 5.5202 16.7364 5.3702 17.2964 5.2902C17.7364 5.2402 19.0764 5.2002 21.1464 5.2002C23.2064 5.2002 24.5464 5.2402 24.9864 5.2902C25.5364 5.3702 25.8764 5.5202 26.0664 6.0702L26.5064 7.3602C26.6564 7.7502 26.4364 8.0502 25.9864 8.0502ZM15.3064 12.8102C14.7864 12.8102 14.4064 12.4302 14.4064 11.9202V10.8002C14.4064 10.2902 14.7864 9.9302 15.3064 9.9302C15.8064 9.9302 16.1964 10.2902 16.1964 10.8002V11.9202C16.1964 12.4402 15.8064 12.8102 15.3064 12.8102ZM27.0364 12.8102C26.5464 12.8102 26.1464 12.4302 26.1464 11.9202V10.8002C26.1464 10.2902 26.5464 9.9302 27.0364 9.9302C27.5564 9.9302 27.9364 10.2802 27.9364 10.8002V11.9202C27.9364 12.4402 27.5564 12.8102 27.0364 12.8102ZM19.4864 12.4502C19.0664 12.4502 18.7964 12.1502 18.7964 11.7202V11.0102C18.7964 10.5702 19.0664 10.2802 19.4864 10.2802H22.7564C23.1764 10.2802 23.4664 10.5702 23.4664 11.0102V11.7202C23.4664 12.1702 23.1764 12.4502 22.7564 12.4502Z","geometry":{"width":42.39543051937556,"height":21.765625}}