{"path":"M15.0837 25.8966C19.4737 28.4266 22.1037 28.4666 23.6437 25.8266L28.9837 16.5566L29.4637 16.8466C30.1037 17.2166 30.8537 17.0066 31.2237 16.3066L31.3537 16.0666C31.7237 15.3666 31.5837 14.6466 30.9437 14.2766L30.4637 13.9966L31.8137 11.6666C32.9737 9.6666 32.5537 7.6166 30.7237 5.7566V1.2466C30.7237 0.5366 30.1737 -0.0034 29.4637 -0.0034H28.3737C27.6537 -0.0034 27.1137 0.5366 27.1137 1.2466V3.2266C23.4437 1.3766 20.5637 1.7066 19.0737 4.3066L17.7437 6.5866L17.2837 6.3066C16.6237 5.9366 15.8837 6.1566 15.5137 6.8466L15.3637 7.0866C14.9937 7.7766 15.1437 8.5166 15.7937 8.8766L16.2737 9.1566L10.8937 18.4666C9.3637 21.0966 10.7237 23.3766 15.0837 25.8966ZM1.2537 7.9266H2.3537C3.0637 7.9266 3.6137 7.3866 3.6137 6.6766V1.2466C3.6137 0.5366 3.0637 -0.0034 2.3537 -0.0034H1.2537C0.5437 -0.0034 0.0037 0.5366 0.0037 1.2466V6.6766C0.0037 7.3866 0.5437 7.9266 1.2537 7.9266ZM16.3637 23.7066C13.3937 21.9866 12.4937 20.8266 13.1537 19.6766L21.2637 5.6366C22.0637 4.2566 23.8937 4.3066 26.6337 5.8766C29.3937 7.4766 30.3637 9.0366 29.5737 10.4366L21.4537 24.4766C20.7937 25.6066 19.3137 25.4066 16.3637 23.7066ZM22.3837 13.2766C23.1637 13.7266 24.2937 14.4966 24.6137 14.6666C25.2837 15.0566 25.7537 14.9566 26.2237 14.2966L27.2637 12.7966C28.1137 11.5966 27.4937 10.5866 24.8237 9.0366C22.1737 7.5066 20.9737 7.4666 20.3437 8.8166L19.5937 10.4566C19.2637 11.1866 19.3737 11.6466 20.0737 12.0466C20.3737 12.2366 21.5637 12.8066 22.3837 13.2766ZM1.2537 18.1866H2.3537C3.0637 18.1866 3.6137 17.6366 3.6137 16.9266V11.5166C3.6137 10.7966 3.0637 10.2566 2.3537 10.2566H1.2537C0.5437 10.2566 0.0037 10.7966 0.0037 11.5166V16.9266C0.0037 17.6366 0.5437 18.1866 1.2537 18.1866ZM17.3337 22.0166C20.0537 23.5666 21.2037 23.6566 21.7837 22.2166L22.1037 21.4266C22.5737 20.2466 21.8937 19.4266 19.5937 18.0966C17.3037 16.7766 16.2437 16.6066 15.4737 17.5966L14.9337 18.2666C13.9737 19.4866 14.6337 20.4366 17.3337 22.0166ZM28.3737 28.4766H29.4637C30.1737 28.4766 30.7237 27.9466 30.7237 27.2366V21.7566C30.7237 21.0366 30.1737 20.4966 29.4637 20.4966H28.3737C27.6537 20.4966 27.1137 21.0366 27.1137 21.7566V27.2366C27.1137 27.9466 27.6537 28.4766 28.3737 28.4766ZM1.2537 28.4766H2.3537C3.0637 28.4766 3.6137 27.9466 3.6137 27.2366V21.7566C3.6137 21.0366 3.0637 20.4966 2.3537 20.4966H1.2537C0.5437 20.4966 0.0037 21.0366 0.0037 21.7566V27.2366C0.0037 27.9466 0.5437 28.4766 1.2537 28.4766Z","geometry":{"width":32.46213422601846,"height":28.478515625}}