{"path":"M17.9967 26.8396C23.2767 26.8396 25.6967 25.4996 25.6967 22.3296V11.0496H26.2667C27.0367 11.0496 27.5767 10.4596 27.5767 9.6496V9.3696C27.5767 8.5496 27.0367 7.9596 26.2667 7.9596H25.6967V5.1996C25.6967 1.8496 22.8867 -0.0004 17.9967 -0.0004C13.0867 -0.0004 10.2967 1.8496 10.2967 5.1996V8.0096H9.7067C8.9467 8.0096 8.3967 8.5996 8.3967 9.4196V9.7196C8.3967 10.5296 8.9467 11.1196 9.7067 11.1196H10.2967V22.3296C10.2967 25.4996 12.7067 26.8396 17.9967 26.8396ZM17.9967 11.4396C16.9867 11.4396 15.5067 11.5496 15.0967 11.5496C14.2367 11.5496 13.8567 11.1696 13.7667 10.2996L13.5967 8.2996C13.4467 6.6596 14.6167 6.0396 17.9967 6.0396C21.3767 6.0396 22.5367 6.6596 22.3967 8.2996L22.2067 10.2996C22.1367 11.1696 21.7367 11.5496 20.8767 11.5496C20.4667 11.5496 19.0367 11.4396 17.9967 11.4396ZM17.9967 22.5496C14.5267 22.5496 13.3767 21.9796 13.6367 20.2996L13.7667 19.3596C13.9667 17.9896 15.0667 17.5696 17.9967 17.5696C20.9167 17.5696 22.0167 17.9896 22.2067 19.3596L22.3567 20.2996C22.5867 21.9796 21.4567 22.5496 17.9967 22.5496ZM7.1367 28.7896C8.4767 30.1296 10.2467 30.8596 11.6667 30.9696C12.5667 31.0396 13.2467 30.4196 13.2467 29.5296C13.2467 28.7796 12.7167 28.2696 11.6767 28.0996C10.7667 27.9596 9.8967 27.5396 9.1467 26.7796C8.3967 26.0296 7.9867 25.1696 7.8267 24.1896C7.6467 23.1896 7.2267 22.6996 6.3967 22.6996C5.5167 22.6996 4.8567 23.3896 4.9767 24.3596C5.1867 26.0496 5.9067 27.5796 7.1367 28.7896ZM3.4767 32.4396C5.6067 34.5796 8.3067 35.8296 11.1867 35.9296C12.1467 35.9596 12.7867 35.3096 12.7867 34.4296C12.7867 33.6596 12.1667 33.1096 11.1567 33.0296C9.0667 32.8696 7.0867 32.0296 5.4967 30.4296C3.8967 28.8496 3.0267 26.8696 2.8967 24.7696C2.8167 23.7096 2.2867 23.1596 1.4667 23.1596C0.6367 23.1596 -0.0533 23.7496 0.0067 24.7296C0.1967 27.6296 1.3567 30.3196 3.4767 32.4396Z","geometry":{"width":27.579240618223015,"height":35.93052819139284}}