{"path":"M23.2237 3.8187C24.2837 3.8187 25.1437 2.9487 25.1437 1.9187C25.1437 0.8587 24.2837 -0.0013 23.2237 -0.0013C22.1937 -0.0013 21.3237 0.8587 21.3237 1.9187C21.3237 2.9487 22.1937 3.8187 23.2237 3.8187ZM29.3537 8.8487C30.9237 8.8487 32.1937 7.5787 32.1937 5.9887C32.1937 4.3987 30.9237 3.1487 29.3537 3.1487C27.7537 3.1487 26.4837 4.3987 26.4837 5.9887C26.4837 7.5787 27.7537 8.8487 29.3537 8.8487ZM7.6437 27.5387H25.8137C30.7237 27.5387 34.5237 23.8187 34.5237 19.0187C34.5237 14.1687 30.7337 10.4287 25.5637 10.4287C23.6637 6.7287 20.2937 4.6487 15.9737 4.6487C10.4637 4.6487 5.8337 8.6787 5.1437 14.3287C2.2037 15.2687 0.3437 17.7287 0.3437 20.7587C0.3437 24.5987 3.2137 27.5387 7.6437 27.5387ZM2.0337 13.1787C3.1537 13.1787 4.0437 12.2787 4.0437 11.1387C4.0437 10.0187 3.1537 9.1287 2.0337 9.1287C0.9037 9.1287 0.0037 10.0187 0.0037 11.1387C0.0037 12.2787 0.9037 13.1787 2.0337 13.1787ZM13.5237 22.4487C10.9537 22.4487 9.9437 20.2887 9.9437 17.7887C9.9437 15.2287 11.0437 13.1387 13.4837 13.1387C15.4237 13.1387 16.6637 14.5187 16.6937 16.0387C16.6937 16.6087 16.3337 17.0387 15.7937 17.0387C15.2837 17.0387 14.9937 16.7387 14.8637 16.1787C14.7237 15.5487 14.3937 14.8487 13.5037 14.8487C12.2637 14.8487 11.8437 16.2987 11.8437 17.7887C11.8437 19.3687 12.2337 20.7387 13.5237 20.7387C14.4137 20.7387 14.7837 20.0387 14.9337 19.4287C15.0537 18.8687 15.3237 18.5687 15.8437 18.5687C16.3837 18.5687 16.7337 18.9887 16.7337 19.5687C16.7037 21.0687 15.4737 22.4487 13.5237 22.4487ZM20.8737 22.4487C18.6937 22.4487 17.3037 20.6487 17.3037 17.7987C17.3037 14.9587 18.6937 13.1387 20.8637 13.1387C23.0337 13.1387 24.4037 14.9587 24.4037 17.7987C24.4037 20.6487 23.0337 22.4487 20.8737 22.4487ZM20.8737 20.7387C21.8937 20.7387 22.5137 19.6887 22.5137 17.7987C22.5137 15.9187 21.8937 14.8487 20.8637 14.8487C19.8337 14.8487 19.2137 15.9187 19.2137 17.7987C19.2137 19.6887 19.8337 20.7387 20.8737 20.7387Z","geometry":{"width":34.521484375,"height":27.53515625}}