{"path":"M23.2237 3.8187C24.2837 3.8187 25.1437 2.9487 25.1437 1.8987C25.1437 0.8587 24.2837 -0.0013 23.2237 -0.0013C22.1937 -0.0013 21.3237 0.8587 21.3237 1.8987C21.3237 2.9487 22.1937 3.8187 23.2237 3.8187ZM29.3537 8.8287C30.9237 8.8287 32.1937 7.5787 32.1937 5.9787C32.1937 4.3987 30.9237 3.1287 29.3537 3.1287C27.7537 3.1287 26.4837 4.3987 26.4837 5.9787C26.4837 7.5787 27.7537 8.8287 29.3537 8.8287ZM7.6437 27.5387H25.8137C30.7237 27.5387 34.5237 23.7987 34.5237 19.0087C34.5237 14.1487 30.7337 10.4187 25.5637 10.4187C23.6637 6.7287 20.2937 4.6387 15.9737 4.6387C10.4637 4.6387 5.8337 8.6687 5.1437 14.3187C2.2037 15.2687 0.3437 17.7187 0.3437 20.7387C0.3437 24.5987 3.2137 27.5387 7.6437 27.5387ZM7.7137 24.3187C5.1137 24.3187 3.5537 22.9687 3.5537 20.8187C3.5537 18.9487 4.7537 17.6487 7.0137 17.0487C7.8237 16.8587 8.0937 16.5187 8.2037 15.5987C8.7537 10.9487 11.8537 7.8487 15.9737 7.8487C19.0337 7.8487 21.4937 9.5887 23.0737 12.6587C23.4437 13.3887 23.8537 13.6187 24.7437 13.6187C28.9337 13.6187 31.3037 15.8987 31.3037 19.0887C31.3037 22.0787 28.9737 24.3187 25.8037 24.3187ZM2.0337 13.1687C3.1537 13.1687 4.0437 12.2787 4.0437 11.1287C4.0437 10.0187 3.1537 9.1187 2.0337 9.1187C0.9037 9.1187 0.0037 10.0187 0.0037 11.1287C0.0037 12.2787 0.9037 13.1687 2.0337 13.1687ZM13.6037 22.1987C15.4537 22.1987 16.6137 20.8887 16.6437 19.4687C16.6437 18.9087 16.3137 18.5287 15.8037 18.5287C15.3037 18.5287 15.0537 18.8087 14.9337 19.3287C14.7937 19.9187 14.4537 20.5887 13.6037 20.5887C12.3737 20.5887 11.9937 19.2887 11.9937 17.7687C11.9937 16.3487 12.4037 14.9887 13.5937 14.9887C14.4337 14.9887 14.7337 15.6587 14.8737 16.2587C14.9937 16.7787 15.2737 17.0587 15.7537 17.0587C16.2737 17.0587 16.5937 16.6687 16.5937 16.1187C16.5737 14.6787 15.4037 13.3687 13.5637 13.3687C11.2537 13.3687 10.2037 15.3487 10.2037 17.7687C10.2037 20.1487 11.1737 22.1987 13.6037 22.1987ZM20.4237 22.1987C22.4637 22.1987 23.7637 20.4787 23.7637 17.7887C23.7637 15.0987 22.4637 13.3687 20.4137 13.3687C18.3437 13.3687 17.0337 15.0987 17.0337 17.7887C17.0337 20.4787 18.3437 22.1987 20.4237 22.1987ZM20.4237 20.5887C19.4437 20.5887 18.8237 19.5787 18.8237 17.7887C18.8237 15.9987 19.4437 14.9887 20.4137 14.9887C21.3837 14.9887 21.9837 15.9987 21.9837 17.7887C21.9837 19.5787 21.3837 20.5887 20.4237 20.5887Z","geometry":{"width":34.521484375,"height":27.53515625}}