{"path":"M30.5009 14.396C34.4109 14.396 37.6909 11.116 37.6909 7.196C37.6909 3.256 34.4409 -0.004 30.5009 -0.004C26.5509 -0.004 23.3009 3.256 23.3009 7.196C23.3009 11.126 26.5509 14.396 30.5009 14.396ZM30.5009 11.856C29.8309 11.856 29.3909 11.416 29.3909 10.756V8.296H26.9509C26.3009 8.296 25.8709 7.866 25.8509 7.196C25.8409 6.536 26.2909 6.096 26.9509 6.096H29.3909V3.666C29.3909 3.006 29.8309 2.566 30.5009 2.556C31.1609 2.556 31.5909 2.996 31.5909 3.666V6.096H34.0609C34.7009 6.096 35.1409 6.536 35.1409 7.196C35.1409 7.866 34.7009 8.296 34.0609 8.296H31.5909V10.756C31.5909 11.416 31.1609 11.856 30.5009 11.856ZM11.2609 23.356H27.1009C27.9309 23.356 28.6709 22.746 28.6709 21.816C28.6709 20.906 27.9309 20.306 27.1009 20.306H11.6909C11.2209 20.306 10.9509 19.976 10.8709 19.486L10.6609 18.106H27.3409C28.7109 18.106 29.6809 17.586 30.2709 16.656L30.3909 16.446C25.2909 16.336 21.2309 12.226 21.2309 7.196C21.2309 6.756 21.2609 6.316 21.3309 5.876H8.9409L8.7809 4.796C8.5609 3.406 7.9309 2.696 6.2109 2.696H1.7109C0.7909 2.696 0.0009 3.476 0.0009 4.416C0.0009 5.356 0.7909 6.136 1.7109 6.136H5.4509L7.4509 19.766C7.7909 21.996 9.0109 23.356 11.2609 23.356ZM9.7909 27.876C9.7909 29.356 10.9809 30.526 12.4309 30.526C13.9009 30.526 15.0809 29.356 15.0809 27.876C15.0809 26.416 13.9009 25.236 12.4309 25.236C10.9809 25.236 9.7909 26.416 9.7909 27.876ZM22.1709 27.876C22.1709 29.356 23.3609 30.526 24.8309 30.526C26.2909 30.526 27.4709 29.356 27.4709 27.876C27.4709 26.416 26.2909 25.236 24.8309 25.236C23.3609 25.236 22.1709 26.416 22.1709 27.876Z","geometry":{"width":37.693359375,"height":30.529296875}}