{"path":"M0.0009 1.7227C0.0009 2.6627 0.7909 3.4427 1.7109 3.4427H5.4509L7.4509 17.0727C7.7909 19.3027 9.0109 20.6627 11.2609 20.6627H27.1009C27.9309 20.6627 28.6709 20.0527 28.6709 19.1227C28.6709 18.2127 27.9309 17.6127 27.1009 17.6127H11.6909C11.2209 17.6127 10.9409 17.2827 10.8709 16.7927L10.6609 15.4127H27.3409C29.5909 15.4127 30.8209 14.0727 31.1409 11.8027L32.0609 5.5527C32.0909 5.3627 32.1309 5.1027 32.1309 4.9127C32.1309 3.8927 31.4609 3.1827 30.2109 3.1827H8.9409L8.7809 2.1027C8.5709 0.7127 7.9309 0.0027 6.2109 0.0027H1.7109C0.7909 0.0027 0.0009 0.7827 0.0009 1.7227ZM9.7909 25.1827C9.7909 26.6627 10.9809 27.8327 12.4309 27.8327C13.9009 27.8327 15.0809 26.6627 15.0809 25.1827C15.0809 23.7227 13.9009 22.5427 12.4309 22.5427C10.9809 22.5427 9.7909 23.7227 9.7909 25.1827ZM22.1709 25.1827C22.1709 26.6627 23.3609 27.8327 24.8309 27.8327C26.2909 27.8327 27.4709 26.6627 27.4709 25.1827C27.4709 23.7227 26.2909 22.5427 24.8309 22.5427C23.3609 22.5427 22.1709 23.7227 22.1709 25.1827Z","geometry":{"width":32.12890625,"height":27.8359375}}