{"path":"M30.5009 14.3985C34.4109 14.3985 37.6909 11.1185 37.6909 7.1885C37.6909 3.2385 34.4409 -0.0015 30.5009 -0.0015C26.5509 -0.0015 23.3009 3.2585 23.3009 7.1885C23.3009 11.1285 26.5509 14.3985 30.5009 14.3985ZM11.2609 22.9185H27.1009C27.9309 22.9185 28.6709 22.3085 28.6709 21.3785C28.6709 20.4685 27.9309 19.8685 27.1009 19.8685H11.6909C11.2209 19.8685 10.9409 19.5385 10.8709 19.0485L10.6609 17.6685H27.3409C28.5509 17.6685 29.4209 17.2285 30.0009 16.4185C28.1909 16.2685 26.5509 15.5285 25.2609 14.4085C25.1109 14.5285 24.9209 14.5985 24.6909 14.5985L10.2409 14.6185L9.3609 8.4885H21.3509C21.1909 7.4885 21.2009 6.4385 21.4009 5.4385H8.9309L8.7809 4.3585C8.5709 2.9685 7.9309 2.2585 6.2109 2.2585H1.7109C0.7909 2.2585 0.0009 3.0385 0.0009 3.9785C0.0009 4.9185 0.7909 5.6985 1.7109 5.6985H5.4509L7.4509 19.3285C7.7909 21.5585 9.0109 22.9185 11.2609 22.9185ZM30.2409 8.8685C29.6409 8.8685 29.1309 8.5485 29.1309 7.9585V7.8885C29.1309 7.1885 29.5909 6.7585 30.2109 6.3185C30.9409 5.8285 31.3509 5.5385 31.3509 5.0585C31.3509 4.6385 31.0209 4.3585 30.5309 4.3585C30.0909 4.3585 29.8009 4.5485 29.5009 4.8385C29.2609 5.0685 29.0109 5.3485 28.5009 5.3485C27.8109 5.3485 27.4409 4.9185 27.4409 4.3985C27.4409 3.1885 29.0209 2.3885 30.6109 2.3885C32.5009 2.3885 33.8109 3.4585 33.8109 4.9185C33.8109 6.1285 32.9909 6.5185 32.2209 7.0585C31.7909 7.3785 31.5109 7.6285 31.4209 8.0785C31.2509 8.5985 30.8209 8.8685 30.2409 8.8685ZM30.2309 11.8785C29.5009 11.8785 28.9409 11.3985 28.9409 10.6885C28.9409 10.0085 29.5209 9.5185 30.2309 9.5185C30.9809 9.5185 31.5309 10.0085 31.5309 10.6885C31.5109 11.3985 30.9809 11.8785 30.2309 11.8785ZM12.4309 30.0885C13.9009 30.0885 15.0809 28.9185 15.0809 27.4385C15.0809 25.9785 13.9009 24.7985 12.4309 24.7985C10.9809 24.7985 9.7909 25.9785 9.7909 27.4385C9.7909 28.9185 10.9809 30.0885 12.4309 30.0885ZM24.8309 30.0885C26.2909 30.0885 27.4709 28.9185 27.4709 27.4385C27.4709 25.9785 26.2909 24.7985 24.8309 24.7985C23.3609 24.7985 22.1709 25.9785 22.1709 27.4385C22.1709 28.9185 23.3609 30.0885 24.8309 30.0885Z","geometry":{"width":37.693359375,"height":30.091796875}}