{"path":"M30.5009 14.3985C34.4109 14.3985 37.6909 11.1185 37.6909 7.1885C37.6909 3.2385 34.4409 -0.0015 30.5009 -0.0015C26.5509 -0.0015 23.3009 3.2585 23.3009 7.1885C23.3009 11.1285 26.5509 14.3985 30.5009 14.3985ZM11.2609 22.9185H27.1009C27.9309 22.9185 28.6709 22.3085 28.6709 21.3785C28.6709 20.4685 27.9309 19.8685 27.1009 19.8685H11.6909C11.2209 19.8685 10.9409 19.5385 10.8709 19.0485L10.6609 17.6685H27.3409C28.5509 17.6685 29.4209 17.2285 30.0009 16.4185C28.1909 16.2685 26.5509 15.5285 25.2609 14.4085C25.1109 14.5285 24.9209 14.5985 24.6909 14.5985L10.2409 14.6185L9.3609 8.4885H21.3509C21.1909 7.4885 21.2009 6.4385 21.4009 5.4385H8.9309L8.7809 4.3585C8.5709 2.9685 7.9309 2.2585 6.2109 2.2585H1.7109C0.7909 2.2585 0.0009 3.0385 0.0009 3.9785C0.0009 4.9185 0.7909 5.6985 1.7109 5.6985H5.4509L7.4509 19.3285C7.7909 21.5585 9.0109 22.9185 11.2609 22.9185ZM30.5009 11.8385C29.8309 11.8385 29.3909 11.3985 29.3909 10.7585V8.2885H26.9509C26.3009 8.2885 25.8709 7.8485 25.8509 7.1885C25.8409 6.5385 26.2909 6.0985 26.9509 6.0985H29.3909V3.6485C29.3909 3.0085 29.8309 2.5685 30.5009 2.5585C31.1609 2.5585 31.5909 2.9985 31.5909 3.6485V6.0985H34.0609C34.7009 6.0985 35.1409 6.5385 35.1409 7.1885C35.1409 7.8485 34.7009 8.2885 34.0609 8.2885H31.5909V10.7585C31.5909 11.3985 31.1609 11.8385 30.5009 11.8385ZM12.4309 30.0885C13.9009 30.0885 15.0809 28.9185 15.0809 27.4385C15.0809 25.9785 13.9009 24.7985 12.4309 24.7985C10.9809 24.7985 9.7909 25.9785 9.7909 27.4385C9.7909 28.9185 10.9809 30.0885 12.4309 30.0885ZM24.8309 30.0885C26.2909 30.0885 27.4709 28.9185 27.4709 27.4385C27.4709 25.9785 26.2909 24.7985 24.8309 24.7985C23.3609 24.7985 22.1709 25.9785 22.1709 27.4385C22.1709 28.9185 23.3609 30.0885 24.8309 30.0885Z","geometry":{"width":37.693359375,"height":30.091796875}}