{"path":"M30.5009 14.396C34.4109 14.396 37.6909 11.116 37.6909 7.196C37.6909 3.256 34.4409 -0.004 30.5009 -0.004C26.5509 -0.004 23.3009 3.256 23.3009 7.196C23.3009 11.126 26.5509 14.396 30.5009 14.396ZM30.2409 8.876C29.6409 8.876 29.1309 8.556 29.1309 7.956V7.906C29.1309 7.196 29.5909 6.756 30.2109 6.316C30.9409 5.826 31.3509 5.536 31.3509 5.056C31.3509 4.636 31.0209 4.366 30.5309 4.366C30.0909 4.366 29.8009 4.556 29.5009 4.856C29.2609 5.086 29.0109 5.346 28.5009 5.346C27.8109 5.346 27.4409 4.936 27.4409 4.416C27.4409 3.186 29.0209 2.396 30.6109 2.396C32.5009 2.396 33.8109 3.476 33.8109 4.936C33.8109 6.136 32.9909 6.526 32.2209 7.066C31.7909 7.386 31.5109 7.626 31.4209 8.076C31.2509 8.616 30.8209 8.876 30.2409 8.876ZM11.2609 23.356H27.1009C27.9309 23.356 28.6709 22.746 28.6709 21.816C28.6709 20.906 27.9309 20.306 27.1009 20.306H11.6909C11.2209 20.306 10.9509 19.976 10.8709 19.486L10.6609 18.106H27.3409C28.7109 18.106 29.6809 17.586 30.2709 16.656L30.3909 16.446C25.2909 16.336 21.2309 12.226 21.2309 7.196C21.2309 6.756 21.2609 6.316 21.3309 5.876H8.9409L8.7809 4.796C8.5609 3.406 7.9309 2.696 6.2109 2.696H1.7109C0.7909 2.696 0.0009 3.476 0.0009 4.416C0.0009 5.356 0.7909 6.136 1.7109 6.136H5.4509L7.4509 19.766C7.7909 21.996 9.0109 23.356 11.2609 23.356ZM30.2309 11.876C29.5009 11.876 28.9409 11.406 28.9409 10.696C28.9409 10.006 29.5209 9.516 30.2309 9.516C30.9809 9.516 31.5309 10.006 31.5309 10.696C31.5109 11.406 30.9809 11.876 30.2309 11.876ZM9.7909 27.876C9.7909 29.356 10.9809 30.526 12.4309 30.526C13.9009 30.526 15.0809 29.356 15.0809 27.876C15.0809 26.416 13.9009 25.236 12.4309 25.236C10.9809 25.236 9.7909 26.416 9.7909 27.876ZM22.1709 27.876C22.1709 29.356 23.3609 30.526 24.8309 30.526C26.2909 30.526 27.4709 29.356 27.4709 27.876C27.4709 26.416 26.2909 25.236 24.8309 25.236C23.3609 25.236 22.1709 26.416 22.1709 27.876Z","geometry":{"width":37.693359375,"height":30.529296875}}