{"path":"M4.7737 28.4262H28.7537C31.8437 28.4262 33.5137 26.7662 33.5137 23.6962V10.1562C33.5137 7.0862 31.8437 5.4262 28.7537 5.4262H24.3237V3.8862C24.3237 1.2762 22.8437 -0.0038 20.0937 -0.0038H13.3937C10.7337 -0.0038 9.2037 1.2762 9.2037 3.8862V5.4262H4.7737C1.6637 5.4262 0.0037 7.0862 0.0037 10.1562V23.6962C0.0037 26.7662 1.6637 28.4262 4.7737 28.4262ZM12.3037 4.1562C12.3037 3.2862 12.7937 2.8062 13.7037 2.8062H19.8237C20.7137 2.8062 21.2037 3.2862 21.2037 4.1562V5.4262H12.3037ZM4.9937 25.1462C4.0437 25.1462 3.5237 24.6362 3.5237 23.6562V10.1962C3.5237 9.2162 4.0437 8.7062 4.9937 8.7062H28.5237C29.4737 8.7062 29.9837 9.2162 29.9837 10.1962V23.6562C29.9837 24.6362 29.4737 25.1462 28.5237 25.1462Z","geometry":{"width":33.509765625,"height":28.423828125}}