{"path":"M4.7737 28.4262H28.7537C31.8437 28.4262 33.5137 26.7662 33.5137 23.6962V10.1562C33.5137 7.0862 31.8437 5.4262 28.7537 5.4262H24.3237V3.8862C24.3237 1.2762 22.8437 -0.0038 20.0937 -0.0038H13.3937C10.7337 -0.0038 9.2037 1.2762 9.2037 3.8862V5.4262H4.7737C1.6637 5.4262 0.0037 7.0862 0.0037 10.1562V23.6962C0.0037 26.7662 1.6637 28.4262 4.7737 28.4262ZM12.3037 4.1562C12.3037 3.2862 12.7937 2.8062 13.7037 2.8062H19.8237C20.7137 2.8062 21.2037 3.2862 21.2037 4.1562V5.4262H12.3037Z","geometry":{"width":33.509765625,"height":28.423828125}}