{"path":"M4.8237 26.1377H21.3137C24.4437 26.1377 26.1437 24.4477 26.1437 21.3377V4.7977C26.1437 1.6977 24.4437 -0.0023 21.3137 -0.0023H4.8237C1.7137 -0.0023 0.0037 1.6977 0.0037 4.7977V21.3377C0.0037 24.4477 1.7137 26.1377 4.8237 26.1377ZM5.2137 22.6177C4.1137 22.6177 3.5237 22.0777 3.5237 20.9177V5.2377C3.5237 4.0777 4.1137 3.5277 5.2137 3.5277H20.9337C22.0237 3.5277 22.6137 4.0777 22.6137 5.2377V20.9177C22.6137 22.0777 22.0237 22.6177 20.9337 22.6177ZM7.6937 13.0577C7.6937 16.6777 9.5337 18.9477 12.5337 19.2777V20.1677C12.5337 20.5177 12.7937 20.7677 13.1437 20.7677C13.4837 20.7677 13.7437 20.5177 13.7437 20.1677V19.2777C15.7937 19.1377 17.3937 18.0377 17.9737 16.4377C18.0837 16.1777 18.1437 15.8977 18.1437 15.6377C18.1437 14.9277 17.6637 14.4477 16.9237 14.4477C16.3237 14.4477 15.9737 14.7277 15.7337 15.3277C15.4037 16.2577 14.6937 16.8677 13.7437 17.0377V9.1177C14.6437 9.2977 15.3437 9.9277 15.6637 10.8177C15.9237 11.4477 16.2737 11.6877 16.8837 11.6877C17.5937 11.6877 18.0637 11.2277 18.0437 10.5177C18.0437 10.1977 17.9637 9.8877 17.8137 9.5877C17.1337 8.0277 15.6537 7.0177 13.7437 6.8477V5.9777C13.7437 5.6177 13.4837 5.3777 13.1437 5.3777C12.7937 5.3777 12.5337 5.6177 12.5337 5.9777V6.8677C9.5737 7.1677 7.6937 9.4377 7.6937 13.0577ZM10.3737 13.0577C10.3737 10.9677 11.1737 9.5177 12.5337 9.1577V16.9777C11.1737 16.6277 10.3737 15.1877 10.3737 13.0577Z","geometry":{"width":26.140625,"height":26.140625}}