{"path":"M10.8837 30.3905C11.3337 30.3905 11.6937 30.0405 11.6937 29.5705V27.6705C16.0237 27.4705 19.3337 25.2505 20.5637 22.0005C20.7537 21.4905 20.8637 20.9705 20.8637 20.4705C20.8637 19.2105 20.0037 18.3705 18.7037 18.3705C17.6237 18.3705 17.0737 18.8705 16.5937 19.9505C15.7737 22.1905 14.0137 23.5805 11.6937 23.7705V6.6605C13.9437 6.9005 15.6437 8.3105 16.4637 10.4705C16.9637 11.5705 17.5537 12.0305 18.6437 12.0305C19.8937 12.0305 20.7037 11.2205 20.6837 9.9905C20.6837 9.3905 20.5337 8.7805 20.2437 8.1905C18.8137 5.0205 15.6837 2.9805 11.6937 2.7605V0.8205C11.6937 0.3705 11.3337 0.0005 10.8837 0.0005C10.4337 0.0005 10.0737 0.3705 10.0737 0.8205V2.7605C3.8137 3.1605 0.0037 7.7705 0.0037 15.1605C0.0037 22.6005 3.7637 27.2305 10.0737 27.6605V29.5705C10.0737 30.0405 10.4337 30.3905 10.8837 30.3905ZM4.8237 15.1105C4.8237 10.2505 6.7437 7.1405 10.0737 6.6705V23.7205C6.7637 23.1705 4.8237 20.0005 4.8237 15.1105Z","geometry":{"width":20.86328125,"height":30.392578125}}