{"path":"M9.2737 25.5506C9.7637 25.5506 10.0937 25.2406 10.0937 24.7006V22.5006C14.3037 22.2606 16.7037 19.9606 17.3537 17.7206C17.4037 17.4906 17.4637 17.2506 17.4637 16.9906C17.4637 15.8006 16.5437 15.0906 15.3537 15.0906C14.3737 15.0906 13.8337 15.6106 13.3937 16.3806C12.7437 17.7306 11.6737 18.6206 10.0937 18.8306V6.7106C11.6037 6.9306 12.7037 7.8206 13.3537 9.1506C13.7937 9.9406 14.3437 10.4406 15.3537 10.4406C16.5137 10.4406 17.4137 9.7206 17.4137 8.5406C17.4137 8.2806 17.3637 8.0506 17.3037 7.8206C16.6637 5.5906 14.1637 3.2906 10.0937 3.0206V0.8306C10.0937 0.3106 9.7637 0.0006 9.2737 0.0006C8.7737 0.0006 8.4637 0.3106 8.4637 0.8306V3.0306C3.2637 3.3806 0.0037 7.0506 0.0037 12.7606C0.0037 18.5406 3.2537 22.1506 8.4637 22.5006V24.7006C8.4637 25.2406 8.7737 25.5506 9.2737 25.5506ZM4.6437 12.7606C4.6437 9.1706 6.0537 7.1406 8.4637 6.7406V18.8006C6.0537 18.4006 4.6437 16.4106 4.6437 12.7606Z","geometry":{"width":17.458984375,"height":25.552734375}}