{"path":"M4.8237 26.1377H21.3137C24.4437 26.1377 26.1437 24.4477 26.1437 21.3377V4.7977C26.1437 1.6977 24.4437 -0.0023 21.3137 -0.0023H4.8237C1.7137 -0.0023 0.0037 1.6977 0.0037 4.7977V21.3377C0.0037 24.4477 1.7137 26.1377 4.8237 26.1377ZM5.2137 22.6177C4.1137 22.6177 3.5237 22.0777 3.5237 20.9177V5.2377C3.5237 4.0777 4.1137 3.5277 5.2137 3.5277H20.9337C22.0237 3.5277 22.6137 4.0777 22.6137 5.2377V20.9177C22.6137 22.0777 22.0237 22.6177 20.9337 22.6177ZM8.4037 13.0477C8.4037 15.8777 9.9837 17.6777 12.4737 17.9377V18.8077C12.4737 19.1977 12.7237 19.4377 13.0737 19.4377C13.4237 19.4377 13.6737 19.1977 13.6737 18.8077V17.9477C15.6937 17.7577 16.8437 16.6077 17.1437 15.5177C17.1737 15.4077 17.2137 15.2477 17.2137 15.0977C17.2137 14.4277 16.6937 13.9977 16.0237 13.9977C15.5737 13.9977 15.1937 14.2277 14.9137 14.7077C14.6737 15.2477 14.2637 15.6177 13.6737 15.7477V10.3677C14.2437 10.4977 14.6537 10.8677 14.8937 11.3877C15.1437 11.8377 15.4737 12.1177 16.0137 12.1177C16.6837 12.1177 17.1837 11.6877 17.1837 11.0077C17.1837 10.8377 17.1437 10.6477 17.0937 10.4877C16.6837 9.3277 15.5337 8.3377 13.6737 8.1577V7.2977C13.6737 6.9477 13.4237 6.6877 13.0737 6.6877C12.7237 6.6877 12.4737 6.9477 12.4737 7.2977V8.1777C9.9837 8.4177 8.4037 10.2577 8.4037 13.0477ZM11.0037 13.0477C11.0037 11.5677 11.5437 10.6477 12.4737 10.3777V15.7177C11.5437 15.4677 11.0037 14.5477 11.0037 13.0477Z","geometry":{"width":26.140625,"height":26.140625}}