{"path":"M4.8237 26.1377H21.3137C24.4437 26.1377 26.1437 24.4477 26.1437 21.3377V4.7977C26.1437 1.6977 24.4437 -0.0023 21.3137 -0.0023H4.8237C1.7137 -0.0023 0.0037 1.6977 0.0037 4.7977V21.3377C0.0037 24.4477 1.7137 26.1377 4.8237 26.1377ZM8.2337 13.0477C8.2337 10.0877 9.8737 8.1777 12.5137 7.8977V6.9977C12.5137 6.6177 12.7837 6.3477 13.1537 6.3477C13.5237 6.3477 13.7837 6.6177 13.7837 6.9977V7.8977C15.7337 8.0777 16.9437 9.1177 17.3737 10.3377C17.4337 10.5177 17.4837 10.7177 17.4837 10.8977C17.4837 11.6077 16.9437 12.0677 16.2237 12.0677C15.6637 12.0677 15.3137 11.7877 15.0437 11.3077C14.7937 10.7577 14.3737 10.3877 13.7837 10.2277V15.8877C14.3837 15.7377 14.8237 15.3577 15.0637 14.7977C15.3637 14.2877 15.7737 14.0277 16.2437 14.0277C16.9637 14.0277 17.5137 14.4877 17.5137 15.2077C17.5137 15.3677 17.4737 15.5277 17.4437 15.6377C17.1137 16.7977 15.9137 18.0077 13.7837 18.2077V19.1277C13.7837 19.5277 13.5237 19.7877 13.1537 19.7877C12.7837 19.7877 12.5137 19.5277 12.5137 19.1277V18.1977C9.8737 17.9277 8.2337 16.0277 8.2337 13.0477ZM10.9737 13.0477C10.9737 14.6177 11.5437 15.5677 12.5137 15.8577V10.2577C11.5437 10.5377 10.9737 11.4977 10.9737 13.0477Z","geometry":{"width":26.140625,"height":26.140625}}