{"path":"M3.2437 30.9003H3.5637C4.4337 30.9003 5.0337 30.3003 5.0337 29.4203V25.1003H16.2737V29.4203C16.2737 30.3003 16.8737 30.9003 17.7337 30.9003H18.0437C18.9237 30.9003 19.5237 30.3003 19.5237 29.4203V21.2003C20.7237 20.9903 21.3037 20.1903 21.3037 18.7803V16.3203C21.3037 14.6403 20.4837 13.8503 18.7437 13.8503H16.8137V10.8703H17.2637C19.0437 10.8703 19.8937 10.0503 19.8937 8.3103V2.5403C19.8937 0.8103 19.0437 0.0003 17.2637 0.0003H4.0337C2.2737 0.0003 1.4037 0.8103 1.4037 2.5403V8.3103C1.4037 10.0503 2.2737 10.8703 4.0337 10.8703H4.4837V13.8503H2.5737C0.8337 13.8503 0.0037 14.6403 0.0037 16.3203V18.7803C0.0037 20.1903 0.5837 20.9903 1.7737 21.2003V29.4203C1.7737 30.3003 2.3837 30.9003 3.2437 30.9003ZM5.0437 7.8503C4.6437 7.8503 4.4337 7.6303 4.4337 7.2603V3.6003C4.4337 3.2303 4.6437 3.0203 5.0437 3.0203H16.2537C16.6437 3.0203 16.8537 3.2303 16.8537 3.6003V7.2603C16.8537 7.6303 16.6437 7.8503 16.2537 7.8503ZM7.6337 13.8503V10.8703H13.6737V13.8503ZM3.8137 18.2503C3.5437 18.2503 3.3337 18.0703 3.3337 17.8003V17.3103C3.3337 17.0503 3.5437 16.8703 3.8137 16.8703H17.4837C17.7737 16.8703 17.9637 17.0503 17.9637 17.3103V17.8003C17.9637 18.0703 17.7737 18.2503 17.4837 18.2503ZM5.0337 22.4503V21.2703H16.2737V22.4503Z","geometry":{"width":21.30078125,"height":30.8984375}}