{"path":"M3.2437 30.9003H3.5637C4.4337 30.9003 5.0337 30.3003 5.0337 29.4203V25.1003H16.2737V29.4203C16.2737 30.3003 16.8737 30.9003 17.7337 30.9003H18.0437C18.9237 30.9003 19.5237 30.3003 19.5237 29.4203V21.2003C20.7237 20.9903 21.3037 20.1903 21.3037 18.7803V16.3203C21.3037 14.6403 20.4837 13.8503 18.7437 13.8503H16.8137V10.8703H17.2637C19.0437 10.8703 19.8937 10.0503 19.8937 8.3103V2.5403C19.8937 0.8103 19.0437 0.0003 17.2637 0.0003H4.0337C2.2737 0.0003 1.4037 0.8103 1.4037 2.5403V8.3103C1.4037 10.0503 2.2737 10.8703 4.0337 10.8703H4.4837V13.8503H2.5737C0.8337 13.8503 0.0037 14.6403 0.0037 16.3203V18.7803C0.0037 20.1903 0.5837 20.9903 1.7737 21.2003V29.4203C1.7737 30.3003 2.3837 30.9003 3.2437 30.9003ZM7.4737 13.8503V10.8703H13.8237V13.8503ZM5.0337 22.4503V21.2703H16.2737V22.4503Z","geometry":{"width":21.30078125,"height":30.8984375}}