{"path":"M21.9037 35.3041C23.9437 35.3041 25.6237 33.6241 25.6237 31.5841C25.6237 29.9541 24.5637 28.5641 23.1037 28.0541V25.2541C23.3337 25.1941 23.5537 25.1241 23.7637 25.0441C26.4137 27.0941 29.6937 26.9741 31.7237 25.3441C35.2437 28.0241 40.7937 26.0141 41.5237 21.9441C42.8237 21.5841 43.7937 20.3841 43.7937 18.9941C43.7937 17.3041 42.4137 15.9241 40.7237 15.9241C39.0337 15.9241 37.6537 17.2941 37.6537 18.9941C37.6537 20.0841 38.2437 21.0641 39.1337 21.6041C38.6637 23.9441 35.2737 24.9741 33.1637 23.4741C33.3837 22.9841 33.5337 22.4541 33.5937 21.8641C35.0637 21.3541 36.1437 19.9641 36.1437 18.3241C36.1437 16.2741 34.4537 14.5741 32.4037 14.5741C30.3537 14.5741 28.6537 16.2741 28.6537 18.3241C28.6537 19.9341 29.6937 21.3141 31.1437 21.8341C30.7437 23.9941 28.1637 24.8841 25.8837 23.5741C26.6837 22.6441 27.1837 21.4341 27.1837 20.1141C27.1837 17.6541 25.5137 15.5841 23.2437 14.9941V7.6741C26.1537 7.1641 28.6137 5.0441 28.6137 2.5441C28.6137 1.5841 28.0837 0.9541 26.8837 0.6041C25.4537 0.1741 23.7237 0.0041 21.9037 0.0041C20.0837 0.0041 18.3437 0.1741 16.9237 0.6041C15.7237 0.9541 15.2037 1.5841 15.2037 2.5441C15.2037 5.0441 17.6537 7.1641 20.5737 7.6741V14.9941C18.2937 15.5841 16.6237 17.6541 16.6237 20.1141C16.6237 21.4341 17.1037 22.6441 17.9137 23.5741C15.6237 24.8841 13.0437 23.9941 12.6437 21.8341C14.0837 21.3141 15.1337 19.9341 15.1337 18.3241C15.1337 16.2741 13.4437 14.5741 11.3937 14.5741C9.3337 14.5741 7.6437 16.2741 7.6437 18.3241C7.6437 19.9641 8.7237 21.3541 10.2037 21.8641C10.2537 22.4541 10.4037 22.9841 10.6137 23.4741C8.5137 24.9741 5.1237 23.9441 4.6637 21.6041C5.5537 21.0641 6.1437 20.0841 6.1437 18.9941C6.1437 17.2941 4.7537 15.9241 3.0637 15.9241C1.3837 15.9241 0.0037 17.3041 0.0037 18.9941C0.0037 20.3841 0.9737 21.5841 2.2737 21.9441C2.9937 26.0141 8.5437 28.0241 12.0737 25.3441C14.0937 26.9741 17.3737 27.0941 20.0337 25.0441C20.2437 25.1241 20.4637 25.1941 20.6837 25.2541V28.0541C19.2237 28.5641 18.1737 29.9541 18.1737 31.5841C18.1737 33.6241 19.8537 35.3041 21.9037 35.3041Z","geometry":{"width":43.791015625,"height":35.30078125}}