{"path":"M0.0037 25.6863C0.0037 26.4863 0.5237 27.0063 1.3137 27.0063H29.0437C30.0337 27.0063 30.8337 26.2763 30.8337 25.2563C30.8337 24.2163 30.0337 23.4862 29.0437 23.4862H3.8937C3.6337 23.4862 3.5237 23.3663 3.5237 23.1063V15.6563L8.7637 12.6363C9.2737 13.0262 9.9137 13.2763 10.6137 13.2763C11.1737 13.2763 11.6937 13.1263 12.1437 12.8563L14.6737 14.9663C14.6137 15.2063 14.5737 15.4363 14.5737 15.6963C14.5737 17.3063 15.8837 18.6063 17.5037 18.6063C19.1137 18.6063 20.4237 17.3063 20.4237 15.6963C20.4237 15.5963 20.4137 15.5063 20.4137 15.4263L26.2637 11.8963C26.7037 12.1563 27.2237 12.3063 27.7637 12.3063C29.3837 12.3063 30.6937 10.9963 30.6937 9.3763C30.6937 7.7663 29.3837 6.4662 27.7637 6.4662C26.1537 6.4662 24.8437 7.7663 24.8437 9.3763C24.8437 9.5163 24.8537 9.6363 24.8737 9.7463L19.0837 13.2363C18.6337 12.9462 18.0837 12.7663 17.5037 12.7663C17.0637 12.7663 16.6437 12.8663 16.2737 13.0463L13.5037 10.7363C13.5237 10.6063 13.5337 10.4863 13.5337 10.3663C13.5337 8.7463 12.2237 7.4363 10.6137 7.4363C9.0137 7.4363 7.7237 8.7063 7.6837 10.3063L3.5237 12.7163V1.7862C3.5237 0.7963 2.7937 -0.0038 1.7637 -0.0038C0.7337 -0.0038 0.0037 0.7963 0.0037 1.7862Z","geometry":{"width":30.830078125,"height":27.001953125}}