{"path":"M0.0037 25.6863C0.0037 26.4863 0.5237 27.0063 1.3137 27.0063H29.0437C30.0337 27.0063 30.8337 26.2763 30.8337 25.2563C30.8337 24.2163 30.0337 23.4862 29.0437 23.4862H3.8937C3.6337 23.4862 3.5237 23.3663 3.5237 23.1063V13.7563H20.3337V16.5163C20.3337 17.5863 21.4137 18.0363 22.3537 17.4862L29.5537 13.2363C30.4337 12.7263 30.4337 11.4963 29.5537 10.9763L22.3437 6.7563C21.4137 6.2063 20.3337 6.6763 20.3337 7.7363V10.4763H3.5237V1.7862C3.5237 0.7963 2.7937 -0.0038 1.7637 -0.0038C0.7337 -0.0038 0.0037 0.7963 0.0037 1.7862Z","geometry":{"width":30.830078125,"height":27.001953125}}