{"path":"M4.7837 30.0765H22.7137C23.6137 30.0765 24.2637 29.4265 24.2637 28.5165C24.2637 27.6765 23.7037 27.1965 23.0537 26.8265C21.4537 25.9765 21.1337 23.5065 22.8837 21.9865C23.8337 21.2365 24.2437 20.5465 24.2437 19.1265V4.8265C24.2437 1.7065 22.5437 -0.0035 19.4437 -0.0035H4.8037C1.6937 -0.0035 0.0037 1.6965 0.0037 4.8265V25.2765C0.0037 28.3865 1.6937 30.0765 4.7837 30.0765ZM19.0137 3.5265C20.1837 3.5265 20.7137 4.1165 20.7137 5.2065V18.5365C20.7137 19.0765 20.4137 19.3565 19.8637 19.3565H7.3037V3.5265ZM3.5237 19.7165V5.2065C3.5237 4.1465 4.0337 3.5665 5.1137 3.5265V19.3565C4.5237 19.3865 3.9937 19.5065 3.5237 19.7165ZM10.5537 16.8165C11.2537 16.8165 11.6937 16.4465 11.8837 15.6165L12.3737 14.1465H15.7137L16.1837 15.6165C16.3937 16.4465 16.8337 16.8165 17.5237 16.8165C18.3337 16.8165 18.8237 16.3365 18.8237 15.5765C18.8237 15.3365 18.7737 15.0565 18.6437 14.6665L16.1737 7.6565C15.8037 6.5465 15.0937 6.0165 14.0137 6.0165C12.9437 6.0165 12.2737 6.5365 11.9037 7.6565L9.4337 14.6665C9.3137 15.0565 9.2537 15.3365 9.2537 15.5565C9.2537 16.3365 9.7337 16.8165 10.5537 16.8165ZM12.8837 12.1865L13.9737 8.5165H14.0937L15.1937 12.1865ZM5.5137 26.9465C3.9337 26.9465 3.1537 25.9865 3.1537 24.7065C3.1537 23.4765 4.0237 22.4865 5.5737 22.4865H18.6337C18.7537 22.4865 18.8837 22.4765 18.9937 22.4665C18.2837 23.9365 18.3237 25.6065 19.0337 26.9465Z","geometry":{"width":24.267578125,"height":30.078125}}