{"path":"M7.0637 19.4665C10.2937 19.4665 12.7137 18.0765 13.9737 15.8065H14.1137C15.3037 18.1265 17.8837 19.5765 21.1537 19.5765C24.8037 19.5765 27.7037 18.1665 28.9037 15.7765C29.1037 15.3965 29.2137 14.9965 29.2137 14.6265C29.2137 13.5365 28.3937 12.8765 27.3737 12.8765C26.7437 12.8765 26.3137 13.0865 25.8237 13.5865C24.5137 15.3265 23.1637 16.0665 21.1537 16.0665C18.4037 16.0665 16.5837 14.0565 16.5837 11.1565V10.8565H27.4937C28.8237 10.8565 29.5737 10.1065 29.5737 8.7765C29.5737 3.7065 26.0837 -0.0035 21.2037 -0.0035C18.2837 -0.0035 16.1237 1.1865 14.9037 3.1065H14.7837C13.8537 1.2265 11.5837 -0.0035 8.5337 -0.0035C4.9337 -0.0035 1.9837 1.4665 1.1237 3.7565C0.9537 4.1465 0.8937 4.5165 0.8937 4.8965C0.8937 5.9765 1.7137 6.7165 2.8537 6.7165C3.6237 6.7165 4.2337 6.4265 4.7537 5.8065C5.8337 4.1865 6.9037 3.5865 8.6137 3.5865C10.7237 3.5865 12.1837 4.9265 12.1837 6.8065V7.9865L7.3237 8.2665C2.5537 8.5565 0.0037 10.4965 0.0037 13.8465C0.0037 17.1865 2.7037 19.4665 7.0637 19.4665ZM16.6237 7.9465C16.8137 5.3565 18.5437 3.5565 20.9437 3.5565C23.3537 3.5565 24.9237 5.3065 25.0237 7.9465ZM7.7337 16.1065C5.8637 16.1065 4.5237 15.0565 4.5237 13.5865C4.5237 12.1565 5.7837 11.2965 7.9037 11.1565L12.1837 10.8665V12.3065C12.1837 14.3865 10.2137 16.1065 7.7337 16.1065Z","geometry":{"width":29.572265625,"height":19.578125}}