{"path":"M1.3137 27.0063H29.0437C30.0337 27.0063 30.8337 26.2763 30.8337 25.2563C30.8337 24.2163 30.0337 23.4862 29.0437 23.4862H3.8937C3.6337 23.4862 3.5237 23.3663 3.5237 23.1063V1.7862C3.5237 0.7963 2.7937 -0.0038 1.7637 -0.0038C0.7337 -0.0038 0.0037 0.7963 0.0037 1.7862V25.6863C0.0037 26.4863 0.5237 27.0063 1.3137 27.0063ZM26.7037 8.3763C28.1237 8.3763 29.3137 7.1462 29.3137 5.7563C29.3137 4.3863 28.1237 3.1462 26.7037 3.1462C25.2637 3.1462 24.0737 4.3863 24.0737 5.7563C24.0737 7.1462 25.2637 8.3763 26.7037 8.3763ZM15.1437 10.3863C16.5737 10.3863 17.7637 9.1763 17.7637 7.7762C17.7637 6.3962 16.5737 5.1563 15.1437 5.1563C13.7137 5.1563 12.5237 6.3962 12.5237 7.7762C12.5237 9.1763 13.7137 10.3863 15.1437 10.3863ZM21.4637 17.1063C22.8837 17.1063 24.0737 15.8763 24.0737 14.4963C24.0737 13.1163 22.8837 11.8663 21.4637 11.8663C20.0337 11.8663 18.8437 13.1163 18.8437 14.4963C18.8437 15.8763 20.0337 17.1063 21.4637 17.1063ZM9.9137 19.1263C11.3337 19.1263 12.5237 17.8963 12.5237 16.5063C12.5237 15.1363 11.3337 13.8863 9.9137 13.8863C8.4737 13.8863 7.2837 15.1363 7.2837 16.5063C7.2837 17.8963 8.4737 19.1263 9.9137 19.1263Z","geometry":{"width":30.830078125,"height":27.001953125}}