{"path":"M8.3037 29.7795C8.9237 29.7795 9.4237 29.5195 10.1737 28.8295L15.3537 24.2295H23.8437C28.0237 24.2295 30.5437 21.6795 30.5437 17.5395V6.6995C30.5437 2.5395 28.0237 -0.0005 23.8437 -0.0005H6.7037C2.5137 -0.0005 0.0037 2.5395 0.0037 6.6995V17.5395C0.0037 21.6795 2.6837 24.2295 6.4637 24.2295H6.8537V28.1595C6.8537 29.1495 7.3937 29.7795 8.3037 29.7795ZM11.0337 18.6595C10.0237 18.6595 9.4237 18.0895 9.4237 17.1295C9.4237 16.8595 9.4737 16.5195 9.6437 16.0195L12.6737 7.4695C13.1237 6.0795 13.9637 5.4395 15.2537 5.4395C16.5837 5.4395 17.4637 6.0995 17.9137 7.4695L20.9337 16.0195C21.0937 16.5195 21.1537 16.8595 21.1537 17.1295C21.1537 18.0695 20.5537 18.6595 19.5337 18.6595C18.7037 18.6595 18.1537 18.2095 17.9137 17.1995L17.3237 15.4195H13.2437L12.6637 17.1995C12.4137 18.2295 11.8637 18.6595 11.0337 18.6595ZM13.8537 13.0595H16.7337L15.3537 8.4495H15.2137Z","geometry":{"width":30.54296875,"height":29.77734375}}