{"path":"M30.0637 26.0304H33.6337C35.9437 26.0304 37.2737 24.7204 37.2737 22.5004V3.5304C37.2737 1.3104 35.9437 0.0004 33.6337 0.0004H30.0637C27.7637 0.0004 26.4437 1.3104 26.4437 3.5404V22.5004C26.4437 24.7204 27.7637 26.0304 30.0637 26.0304ZM16.8437 26.0304H20.4137C22.7237 26.0304 24.0337 24.7204 24.0337 22.5004V7.5104C24.0337 5.2904 22.7237 3.9804 20.4137 3.9804H16.8437C14.5437 3.9804 13.2237 5.2904 13.2237 7.5204V22.5004C13.2237 24.7204 14.5437 26.0304 16.8437 26.0304ZM3.6237 26.0304H7.1937C9.5037 26.0304 10.8137 24.7204 10.8137 22.5004V11.5204C10.8137 9.3104 9.5037 8.0004 7.1937 8.0004H3.6237C1.3137 8.0004 0.0037 9.3104 0.0037 11.5404V22.5004C0.0037 24.7204 1.3137 26.0304 3.6237 26.0304Z","geometry":{"width":37.26953125,"height":26.03125}}