{"path":"M5.3437 -0.0023C2.2237 -0.0023 0.5237 1.6977 0.5237 4.7977V7.0777C0.5237 8.1477 1.2337 8.8577 2.2837 8.8577C3.3337 8.8577 4.0437 8.1477 4.0437 7.0777V5.2377C4.0437 4.0777 4.6237 3.5277 5.7237 3.5277H27.9337C29.0237 3.5277 29.6237 4.0777 29.6237 5.2377V7.0777C29.6237 8.1477 30.3337 8.8577 31.3937 8.8577C32.4537 8.8577 33.1537 8.1477 33.1537 7.0777V4.7977C33.1537 1.6977 31.4437 -0.0023 28.3237 -0.0023ZM12.7237 19.3977C13.5337 19.3977 14.0537 18.9677 14.3037 17.9877L14.8637 16.2577H18.8137L19.3837 17.9877C19.6237 18.9677 20.1437 19.3977 20.9637 19.3977C21.9137 19.3977 22.5037 18.8377 22.5037 17.9277C22.5037 17.6677 22.4337 17.3177 22.2837 16.8577L19.3637 8.5877C18.9337 7.2577 18.0837 6.6277 16.8137 6.6277C15.5537 6.6277 14.7537 7.2577 14.3137 8.5877L11.4037 16.8577C11.2337 17.3177 11.1837 17.6677 11.1837 17.9277C11.1837 18.8377 11.7537 19.3977 12.7237 19.3977ZM15.4737 13.9277L16.7637 9.5977H16.9137L18.2137 13.9277ZM2.2837 15.1477C3.5237 15.1477 4.5537 14.1277 4.5537 12.8677C4.5537 11.6177 3.5237 10.5977 2.2837 10.5977C1.0237 10.5977 0.0037 11.6177 0.0037 12.8677C0.0037 14.1277 1.0237 15.1477 2.2837 15.1477ZM31.3937 15.1477C32.6337 15.1477 33.6637 14.1277 33.6637 12.8677C33.6637 11.6177 32.6337 10.5977 31.3937 10.5977C30.1337 10.5977 29.1037 11.6077 29.1037 12.8677C29.1037 14.1277 30.1337 15.1477 31.3937 15.1477ZM5.3437 26.1377H28.3237C31.4437 26.1377 33.1537 24.4477 33.1537 21.3377V18.7077C33.1537 17.6377 32.4437 16.9077 31.3937 16.9077C30.3237 16.9077 29.6237 17.6377 29.6237 18.7077V20.9177C29.6237 22.0777 29.0237 22.6177 27.9337 22.6177H5.7237C4.6237 22.6177 4.0437 22.0777 4.0437 20.9177V18.7077C4.0437 17.6377 3.3337 16.9077 2.2837 16.9077C1.2337 16.9077 0.5237 17.6377 0.5237 18.7077V21.3377C0.5237 24.4477 2.2237 26.1377 5.3437 26.1377Z","geometry":{"width":33.66015625,"height":26.140625}}