{"path":"M4.7837 30.0765H22.7137C23.6137 30.0765 24.2637 29.4265 24.2637 28.5165C24.2637 27.6765 23.7037 27.1965 23.0537 26.8265C21.4537 25.9765 21.1337 23.5065 22.8837 21.9865C23.8337 21.2365 24.2437 20.5465 24.2437 19.1265V4.8265C24.2437 1.7065 22.5437 -0.0035 19.4437 -0.0035H4.8037C1.6937 -0.0035 0.0037 1.6965 0.0037 4.8265V25.2765C0.0037 28.3865 1.6937 30.0765 4.7837 30.0765ZM4.7737 20.0665C4.2837 20.0665 3.8537 19.6565 3.8537 19.1665V3.4965C3.8537 2.9965 4.2837 2.5865 4.7737 2.5865C5.2637 2.5865 5.6837 2.9965 5.6837 3.4965V19.1665C5.6837 19.6565 5.2637 20.0665 4.7737 20.0665ZM10.5537 16.5965C9.6837 16.5965 9.1737 16.0965 9.1737 15.2665C9.1737 15.0365 9.2237 14.7565 9.3637 14.3265L11.9537 6.9965C12.3437 5.8265 13.0537 5.2665 14.1637 5.2665C15.3137 5.2665 16.0537 5.8265 16.4337 6.9965L19.0337 14.3265C19.1637 14.7565 19.2137 15.0365 19.2137 15.2865C19.2137 16.0965 18.7037 16.5965 17.8437 16.5965C17.1137 16.5965 16.6537 16.1965 16.4437 15.3365L15.9437 13.8065H12.4537L11.9537 15.3365C11.7337 16.1965 11.2637 16.5965 10.5537 16.5965ZM12.9637 11.7865H15.4337L14.2637 7.8365H14.1337ZM5.5137 26.9465C3.9337 26.9465 3.1537 25.9865 3.1537 24.7065C3.1537 23.4765 4.0237 22.4865 5.5737 22.4865H18.6337C18.7537 22.4865 18.8837 22.4765 18.9937 22.4665C18.2837 23.9365 18.3237 25.6065 19.0337 26.9465Z","geometry":{"width":24.267578125,"height":30.078125}}