{"path":"M9.1337 17.8948C9.1337 18.8248 9.7437 19.4248 10.6737 19.4248H13.4237C14.3737 19.4248 14.9737 18.8248 14.9737 17.8948V1.5348C14.9737 0.5848 14.3737 0.0048 13.4237 0.0048H10.6737C9.7437 0.0048 9.1337 0.5848 9.1337 1.5348ZM16.4737 17.8948C16.4737 18.8248 17.0637 19.4248 18.0037 19.4248H20.7637C21.6937 19.4248 22.3137 18.8248 22.3137 17.8948V4.7848C22.3137 3.8548 21.6937 3.2548 20.7637 3.2548H18.0037C17.0637 3.2548 16.4737 3.8548 16.4737 4.7848ZM1.7937 17.8948C1.7937 18.8248 2.4037 19.4248 3.3337 19.4248H6.0837C7.0137 19.4248 7.6337 18.8248 7.6337 17.8948V7.4248C7.6337 6.4948 7.0137 5.8748 6.0837 5.8748H3.3337C2.4037 5.8748 1.7937 6.4948 1.7937 7.4248ZM23.8137 17.8948C23.8137 18.8248 24.4137 19.4248 25.3637 19.4248H28.1137C29.0437 19.4248 29.6537 18.8248 29.6537 17.8948V10.0048C29.6537 9.0748 29.0437 8.4748 28.1137 8.4748H25.3637C24.4137 8.4748 23.8137 9.0748 23.8137 10.0048ZM0.0037 23.3148C0.0037 24.3348 0.7937 25.0648 1.7937 25.0648H29.6537C30.6637 25.0648 31.4437 24.3348 31.4437 23.3148C31.4437 22.2748 30.6637 21.5448 29.6537 21.5448H1.7937C0.7937 21.5448 0.0037 22.2748 0.0037 23.3148Z","geometry":{"width":31.4453125,"height":25.060546875}}