{"path":"M20.7037 30.1648H28.5437C29.5137 30.1648 30.0237 29.7048 30.0237 28.9148C30.0237 28.1048 29.5137 27.6848 28.5437 27.6848H26.0837V2.4648H28.5437C29.5137 2.4648 30.0237 2.0248 30.0237 1.2048C30.0237 0.4248 29.5137 0.0048 28.5437 0.0048H20.7037C19.7237 0.0048 19.2237 0.4248 19.2237 1.2048C19.2237 2.0248 19.7237 2.4648 20.7037 2.4648H23.2537V27.6848H20.7037C19.7237 27.6848 19.2237 28.1048 19.2237 28.9148C19.2237 29.7048 19.7237 30.1648 20.7037 30.1648ZM2.1337 25.5948C3.3737 25.5948 4.0437 25.0448 4.4037 23.7348L5.5137 20.5048H12.7837L13.8737 23.7348C14.2437 25.0448 14.9137 25.5948 16.1637 25.5948C17.5137 25.5948 18.3937 24.7748 18.3937 23.5248C18.3937 23.0348 18.3037 22.6448 18.1437 22.1348L12.7537 7.2048C12.1837 5.5248 11.0437 4.7148 9.1737 4.7148C7.4137 4.7148 6.2737 5.5348 5.7037 7.1948L0.2337 22.2948C0.0637 22.7748 0.0037 23.1848 0.0037 23.5848C0.0037 24.8248 0.8037 25.5948 2.1337 25.5948ZM6.4437 17.1848L9.1037 8.9248H9.2037L11.8637 17.1848Z","geometry":{"width":30.0234375,"height":30.16015625}}