{"path":"M9.9437 30.3742C15.4937 30.3742 19.8637 26.0042 19.8637 20.4542V6.0142C20.8037 5.4542 21.4237 4.4342 21.4237 3.2442C21.4237 1.4342 20.0037 0.0042 18.1937 0.0042C16.3837 0.0042 14.9537 1.4342 14.9537 3.2442C14.9537 4.4342 15.5737 5.4542 16.5137 6.0142V12.9442C14.7837 11.4142 12.4737 10.4842 9.9137 10.4842C4.3637 10.4842 0.0037 14.8742 0.0037 20.4542C0.0037 26.0042 4.3737 30.3742 9.9437 30.3742ZM9.9437 27.0342C6.2337 27.0342 3.3337 24.1542 3.3337 20.4542C3.3337 16.7342 6.2237 13.8342 9.9137 13.8342C13.6137 13.8342 16.5137 16.7342 16.5137 20.4542C16.5137 24.1542 13.6337 27.0342 9.9437 27.0342Z","geometry":{"width":21.423828125,"height":30.37890625}}