{"path":"M0.0037 25.2702C0.0037 28.4002 1.6937 30.0902 4.8037 30.0902H19.4437C22.5437 30.0902 24.2437 28.4002 24.2437 25.2702V4.8302C24.2437 1.7102 22.5437 0.0002 19.4437 0.0002H4.8037C1.6937 0.0002 0.0037 1.7102 0.0037 4.8302ZM3.5237 24.8802V5.2202C3.5237 4.1202 4.0637 3.5302 5.2237 3.5302H19.0137C20.1837 3.5302 20.7137 4.1202 20.7137 5.2202V24.8802C20.7137 25.9802 20.1837 26.5602 19.0137 26.5602H5.2237C4.0637 26.5602 3.5237 25.9802 3.5237 24.8802ZM6.2937 5.4802C5.6737 5.4802 5.2737 5.8902 5.2737 6.5102V8.4202C5.2737 9.0502 5.6737 9.4602 6.2937 9.4602H13.9037C14.5237 9.4602 14.9137 9.0502 14.9137 8.4202V6.5102C14.9137 5.8902 14.5237 5.4802 13.9037 5.4802ZM6.2937 10.5002C5.6737 10.5002 5.2737 10.9002 5.2737 11.5302V13.4402C5.2737 14.0702 5.6737 14.4602 6.2937 14.4602H17.9637C18.5837 14.4602 18.9637 14.0702 18.9637 13.4402V11.5302C18.9637 10.9002 18.5837 10.5002 17.9637 10.5002ZM6.2937 15.5202C5.6737 15.5202 5.2737 15.9002 5.2737 16.5302V18.4602C5.2737 19.0902 5.6737 19.4802 6.2937 19.4802H15.7537C16.3637 19.4802 16.7637 19.0902 16.7637 18.4602V16.5302C16.7637 15.9002 16.3637 15.5202 15.7537 15.5202ZM6.2937 20.5202C5.6737 20.5202 5.2737 20.9302 5.2737 21.5602V23.4702C5.2737 24.0902 5.6737 24.5002 6.2937 24.5002H12.1037C12.7037 24.5002 13.1137 24.0902 13.1137 23.4702V21.5602C13.1137 20.9302 12.7037 20.5202 12.1037 20.5202Z","geometry":{"width":24.240234375,"height":30.091796875}}