{"path":"M9.0237 29.6795C9.9537 29.6795 10.6937 29.2895 11.8437 28.2895L16.4637 24.2395H23.8437C28.0237 24.2395 30.5437 21.6795 30.5437 17.5395V6.6995C30.5437 2.5395 28.0237 -0.0005 23.8437 -0.0005H6.7037C2.5137 -0.0005 0.0037 2.5395 0.0037 6.6995V17.5395C0.0037 21.6795 2.6837 24.2395 6.4637 24.2395H6.8537V27.2795C6.8537 28.7695 7.6737 29.6795 9.0237 29.6795ZM9.8737 25.7695V21.9795C9.8737 21.0595 9.4337 20.7095 8.6037 20.7095H6.9137C4.6337 20.7095 3.5237 19.5595 3.5237 17.3195V6.8995C3.5237 4.6595 4.6337 3.5295 6.9137 3.5295H23.6237C25.8937 3.5295 27.0137 4.6595 27.0137 6.8995V17.3195C27.0137 19.5595 25.8937 20.7095 23.6237 20.7095H16.2037C15.2537 20.7095 14.8337 20.8895 14.1537 21.5695ZM11.1737 18.4695C11.9737 18.4695 12.4937 18.0295 12.7237 17.0495L13.3037 15.3095H17.2537L17.8237 17.0495C18.0637 18.0195 18.5837 18.4695 19.4037 18.4695C20.3537 18.4695 20.9437 17.9095 20.9437 16.9895C20.9437 16.7195 20.8737 16.3895 20.7237 15.9295L17.8037 7.6395C17.3637 6.3295 16.5337 5.6995 15.2437 5.6995C14.0037 5.6995 13.1937 6.3195 12.7537 7.6395L9.8337 15.9295C9.6837 16.3895 9.6137 16.7195 9.6137 16.9895C9.6137 17.9095 10.2037 18.4695 11.1737 18.4695ZM13.9137 12.9895L15.2037 8.6495H15.3537L16.6437 12.9895Z","geometry":{"width":30.54296875,"height":29.681640625}}