{"path":"M0.0037 25.6863C0.0037 26.4863 0.5237 27.0063 1.3137 27.0063H29.0437C30.0337 27.0063 30.8337 26.2763 30.8337 25.2563C30.8337 24.2163 30.0337 23.4862 29.0437 23.4862H3.8937C3.6537 23.4862 3.5237 23.3663 3.5237 23.1063V8.7762L7.1337 12.4663C7.8737 13.2163 8.5537 13.5063 9.3137 13.5063C10.0737 13.5063 10.7837 13.2063 11.4837 12.4663L16.1037 7.6063C16.2137 7.4763 16.3537 7.4263 16.4437 7.4263C16.5537 7.4263 16.6937 7.4763 16.7937 7.5863L21.9737 12.9163L20.0537 14.8463C19.3037 15.5963 19.7437 16.6763 20.7937 16.9563L28.8937 19.0563C29.8637 19.3163 30.7437 18.4463 30.4837 17.4763L28.3837 9.3663C28.0937 8.3163 27.0037 7.8863 26.2537 8.6263L24.2837 10.6063L18.6037 4.8962C17.8937 4.1663 17.2037 3.8463 16.4437 3.8463C15.6837 3.8463 14.9537 4.1663 14.2737 4.8962L9.6537 9.7663C9.5437 9.8863 9.4037 9.9363 9.2937 9.9363C9.2037 9.9363 9.0637 9.8663 8.9537 9.7663L3.5237 4.1062V1.7862C3.5237 0.7963 2.8037 -0.0038 1.7637 -0.0038C0.7337 -0.0038 0.0037 0.7963 0.0037 1.7862Z","geometry":{"width":30.830078125,"height":27.001953125}}