{"path":"M9.0237 29.6795C9.9537 29.6795 10.6937 29.2895 11.8437 28.2895L16.4637 24.2395H23.8437C28.0237 24.2395 30.5437 21.6795 30.5437 17.5395V6.6995C30.5437 2.5395 28.0237 -0.0005 23.8437 -0.0005H6.7037C2.5137 -0.0005 0.0037 2.5395 0.0037 6.6995V17.5395C0.0037 21.6795 2.6837 24.2395 6.4637 24.2395H6.8537V27.2795C6.8537 28.7695 7.6737 29.6795 9.0237 29.6795ZM9.8737 25.7695V21.9795C9.8737 21.0595 9.4337 20.7095 8.6037 20.7095H6.9137C4.6337 20.7095 3.5237 19.5595 3.5237 17.3195V6.8995C3.5237 4.6595 4.6337 3.5295 6.9137 3.5295H23.6237C25.8937 3.5295 27.0137 4.6595 27.0137 6.8995V17.3195C27.0137 19.5595 25.8937 20.7095 23.6237 20.7095H16.2037C15.2537 20.7095 14.8337 20.8895 14.1537 21.5695ZM13.8537 18.6395C14.4137 18.6395 14.9137 18.3495 15.2337 17.8595L21.1137 8.7895C21.3237 8.4595 21.4637 8.1095 21.4637 7.7795C21.4637 6.9895 20.7637 6.4295 20.0037 6.4295C19.4837 6.4295 19.0537 6.6895 18.7337 7.2295L13.8237 15.1395L11.5437 12.3295C11.1937 11.9095 10.8237 11.7295 10.3737 11.7295C9.5837 11.7295 8.9437 12.3695 8.9437 13.1695C8.9437 13.5495 9.0637 13.8595 9.3537 14.2195L12.4037 17.8695C12.8137 18.3795 13.2737 18.6395 13.8537 18.6395Z","geometry":{"width":30.54296875,"height":29.681640625}}