{"path":"M11.8708 28.176C12.1408 28.176 12.5408 28.056 12.9108 27.876C20.9008 23.706 23.7508 21.536 23.7508 16.556V6.436C23.7508 4.486 23.0908 3.696 21.4008 2.966C20.0408 2.396 15.0708 0.726 13.7908 0.316C13.1908 0.126 12.4508 -0.004 11.8708 -0.004C11.2808 -0.004 10.5408 0.146 9.9408 0.316C8.6808 0.666 3.6908 2.406 2.3508 2.966C0.6408 3.696 0.0008 4.486 0.0008 6.436V16.556C0.0008 21.536 2.8308 23.696 10.8408 27.876C11.2008 28.056 11.5908 28.176 11.8708 28.176ZM11.8708 24.596C11.7208 24.596 11.5508 24.546 11.1808 24.326C5.0408 20.536 3.2508 19.676 3.2508 16.036V6.886C3.2508 6.376 3.3808 6.166 3.7608 6.006C5.6908 5.226 9.4508 3.996 10.8508 3.456C11.3208 3.306 11.5908 3.236 11.8708 3.236C12.1408 3.236 12.4108 3.306 12.8808 3.456C14.3008 3.996 18.0208 5.276 19.9708 6.006C20.3608 6.156 20.4808 6.376 20.4808 6.886V16.036C20.4808 19.746 18.5008 20.786 12.5508 24.326C12.1808 24.546 12.0308 24.596 11.8708 24.596ZM10.4408 19.766C11.0108 19.766 11.5108 19.486 11.8308 18.986L17.7008 9.926C17.9208 9.596 18.0608 9.246 18.0608 8.916C18.0608 8.126 17.3608 7.556 16.5808 7.556C16.0808 7.556 15.6508 7.816 15.3108 8.376L10.4008 16.266L8.1308 13.466C7.7908 13.046 7.4208 12.866 6.9708 12.866C6.1808 12.866 5.5408 13.506 5.5408 14.296C5.5408 14.686 5.6608 14.996 5.9508 15.356L9.0008 19.006C9.4108 19.506 9.8608 19.766 10.4408 19.766Z","geometry":{"width":23.748046875,"height":28.177734375}}