{"path":"M0.0037 25.2702C0.0037 28.4002 1.6937 30.0902 4.8037 30.0902H19.4437C22.5437 30.0902 24.2437 28.4002 24.2437 25.2702V4.8302C24.2437 1.7102 22.5437 0.0002 19.4437 0.0002H4.8037C1.6937 0.0002 0.0037 1.7102 0.0037 4.8302ZM10.6237 21.9202C10.0037 21.9202 9.5337 21.6402 9.0937 21.1102L5.8837 17.2802C5.5637 16.9002 5.4437 16.5602 5.4437 16.1502C5.4437 15.3102 6.1237 14.6402 6.9637 14.6402C7.4537 14.6402 7.8337 14.8302 8.2037 15.2702L10.5837 18.2002L15.9137 9.7302C16.2737 9.1602 16.7237 8.8702 17.2537 8.8702C18.0737 8.8702 18.8237 9.4702 18.8237 10.3202C18.8237 10.6602 18.6937 11.0302 18.4437 11.3902L12.1037 21.0802C11.7437 21.6202 11.2137 21.9202 10.6237 21.9202Z","geometry":{"width":24.240234375,"height":30.091796875}}