{"path":"M14.4327 28.8886C16.2927 28.8886 18.1027 28.5186 19.7527 27.8586C18.9127 26.9786 18.2527 25.8986 17.8727 24.7186C16.7927 25.0886 15.6427 25.2886 14.4327 25.2886C8.4227 25.2886 3.5927 20.4486 3.5927 14.4386C3.5927 8.4386 8.4227 3.5986 14.4227 3.5986C19.7527 3.5986 24.1827 7.4386 25.0927 12.5186C26.2227 12.2786 27.5927 12.3186 28.7627 12.6586C27.8627 5.5686 21.7427 -0.0014 14.4227 -0.0014C6.5127 -0.0014 0.0027 6.5186 0.0027 14.4386C0.0027 22.3686 6.5127 28.8886 14.4327 28.8886ZM13.0027 20.9486C13.5627 20.9486 14.0727 20.6586 14.3827 20.1686L20.2627 11.0986C20.4827 10.7686 20.6127 10.4286 20.6127 10.0986C20.6127 9.2986 19.9027 8.7386 19.1427 8.7386C18.6327 8.7386 18.2127 9.0086 17.8727 9.5586L12.9627 17.4586L10.6927 14.6586C10.3527 14.2286 9.9827 14.0586 9.5127 14.0586C8.7327 14.0586 8.0827 14.6786 8.0827 15.4786C8.0827 15.8586 8.2127 16.1886 8.5027 16.5386L11.5527 20.1886C11.9627 20.6886 12.4127 20.9486 13.0027 20.9486ZM26.5127 28.8086C30.4327 28.8086 33.7127 25.5286 33.7127 21.5986C33.7127 17.6686 30.4627 14.4086 26.5127 14.4086C22.5727 14.4086 19.3227 17.6686 19.3227 21.5986C19.3227 25.5386 22.5727 28.8086 26.5127 28.8086ZM24.7427 24.9886C24.3227 25.4286 23.5927 25.3786 23.1727 24.9686C22.7327 24.5386 22.7127 23.8186 23.1327 23.3786L24.9527 21.5886L23.2427 19.8686C22.8227 19.4386 22.8227 18.7286 23.2427 18.3186C23.6527 17.8986 24.3627 17.9086 24.7727 18.3186L26.4927 20.0286L28.3127 18.2286C28.7427 17.7886 29.4527 17.8286 29.8727 18.2686C30.2827 18.6886 30.3427 19.3886 29.9027 19.8286L28.0927 21.6286L29.8027 23.3386C30.2327 23.7786 30.2327 24.4586 29.8027 24.8686C29.3827 25.2886 28.6827 25.3086 28.2627 24.8786L26.5527 23.1786Z","geometry":{"width":33.71484375,"height":28.888671875}}