{"path":"M7.5744 27.9695H10.4444C10.6844 27.9695 10.8444 28.0295 11.0044 28.2095L13.0444 30.2295C14.9144 32.0995 16.7044 32.0895 18.5844 30.2295L20.6044 28.2095C20.7844 28.0295 20.9444 27.9695 21.1844 27.9695H24.0544C26.6844 27.9695 27.9644 26.6895 27.9644 24.0495V21.1795C27.9644 20.9495 28.0244 20.7795 28.1944 20.6195L30.2144 18.5795C32.0944 16.7195 32.0944 14.9195 30.2144 13.0395L28.1944 11.0195C28.0144 10.8395 27.9644 10.6795 27.9644 10.4595V7.5895C27.9644 4.9495 26.6844 3.6595 24.0544 3.6595H21.1844C20.9444 3.6595 20.7844 3.5995 20.6044 3.4295L18.5844 1.4095C16.7044 -0.4805 14.9144 -0.4605 13.0444 1.4195L11.0044 3.4295C10.8444 3.5995 10.6844 3.6595 10.4444 3.6595H7.5744C4.9344 3.6595 3.6644 4.9195 3.6644 7.5895V10.4595C3.6644 10.6795 3.5944 10.8595 3.4344 11.0195L1.4144 13.0395C-0.4756 14.9195 -0.4656 16.7195 1.4144 18.5795L3.4344 20.6195C3.5944 20.7795 3.6644 20.9495 3.6644 21.1795V24.0495C3.6644 26.6895 4.9344 27.9695 7.5744 27.9695ZM14.3044 22.6795C13.7044 22.6795 13.2044 22.3995 12.7744 21.8795L9.5744 18.0295C9.2544 17.6595 9.1244 17.3095 9.1244 16.9095C9.1244 16.0595 9.8044 15.3995 10.6544 15.3995C11.1444 15.3995 11.5144 15.5895 11.8844 16.0395L14.2744 18.9595L19.5944 10.4995C19.9644 9.9295 20.4044 9.6295 20.9444 9.6295C21.7644 9.6295 22.5044 10.2295 22.5044 11.0695C22.5044 11.4195 22.3644 11.7995 22.1344 12.1395L15.7744 21.8495C15.4244 22.3695 14.9044 22.6795 14.3044 22.6795Z","geometry":{"width":31.62134255146066,"height":31.62819709886007}}