{"path":"M0.0008 16.556C0.0008 21.536 2.8308 23.696 10.8408 27.876C11.2008 28.056 11.5908 28.176 11.8708 28.176C12.1408 28.176 12.5408 28.056 12.9108 27.876C20.9008 23.706 23.7508 21.536 23.7508 16.556V6.436C23.7508 4.486 23.0908 3.696 21.4008 2.966C20.0408 2.396 15.0708 0.726 13.7908 0.316C13.1908 0.126 12.4508 -0.004 11.8708 -0.004C11.2808 -0.004 10.5408 0.146 9.9408 0.316C8.6808 0.666 3.6908 2.406 2.3508 2.966C0.6408 3.696 0.0008 4.486 0.0008 6.436ZM3.2508 16.036V13.796H11.8508V3.236C12.1408 3.236 12.4108 3.306 12.8808 3.456C14.3008 3.996 18.0208 5.276 19.9708 6.006C20.3608 6.156 20.4808 6.376 20.4808 6.886V13.796H11.8708V24.596C11.7208 24.596 11.5508 24.546 11.1808 24.326C5.0408 20.536 3.2508 19.676 3.2508 16.036Z","geometry":{"width":23.748046875,"height":28.177734375}}