{"path":"M4.8237 26.1377H27.8037C30.9437 26.1377 32.6337 24.4477 32.6337 21.3377V4.7977C32.6337 1.6977 30.9437 -0.0023 27.8037 -0.0023H4.8237C1.7137 -0.0023 0.0037 1.6977 0.0037 4.7977V21.3377C0.0037 24.4477 1.7137 26.1377 4.8237 26.1377ZM14.8237 19.9377C14.2037 19.9377 13.7237 19.6577 13.2937 19.1277L10.0737 15.2977C9.7637 14.9177 9.6437 14.5777 9.6437 14.1777C9.6437 13.3277 10.3237 12.6577 11.1537 12.6577C11.6437 12.6577 12.0337 12.8477 12.4037 13.2977L14.7837 16.2277L20.1137 7.7477C20.4637 7.1777 20.9137 6.8877 21.4537 6.8877C22.2737 6.8877 23.0237 7.4877 23.0237 8.3377C23.0237 8.6777 22.8837 9.0677 22.6437 9.4077L16.2937 19.1177C15.9437 19.6377 15.4037 19.9377 14.8237 19.9377Z","geometry":{"width":32.634765625,"height":26.140625}}