{"path":"M1.6607 19.5129L12.6807 30.5129C14.8807 32.7129 17.2807 32.7329 19.4907 30.5329L30.5207 19.4829C32.7207 17.2929 32.7207 14.8929 30.5007 12.6729L19.5007 1.6729C17.2807 -0.5471 14.8907 -0.5571 12.6907 1.6529L1.6407 12.6829C-0.5593 14.8929 -0.5393 17.2929 1.6607 19.5129ZM14.5807 22.9529C13.9607 22.9529 13.4807 22.6829 13.0507 22.1529L9.8307 18.3229C9.5207 17.9329 9.4007 17.5929 9.4007 17.2029C9.4007 16.3529 10.0807 15.6829 10.9107 15.6829C11.4107 15.6829 11.7907 15.8729 12.1607 16.3129L14.5407 19.2529L19.8707 10.7729C20.2207 10.2029 20.6707 9.9129 21.2107 9.9129C22.0307 9.9129 22.7807 10.5129 22.7807 11.3629C22.7807 11.7029 22.6407 12.0729 22.4007 12.4229L16.0507 22.1329C15.7007 22.6529 15.1607 22.9529 14.5807 22.9529Z","geometry":{"width":32.16823278097361,"height":32.17337158969121}}