{"path":"M6.2637 12.5115C9.6837 12.5115 12.5137 9.6915 12.5137 6.2615C12.5137 2.8315 9.6937 0.0015 6.2637 0.0015C2.8137 0.0015 0.0037 2.8315 0.0037 6.2615C0.0037 9.6915 2.8137 12.5115 6.2637 12.5115ZM5.5137 9.6415C5.1837 9.6415 4.9237 9.4615 4.7037 9.2015L3.1737 7.3815C3.0037 7.1815 2.9437 7.0115 2.9437 6.7815C2.9437 6.2915 3.3037 5.9215 3.7737 5.9215C4.0737 5.9215 4.2537 6.0415 4.4537 6.2915L5.4937 7.5215L7.9137 3.6515C8.1237 3.3215 8.3637 3.1715 8.6837 3.1715C9.1637 3.1715 9.5537 3.5315 9.5537 3.9815C9.5537 4.1715 9.5037 4.3515 9.3537 4.5815L6.3337 9.1715C6.1437 9.4615 5.8337 9.6415 5.5137 9.6415ZM17.2937 7.7615H31.0937C31.9237 7.7615 32.6037 7.1115 32.6037 6.2615C32.6037 5.4315 31.9237 4.7615 31.0937 4.7615H17.2937C16.4637 4.7615 15.7937 5.4315 15.7937 6.2615C15.7937 7.1115 16.4637 7.7615 17.2937 7.7615ZM6.2637 28.2915C9.6937 28.2915 12.5137 25.4615 12.5137 22.0215C12.5137 18.5915 9.6937 15.7615 6.2637 15.7615C2.8137 15.7615 0.0037 18.5915 0.0037 22.0215C0.0037 25.4615 2.8137 28.2915 6.2637 28.2915ZM6.2637 25.3915C4.4337 25.3915 2.8937 23.8615 2.8937 22.0215C2.8937 20.1915 4.4337 18.6615 6.2637 18.6615C8.0937 18.6615 9.6237 20.1915 9.6237 22.0215C9.6237 23.8615 8.0937 25.3915 6.2637 25.3915ZM17.2937 23.6015H31.0937C31.9237 23.6015 32.6037 22.9315 32.6037 22.0915C32.6037 21.2615 31.9237 20.5915 31.0937 20.5915H17.2937C16.4637 20.5915 15.7937 21.2615 15.7937 22.0915C15.7937 22.9315 16.4637 23.6015 17.2937 23.6015Z","geometry":{"width":32.607421875,"height":28.287109375}}