{"path":"M27.7927 25.1431C32.2627 25.1431 35.8227 21.8331 35.8227 17.7031C35.8227 14.7431 34.1627 12.0131 31.3927 10.8731C31.3727 4.5531 26.8127 0.0031 20.8627 0.0031C17.3227 0.0031 14.4627 1.7231 12.6227 4.3331C8.9827 3.5031 5.3727 6.1231 5.1427 10.0231C1.9527 10.6731 0.0027 13.5731 0.0027 17.1131C0.0027 21.5031 3.8427 25.1431 8.7927 25.1431ZM16.8827 19.1531C16.3427 19.1531 15.9027 18.9131 15.5327 18.4531L12.4727 14.7631C12.1927 14.4231 12.0727 14.1131 12.0727 13.7631C12.0727 12.9931 12.7027 12.3831 13.4627 12.3831C13.9227 12.3831 14.2827 12.5931 14.5727 12.9631L16.8527 15.7631L21.2627 8.4931C21.5727 7.9731 22.0027 7.7131 22.4927 7.7131C23.2527 7.7131 23.9127 8.2831 23.9127 9.0231C23.9127 9.3531 23.7627 9.6931 23.5827 9.9631L18.1927 18.4131C17.8927 18.8931 17.4227 19.1531 16.8827 19.1531Z","geometry":{"width":35.8203125,"height":25.142578125}}