{"path":"M4.8237 26.1377H21.3137C24.4437 26.1377 26.1437 24.4477 26.1437 21.3377V4.7977C26.1437 1.6977 24.4437 -0.0023 21.3137 -0.0023H4.8237C1.7137 -0.0023 0.0037 1.6977 0.0037 4.7977V21.3377C0.0037 24.4477 1.7137 26.1377 4.8237 26.1377ZM5.2137 22.6177C4.1137 22.6177 3.5237 22.0777 3.5237 20.9177V5.2377C3.5237 4.0777 4.1137 3.5277 5.2137 3.5277H20.9337C22.0237 3.5277 22.6137 4.0777 22.6137 5.2377V20.9177C22.6137 22.0777 22.0237 22.6177 20.9337 22.6177ZM11.6437 19.5677C12.2137 19.5677 12.7137 19.2777 13.0437 18.7877L18.9037 9.7177C19.1237 9.3877 19.2737 9.0477 19.2737 8.7177C19.2737 7.9177 18.5637 7.3577 17.8037 7.3577C17.2937 7.3577 16.8537 7.6277 16.5337 8.1777L11.6237 16.0777L9.3337 13.2777C8.9937 12.8477 8.6237 12.6777 8.1737 12.6777C7.3837 12.6777 6.7437 13.2977 6.7437 14.0977C6.7437 14.4777 6.8637 14.8077 7.1537 15.1577L10.2137 18.8077C10.6137 19.3077 11.0737 19.5677 11.6437 19.5677Z","geometry":{"width":26.140625,"height":26.140625}}