{"path":"M11.6657 27.672C11.9357 27.672 12.3157 27.562 12.6857 27.382C20.6057 23.422 23.3257 21.152 23.3257 16.252V6.312C23.3257 4.402 22.6957 3.622 21.0157 2.912C19.6857 2.362 14.8057 0.702 13.5657 0.302C12.9757 0.122 12.2457 0.002 11.6657 0.002C11.0757 0.002 10.3657 0.132 9.7757 0.302C8.5157 0.682 3.6357 2.362 2.3057 2.912C0.6457 3.612 -0.0043 4.402 -0.0043 6.312V16.252C-0.0043 21.152 2.8057 23.282 10.6457 27.382C11.0057 27.572 11.3857 27.672 11.6657 27.672ZM10.1557 19.962C9.5457 19.962 9.0657 19.672 8.6257 19.152L5.4257 15.312C5.1157 14.942 4.9757 14.592 4.9757 14.192C4.9757 13.342 5.6557 12.672 6.5057 12.672C6.9957 12.672 7.3657 12.862 7.7357 13.312L10.1357 16.242L15.4457 7.782C15.8157 7.202 16.2557 6.922 16.7857 6.922C17.6257 6.922 18.3657 7.502 18.3657 8.352C18.3657 8.692 18.2257 9.082 17.9757 9.432L11.6357 19.122C11.2757 19.642 10.7457 19.962 10.1557 19.962Z","geometry":{"width":23.32421875,"height":27.671875}}