{"path":"M9.8437 24.3366C10.7737 24.3366 11.4937 23.9766 11.9937 23.2266L24.7337 3.7466C25.0837 3.1966 25.2337 2.6966 25.2337 2.2166C25.2337 0.9266 24.2837 -0.0034 22.9737 -0.0034C22.0637 -0.0034 21.5037 0.3266 20.9637 1.1866L9.7737 18.8266L4.1037 11.7866C3.5937 11.1866 3.0537 10.9066 2.2837 10.9066C0.9537 10.9066 0.0037 11.8566 0.0037 13.1366C0.0037 13.7166 0.1737 14.2166 0.6737 14.7766L7.7237 23.3266C8.3137 24.0166 8.9737 24.3366 9.8437 24.3366Z","geometry":{"width":25.23828125,"height":24.3359375}}