{"path":"M1.6607 19.5129L12.6807 30.5129C14.8807 32.7129 17.2807 32.7329 19.4907 30.5329L30.5207 19.4829C32.7207 17.2929 32.7207 14.8929 30.5007 12.6729L19.5007 1.6729C17.2807 -0.5471 14.8907 -0.5571 12.6907 1.6529L1.6407 12.6829C-0.5593 14.8929 -0.5393 17.2929 1.6607 19.5129ZM4.4307 17.2829C3.6507 16.4929 3.6107 15.7229 4.4507 14.8929L14.8807 4.4529C15.7107 3.6229 16.4807 3.6529 17.2707 4.4429L27.7307 14.9029C28.5207 15.6829 28.5507 16.4629 27.7307 17.2929L17.2807 27.7229C16.4507 28.5629 15.6707 28.5329 14.8907 27.7429ZM14.6607 22.6029C15.2207 22.6029 15.7107 22.3129 16.0407 21.8229L21.9207 12.7529C22.1407 12.4229 22.2707 12.0829 22.2707 11.7529C22.2707 10.9529 21.5607 10.3929 20.8007 10.3929C20.2907 10.3929 19.8707 10.6629 19.5307 11.2129L14.6207 19.1129L12.3507 16.3129C12.0107 15.8829 11.6407 15.7129 11.1707 15.7129C10.3807 15.7129 9.7407 16.3329 9.7407 17.1329C9.7407 17.5129 9.8707 17.8429 10.1607 18.1929L13.2107 21.8429C13.6207 22.3429 14.0707 22.6029 14.6607 22.6029Z","geometry":{"width":32.16823278097361,"height":32.17337158969121}}