{"path":"M0.0037 25.2702C0.0037 28.4002 1.6937 30.0902 4.8037 30.0902H19.4437C22.5437 30.0902 24.2437 28.4002 24.2437 25.2702V4.8302C24.2437 1.7102 22.5437 0.0002 19.4437 0.0002H4.8037C1.6937 0.0002 0.0037 1.7102 0.0037 4.8302ZM3.5237 24.8802V5.2202C3.5237 4.1202 4.0637 3.5302 5.2237 3.5302H19.0137C20.1837 3.5302 20.7137 4.1202 20.7137 5.2202V24.8802C20.7137 25.9802 20.1837 26.5602 19.0137 26.5602H5.2237C4.0637 26.5602 3.5237 25.9802 3.5237 24.8802ZM10.7037 21.5502C11.2637 21.5502 11.7537 21.2602 12.0837 20.7702L17.9637 11.7002C18.1837 11.3702 18.3237 11.0302 18.3237 10.7002C18.3237 9.9002 17.6137 9.3402 16.8437 9.3402C16.3337 9.3402 15.9137 9.6102 15.5737 10.1602L10.6637 18.0602L8.3937 15.2602C8.0437 14.8302 7.6837 14.6602 7.2237 14.6602C6.4237 14.6602 5.7837 15.2802 5.7837 16.0802C5.7837 16.4602 5.9237 16.7902 6.2037 17.1402L9.2537 20.7902C9.6637 21.2902 10.1137 21.5502 10.7037 21.5502Z","geometry":{"width":24.240234375,"height":30.091796875}}