{"path":"M2.2037 25.0445C2.7937 25.0445 3.2837 24.8445 3.7037 24.4345L14.0537 14.3145C14.6137 13.7545 14.8637 13.1945 14.8637 12.5245C14.8637 11.8445 14.6037 11.2645 14.0537 10.7345L3.7037 0.6145C3.2937 0.2045 2.8037 0.0045 2.2037 0.0045C0.9837 0.0045 0.0037 0.9745 0.0037 2.1745C0.0037 2.7645 0.2437 3.3245 0.6937 3.7745L9.7237 12.5145L0.6937 21.2645C0.2637 21.7145 0.0037 22.2745 0.0037 22.8745C0.0037 24.0745 0.9837 25.0445 2.2037 25.0445ZM14.4137 25.0445C15.0137 25.0445 15.5037 24.8445 15.9237 24.4345L26.2737 14.3145C26.8237 13.7545 27.0837 13.1945 27.0837 12.5245C27.0737 11.8445 26.8237 11.2645 26.2637 10.7345L15.9237 0.6145C15.5037 0.2045 15.0137 0.0045 14.4137 0.0045C13.1937 0.0045 12.2137 0.9745 12.2137 2.1745C12.2137 2.7645 12.4537 3.3245 12.9237 3.7745L21.9337 12.5145L12.9237 21.2645C12.4737 21.7145 12.2137 22.2745 12.2137 22.8745C12.2137 24.0745 13.1937 25.0445 14.4137 25.0445Z","geometry":{"width":27.083984375,"height":25.046875}}