{"path":"M4.8237 26.1377H21.3137C24.4437 26.1377 26.1437 24.4477 26.1437 21.3377V4.7977C26.1437 1.6977 24.4437 -0.0023 21.3137 -0.0023H4.8237C1.7137 -0.0023 0.0037 1.6977 0.0037 4.7977V21.3377C0.0037 24.4477 1.7137 26.1377 4.8237 26.1377ZM9.9537 20.1077C9.3537 19.5077 9.3937 18.5977 9.9537 18.0477L15.2837 13.0677L9.9537 8.1077C9.3837 7.5577 9.3937 6.6077 9.9937 6.0477C10.5237 5.5377 11.4137 5.5377 11.9937 6.0877L17.6337 11.3577C18.6237 12.2777 18.6037 13.8777 17.6337 14.7977L11.9937 20.0877C11.4737 20.5777 10.4437 20.5877 9.9537 20.1077Z","geometry":{"width":26.140625,"height":26.140625}}