{"path":"M4.8237 26.1377H21.3137C24.4437 26.1377 26.1437 24.4477 26.1437 21.3377V4.7977C26.1437 1.6977 24.4437 -0.0023 21.3137 -0.0023H4.8237C1.7137 -0.0023 0.0037 1.6977 0.0037 4.7977V21.3377C0.0037 24.4477 1.7137 26.1377 4.8237 26.1377ZM5.2137 22.6177C4.1137 22.6177 3.5237 22.0777 3.5237 20.9177V5.2377C3.5237 4.0777 4.1137 3.5277 5.2137 3.5277H20.9337C22.0237 3.5277 22.6137 4.0777 22.6137 5.2377V20.9177C22.6137 22.0777 22.0237 22.6177 20.9337 22.6177ZM10.0937 19.7377C10.5537 20.1977 11.5137 20.1777 12.0037 19.7177L17.3637 14.6877C18.2837 13.8377 18.2837 12.3177 17.3637 11.4577L12.0037 6.4377C11.4537 5.9177 10.6337 5.9377 10.1137 6.3977C9.5537 6.9277 9.5437 7.8377 10.0937 8.3377L15.1437 13.0677L10.0937 17.7977C9.5537 18.3077 9.5137 19.1777 10.0937 19.7377Z","geometry":{"width":26.140625,"height":26.140625}}