{"path":"M4.8237 26.1377H21.3137C24.4437 26.1377 26.1437 24.4477 26.1437 21.3377V4.7977C26.1437 1.6977 24.4437 -0.0023 21.3137 -0.0023H4.8237C1.7137 -0.0023 0.0037 1.6977 0.0037 4.7977V21.3377C0.0037 24.4477 1.7137 26.1377 4.8237 26.1377ZM5.2137 22.6177C4.1137 22.6177 3.5237 22.0777 3.5237 20.9177V5.2377C3.5237 4.0777 4.1137 3.5277 5.2137 3.5277H20.9337C22.0237 3.5277 22.6137 4.0777 22.6137 5.2377V20.9177C22.6137 22.0777 22.0237 22.6177 20.9337 22.6177ZM6.4137 16.2977C6.9737 16.8577 7.8337 16.8577 8.3537 16.2977L13.0837 11.2477L17.8137 16.2977C18.3337 16.8577 19.2137 16.8577 19.7737 16.2977C20.2637 15.8177 20.2437 14.9577 19.7237 14.3877L14.6937 9.0277C13.7637 8.0277 12.4037 8.0377 11.4737 9.0277L6.4537 14.3977C5.9237 14.9577 5.9237 15.8177 6.4137 16.2977Z","geometry":{"width":26.140625,"height":26.140625}}