{"path":"M4.8237 26.1377H21.3137C24.4437 26.1377 26.1437 24.4477 26.1437 21.3377V4.7977C26.1437 1.6977 24.4437 -0.0023 21.3137 -0.0023H4.8237C1.7137 -0.0023 0.0037 1.6977 0.0037 4.7977V21.3377C0.0037 24.4477 1.7137 26.1377 4.8237 26.1377ZM5.2137 22.6177C4.1137 22.6177 3.5237 22.0777 3.5237 20.9177V5.2377C3.5237 4.0777 4.1137 3.5277 5.2137 3.5277H20.9337C22.0237 3.5277 22.6137 4.0777 22.6137 5.2377V20.9177C22.6137 22.0777 22.0237 22.6177 20.9337 22.6177ZM15.8437 19.7377C16.4037 19.1777 16.3837 18.3077 15.8437 17.7977L10.7837 13.0677L15.8437 8.3377C16.3937 7.8377 16.3837 6.9277 15.8037 6.3977C15.3037 5.9377 14.4737 5.9177 13.9337 6.4377L8.5737 11.4577C7.6437 12.3177 7.6537 13.8377 8.5737 14.6877L13.9337 19.7177C14.4237 20.1777 15.3837 20.1977 15.8437 19.7377Z","geometry":{"width":26.140625,"height":26.140625}}