{"path":"M12.5237 14.8611C13.2037 14.8611 13.7837 14.6011 14.3137 14.0511L24.4337 3.7011C24.8437 3.2911 25.0437 2.8011 25.0437 2.2011C25.0437 0.9811 24.0737 0.0011 22.8737 0.0011C22.2837 0.0011 21.7237 0.2411 21.2737 0.7011L12.5337 9.7211L3.7837 0.7011C3.3337 0.2411 2.7737 0.0011 2.1737 0.0011C0.9737 0.0011 0.0037 0.9811 0.0037 2.2011C0.0037 2.7911 0.2037 3.2811 0.6137 3.7011L10.7337 14.0511C11.2937 14.6111 11.8537 14.8611 12.5237 14.8611Z","geometry":{"width":25.046875,"height":14.861328125}}