{"path":"M4.8237 26.1377H21.3137C24.4437 26.1377 26.1437 24.4477 26.1437 21.3377V4.7977C26.1437 1.6977 24.4437 -0.0023 21.3137 -0.0023H4.8237C1.7137 -0.0023 0.0037 1.6977 0.0037 4.7977V21.3377C0.0037 24.4477 1.7137 26.1377 4.8237 26.1377ZM6.1237 16.4977C5.5937 15.9977 5.6037 15.0777 6.1637 14.4877L11.4437 8.8277C12.4437 7.7777 13.8937 7.7777 14.8737 8.8177L20.1637 14.4777C20.7237 15.0777 20.7437 15.9977 20.2037 16.4977C19.6037 17.1077 18.6937 17.1077 18.1437 16.5177L13.1637 11.1977L8.1937 16.5177C7.6437 17.1077 6.7237 17.1077 6.1237 16.4977Z","geometry":{"width":26.140625,"height":26.140625}}