{"path":"M4.8237 26.1377H21.3137C24.4437 26.1377 26.1437 24.4477 26.1437 21.3377V4.7977C26.1437 1.6977 24.4437 -0.0023 21.3137 -0.0023H4.8237C1.7137 -0.0023 0.0037 1.6977 0.0037 4.7977V21.3377C0.0037 24.4477 1.7137 26.1377 4.8237 26.1377ZM5.2137 22.6177C4.1137 22.6177 3.5237 22.0777 3.5237 20.9177V5.2377C3.5237 4.0777 4.1137 3.5277 5.2137 3.5277H20.9337C22.0237 3.5277 22.6137 4.0777 22.6137 5.2377V20.9177C22.6137 22.0777 22.0237 22.6177 20.9337 22.6177ZM14.6937 17.3477L19.7237 11.9777C20.2437 11.4177 20.2637 10.5377 19.7537 10.0577C19.1937 9.5177 18.3337 9.4977 17.8137 10.0577L13.0837 15.1077L8.3537 10.0577C7.8337 9.4977 6.9637 9.4977 6.3937 10.0577C5.9237 10.5577 5.9237 11.3977 6.4437 11.9777L11.4737 17.3377C12.3837 18.3377 13.7637 18.3377 14.6937 17.3477Z","geometry":{"width":26.140625,"height":26.140625}}