{"path":"M11.1537 24.4345C11.5837 24.8445 12.0737 25.0445 12.6737 25.0445C13.8737 25.0445 14.8637 24.0745 14.8637 22.8745C14.8637 22.2745 14.6137 21.7145 14.1637 21.2645L5.1537 12.5145L14.1637 3.7745C14.6137 3.3245 14.8637 2.7645 14.8637 2.1745C14.8637 0.9745 13.8737 0.0045 12.6737 0.0045C12.0737 0.0045 11.5837 0.2045 11.1537 0.6145L0.8037 10.7345C0.2637 11.2645 0.0137 11.8445 0.0037 12.5245C0.0037 13.1945 0.2637 13.7545 0.8037 14.3145ZM23.3637 24.4345C23.8037 24.8445 24.2937 25.0445 24.8837 25.0445C26.1037 25.0445 27.0837 24.0745 27.0837 22.8745C27.0837 22.2745 26.8237 21.7145 26.3737 21.2645L17.3637 12.5145L26.3737 3.7745C26.8337 3.3245 27.0837 2.7645 27.0837 2.1745C27.0837 0.9745 26.1037 0.0045 24.8837 0.0045C24.2837 0.0045 23.7937 0.2045 23.3637 0.6145L13.0337 10.7345C12.4837 11.2645 12.2237 11.8445 12.2137 12.5245C12.2137 13.1945 12.4737 13.7545 13.0337 14.3145Z","geometry":{"width":27.083984375,"height":25.046875}}