{"path":"M1.2537 4.5916C0.5237 4.9216 0.0037 5.5616 0.0037 6.3816C0.0037 7.7416 0.9937 8.6416 2.1337 8.6416C2.7937 8.6416 3.5937 8.2616 4.2637 7.9616L12.6837 4.3516L21.1237 7.9616C21.7937 8.2616 22.6137 8.6416 23.2437 8.6416C24.3937 8.6416 25.3937 7.7416 25.3937 6.3816C25.3937 5.5616 24.8737 4.9216 24.1337 4.5916L15.0637 0.6816C14.1937 0.3016 13.5237 0.0016 12.6837 0.0016C11.8637 0.0016 11.1937 0.3016 10.3037 0.6816Z","geometry":{"width":25.388671875,"height":8.640625}}