{"path":"M39.9237 14.4486C39.9237 15.3786 39.1837 16.2386 38.1537 16.2386H34.2937C34.3537 15.6586 34.3937 15.0486 34.3937 14.4386C34.3937 13.8386 34.3737 13.2386 34.2937 12.6486H5.6337C6.5237 5.5686 12.6337 -0.0014 19.9637 -0.0014C27.2737 -0.0014 33.4037 5.5686 34.2937 12.6486H38.1537C39.1837 12.6486 39.9237 13.5086 39.9237 14.4486ZM0.0037 14.4486C0.0037 13.5086 0.7537 12.6486 1.7737 12.6486H5.6337C5.5637 13.2386 5.5237 13.8386 5.5237 14.4386C5.5237 15.0486 5.5637 15.6586 5.6337 16.2386H34.2937C33.3837 23.3286 27.2737 28.8886 19.9637 28.8886C12.6437 28.8886 6.5337 23.3286 5.6337 16.2386H1.7737C0.7537 16.2386 0.0037 15.3786 0.0037 14.4486Z","geometry":{"width":39.921875,"height":28.888671875}}