{"path":"M10.4727 20.9438C16.1727 20.9438 20.9427 16.1737 20.9427 10.4738C20.9427 4.7538 16.1727 0.0038 10.4627 0.0038C4.7427 0.0038 0.0027 4.7538 0.0027 10.4738C0.0027 16.1737 4.7627 20.9438 10.4727 20.9438ZM19.7827 0.0038C19.1127 0.0038 18.4527 0.0637 17.8127 0.2037C21.0427 2.4838 23.1627 6.2638 23.1627 10.4738C23.1627 14.6738 21.0427 18.4438 17.8127 20.7438C18.4527 20.8738 19.1227 20.9438 19.8127 20.9438C25.5127 20.9438 30.2727 16.1737 30.2727 10.4738C30.2727 4.7538 25.5027 0.0038 19.7827 0.0038Z","geometry":{"width":30.26953125,"height":20.9453125}}