{"path":"M4.8237 26.1377H27.8037C30.9437 26.1377 32.6337 24.4477 32.6337 21.3377V4.7977C32.6337 1.6977 30.9437 -0.0023 27.8037 -0.0023H4.8237C1.7137 -0.0023 0.0037 1.6977 0.0037 4.7977V21.3377C0.0037 24.4477 1.7137 26.1377 4.8237 26.1377ZM5.2137 22.6177C4.1137 22.6177 3.5237 22.0777 3.5237 20.9177V5.2177C3.5237 4.0577 4.1137 3.5277 5.2137 3.5277H27.4237C28.5237 3.5277 29.1037 4.0577 29.1037 5.2177V20.9177C29.1037 22.0777 28.5237 22.6177 27.4237 22.6177ZM11.8137 7.1377L13.4637 8.7777C14.0037 8.4077 14.6337 8.1477 15.3037 8.0077V5.6877C14.0037 5.8677 12.8137 6.3677 11.8137 7.1377ZM17.3537 5.6877V8.0077C18.0237 8.1477 18.6337 8.4077 19.1837 8.7777L20.8337 7.1377C19.8337 6.3877 18.6437 5.8677 17.3537 5.6877ZM8.9137 12.0877H11.2337C11.3637 11.4177 11.6237 10.7877 12.0037 10.2377L10.3637 8.5877C9.5937 9.5977 9.0737 10.7977 8.9137 12.0877ZM22.2837 8.5977L20.6437 10.2377C21.0037 10.7877 21.2737 11.4177 21.3937 12.0877H23.7237C23.5437 10.7977 23.0337 9.5977 22.2837 8.5977ZM23.7037 14.1477H21.3737C21.2337 14.8077 20.9737 15.3977 20.6137 15.9277L22.2537 17.5777C23.0137 16.5977 23.5337 15.4177 23.7037 14.1477ZM10.3737 17.5977L12.0337 15.9377C11.6637 15.4077 11.4037 14.8077 11.2637 14.1477H8.9237C9.1237 15.4377 9.6237 16.6077 10.3737 17.5977ZM20.7937 19.0277L19.1437 17.3777C18.6237 17.7577 18.0037 18.0077 17.3537 18.1277V20.4677C18.6337 20.2877 19.8137 19.7877 20.7937 19.0277ZM15.3037 20.4677V18.1277C14.6437 18.0077 14.0237 17.7577 13.4937 17.3877L11.8437 19.0277C12.8337 19.7877 14.0137 20.2877 15.3037 20.4677Z","geometry":{"width":32.634765625,"height":26.140625}}