{"path":"M4.8237 26.1377H21.3137C24.4437 26.1377 26.1437 24.4477 26.1437 21.3377V4.7977C26.1437 1.6977 24.4437 -0.0023 21.3137 -0.0023H4.8237C1.7137 -0.0023 0.0037 1.6977 0.0037 4.7977V21.3377C0.0037 24.4477 1.7137 26.1377 4.8237 26.1377ZM5.2137 22.6177C4.1137 22.6177 3.5237 22.0777 3.5237 20.9177V5.2377C3.5237 4.0777 4.1137 3.5277 5.2137 3.5277H20.9337C22.0237 3.5277 22.6137 4.0777 22.6137 5.2377V20.9177C22.6137 22.0777 22.0237 22.6177 20.9337 22.6177ZM13.0837 20.0877C16.9137 20.0877 20.0937 16.9077 20.0937 13.0677C20.0937 9.2277 16.9237 6.0577 13.0837 6.0577C9.2437 6.0577 6.0737 9.2377 6.0737 13.0677C6.0737 16.8877 9.2537 20.0877 13.0837 20.0877ZM13.0837 17.1977C10.8437 17.1977 8.9537 15.2977 8.9537 13.0677C8.9537 10.8277 10.8237 8.9377 13.0837 8.9377C15.3137 8.9377 17.2037 10.8377 17.2037 13.0677C17.2037 15.3277 15.3237 17.1977 13.0837 17.1977Z","geometry":{"width":26.140625,"height":26.140625}}