{"path":"M6.0837 12.1161C9.3937 12.1161 12.1437 9.3761 12.1437 6.0561C12.1437 2.7461 9.3937 -0.0039 6.0837 -0.0039C2.7237 -0.0039 0.0037 2.7461 0.0037 6.0561C0.0037 9.3761 2.7237 12.1161 6.0837 12.1161ZM20.9437 12.1161C24.2637 12.1161 27.0037 9.3761 27.0037 6.0561C27.0037 2.7461 24.2637 -0.0039 20.9437 -0.0039C17.5837 -0.0039 14.8637 2.7461 14.8637 6.0561C14.8637 9.3761 17.5837 12.1161 20.9437 12.1161ZM6.0737 8.9961C4.4037 8.9961 3.1037 7.7061 3.1037 6.0561C3.1037 4.4161 4.4037 3.0761 6.0737 3.0761C7.7237 3.0761 9.0337 4.4161 9.0337 6.0561C9.0337 7.7061 7.7237 8.9961 6.0737 8.9961ZM20.9337 8.9961C19.2637 8.9961 17.9637 7.7061 17.9637 6.0561C17.9637 4.4161 19.2637 3.0761 20.9337 3.0761C22.5837 3.0761 23.8937 4.4161 23.8937 6.0561C23.8937 7.7061 22.5837 8.9961 20.9337 8.9961ZM6.0837 26.2261C9.3937 26.2261 12.1437 23.4761 12.1437 20.1561C12.1437 16.8461 9.3937 14.1061 6.0837 14.1061C2.7237 14.1061 0.0037 16.8461 0.0037 20.1561C0.0037 23.4761 2.7237 26.2261 6.0837 26.2261ZM20.9437 26.2261C24.2637 26.2261 27.0037 23.4761 27.0037 20.1561C27.0037 16.8461 24.2637 14.1061 20.9437 14.1061C17.5837 14.1061 14.8637 16.8461 14.8637 20.1561C14.8637 23.4761 17.5837 26.2261 20.9437 26.2261ZM6.0737 23.1061C4.4037 23.1061 3.1037 21.8161 3.1037 20.1661C3.1037 18.5161 4.4037 17.1861 6.0737 17.1861C7.7237 17.1861 9.0337 18.5161 9.0337 20.1661C9.0337 21.8161 7.7237 23.1061 6.0737 23.1061ZM20.9337 23.1061C19.2637 23.1061 17.9637 21.8161 17.9637 20.1661C17.9637 18.5161 19.2637 17.1861 20.9337 17.1861C22.5837 17.1861 23.8937 18.5161 23.8937 20.1661C23.8937 21.8161 22.5837 23.1061 20.9337 23.1061Z","geometry":{"width":27.001953125,"height":26.22265625}}