{"path":"M14.9437 8.695C17.3237 8.695 19.2937 6.725 19.2937 4.345C19.2937 1.955 17.3237 -0.015 14.9437 0.005C12.5637 0.015 10.5937 1.955 10.5937 4.345C10.5937 6.725 12.5637 8.695 14.9437 8.695ZM25.5437 8.695C27.9337 8.695 29.8837 6.725 29.8837 4.345C29.8837 1.955 27.9337 -0.015 25.5437 0.005C23.1637 0.015 21.2037 1.945 21.2037 4.345C21.2037 6.695 23.2137 8.695 25.5437 8.695ZM4.3437 8.685C6.7137 8.685 8.6637 6.725 8.6637 4.365C8.6637 1.985 6.7137 0.015 4.3437 0.015C1.9537 0.015 0.0037 1.985 0.0037 4.365C0.0037 6.725 1.9537 8.685 4.3437 8.685ZM4.3437 18.775C6.7137 18.775 8.6637 16.805 8.6637 14.425C8.6637 12.045 6.7037 10.075 4.3437 10.085C1.9537 10.115 0.0037 12.055 0.0037 14.425C0.0037 16.805 1.9537 18.775 4.3437 18.775ZM14.9437 18.775C17.3237 18.775 19.2937 16.805 19.2937 14.425C19.2937 12.055 17.3237 10.075 14.9437 10.085C12.5637 10.115 10.5937 12.055 10.5937 14.425C10.5937 16.805 12.5637 18.775 14.9437 18.775ZM25.5437 18.775C27.9337 18.775 29.8837 16.805 29.8837 14.425C29.8837 12.055 27.9337 10.075 25.5437 10.085C23.1737 10.115 21.2037 12.055 21.2037 14.425C21.2037 16.805 23.1737 18.775 25.5437 18.775ZM4.3437 28.865C6.7137 28.865 8.6637 26.905 8.6637 24.515C8.6637 22.125 6.7137 20.165 4.3437 20.165C1.9537 20.165 0.0037 22.125 0.0037 24.515C0.0037 26.875 1.9537 28.865 4.3437 28.865ZM14.9437 28.865C17.3237 28.865 19.2937 26.875 19.2937 24.515C19.2937 22.125 17.3237 20.165 14.9437 20.165C12.5637 20.165 10.5937 22.125 10.5937 24.515C10.5937 26.875 12.5637 28.865 14.9437 28.865ZM25.5437 28.865C27.9337 28.865 29.8837 26.875 29.8837 24.515C29.8837 22.125 27.9337 20.165 25.5437 20.165C23.1737 20.165 21.2037 22.125 21.2037 24.515C21.2037 26.875 23.1737 28.865 25.5437 28.865Z","geometry":{"width":29.88671875,"height":28.861398905630722}}