{"path":"M16.0527 12.13C19.3727 12.13 22.1027 9.38 22.1027 6.06C22.1027 2.75 19.3727 0 16.0527 0C12.7027 0 9.9627 2.75 9.9627 6.06C9.9627 9.38 12.7027 12.13 16.0527 12.13ZM16.0327 9.01C14.3727 9.01 13.0727 7.71 13.0727 6.06C13.0727 4.42 14.3727 3.08 16.0327 3.08C17.6927 3.08 19.0027 4.42 19.0027 6.06C19.0027 7.71 17.6927 9.01 16.0327 9.01ZM6.0827 22.44C9.3927 22.44 12.1427 19.69 12.1427 16.37C12.1427 13.06 9.3927 10.32 6.0827 10.32C2.7227 10.32 0.0027 13.06 0.0027 16.37C0.0027 19.69 2.7227 22.44 6.0827 22.44ZM26.0427 22.44C29.3627 22.44 32.1027 19.69 32.1027 16.37C32.1027 13.06 29.3627 10.32 26.0427 10.32C22.6927 10.32 19.9627 13.06 19.9627 16.37C19.9627 19.69 22.6927 22.44 26.0427 22.44ZM6.0727 19.32C4.4027 19.32 3.1027 18.03 3.1027 16.38C3.1027 14.72 4.4027 13.4 6.0727 13.4C7.7227 13.4 9.0327 14.72 9.0327 16.38C9.0327 18.03 7.7227 19.32 6.0727 19.32ZM16.0527 32.74C19.3727 32.74 22.1027 30 22.1027 26.67C22.1027 23.37 19.3727 20.63 16.0527 20.63C12.7027 20.63 9.9627 23.37 9.9627 26.67C9.9627 30 12.7027 32.74 16.0527 32.74ZM16.0327 29.63C14.3727 29.63 13.0727 28.34 13.0727 26.69C13.0727 25.03 14.3727 23.71 16.0327 23.71C17.6927 23.71 19.0027 25.03 19.0027 26.69C19.0027 28.34 17.6927 29.63 16.0327 29.63Z","geometry":{"width":32.1015625,"height":32.744140625}}