{"path":"M4.8237 26.1377H27.8037C30.9437 26.1377 32.6337 24.4477 32.6337 21.3377V4.7977C32.6337 1.6977 30.9437 -0.0023 27.8037 -0.0023H4.8237C1.7137 -0.0023 0.0037 1.6977 0.0037 4.7977V21.3377C0.0037 24.4477 1.7137 26.1377 4.8237 26.1377ZM3.5237 5.2177C3.5237 4.0577 4.1137 3.5277 5.2137 3.5277H8.7137L3.5237 8.7077ZM16.2837 5.6077C12.1637 5.6077 8.8337 8.9577 8.8337 13.0677C8.8337 13.1477 8.8337 13.2377 8.8337 13.3177L3.5237 18.6177V12.6977L12.7037 3.5277H18.6237L16.5337 5.6177C16.4437 5.6177 16.3637 5.6077 16.2837 5.6077ZM27.4237 3.5277C27.9737 3.5277 28.3937 3.6677 28.6837 3.9477L22.9437 9.6977C22.2337 8.2977 21.0937 7.1477 19.6837 6.4277L22.5837 3.5277ZM16.2837 20.5377C20.4137 20.5377 23.7437 17.1977 23.7437 13.0677C23.7437 12.9877 23.7437 12.9177 23.7437 12.8377L29.1037 7.4777V13.3977L19.8937 22.6177H13.9737L16.0537 20.5377C16.1337 20.5377 16.2137 20.5377 16.2837 20.5377ZM16.2837 18.2377C13.4237 18.2377 11.1337 15.9377 11.1337 13.0677C11.1337 10.1977 13.4237 7.8977 16.2837 7.8977C19.1537 7.8977 21.4537 10.1977 21.4537 13.0677C21.4537 15.9377 19.1537 18.2377 16.2837 18.2377ZM5.2137 22.6177C4.6437 22.6177 4.2137 22.4777 3.9337 22.1777L9.6437 16.4777C10.3637 17.8677 11.4937 19.0177 12.9037 19.7277L10.0037 22.6177ZM29.1037 20.9177C29.1037 22.0777 28.5237 22.6177 27.4237 22.6177H23.8837L29.1037 17.3877Z","geometry":{"width":32.634765625,"height":26.140625}}