{"path":"M10.1127 9.5602C12.7427 9.5602 14.9027 7.4002 14.9027 4.8002C14.9027 2.1902 12.7327 0.0002 10.1127 0.0002C7.5227 0.0002 5.3427 2.1902 5.3427 4.8002C5.3427 7.3802 7.5027 9.5602 10.1127 9.5602ZM20.8227 9.5602C23.4327 9.5602 25.5927 7.4002 25.5927 4.8002C25.5927 2.1902 23.4327 0.0002 20.8227 0.0002C18.2127 0.0002 16.0327 2.1902 16.0327 4.8002C16.0327 7.4002 18.2127 9.5602 20.8227 9.5602ZM4.7827 19.1402C7.3927 19.1402 9.5527 16.9702 9.5527 14.3702C9.5527 11.7602 7.3927 9.6002 4.7827 9.6002C2.1627 9.6002 0.0027 11.7602 0.0027 14.3702C0.0027 16.9802 2.1627 19.1402 4.7827 19.1402ZM26.1727 19.1402C28.7827 19.1402 30.9427 16.9702 30.9427 14.3702C30.9427 11.7602 28.7827 9.6002 26.1727 9.6002C23.5427 9.6002 21.3827 11.7602 21.3827 14.3702C21.3827 16.9702 23.5427 19.1402 26.1727 19.1402ZM10.1127 28.7202C12.7327 28.7202 14.9027 26.5502 14.9027 23.9402C14.9027 21.3402 12.7427 19.1702 10.1127 19.1702C7.5027 19.1702 5.3427 21.3302 5.3427 23.9402C5.3427 26.5502 7.5027 28.7202 10.1127 28.7202ZM20.8227 28.7202C23.4327 28.7202 25.5927 26.5502 25.5927 23.9402C25.5927 21.3302 23.4327 19.1702 20.8227 19.1702C18.2127 19.1702 16.0327 21.3402 16.0327 23.9402C16.0327 26.5502 18.2127 28.7202 20.8227 28.7202Z","geometry":{"width":30.939453125,"height":28.724609375}}