{"path":"M6.0837 12.1161C9.3937 12.1161 12.1437 9.3761 12.1437 6.0561C12.1437 2.7461 9.3937 -0.0039 6.0837 -0.0039C2.7237 -0.0039 0.0037 2.7461 0.0037 6.0561C0.0037 9.3761 2.7237 12.1161 6.0837 12.1161ZM20.9437 12.1161C24.2637 12.1161 27.0037 9.3761 27.0037 6.0561C27.0037 2.7461 24.2637 -0.0039 20.9437 -0.0039C17.5837 -0.0039 14.8637 2.7461 14.8637 6.0561C14.8637 9.3761 17.5837 12.1161 20.9437 12.1161ZM6.0837 26.2261C9.3937 26.2261 12.1437 23.4761 12.1437 20.1561C12.1437 16.8461 9.3937 14.1061 6.0837 14.1061C2.7237 14.1061 0.0037 16.8461 0.0037 20.1561C0.0037 23.4761 2.7237 26.2261 6.0837 26.2261ZM20.9437 26.2261C24.2637 26.2261 27.0037 23.4761 27.0037 20.1561C27.0037 16.8461 24.2637 14.1061 20.9437 14.1061C17.5837 14.1061 14.8637 16.8461 14.8637 20.1561C14.8637 23.4761 17.5837 26.2261 20.9437 26.2261Z","geometry":{"width":27.001953125,"height":26.22265625}}