{"path":"M4.8237 26.1377H27.8037C30.9437 26.1377 32.6337 24.4477 32.6337 21.3377V4.7977C32.6337 1.6977 30.9437 -0.0023 27.8037 -0.0023H4.8237C1.7137 -0.0023 0.0037 1.6977 0.0037 4.7977V21.3377C0.0037 24.4477 1.7137 26.1377 4.8237 26.1377ZM5.2137 22.6177C4.1137 22.6177 3.5237 22.0777 3.5237 20.9177V5.2177C3.5237 4.0577 4.1137 3.5277 5.2137 3.5277H27.4237C28.5237 3.5277 29.1037 4.0577 29.1037 5.2177V20.9177C29.1037 22.0777 28.5237 22.6177 27.4237 22.6177ZM16.2837 20.5377C20.4137 20.5377 23.7437 17.1977 23.7437 13.0677C23.7437 8.9577 20.4137 5.6077 16.2837 5.6077C12.1637 5.6077 8.8337 8.9577 8.8337 13.0677C8.8337 17.1977 12.1637 20.5377 16.2837 20.5377ZM11.1337 13.0677C11.1337 10.1977 13.4237 7.8977 16.2837 7.8977C16.4337 7.8977 16.5737 7.9177 16.7237 7.9277L11.1437 13.5077C11.1337 13.3577 11.1337 13.2177 11.1337 13.0677ZM11.8837 15.7777L18.9937 8.6677C19.7137 9.1077 20.3137 9.7177 20.7437 10.4477L13.6537 17.5277C12.9337 17.1077 12.3137 16.4977 11.8837 15.7777ZM16.2837 18.2377C16.1837 18.2377 16.0737 18.2377 15.9837 18.2377L21.4537 12.7677C21.4537 12.8677 21.4537 12.9777 21.4537 13.0677C21.4537 15.9377 19.1537 18.2377 16.2837 18.2377Z","geometry":{"width":32.634765625,"height":26.140625}}