{"path":"M4.8237 26.1377H21.3137C24.4437 26.1377 26.1437 24.4477 26.1437 21.3377V4.7977C26.1437 1.6977 24.4437 -0.0023 21.3137 -0.0023H4.8237C1.7137 -0.0023 0.0037 1.6977 0.0037 4.7977V21.3377C0.0037 24.4477 1.7137 26.1377 4.8237 26.1377ZM5.2137 22.6177C4.1137 22.6177 3.5237 22.0777 3.5237 20.9177V5.2377C3.5237 4.0777 4.1137 3.5277 5.2137 3.5277H20.9337C22.0237 3.5277 22.6137 4.0777 22.6137 5.2377V20.9177C22.6137 22.0777 22.0237 22.6177 20.9337 22.6177ZM8.8737 18.7277C9.3237 18.7277 9.6837 18.5977 9.9637 18.2977L13.0837 15.1777L16.2137 18.2977C16.5037 18.5777 16.8537 18.7277 17.2937 18.7277C18.1337 18.7277 18.7737 18.0877 18.7737 17.2577C18.7737 16.8577 18.6037 16.4977 18.3237 16.2277L15.1937 13.0877L18.3337 9.9277C18.6237 9.6277 18.7737 9.2877 18.7737 8.8977C18.7737 8.0677 18.1337 7.4277 17.3037 7.4277C16.8737 7.4277 16.5337 7.5577 16.2237 7.8577L13.0837 10.9877L9.9537 7.8777C9.6637 7.5777 9.3237 7.4377 8.8737 7.4377C8.0537 7.4377 7.4137 8.0777 7.4137 8.9177C7.4137 9.2977 7.5637 9.6477 7.8437 9.9277L10.9937 13.0877L7.8437 16.2277C7.5637 16.4977 7.4137 16.8677 7.4137 17.2577C7.4137 18.0877 8.0537 18.7277 8.8737 18.7277Z","geometry":{"width":26.140625,"height":26.140625}}