{"path":"M4.8237 26.1377H21.3137C24.4437 26.1377 26.1437 24.4477 26.1437 21.3377V4.7977C26.1437 1.6977 24.4437 -0.0023 21.3137 -0.0023H4.8237C1.7137 -0.0023 0.0037 1.6977 0.0037 4.7977V21.3377C0.0037 24.4477 1.7137 26.1377 4.8237 26.1377ZM8.8637 18.9377C7.9737 18.9377 7.2837 18.2377 7.2837 17.3477C7.2837 16.9577 7.4637 16.5577 7.7637 16.2677L10.9337 13.0877L7.7637 9.8977C7.4637 9.5977 7.2837 9.2177 7.2837 8.8177C7.2837 7.9177 7.9737 7.2477 8.8637 7.2477C9.3237 7.2477 9.6837 7.3977 9.9937 7.6977L13.1637 10.8577L16.3537 7.6977C16.6637 7.3677 17.0237 7.2277 17.4837 7.2277C18.3637 7.2277 19.0437 7.9177 19.0437 8.7877C19.0437 9.1977 18.8937 9.5877 18.5837 9.8877L15.4037 13.0877L18.5637 16.2577C18.8837 16.5577 19.0437 16.9377 19.0437 17.3477C19.0437 18.2377 18.3637 18.9377 17.4737 18.9377C17.0037 18.9377 16.6237 18.7677 16.3237 18.4677L13.1637 15.3077L10.0237 18.4677C9.7037 18.7677 9.3237 18.9377 8.8637 18.9377Z","geometry":{"width":26.140625,"height":26.140625}}