{"path":"M7.8637 7.4219H16.2437C17.1337 7.4219 17.6537 6.8619 17.6537 5.9319V4.5019C17.6537 3.5519 17.1337 3.0119 16.2437 3.0119H15.2737C15.1437 1.3419 13.7637 0.0019 12.0537 0.0019C10.3537 0.0019 8.9737 1.3419 8.8437 3.0119H7.8637C6.9837 3.0119 6.4637 3.5519 6.4637 4.5019V5.9319C6.4637 6.8619 6.9837 7.4219 7.8637 7.4219ZM12.0537 4.3619C11.3737 4.3619 10.8137 3.7919 10.8137 3.1319C10.8137 2.4519 11.3737 1.9019 12.0537 1.9019C12.7437 1.9019 13.2937 2.4519 13.2937 3.1319C13.2937 3.7919 12.7437 4.3619 12.0537 4.3619ZM4.8137 33.9219H19.3037C22.3437 33.9219 24.1137 32.1319 24.1137 29.0519V8.4319C24.1137 5.3819 22.3637 3.5519 19.3837 3.5519H19.1037C19.2237 3.8319 19.2737 4.1519 19.2737 4.5019V5.8219C19.2737 6.2319 19.2237 6.6019 19.0837 6.9319H19.2937C20.2337 6.9319 20.7437 7.5319 20.7437 8.4619V29.0119C20.7437 29.9819 20.1837 30.5519 19.1637 30.5519H4.9337C3.9237 30.5519 3.3637 29.9819 3.3637 29.0119V8.4619C3.3637 7.5319 3.8837 6.9319 4.8237 6.9319H5.0337C4.8937 6.6019 4.8437 6.2319 4.8437 5.8219V4.5019C4.8437 4.1519 4.8937 3.8319 5.0037 3.5519H4.7337C1.7537 3.5519 0.0037 5.3819 0.0037 8.4319V29.0519C0.0037 32.1319 1.7737 33.9219 4.8137 33.9219Z","geometry":{"width":24.1171875,"height":33.919921875}}