{"path":"M7.8637 7.4219H16.2437C17.1337 7.4219 17.6537 6.8619 17.6537 5.9319V4.5019C17.6537 3.5519 17.1337 3.0119 16.2437 3.0119H15.2737C15.1437 1.3419 13.7637 0.0019 12.0537 0.0019C10.3537 0.0019 8.9737 1.3419 8.8437 3.0119H7.8637C6.9837 3.0119 6.4637 3.5519 6.4637 4.5019V5.9319C6.4637 6.8619 6.9837 7.4219 7.8637 7.4219ZM12.0537 4.3619C11.3737 4.3619 10.8137 3.7919 10.8137 3.1319C10.8137 2.4519 11.3737 1.9019 12.0537 1.9019C12.7437 1.9019 13.2937 2.4519 13.2937 3.1319C13.2937 3.7919 12.7437 4.3619 12.0537 4.3619ZM4.8137 33.9219H19.3037C22.3437 33.9219 24.1137 32.1319 24.1137 29.0519V8.4219C24.1137 5.3419 22.3437 3.5519 19.3737 3.5519H19.1437C19.2637 3.8019 19.3137 4.0919 19.3137 4.4019V5.9319C19.3137 7.7619 18.0737 9.0919 16.2437 9.0919H7.8637C6.0437 9.0919 4.8037 7.7619 4.8037 5.9319V4.4019C4.8037 4.0919 4.8537 3.8019 4.9637 3.5519H4.7437C1.7737 3.5519 0.0037 5.3419 0.0037 8.4219V29.0519C0.0037 32.1319 1.7737 33.9219 4.8137 33.9219Z","geometry":{"width":24.1171875,"height":33.919921875}}