{"path":"M1.2038 11.3986C-0.0162 11.3986 -0.3162 12.4586 0.3438 13.3186L4.1138 18.3486C4.5738 18.9886 5.3938 18.9786 5.8638 18.3486L9.6238 13.3186C10.2638 12.4586 9.9738 11.3986 8.7738 11.3986H6.8038C8.1138 6.8786 12.2738 3.6086 17.2238 3.6086C23.2438 3.6086 28.0638 8.4386 28.0638 14.4386C28.0638 20.4486 23.2438 25.3086 17.2238 25.2886C13.9438 25.2786 11.1038 23.8486 9.0938 21.5086C8.3238 20.7286 7.2538 20.4786 6.4238 21.1886C5.6538 21.8186 5.6038 22.9286 6.4238 23.8686C8.8338 26.8686 13.0938 28.8886 17.2238 28.8886C25.1538 28.8886 31.6638 22.3686 31.6638 14.4386C31.6638 6.5186 25.1538 -0.0014 17.2238 -0.0014C10.3338 -0.0014 4.5238 4.9186 3.1138 11.3986ZM16.7338 6.6586C15.9638 6.6586 15.3538 7.2686 15.3538 8.0286V15.1086C15.3538 15.4586 15.4838 15.8086 15.7338 16.1286L18.8138 20.1886C19.3538 20.9186 20.1738 21.0386 20.8438 20.5586C21.4738 20.1086 21.5338 19.2486 21.0538 18.6086L18.1038 14.6386V8.0286C18.1038 7.2686 17.4838 6.6586 16.7338 6.6586Z","geometry":{"width":31.661437175995644,"height":28.888671875}}