{"path":"M14.4327 28.8886C16.3127 28.8886 18.1027 28.5186 19.7427 27.8486C18.2127 26.1986 17.2527 23.9986 17.2527 21.5986C17.2527 16.5386 21.4327 12.3586 26.5127 12.3586C27.2927 12.3586 28.0427 12.4586 28.7527 12.6586C27.8627 5.5686 21.7427 -0.0014 14.4227 -0.0014C6.5127 -0.0014 0.0027 6.5186 0.0027 14.4386C0.0027 22.3686 6.5127 28.8886 14.4327 28.8886ZM7.9427 16.5286C7.2027 16.5286 6.6327 15.9386 6.6327 15.1986C6.6327 14.4686 7.2027 13.8886 7.9427 13.8886H13.1127V6.6986C13.1127 5.9586 13.6827 5.3886 14.4227 5.3886C15.1727 5.3886 15.7527 5.9586 15.7527 6.6986V15.1986C15.7527 15.9386 15.1727 16.5286 14.4227 16.5286ZM26.5127 28.8086C30.4327 28.8086 33.7127 25.5286 33.7127 21.5986C33.7127 17.6686 30.4627 14.4086 26.5127 14.4086C22.5727 14.4086 19.3227 17.6686 19.3227 21.5986C19.3227 25.5386 22.5727 28.8086 26.5127 28.8086ZM24.7427 24.9886C24.3227 25.4286 23.5927 25.3786 23.1727 24.9686C22.7327 24.5386 22.7127 23.8186 23.1327 23.3786L24.9527 21.5886L23.2427 19.8686C22.8227 19.4386 22.8227 18.7286 23.2427 18.3186C23.6527 17.8986 24.3627 17.9086 24.7727 18.3186L26.4927 20.0286L28.3127 18.2286C28.7427 17.7886 29.4527 17.8286 29.8727 18.2686C30.2827 18.6886 30.3427 19.3886 29.9027 19.8286L28.0927 21.6286L29.8027 23.3386C30.2327 23.7786 30.2327 24.4586 29.8027 24.8686C29.3827 25.2886 28.6827 25.3086 28.2627 24.8786L26.5527 23.1786Z","geometry":{"width":33.71484375,"height":28.888671875}}