{"path":"M14.4327 28.8886C22.3627 28.8886 28.8727 22.3686 28.8727 14.4386C28.8727 13.2086 28.7127 12.0286 28.4227 10.8986C27.2527 11.4986 26.0127 11.6586 24.8527 11.4986C25.1327 12.4286 25.2827 13.4286 25.2827 14.4386C25.2927 20.4486 20.4527 25.2886 14.4327 25.2886C8.4327 25.2886 3.6127 20.4486 3.6127 14.4386C3.6127 8.4386 8.4227 3.5986 14.4327 3.5986C15.9527 3.5986 17.4027 3.9286 18.7127 4.4886C18.7327 3.2586 19.0827 2.1086 19.8227 1.0686C18.1727 0.3786 16.3427 -0.0014 14.4327 -0.0014C6.5127 -0.0014 0.0027 6.5186 0.0027 14.4386C0.0027 22.3686 6.5227 28.8886 14.4327 28.8886ZM25.3627 9.5886C27.9227 9.5886 30.0327 7.4686 30.0327 4.9086C30.0327 2.3386 27.9227 0.2186 25.3627 0.2186C22.7927 0.2186 20.6727 2.3386 20.6727 4.9086C20.6727 7.4686 22.7927 9.5886 25.3627 9.5886ZM7.9427 16.5286H14.4327C15.1727 16.5286 15.7527 15.9386 15.7527 15.1986V6.6986C15.7527 5.9586 15.1727 5.3886 14.4327 5.3886C13.7027 5.3886 13.1127 5.9586 13.1127 6.6986V13.8886H7.9427C7.2027 13.8886 6.6327 14.4686 6.6327 15.1986C6.6327 15.9386 7.2027 16.5286 7.9427 16.5286Z","geometry":{"width":30.037109375,"height":28.888671875}}