{"path":"M14.4327 28.8886C16.3127 28.8886 18.1027 28.5186 19.7427 27.8486C18.2127 26.1986 17.2527 23.9986 17.2527 21.5986C17.2527 16.5386 21.4327 12.3586 26.5127 12.3586C27.2927 12.3586 28.0427 12.4586 28.7527 12.6586C27.8627 5.5686 21.7427 -0.0014 14.4227 -0.0014C6.5127 -0.0014 0.0027 6.5186 0.0027 14.4386C0.0027 22.3686 6.5127 28.8886 14.4327 28.8886ZM7.9427 16.5286C7.2027 16.5286 6.6327 15.9386 6.6327 15.1986C6.6327 14.4686 7.2027 13.8886 7.9427 13.8886H13.1127V6.6986C13.1127 5.9586 13.6827 5.3886 14.4227 5.3886C15.1727 5.3886 15.7527 5.9586 15.7527 6.6986V15.1986C15.7527 15.9386 15.1727 16.5286 14.4227 16.5286ZM26.5127 28.8086C30.4327 28.8086 33.7127 25.5286 33.7127 21.5986C33.7127 17.6686 30.4627 14.4086 26.5127 14.4086C22.5727 14.4086 19.3227 17.6686 19.3227 21.5986C19.3227 25.5386 22.5727 28.8086 26.5127 28.8086ZM26.5127 22.8086C25.8627 22.8086 25.4027 22.3486 25.3727 21.7286L25.2527 17.9486C25.2227 17.2286 25.7627 16.7086 26.5127 16.7086C27.2727 16.7086 27.8127 17.2086 27.7827 17.9486L27.6627 21.7286C27.6427 22.3486 27.1627 22.8086 26.5127 22.8086ZM26.5127 26.4586C25.6927 26.4586 25.0627 25.8686 25.0627 25.0586C25.0627 24.2686 25.6927 23.6786 26.5127 23.6786C27.3327 23.6786 27.9727 24.2786 27.9727 25.0586C27.9627 25.8686 27.3427 26.4586 26.5127 26.4586Z","geometry":{"width":33.71484375,"height":28.888671875}}