{"path":"M17.2238 -0.0014C10.3338 -0.0014 4.5238 4.9086 3.1138 11.3986H1.2038C-0.0162 11.3986 -0.3162 12.4586 0.3438 13.3186L4.1038 18.3486C4.5738 18.9886 5.3938 18.9786 5.8638 18.3486L9.6238 13.3186C10.2538 12.4586 9.9638 11.3986 8.7638 11.3986H6.8338C8.1138 6.8886 12.2638 3.6086 17.2238 3.6086C20.5038 3.6086 23.3538 5.0286 25.3538 7.3786C26.1238 8.1486 27.1938 8.4086 28.0238 7.6986C28.7938 7.0586 28.8438 5.9586 28.0238 5.0186C25.6138 2.0186 21.3538 -0.0014 17.2238 -0.0014ZM16.7138 6.6586C15.9638 6.6586 15.3538 7.2686 15.3538 8.0286V15.1086C15.3538 15.4586 15.4738 15.8086 15.7338 16.1286L18.8138 20.1886C19.3538 20.9186 20.1738 21.0386 20.8338 20.5586C21.4738 20.1086 21.5338 19.2486 21.0538 18.6086L18.0838 14.6386V8.0286C18.0838 7.2686 17.4838 6.6586 16.7138 6.6586ZM17.2238 28.8886C24.1138 28.8886 29.9238 23.9686 31.3338 17.4886H33.2438C34.4638 17.4886 34.7638 16.4286 34.1038 15.5686L30.3338 10.5386C29.8538 9.8986 29.0538 9.9086 28.5738 10.5386L24.8238 15.5686C24.1838 16.4286 24.4738 17.4886 25.6738 17.4886H27.6138C26.3138 21.9986 22.1738 25.2886 17.2238 25.2886C13.9338 25.2786 11.1038 23.8486 9.0738 21.5086C8.3138 20.7286 7.2438 20.4786 6.4138 21.1886C5.6538 21.8186 5.5938 22.9286 6.4238 23.8686C8.8338 26.8686 13.0938 28.8886 17.2238 28.8886Z","geometry":{"width":34.44787435199129,"height":28.888671875}}