{"path":"M14.4327 28.8886C16.2927 28.8886 18.1027 28.5186 19.7527 27.8586C18.9127 26.9786 18.2527 25.8986 17.8727 24.7186C16.7927 25.0886 15.6427 25.2886 14.4327 25.2886C8.4227 25.2886 3.5927 20.4486 3.5927 14.4386C3.5927 8.4386 8.4227 3.5986 14.4227 3.5986C19.7527 3.5986 24.1827 7.4386 25.0927 12.5186C26.2227 12.2786 27.5927 12.3186 28.7627 12.6586C27.8627 5.5686 21.7427 -0.0014 14.4227 -0.0014C6.5127 -0.0014 0.0027 6.5186 0.0027 14.4386C0.0027 22.3686 6.5127 28.8886 14.4327 28.8886ZM7.9427 16.5286H14.4227C15.1727 16.5286 15.7527 15.9386 15.7527 15.1986V6.6986C15.7527 5.9586 15.1727 5.3886 14.4227 5.3886C13.6827 5.3886 13.1127 5.9586 13.1127 6.6986V13.8886H7.9427C7.2027 13.8886 6.6327 14.4686 6.6327 15.1986C6.6327 15.9386 7.2027 16.5286 7.9427 16.5286ZM26.5127 28.8086C30.4327 28.8086 33.7127 25.5286 33.7127 21.5986C33.7127 17.6686 30.4627 14.4086 26.5127 14.4086C22.5727 14.4086 19.3227 17.6686 19.3227 21.5986C19.3227 25.5386 22.5727 28.8086 26.5127 28.8086ZM25.7827 25.5386C25.4527 25.5386 25.0927 25.4286 24.8427 25.1686L22.5827 22.7186C22.3627 22.4886 22.2327 22.1886 22.2327 21.8786C22.2327 21.1186 22.8027 20.6986 23.4227 20.6986C23.7727 20.6986 24.0727 20.8186 24.2827 21.0586L25.6927 22.6586L28.7227 18.4586C28.9527 18.1286 29.3127 17.9386 29.7227 17.9386C30.3627 17.9386 30.9027 18.4586 30.9027 19.1086C30.9027 19.3186 30.8327 19.5686 30.6827 19.7686L26.7427 25.0986C26.5527 25.3786 26.1727 25.5386 25.7827 25.5386Z","geometry":{"width":33.71484375,"height":28.888671875}}