{"path":"M26.7965 5.4571C27.5765 5.4571 28.2065 4.7971 28.2065 4.0371V1.4171C28.2065 0.6271 27.5765 -0.0029 26.7965 -0.0029C26.0165 -0.0029 25.3865 0.6271 25.3865 1.4171V4.0371C25.3865 4.7971 26.0165 5.4571 26.7965 5.4571ZM18.3465 8.1071C18.9065 8.6671 19.8265 8.6671 20.3565 8.1371C20.8865 7.5871 20.8865 6.6971 20.3465 6.1371L18.4965 4.2671C17.9665 3.7071 17.0365 3.7171 16.5065 4.2671C15.9565 4.8171 15.9665 5.7171 16.5165 6.2571ZM33.2365 8.1371C33.7865 8.6771 34.6965 8.6671 35.2465 8.1171L37.0965 6.2771C37.6565 5.7271 37.6565 4.8171 37.1065 4.2771C36.5565 3.7371 35.6665 3.7371 35.1065 4.2971L33.2465 6.1371C32.7065 6.6871 32.7065 7.5871 33.2365 8.1371ZM30.6765 20.3671C32.5665 19.0771 33.7665 16.9671 33.7665 14.5571C33.7665 10.7071 30.6665 7.5871 26.8065 7.5871C24.2765 7.5871 22.0565 8.9371 20.9365 10.8871C21.5365 11.4871 22.0565 12.1771 22.4865 13.0171C26.8265 13.3071 30.0765 16.2271 30.6765 20.3671ZM5.8965 29.0571H21.7265C25.6765 29.0571 28.6965 26.0071 28.6965 22.0271C28.6965 17.9371 25.5265 14.9171 21.2365 14.9171C19.7565 12.1271 17.0265 9.9971 13.0865 9.9971C8.3565 9.9971 4.4165 13.5671 4.0165 18.2471C1.5765 18.9171 -0.0035 20.9971 -0.0035 23.5671C-0.0035 26.8271 2.3965 29.0571 5.8965 29.0571ZM37.3065 15.9671H39.9365C40.7165 15.9671 41.3565 15.3371 41.3565 14.5571C41.3565 13.7971 40.7165 13.1571 39.9365 13.1571H37.3065C36.5465 13.1571 35.8865 13.7971 35.8865 14.5571C35.8865 15.3371 36.5465 15.9671 37.3065 15.9671ZM35.1065 24.8571C35.6565 25.4171 36.5565 25.4171 37.0965 24.8671C37.6365 24.3271 37.6265 23.4371 37.0765 22.8771L35.2365 21.0171C34.6965 20.4671 33.7865 20.4671 33.2365 21.0171C32.6865 21.5571 32.7065 22.4671 33.2465 23.0071ZM18.0765 33.9771H15.0765L16.2565 31.7371C16.4165 31.4471 16.2965 31.2171 15.9865 31.2171H12.4865C12.0965 31.2171 11.9665 31.3471 11.8565 31.6371L10.0065 35.8171C9.8665 36.1471 10.0065 36.3571 10.3665 36.3571H12.8265L10.9965 40.7671C10.9265 40.9571 10.9665 41.1071 11.0865 41.1671C11.2065 41.2171 11.3565 41.1771 11.5165 41.0271L18.2765 34.6571C18.5765 34.3871 18.4865 33.9771 18.0765 33.9771Z","geometry":{"width":41.357421875,"height":41.18914362860575}}