{"path":"M6.3622 25.4729H21.3322C25.5522 25.4729 28.8522 22.2629 28.8522 18.1129C28.8522 18.0429 28.8522 17.9829 28.8522 17.9129C33.2522 17.8929 36.4322 15.4029 37.6222 12.1029C38.1322 10.7229 37.4922 9.5529 36.1622 9.5529C35.1622 9.5529 34.3822 9.9729 32.9122 9.9729C29.6922 9.9729 28.0722 8.2229 28.0722 5.0829C28.0722 3.4429 28.5722 2.4429 28.5722 1.6729C28.5722 0.3329 27.3822 -0.3071 26.0322 0.1429C22.7322 1.2529 20.1422 4.6129 20.1422 8.4929C20.1422 8.6629 20.1422 8.8129 20.1522 8.9629C18.4522 7.0229 16.0622 5.9429 13.2322 5.9429C8.5322 5.9429 4.6322 9.3829 3.9922 14.0329C1.5722 14.8129 0.0022 16.9229 0.0022 19.5529C0.0022 22.9929 2.6222 25.4729 6.3622 25.4729ZM22.7822 8.4729C22.7822 6.0929 24.0922 4.0629 25.8222 2.9829L25.9922 3.0929C25.7722 3.7629 25.5622 4.6929 25.5622 5.7729C25.5622 9.6829 28.3022 12.4729 32.3022 12.4729C33.3322 12.4729 34.1422 12.2729 34.7222 12.0829L34.8322 12.1929C33.8922 13.8729 31.6322 15.3429 28.2722 15.2129C27.3822 13.1029 25.5422 11.5429 23.2122 10.9729C22.9322 10.1929 22.7822 9.3629 22.7822 8.4729ZM6.4122 22.3629C4.2422 22.3629 3.1322 21.1829 3.1322 19.6029C3.1322 18.2129 3.9822 17.0929 5.9022 16.5929C6.6422 16.4029 6.8622 16.0729 6.9622 15.3229C7.4522 11.4129 10.0322 9.0529 13.2322 9.0529C15.6722 9.0529 17.6522 10.4429 18.9522 12.9229C19.2822 13.5429 19.6322 13.7729 20.3822 13.7729C23.9422 13.7729 25.7122 15.7329 25.7122 18.1729C25.7122 20.5129 23.8822 22.3629 21.2722 22.3629ZM17.1722 32.0129L18.9122 29.0229C19.1922 28.5229 19.0622 27.9229 18.5522 27.6229C18.0422 27.3329 17.4822 27.5129 17.1822 28.0329L15.4522 31.0429C15.1622 31.5229 15.2822 32.1229 15.7922 32.4129C16.2922 32.6929 16.9022 32.5029 17.1722 32.0129ZM6.2922 32.0229L8.0222 29.0329C8.3122 28.5429 8.1722 27.9229 7.6722 27.6329C7.1622 27.3529 6.6022 27.5329 6.3022 28.0329L4.5622 31.0529C4.2822 31.5329 4.4022 32.1229 4.9122 32.4229C5.4122 32.7129 6.0122 32.5029 6.2922 32.0229ZM21.4822 35.8529L23.2122 32.8629C23.5022 32.3729 23.3622 31.7529 22.8622 31.4629C22.3522 31.1829 21.7922 31.3529 21.4922 31.8629L19.7522 34.8829C19.4722 35.3629 19.5922 35.9629 20.1022 36.2529C20.6022 36.5329 21.2022 36.3329 21.4822 35.8529ZM10.5922 35.8529L12.3322 32.8629C12.6222 32.3729 12.4822 31.7629 11.9722 31.4629C11.4722 31.1829 10.9122 31.3529 10.6122 31.8729L8.8722 34.8829C8.5822 35.3629 8.7122 35.9629 9.2122 36.2529C9.7222 36.5329 10.3222 36.3429 10.5922 35.8529Z","geometry":{"width":37.79744507767962,"height":36.38514342876991}}