{"path":"M26.8922 5.4536C27.6722 5.4536 28.3022 4.8036 28.3022 4.0336V1.4236C28.3022 0.6436 27.6722 0.0036 26.8922 0.0036C26.1122 0.0036 25.4822 0.6436 25.4822 1.4236V4.0336C25.4822 4.8036 26.1122 5.4536 26.8922 5.4536ZM18.4422 8.1236C19.0022 8.6636 19.9222 8.6636 20.4522 8.1336C20.9822 7.5836 20.9822 6.7036 20.4422 6.1436L18.5922 4.2636C18.0622 3.7236 17.1322 3.7236 16.6022 4.2636C16.0522 4.8136 16.0622 5.7136 16.6122 6.2636ZM33.3322 8.1336C33.8822 8.6836 34.7922 8.6636 35.3422 8.1236L37.1922 6.2736C37.7522 5.7236 37.7522 4.8236 37.2022 4.2836C36.6522 3.7336 35.7622 3.7336 35.2022 4.2936L33.3422 6.1436C32.8022 6.6836 32.8022 7.5836 33.3322 8.1336ZM6.3622 29.2736H21.3322C25.5522 29.2736 28.8522 26.0636 28.8522 21.9036C28.8522 21.6836 28.8322 21.4536 28.8222 21.2336C31.7422 20.4236 33.8622 17.7736 33.8622 14.5736C33.8622 10.6936 30.7722 7.6036 26.9222 7.6036C23.6522 7.6036 20.9422 9.7736 20.1622 12.7736C18.4522 10.8136 16.0622 9.7336 13.2322 9.7336C8.5322 9.7336 4.6322 13.1836 3.9922 17.8236C1.5722 18.6036 0.0022 20.7136 0.0022 23.3536C0.0022 26.7936 2.6222 29.2736 6.3622 29.2736ZM26.9022 10.3936C29.2122 10.3936 31.0622 12.2236 31.0622 14.5436C31.0622 16.4436 29.7922 18.0636 28.0522 18.5436C27.0322 16.5436 25.1122 15.1036 22.7522 14.6736C22.7522 14.6336 22.7522 14.5836 22.7522 14.5436C22.7522 12.2236 24.5822 10.3936 26.9022 10.3936ZM6.4122 26.1536C4.2422 26.1536 3.1322 24.9736 3.1322 23.3936C3.1322 22.0136 3.9822 20.8936 5.9022 20.3836C6.6422 20.1936 6.8622 19.8636 6.9622 19.1136C7.4522 15.2036 10.0322 12.8536 13.2322 12.8536C15.6722 12.8536 17.6522 14.2336 18.9522 16.7236C19.2822 17.3336 19.6322 17.5636 20.3822 17.5636C23.9422 17.5636 25.7122 19.5236 25.7122 21.9736C25.7122 24.3236 23.8822 26.1536 21.2722 26.1536ZM37.4022 15.9736H40.0322C40.8122 15.9736 41.4522 15.3436 41.4522 14.5736C41.4522 13.7936 40.8122 13.1536 40.0322 13.1536H37.4022C36.6422 13.1536 35.9822 13.7936 35.9822 14.5736C35.9822 15.3436 36.6422 15.9736 37.4022 15.9736ZM35.2022 24.8536C35.7522 25.4136 36.6522 25.4136 37.1922 24.8736C37.7322 24.3236 37.7222 23.4336 37.1722 22.8736L35.3322 21.0136C34.7922 20.4636 33.8822 20.4636 33.3322 21.0136C32.7822 21.5636 32.8022 22.4636 33.3422 23.0136Z","geometry":{"width":41.453125,"height":29.271484375}}