{"path":"M6.9727 21.8086H24.1327C28.8727 21.8086 32.4427 18.1986 32.4427 13.6586C32.4427 9.0186 28.7927 5.5086 23.9927 5.5086C22.3527 2.3386 19.3327 -0.0014 14.8427 -0.0014C9.4327 -0.0014 5.1527 4.0186 4.5427 9.1486C1.9527 9.9986 0.0027 12.2386 0.0027 15.2986C0.0027 18.9486 2.7027 21.8086 6.9727 21.8086ZM18.3927 28.7286L20.1227 25.7286C20.4127 25.2386 20.2727 24.6386 19.7727 24.3386C19.2627 24.0486 18.7027 24.2286 18.3927 24.7486L16.6527 27.7586C16.3827 28.2286 16.4927 28.8386 17.0127 29.1186C17.5127 29.4086 18.1027 29.2186 18.3927 28.7286ZM7.5027 28.7386L9.2427 25.7486C9.5327 25.2486 9.3927 24.6386 8.8827 24.3486C8.3827 24.0586 7.8227 24.2386 7.5027 24.7486L5.7727 27.7686C5.4927 28.2486 5.6027 28.8386 6.1227 29.1386C6.6327 29.4186 7.2227 29.2186 7.5027 28.7386ZM22.6927 32.5686L24.4327 29.5686C24.7227 29.0786 24.5827 28.4686 24.0727 28.1786C23.5727 27.8886 23.0127 28.0686 22.6927 28.5786L20.9627 31.5986C20.6827 32.0786 20.7927 32.6586 21.3127 32.9586C21.8227 33.2486 22.4127 33.0486 22.6927 32.5686ZM11.8127 32.5686L13.5527 29.5686C13.8327 29.0786 13.7027 28.4786 13.1927 28.1786C12.6827 27.8886 12.1227 28.0686 11.8227 28.5886L10.0727 31.5986C9.8027 32.0786 9.9227 32.6786 10.4327 32.9586C10.9327 33.2486 11.5227 33.0586 11.8127 32.5686Z","geometry":{"width":32.443359375,"height":33.09734119856179}}