{"path":"M6.9727 21.8086H24.1327C28.8727 21.8086 32.4427 18.1986 32.4427 13.6586C32.4427 9.0186 28.7927 5.5086 23.9927 5.5086C22.3527 2.3386 19.3327 -0.0014 14.8427 -0.0014C9.4327 -0.0014 5.1527 4.0186 4.5427 9.1486C1.9527 9.9986 0.0027 12.2386 0.0027 15.2986C0.0027 18.9486 2.7027 21.8086 6.9727 21.8086ZM20.0527 26.8286H17.0127L18.2427 24.4686C18.3927 24.1686 18.2627 23.9386 17.9627 23.9386H14.3327C13.9327 23.9386 13.7927 24.0786 13.6727 24.3586L11.7127 28.8186C11.5627 29.1586 11.7027 29.3786 12.0627 29.3786H14.5727L12.7527 33.8086C12.6727 33.9886 12.7127 34.1486 12.8427 34.2086C12.9627 34.2486 13.1227 34.2186 13.2727 34.0686L20.2727 27.5186C20.5727 27.2186 20.4627 26.8286 20.0527 26.8286Z","geometry":{"width":32.443359375,"height":34.22422741585626}}