{"path":"M26.8338 5.4595C27.6038 5.4595 28.2438 4.7995 28.2438 4.0295V1.4195C28.2438 0.6395 27.6038 -0.0005 26.8338 -0.0005C26.0538 -0.0005 25.4138 0.6395 25.4138 1.4195V4.0295C25.4138 4.7995 26.0538 5.4595 26.8338 5.4595ZM18.3838 8.1195C18.9538 8.6695 19.8638 8.6795 20.3938 8.1395C20.9338 7.5895 20.9138 6.6995 20.3838 6.1395L18.5438 4.2695C17.9938 3.7195 17.0738 3.7195 16.5338 4.2695C15.9838 4.8095 15.9938 5.7195 16.5438 6.2595ZM33.2738 8.1395C33.8138 8.6795 34.7238 8.6695 35.2838 8.1195L37.1338 6.2795C37.6838 5.7295 37.6838 4.8295 37.1438 4.2795C36.6038 3.7295 35.6938 3.7295 35.1538 4.2895L33.2938 6.1395C32.7338 6.6895 32.7438 7.5995 33.2738 8.1395ZM30.7238 20.3695C32.5938 19.0695 33.8138 16.9695 33.8138 14.5595C33.8138 10.7095 30.6938 7.5995 26.8538 7.5995C24.3038 7.5995 22.0938 8.9595 20.9638 10.8795C21.5738 11.4795 22.0938 12.1795 22.5338 13.0195C26.8638 13.2995 30.1038 16.2295 30.7238 20.3695ZM5.8938 29.0395H21.7238C25.6938 29.0395 28.7138 25.9895 28.7138 21.9995C28.7138 17.9095 25.5538 14.8795 21.2638 14.8795C19.7938 12.1095 17.0638 9.9495 13.0838 9.9495C8.3538 9.9495 4.4138 13.5195 4.0038 18.2095C1.6038 18.8795 0.0038 20.9495 0.0038 23.5395C0.0038 26.7795 2.3638 29.0395 5.8938 29.0395ZM37.3538 15.9695H39.9638C40.7438 15.9695 41.3838 15.3395 41.3838 14.5695C41.3838 13.7995 40.7438 13.1495 39.9638 13.1495H37.3538C36.5838 13.1495 35.9338 13.7995 35.9338 14.5695C35.9338 15.3395 36.5838 15.9695 37.3538 15.9695ZM35.1338 24.8595C35.6938 25.4195 36.5838 25.4195 37.1338 24.8695C37.6838 24.3195 37.6638 23.4295 37.1238 22.8695L35.2738 21.0095C34.7438 20.4695 33.8138 20.4695 33.2638 21.0095C32.7338 21.5595 32.7438 22.4595 33.2938 23.0095Z","geometry":{"width":41.384765625,"height":29.0390625}}