{"path":"M6.9727 21.8086H24.1327C28.8727 21.8086 32.4427 18.1986 32.4427 13.6586C32.4427 9.0186 28.7927 5.5086 23.9927 5.5086C22.3527 2.3386 19.3327 -0.0014 14.8427 -0.0014C9.4327 -0.0014 5.1527 4.0186 4.5427 9.1486C1.9527 9.9986 0.0027 12.2386 0.0027 15.2986C0.0027 18.9486 2.7027 21.8086 6.9727 21.8086ZM7.0427 18.5786C4.4827 18.5786 3.2127 17.2086 3.2127 15.3686C3.2127 13.7786 4.1827 12.4986 6.4127 11.9186C7.2627 11.6986 7.5027 11.3186 7.6127 10.4586C8.1327 5.9286 11.1527 3.2286 14.8427 3.2286C17.6627 3.2286 19.9627 4.7986 21.4527 7.7086C21.8227 8.4186 22.2427 8.6786 23.1227 8.6786C27.1927 8.6786 29.2327 10.9386 29.2327 13.7286C29.2327 16.4486 27.1227 18.5786 24.1327 18.5786ZM9.0327 26.7686L9.7727 25.4886C10.0627 24.9886 9.9227 24.3786 9.4227 24.0886C8.9127 23.7986 8.3427 23.9786 8.0427 24.4886L7.3027 25.7886C7.0227 26.2686 7.1527 26.8686 7.6527 27.1486C8.1627 27.4386 8.7527 27.2486 9.0327 26.7686ZM15.0027 28.8586L16.9427 25.4986C17.2227 25.0086 17.0927 24.3886 16.5827 24.0986C16.0827 23.8186 15.5127 23.9986 15.2127 24.5186L13.2727 27.8886C12.9927 28.3586 13.1127 28.9586 13.6127 29.2586C14.1227 29.5286 14.7227 29.3386 15.0027 28.8586ZM23.3627 26.8086L24.1027 25.5286C24.3927 25.0286 24.2527 24.4286 23.7527 24.1486C23.2427 23.8486 22.6727 24.0186 22.3627 24.5386L21.6327 25.8386C21.3527 26.3186 21.4627 26.9186 21.9827 27.2086C22.4927 27.4986 23.0827 27.2986 23.3627 26.8086ZM6.2227 31.2286C7.1227 31.2286 7.8627 30.4786 7.8627 29.5686C7.8627 28.6886 7.1227 27.9486 6.2227 27.9486C5.3327 27.9486 4.5827 28.6886 4.5827 29.5686C4.5827 30.4786 5.3327 31.2286 6.2227 31.2286ZM20.5527 31.2786C21.4527 31.2786 22.1927 30.5286 22.1927 29.6286C22.1927 28.7386 21.4527 27.9986 20.5527 27.9986C19.6627 27.9986 18.9127 28.7386 18.9127 29.6286C18.9127 30.5286 19.6627 31.2786 20.5527 31.2786ZM12.1927 33.3186C13.0827 33.3186 13.8327 32.5786 13.8327 31.6686C13.8327 30.7886 13.0827 30.0386 12.1927 30.0386C11.2927 30.0386 10.5527 30.7886 10.5527 31.6686C10.5527 32.5786 11.2927 33.3186 12.1927 33.3186Z","geometry":{"width":32.443359375,"height":33.318359375}}