{"path":"M6.3622 25.4838H21.3322C25.5522 25.4838 28.8522 22.2538 28.8522 18.1138C28.8522 18.0438 28.8522 17.9738 28.8522 17.9038C33.2522 17.8838 36.4322 15.3938 37.6222 12.1138C38.1322 10.7338 37.4922 9.5438 36.1622 9.5438C35.1622 9.5438 34.3822 9.9638 32.9122 9.9638C29.6922 9.9638 28.0722 8.2138 28.0722 5.0738C28.0722 3.4338 28.5722 2.4338 28.5722 1.6638C28.5722 0.3438 27.3822 -0.3162 26.0322 0.1538C22.7322 1.2438 20.1422 4.6238 20.1422 8.5038C20.1422 8.6538 20.1422 8.8038 20.1522 8.9538C18.4522 7.0138 16.0622 5.9338 13.2322 5.9338C8.5322 5.9338 4.6322 9.3738 3.9922 14.0438C1.5722 14.8038 0.0022 16.9138 0.0022 19.5538C0.0022 22.9938 2.6222 25.4838 6.3622 25.4838ZM22.7822 8.4738C22.7822 6.0838 24.0922 4.0638 25.8222 2.9938L25.9922 3.1038C25.7722 3.7738 25.5622 4.6838 25.5622 5.7638C25.5622 9.6738 28.3022 12.4638 32.3022 12.4638C33.3322 12.4638 34.1422 12.2738 34.7222 12.0738L34.8322 12.1838C33.8922 13.8638 31.6322 15.3338 28.2722 15.2038C27.3822 13.1138 25.5422 11.5538 23.2122 10.9738C22.9322 10.1938 22.7822 9.3538 22.7822 8.4738ZM6.4122 22.3538C4.2422 22.3538 3.1322 21.1738 3.1322 19.5938C3.1322 18.2138 3.9822 17.1038 5.9022 16.5938C6.6422 16.4038 6.8622 16.0638 6.9622 15.3138C7.4522 11.4038 10.0322 9.0538 13.2322 9.0538C15.6722 9.0538 17.6522 10.4338 18.9522 12.9138C19.2822 13.5438 19.6322 13.7638 20.3822 13.7638C23.9422 13.7638 25.7122 15.7338 25.7122 18.1638C25.7122 20.5238 23.8822 22.3538 21.2722 22.3538Z","geometry":{"width":37.79744507767962,"height":25.482834479873365}}