{"path":"M30.8565 16.8026C35.0265 15.8026 37.5565 12.3226 37.5565 9.9526C37.5565 9.3626 37.3065 8.9426 36.8365 8.9426C36.0965 8.9426 35.0365 9.7926 33.0565 9.8026C29.8165 9.8126 27.7965 7.8326 27.7965 4.8426C27.7965 2.9226 28.6565 1.5426 28.6565 0.7426C28.6565 0.2826 28.3465 -0.0174 27.7965 0.0026C25.3765 0.0826 21.8765 2.7926 21.0365 6.6326C21.5765 7.1326 22.0565 7.7626 22.4365 8.5726C26.8065 8.8226 30.5265 12.1926 30.8565 16.8026ZM5.8965 24.6526H21.7265C25.6765 24.6526 28.6865 21.6126 28.6865 17.6226C28.6865 13.5526 25.5265 10.5326 21.2365 10.5326C19.7565 7.7226 17.0265 5.5926 13.0865 5.5926C8.3565 5.5926 4.4165 9.1626 4.0165 13.8526C1.5765 14.5326 -0.0035 16.6026 -0.0035 19.1726C-0.0035 22.4326 2.3965 24.6526 5.8965 24.6526ZM17.0765 31.4026L18.8165 28.4126C19.0965 27.9226 18.9665 27.3026 18.4565 27.0126C17.9465 26.7326 17.3865 26.9026 17.0865 27.4226L15.3565 30.4326C15.0665 30.9126 15.1865 31.5126 15.6965 31.8026C16.1965 32.0926 16.8065 31.8826 17.0765 31.4026ZM6.1965 31.4226L7.9265 28.4126C8.2165 27.9226 8.0765 27.3126 7.5765 27.0326C7.0665 26.7326 6.5065 26.9026 6.2065 27.4226L4.4665 30.4326C4.1865 30.9126 4.3065 31.5126 4.8165 31.8126C5.3165 32.0926 5.9165 31.8926 6.1965 31.4226ZM21.3865 35.2426L23.1165 32.2426C23.4065 31.7426 23.2665 31.1426 22.7665 30.8626C22.2565 30.5526 21.6965 30.7326 21.3965 31.2526L19.6565 34.2726C19.3765 34.7426 19.4965 35.3426 20.0065 35.6426C20.5065 35.9126 21.1065 35.7226 21.3865 35.2426ZM10.4965 35.2426L12.2365 32.2526C12.5265 31.7626 12.3865 31.1626 11.8965 30.8626C11.3765 30.5726 10.8165 30.7526 10.5165 31.2726L8.7765 34.2726C8.4865 34.7526 8.6165 35.3526 9.1365 35.6426C9.6265 35.9326 10.2265 35.7426 10.4965 35.2426Z","geometry":{"width":37.556640625,"height":35.77747622060305}}