{"path":"M7.2827 22.8916H25.4527C30.3627 22.8916 34.1827 19.1716 34.1827 14.3716C34.1827 9.5116 30.3927 5.7816 25.2127 5.7816C23.3127 2.0816 19.9327 0.0016 15.6227 0.0016C10.1027 0.0016 5.4927 4.0316 4.8027 9.6816C1.8427 10.6216 0.0027 13.0816 0.0027 16.1016C0.0027 19.9516 2.8727 22.8916 7.2827 22.8916ZM7.3727 19.6916C4.7627 19.6916 3.2027 18.3216 3.2027 16.1716C3.2027 14.3116 4.4027 13.0016 6.6727 12.4116C7.4627 12.2116 7.7527 11.8816 7.8627 10.9616C8.4127 6.3016 11.5127 3.2016 15.6227 3.2016C18.6727 3.2016 21.1527 4.9316 22.7327 8.0116C23.1027 8.7316 23.5027 8.9816 24.3927 8.9816C28.5927 8.9816 30.9627 11.2516 30.9627 14.4516C30.9627 17.4416 28.6127 19.6916 25.4527 19.6916Z","geometry":{"width":34.1796875,"height":22.88671875}}