{"path":"M30.8565 16.8074C35.0265 15.8074 37.5565 12.3174 37.5565 9.9374C37.5565 9.3674 37.3065 8.9474 36.8365 8.9474C36.0965 8.9474 35.0365 9.7874 33.0565 9.8074C29.8165 9.8174 27.7965 7.8174 27.7965 4.8374C27.7965 2.9274 28.6565 1.5474 28.6565 0.7374C28.6565 0.2874 28.3465 -0.0226 27.7965 -0.0026C25.3765 0.0874 21.8765 2.7874 21.0365 6.6374C21.5765 7.1374 22.0565 7.7674 22.4365 8.5774C26.8065 8.8174 30.5265 12.1974 30.8565 16.8074ZM5.8965 24.6474H21.7265C25.6765 24.6474 28.6865 21.6174 28.6865 17.6274C28.6865 13.5474 25.5265 10.5274 21.2365 10.5274C19.7565 7.7274 17.0265 5.5974 13.0865 5.5974C8.3565 5.5974 4.4165 9.1574 4.0165 13.8474C1.5765 14.5374 -0.0035 16.5974 -0.0035 19.1674C-0.0035 22.4274 2.3965 24.6474 5.8965 24.6474ZM18.0765 29.5874H15.0765L16.2565 27.3474C16.4165 27.0474 16.2965 26.8074 15.9865 26.8074H12.4865C12.0965 26.8074 11.9665 26.9674 11.8565 27.2374L10.0065 31.4174C9.8665 31.7474 10.0065 31.9674 10.3665 31.9674H12.8265L10.9965 36.3874C10.9265 36.5574 10.9665 36.7074 11.0865 36.7674C11.2065 36.8174 11.3565 36.7774 11.5165 36.6374L18.2765 30.2674C18.5765 29.9874 18.4865 29.5874 18.0765 29.5874Z","geometry":{"width":37.556640625,"height":36.788763367083824}}