{"path":"M30.7875 16.8196C34.9575 15.8096 37.4875 12.3296 37.4875 9.9496C37.4875 9.3696 37.2375 8.9596 36.7675 8.9596C36.0075 8.9596 34.9575 9.7996 32.9875 9.7996C29.7475 9.8296 27.7275 7.8296 27.7275 4.8496C27.7275 2.9396 28.5875 1.5596 28.5875 0.7496C28.5875 0.2996 28.2775 -0.0104 27.7175 -0.0004C25.3075 0.0996 21.8075 2.7996 20.9775 6.6496C21.5075 7.1496 21.9875 7.7796 22.3675 8.5896C26.7275 8.8296 30.4575 12.2096 30.7875 16.8196ZM5.8775 24.6796H21.7075C25.6575 24.6796 28.6875 21.6396 28.6875 17.6596C28.6875 13.5796 25.5275 10.5596 21.2275 10.5596C19.7575 7.7696 17.0175 5.6296 13.0675 5.6296C8.3375 5.6296 4.4175 9.1996 4.0075 13.8896C1.5675 14.5596 -0.0025 16.6396 -0.0025 19.2096C-0.0025 22.4596 2.3775 24.6796 5.8775 24.6796Z","geometry":{"width":37.48828125,"height":24.678163367805496}}