{"path":"M6.9727 21.8086H24.1327C28.8727 21.8086 32.4427 18.1986 32.4427 13.6586C32.4427 9.0186 28.7927 5.5086 23.9927 5.5086C22.3527 2.3386 19.3327 -0.0014 14.8427 -0.0014C9.4327 -0.0014 5.1527 4.0186 4.5427 9.1486C1.9527 9.9986 0.0027 12.2386 0.0027 15.2986C0.0027 18.9486 2.7027 21.8086 6.9727 21.8086ZM21.5927 32.6086L25.5827 25.7186C25.8527 25.2286 25.7327 24.6186 25.2227 24.3386C24.7327 24.0486 24.1627 24.2286 23.8527 24.7286L19.8827 31.6086C19.6027 32.0986 19.7327 32.6986 20.2227 32.9886C20.7227 33.2786 21.3027 33.0886 21.5927 32.6086ZM18.3927 28.7286L20.1227 25.7286C20.4127 25.2386 20.2727 24.6386 19.7727 24.3386C19.2627 24.0486 18.7027 24.2286 18.3927 24.7486L16.6527 27.7586C16.3827 28.2286 16.4927 28.8386 17.0127 29.1186C17.5127 29.4086 18.1027 29.2186 18.3927 28.7286ZM10.7027 32.6186L14.6927 25.7186C14.9727 25.2386 14.8427 24.6386 14.3427 24.3486C13.8527 24.0486 13.2627 24.2286 12.9727 24.7486L8.9927 31.6186C8.7227 32.1186 8.8427 32.7186 9.3527 33.0086C9.8427 33.2886 10.4227 33.0986 10.7027 32.6186ZM7.5027 28.7386L9.2427 25.7486C9.5327 25.2486 9.3927 24.6386 8.8827 24.3486C8.3827 24.0586 7.8227 24.2386 7.5027 24.7486L5.7727 27.7686C5.4927 28.2486 5.6027 28.8386 6.1227 29.1386C6.6327 29.4186 7.2227 29.2186 7.5027 28.7386Z","geometry":{"width":32.443359375,"height":33.138803629332386}}