{"path":"M4.3937 29.6894C4.1037 30.8794 5.7137 31.1094 5.9737 30.0594L6.7237 26.9694C7.6037 27.2894 8.5437 27.5294 9.5737 27.6194L9.0537 29.7094C8.7637 30.8894 10.3737 31.1394 10.6537 30.0694L11.2237 27.7094C15.7937 27.6494 19.2937 25.3894 20.5637 22.0194C20.7537 21.5094 20.8637 20.9894 20.8637 20.4894C20.8637 19.2294 20.0037 18.3894 18.7037 18.3894C17.6237 18.3894 17.0537 18.8894 16.5937 19.9694C15.8437 22.0594 14.2637 23.3994 12.1837 23.7394L15.7537 9.0994C16.0337 9.5194 16.2837 9.9894 16.4637 10.4894C16.9537 11.6094 17.5537 12.0494 18.6437 12.0494C19.8937 12.0494 20.7037 11.2394 20.6837 10.0094C20.6837 9.4094 20.5337 8.7994 20.2437 8.2094C19.5237 6.6094 18.3737 5.3094 16.9137 4.3794L17.7237 1.0594C17.9937 -0.0406 16.3937 -0.4206 16.1337 0.6794L15.4237 3.5994C14.5437 3.2494 13.6037 2.9994 12.6037 2.8594L13.0437 1.0294C13.3137 -0.0606 11.7337 -0.4306 11.4737 0.6494L10.9537 2.7494C4.1737 2.7494 0.0037 7.4394 0.0037 15.1794C0.0037 20.4494 1.8837 24.2994 5.2237 26.2594ZM7.7537 22.7694L11.6737 6.6794C12.7137 6.7894 13.6437 7.1394 14.4237 7.6994L10.5037 23.7894C9.4437 23.6994 8.5337 23.3394 7.7537 22.7694ZM4.8237 15.1294C4.8237 10.2994 6.7137 7.1994 9.9937 6.6994L6.4137 21.3694C5.3837 19.8794 4.8237 17.7494 4.8237 15.1294Z","geometry":{"width":20.86328125,"height":30.747693245086047}}