{"path":"M1.654 18.9558C-0.536 21.1458 -0.556 23.8358 1.624 26.0258L7.984 32.3858C8.654 33.0358 9.714 33.0358 10.374 32.3858C11.024 31.7158 11.024 30.6658 10.374 30.0058L7.394 27.0258L8.434 25.9958L11.654 29.2258C12.094 29.6658 12.834 29.6758 13.274 29.2358C13.724 28.7858 13.734 28.0458 13.284 27.6158L10.044 24.3758L11.084 23.3358L14.314 26.5758C14.744 27.0058 15.494 27.0058 15.924 26.5758C16.374 26.1358 16.384 25.3958 15.934 24.9458L12.714 21.7158L13.744 20.6758L16.964 23.9058C17.414 24.3558 18.154 24.3558 18.584 23.9058C19.024 23.4658 19.054 22.7358 18.604 22.2758L15.364 19.0558L16.404 18.0158L19.624 21.2458C20.094 21.6958 20.814 21.6958 21.244 21.2558C21.674 20.8058 21.704 20.0758 21.254 19.6158L18.024 16.3858L19.054 15.3658L22.284 18.5858C22.714 19.0258 23.474 19.0358 23.904 18.6058C24.344 18.1658 24.374 17.3958 23.924 16.9658L20.684 13.7358L21.724 12.6958L24.944 15.9358C25.384 16.3558 26.134 16.3558 26.574 15.9358C27.024 15.4958 27.024 14.7458 26.584 14.3058L23.344 11.0658L24.384 10.0258L27.614 13.2658C28.054 13.7258 28.784 13.7258 29.224 13.2858C29.664 12.8158 29.674 12.0958 29.224 11.6458L25.994 8.4158L27.034 7.3758L30.014 10.3558C30.664 11.0158 31.724 11.0258 32.384 10.3558C33.024 9.7058 33.044 8.6458 32.384 7.9758L26.024 1.6258C23.834 -0.5542 21.144 -0.5342 18.954 1.6458ZM4.274 23.9158C3.374 23.0158 3.334 22.0158 4.244 21.1058L21.114 4.2458C22.034 3.3358 23.034 3.3558 23.924 4.2558L24.654 4.9958L5.014 24.6458Z","geometry":{"width":32.87065512170193,"height":32.87576858359241}}