{"path":"M1.624 26.0201L7.984 32.3701C8.654 33.0401 9.714 33.0401 10.374 32.3701C11.024 31.7201 11.014 30.6501 10.374 30.0101L6.624 26.2501L7.664 25.2201L11.654 29.2201C12.094 29.6701 12.834 29.6701 13.274 29.2301C13.724 28.7901 13.734 28.0501 13.284 27.6001L9.274 23.6001L10.314 22.5601L14.314 26.5801C14.744 27.0201 15.494 27.0201 15.924 26.5801C16.374 26.1301 16.384 25.3901 15.934 24.9501L11.944 20.9501L12.984 19.9101L16.964 23.9101C17.414 24.3501 18.154 24.3501 18.584 23.9101C19.024 23.4601 19.054 22.7401 18.604 22.2701L14.594 18.2801L15.634 17.2401L19.624 21.2501C20.094 21.7001 20.814 21.7001 21.244 21.2501C21.674 20.8101 21.704 20.0701 21.254 19.6201L17.264 15.6101L18.284 14.5901L22.284 18.5901C22.714 19.0301 23.474 19.0301 23.904 18.5901C24.344 18.1601 24.374 17.4201 23.924 16.9501L19.914 12.9601L20.954 11.9201L24.944 15.9301C25.384 16.3701 26.134 16.3701 26.574 15.9401C27.024 15.5001 27.024 14.7501 26.584 14.3001L22.584 10.2901L23.604 9.2701L27.614 13.2801C28.054 13.7101 28.784 13.7301 29.224 13.2801C29.664 12.8201 29.674 12.1001 29.224 11.6501L25.234 7.6401L26.274 6.6001L30.014 10.3501C30.664 11.0101 31.724 11.0201 32.384 10.3601C33.024 9.7101 33.044 8.6401 32.384 7.9801L26.024 1.6301C23.834 -0.5499 21.144 -0.5499 18.954 1.6501L1.654 18.9501C-0.536 21.1401 -0.556 23.8401 1.624 26.0201Z","geometry":{"width":32.87065512170193,"height":32.87745742808282}}