{"path":"M7.6037 10.7645V15.6645H5.3837C2.4037 15.6945 0.0037 18.0345 0.0037 21.0245C0.0037 23.9945 2.4037 26.4145 5.3837 26.4145C8.3537 26.4145 10.7737 23.9845 10.7737 21.0245V18.8445H15.6637V21.0245C15.6637 23.9845 18.0837 26.4145 21.0437 26.4145C24.0337 26.4145 26.4437 23.9945 26.4437 21.0245C26.4437 18.0345 24.0237 15.6945 21.0537 15.6645H18.8237V10.7645L21.0537 10.7445C24.0237 10.7345 26.4437 8.3845 26.4437 5.4045C26.4437 2.4345 24.0337 0.0045 21.0437 0.0045C18.0837 0.0045 15.6637 2.4445 15.6637 5.4045V7.5845H10.7737V5.4045C10.7737 2.4445 8.3537 0.0045 5.3837 0.0045C2.4037 0.0045 0.0037 2.4345 0.0037 5.4045C0.0037 8.3845 2.4037 10.7345 5.3837 10.7445ZM5.4837 7.6145C4.1937 7.6145 3.2037 6.6345 3.2037 5.4145C3.2037 4.1945 4.1837 3.2145 5.3837 3.2145C6.5937 3.2145 7.5837 4.2145 7.5837 5.4945V7.6145ZM20.9637 7.6145H18.8437V5.4945C18.8437 4.2145 19.8537 3.2145 21.0437 3.2145C22.2537 3.2145 23.2437 4.1945 23.2437 5.4145C23.2437 6.6345 22.2337 7.6145 20.9637 7.6145ZM10.7737 15.6845V10.7445H15.6537V15.6845ZM5.4837 18.7945H7.5837V20.9145C7.5837 22.2045 6.5937 23.2045 5.3837 23.2045C4.1837 23.2045 3.2037 22.2145 3.2037 21.0045C3.2037 19.7845 4.1937 18.7945 5.4837 18.7945ZM20.9637 18.7945C22.2337 18.7945 23.2437 19.7845 23.2437 21.0045C23.2437 22.2145 22.2537 23.2045 21.0437 23.2045C19.8537 23.2045 18.8437 22.2045 18.8437 20.9145V18.7945Z","geometry":{"width":26.44140625,"height":26.4140625}}