{"path":"M4.8237 26.1377H21.3137C24.4437 26.1377 26.1437 24.4477 26.1437 21.3377V4.7977C26.1437 1.6977 24.4437 -0.0023 21.3137 -0.0023H4.8237C1.7137 -0.0023 0.0037 1.6977 0.0037 4.7977V21.3377C0.0037 24.4477 1.7137 26.1377 4.8237 26.1377ZM5.2137 22.6177C4.1137 22.6177 3.5237 22.0777 3.5237 20.9177V5.2377C3.5237 4.0777 4.1137 3.5277 5.2137 3.5277H20.9337C22.0237 3.5277 22.6137 4.0777 22.6137 5.2377V20.9177C22.6137 22.0777 22.0237 22.6177 20.9337 22.6177ZM9.9437 12.1677V13.9677H9.1637C7.5037 13.9677 6.1837 15.2977 6.1837 16.9277C6.1837 18.5777 7.5037 19.9077 9.1637 19.9077C10.7837 19.9077 12.1237 18.5477 12.1237 16.9277V16.1777H13.9137V16.9277C13.9137 18.5477 15.2537 19.9077 16.8837 19.9077C18.5437 19.9077 19.8637 18.5777 19.8637 16.9277C19.8637 15.2977 18.5437 13.9677 16.8837 13.9677H16.1037V12.1677H16.8837C18.5437 12.1677 19.8637 10.8577 19.8637 9.2177C19.8637 7.5777 18.5437 6.2477 16.8837 6.2477C15.2537 6.2477 13.9137 7.5877 13.9137 9.2177V9.9777H12.1237V9.2177C12.1237 7.5877 10.7837 6.2477 9.1637 6.2477C7.5037 6.2477 6.1837 7.5777 6.1837 9.2177C6.1837 10.8577 7.5037 12.1677 9.1637 12.1677ZM9.2137 10.0777C8.6937 10.0777 8.3037 9.6977 8.3037 9.2177C8.3037 8.7477 8.6837 8.3677 9.1637 8.3677C9.6237 8.3677 10.0037 8.7677 10.0037 9.2677V10.0777ZM16.8337 10.0777H16.0337V9.2677C16.0337 8.7677 16.4237 8.3677 16.8837 8.3677C17.3637 8.3677 17.7437 8.7477 17.7437 9.2177C17.7437 9.6977 17.3537 10.0777 16.8337 10.0777ZM12.0537 14.0677V12.0877H13.9837V14.0677ZM9.2137 16.0677H10.0037V16.8677C10.0037 17.3777 9.6237 17.7877 9.1637 17.7877C8.6837 17.7877 8.3037 17.4077 8.3037 16.9277C8.3037 16.4477 8.7137 16.0677 9.2137 16.0677ZM16.8337 16.0677C17.3337 16.0677 17.7437 16.4477 17.7437 16.9277C17.7437 17.4077 17.3637 17.7877 16.8837 17.7877C16.4237 17.7877 16.0337 17.3777 16.0337 16.8677V16.0677Z","geometry":{"width":26.140625,"height":26.140625}}