{"path":"M1.1637 19.0995C0.5037 19.0995 0.0037 19.5895 0.0037 20.2595C0.0037 20.9195 0.5037 21.4195 1.1637 21.4195H4.3337L2.0937 28.9795C1.9437 29.4795 2.0537 29.9795 2.3537 30.3695L1.7937 32.4395C1.6537 32.9895 1.9437 33.4995 2.5037 33.6495C3.0537 33.7795 3.5537 33.4995 3.7037 32.9495L4.2637 30.8395C4.6737 30.6695 4.9937 30.2995 5.1437 29.8095L7.6337 21.4195H10.0537V22.6495C10.0537 23.2195 10.4837 23.6495 11.0437 23.6495C11.6037 23.6495 12.0437 23.2195 12.0437 22.6495V21.4195H14.4737L16.9637 29.8095C17.1137 30.2995 17.4337 30.6695 17.8437 30.8395L18.4037 32.9495C18.5437 33.4995 19.0537 33.7795 19.6037 33.6495C20.1537 33.4995 20.4537 32.9895 20.3037 32.4395L19.7537 30.3695C20.0437 29.9795 20.1537 29.4895 20.0137 28.9795L17.7637 21.4195H20.9337C21.6037 21.4195 22.1037 20.9195 22.1037 20.2595C22.1037 19.5895 21.6037 19.0995 20.9337 19.0995H17.0737L14.8037 11.4595C15.5137 10.6095 15.9437 9.5195 15.9437 8.3095C15.9437 6.0195 14.3537 4.0895 12.2237 3.5695V1.1595C12.2237 0.5095 11.7037 -0.0005 11.0437 -0.0005C10.4037 -0.0005 9.8837 0.5195 9.8837 1.1795V3.5695C7.7337 4.0895 6.1537 6.0195 6.1537 8.3095C6.1537 9.5195 6.5937 10.6095 7.3037 11.4595L5.0337 19.0995ZM11.0437 10.1195C10.0237 10.1195 9.2537 9.3495 9.2537 8.3095C9.2537 7.2895 10.0237 6.5195 11.0437 6.5195C12.0837 6.5195 12.8537 7.2895 12.8537 8.3095C12.8537 9.3495 12.0837 10.1195 11.0437 10.1195ZM12.0437 17.8395C12.0437 17.2795 11.6037 16.8395 11.0437 16.8395C10.4837 16.8395 10.0537 17.2795 10.0537 17.8395V19.0995H8.3137L10.0937 13.1095C10.4037 13.1695 10.7237 13.2095 11.0437 13.2095C11.3737 13.2095 11.7037 13.1695 12.0037 13.1095L13.7837 19.0995H12.0437Z","geometry":{"width":22.107421875,"height":33.68028428819444}}