{"path":"M10.2937 31.7468C17.0237 31.7468 20.5937 27.7168 20.5937 20.1568C20.5937 15.7768 20.4237 11.7168 20.1637 8.8868C19.6037 2.6668 16.6537 -0.0032 10.2937 -0.0032C3.9537 -0.0032 0.9837 2.6668 0.4237 8.8868C0.1637 11.7168 0.0037 15.7768 0.0037 20.1568C0.0037 27.7168 3.5637 31.7468 10.2937 31.7468ZM3.7837 8.7268C4.1837 5.0468 5.5137 3.6068 8.9737 3.3468V8.7268ZM11.6437 8.7268V3.3468C15.0937 3.6268 16.4037 5.0568 16.8137 8.7268ZM10.2937 28.4368C5.6737 28.4368 3.3037 25.6468 3.3037 20.1568C3.3037 16.9568 3.4037 13.9068 3.5537 11.4068H17.0337C17.2037 13.9068 17.2837 16.9568 17.2837 20.1568C17.2837 25.6468 14.9337 28.4368 10.2937 28.4368Z","geometry":{"width":20.58984375,"height":31.74609375}}