{"path":"M-0.0035 12.0265C-0.0135 12.7965 0.8465 13.0665 1.3565 12.5365L3.1965 10.5865L5.3865 16.0165C5.5665 16.4465 5.9465 16.7165 6.4565 16.5365L7.9165 15.9765C8.4365 15.7865 8.4365 15.2365 8.2865 14.9165L5.9465 9.5065L8.6965 9.4965C9.4365 9.5065 9.7865 8.7465 9.2665 8.2165L1.4265 0.2565C0.9265 -0.2535 0.1965 0.0365 0.1765 0.7465ZM8.1665 32.1765H22.8165C25.9265 32.1765 27.6165 30.4865 27.6165 27.3565V10.8665C27.6165 7.7465 25.9265 6.0365 22.8165 6.0365H10.1065L13.6765 9.5765L22.3765 9.5665C23.5465 9.5665 24.0865 10.1565 24.0865 11.2565V26.9665C24.0865 28.0765 23.5465 28.6565 22.3965 28.6565H8.5865C7.4365 28.6565 6.8865 28.0765 6.8865 26.9665V18.1265H3.3665V27.3565C3.3665 30.4865 5.0565 32.1765 8.1665 32.1765ZM10.9965 14.9165H19.8065C20.3265 14.9165 20.7265 14.5065 20.7265 13.9865C20.7265 13.4765 20.3265 13.0965 19.8065 13.0965H10.9965C10.4565 13.0965 10.0665 13.4765 10.0665 13.9865C10.0665 14.5065 10.4565 14.9165 10.9965 14.9165ZM10.9965 20.0265H19.8065C20.3265 20.0265 20.7265 19.6265 20.7265 19.1065C20.7265 18.6065 20.3265 18.2065 19.8065 18.2065H10.9965C10.4565 18.2065 10.0665 18.6065 10.0665 19.1065C10.0665 19.6265 10.4565 20.0265 10.9965 20.0265ZM10.9965 25.1365H19.8065C20.3265 25.1365 20.7265 24.7465 20.7265 24.2365C20.7265 23.7265 20.3265 23.3165 19.8065 23.3165H10.9965C10.4565 23.3165 10.0665 23.7265 10.0665 24.2365C10.0665 24.7465 10.4565 25.1365 10.9965 25.1365Z","geometry":{"width":27.617348308906713,"height":32.17940941708177}}