{"path":"M12.7837 0.0028C12.0537 0.0028 11.4837 0.5728 11.4837 1.3028V6.4528H14.0937V1.3028C14.0937 0.5728 13.5037 0.0028 12.7837 0.0028ZM4.8237 30.5528H11.4837V6.4528H4.8237C1.7137 6.4528 0.0037 8.1528 0.0037 11.2528V25.7728C0.0037 28.8628 1.7137 30.5528 4.8237 30.5528ZM20.7137 30.5528C23.8337 30.5528 25.5437 28.8628 25.5437 25.7728V11.2528C25.5437 8.1628 23.8337 6.4528 20.7137 6.4528H14.0937V30.5528ZM12.7837 37.0228C13.5037 37.0228 14.0937 36.4528 14.0937 35.7228V30.5528H11.4837V35.7228C11.4837 36.4528 12.0537 37.0228 12.7837 37.0228Z","geometry":{"width":25.5390625,"height":37.0234375}}