{"path":"M3.9337 25.6531H8.2137V26.8331C8.2137 27.6031 8.7937 28.1731 9.5737 28.1731C10.3337 28.1731 10.9137 27.6031 10.9137 26.8331V25.6531H12.8237V26.8331C12.8237 27.6031 13.4137 28.1731 14.1737 28.1731C14.9437 28.1731 15.5337 27.6031 15.5337 26.8331V25.6531H17.4637V26.8331C17.4637 27.6031 18.0337 28.1731 18.8037 28.1731C19.5737 28.1731 20.1537 27.6031 20.1537 26.8331V25.6531H24.4137C25.2137 25.6531 25.7337 25.1331 25.7337 24.3331V20.0431H26.9337C27.7037 20.0431 28.2737 19.4531 28.2737 18.6931C28.2737 17.9231 27.7037 17.3331 26.9337 17.3331H25.7337V15.4231H26.9337C27.7037 15.4231 28.2737 14.8431 28.2737 14.0831C28.2737 13.3131 27.7037 12.7331 26.9337 12.7331H25.7337V10.8131H26.9337C27.7037 10.8131 28.2737 10.2431 28.2737 9.4731C28.2737 8.6931 27.7037 8.1231 26.9337 8.1231H25.7337V3.8531C25.7337 3.0731 25.2137 2.5431 24.4137 2.5431H20.1437V1.3531C20.1437 0.5731 19.5537 0.0031 18.7837 0.0031C18.0237 0.0031 17.4337 0.5731 17.4337 1.3531V2.5431H15.5337V1.3531C15.5337 0.5731 14.9437 0.0031 14.1737 0.0031C13.4137 0.0031 12.8237 0.5731 12.8237 1.3531V2.5431H10.9137V1.3531C10.9137 0.5731 10.3337 0.0031 9.5737 0.0031C8.7937 0.0031 8.2137 0.5731 8.2137 1.3531V2.5431H3.9337C3.1437 2.5431 2.6237 3.0731 2.6237 3.8531V8.1331H1.3537C0.5737 8.1331 0.0037 8.7131 0.0037 9.4731C0.0037 10.2431 0.5737 10.8231 1.3537 10.8231H2.6237V12.7431H1.3537C0.5737 12.7431 0.0037 13.3131 0.0037 14.0831C0.0037 14.8631 0.5737 15.4331 1.3537 15.4331H2.6237V17.3531H1.3537C0.5737 17.3531 0.0037 17.9231 0.0037 18.7031C0.0037 19.4731 0.5737 20.0431 1.3537 20.0431H2.6237V24.3331C2.6237 25.1331 3.1437 25.6531 3.9337 25.6531ZM9.2737 20.0431C8.6037 20.0431 8.2137 19.6631 8.2137 18.9731V9.2031C8.2137 8.5131 8.6037 8.1331 9.2737 8.1331H19.0837C19.7537 8.1331 20.1437 8.5131 20.1437 9.2031V18.9731C20.1437 19.6631 19.7537 20.0431 19.0837 20.0431ZM11.0437 17.5131H17.3037C17.4837 17.5131 17.6137 17.4031 17.6137 17.2131V10.9631C17.6137 10.7831 17.4837 10.6631 17.3037 10.6631H11.0437C10.8537 10.6631 10.7437 10.7831 10.7437 10.9631V17.2131C10.7437 17.4031 10.8537 17.5131 11.0437 17.5131Z","geometry":{"width":28.2734375,"height":28.177734375}}