{"path":"M27.9137 -0.003H4.8237C1.7137 -0.003 0.0037 1.697 0.0037 4.797V5.957H32.7437V4.797C32.7437 1.707 31.0337 -0.003 27.9137 -0.003ZM5.8937 19.657C5.0837 19.657 4.5437 19.117 4.5437 18.347V15.817C4.5437 15.057 5.0837 14.507 5.8937 14.507H9.2437C10.0537 14.507 10.5837 15.057 10.5837 15.817V18.347C10.5837 19.117 10.0537 19.657 9.2437 19.657ZM4.8237 24.197H27.9137C31.0337 24.197 32.7437 22.507 32.7437 19.397V9.327H0.0037V19.397C0.0037 22.507 1.7137 24.197 4.8237 24.197Z","geometry":{"width":32.744140625,"height":24.19921875}}