{"path":"M4.8237 24.197H27.9137C31.0337 24.197 32.7437 22.507 32.7437 19.397V4.797C32.7437 1.707 31.0337 -0.003 27.9137 -0.003H4.8237C1.7137 -0.003 0.0037 1.697 0.0037 4.797V19.397C0.0037 22.507 1.7137 24.197 4.8237 24.197ZM3.5237 5.237C3.5237 4.077 4.1137 3.527 5.2137 3.527H27.5237C28.6137 3.527 29.2137 4.077 29.2137 5.237V6.087H3.5237ZM5.2137 20.667C4.1137 20.667 3.5237 20.137 3.5237 18.977V9.447H29.2137V18.977C29.2137 20.137 28.6137 20.667 27.5237 20.667ZM7.1537 18.407H10.5037C11.3037 18.407 11.8437 17.857 11.8437 17.087V14.557C11.8437 13.777 11.3037 13.247 10.5037 13.247H7.1537C6.3437 13.247 5.8137 13.777 5.8137 14.557V17.087C5.8137 17.857 6.3437 18.407 7.1537 18.407Z","geometry":{"width":32.744140625,"height":24.19921875}}