{"path":"M15.7137 4.7853L19.5337 7.6553C20.3937 8.2953 21.3737 7.9653 21.3737 6.8753V5.1353H22.0937C24.8737 5.1353 26.7537 7.1753 26.7537 10.0053V12.3553C26.7537 13.0253 27.3037 13.5753 27.9737 13.5753C28.6337 13.5753 29.1937 13.0253 29.1937 12.3553V10.0053C29.1937 5.7753 26.1937 2.8553 22.0637 2.8553H21.3737V1.1453C21.3737 -0.0047 20.3937 -0.3147 19.5337 0.3353L15.7137 3.2253C15.1237 3.6753 15.1037 4.3353 15.7137 4.7853ZM0.0037 13.1753C0.0037 14.2153 0.7337 14.8953 1.8337 14.8953H7.3037V24.8253C7.3037 25.6153 7.8237 26.1553 8.6137 26.1553H18.7037V31.3353C18.7037 32.4153 19.4137 33.1353 20.4937 33.1353C21.5837 33.1353 22.3137 32.4153 22.3137 31.3353V26.1553H27.7237C28.8237 26.1553 29.5537 25.4553 29.5537 24.4153C29.5537 23.3853 28.8237 22.6953 27.7237 22.6953H22.3137V12.7653C22.3137 11.9753 21.7837 11.4553 20.9837 11.4553H10.9137V6.3153C10.9137 5.2153 10.1837 4.4953 9.1037 4.4953C8.0237 4.4953 7.3037 5.2153 7.3037 6.3153V11.4553H1.8337C0.7337 11.4553 0.0037 12.1353 0.0037 13.1753ZM11.2837 22.6953C11.0237 22.6953 10.9137 22.5653 10.9137 22.3253V14.8953H18.3237C18.5837 14.8953 18.7037 15.0253 18.7037 15.2853V22.6953ZM0.4337 27.5953C0.4337 31.8253 3.4137 34.7553 7.5637 34.7553H8.2537V36.4553C8.2537 37.5953 9.2137 37.9253 10.0737 37.2653L13.9037 34.3653C14.4937 33.9253 14.5037 33.2753 13.9037 32.8253L10.0737 29.9553C9.2237 29.3053 8.2537 29.6253 8.2537 30.7353V32.4553H7.5237C4.7437 32.4553 2.8737 30.4253 2.8737 27.5953V25.2453C2.8737 24.5753 2.3137 24.0353 1.6437 24.0353C0.9837 24.0353 0.4337 24.5753 0.4337 25.2453Z","geometry":{"width":29.55859375,"height":37.60098369949827}}