{"path":"M0.0037 18.4888C0.0037 21.4688 1.6037 23.0788 4.5537 23.0788H8.7637V27.2788C8.7637 30.2288 10.3737 31.8288 13.3437 31.8288H18.4837C21.4637 31.8288 23.0737 30.2288 23.0737 27.2788V23.0788H27.2737C30.2137 23.0788 31.8237 21.4688 31.8237 18.4888V13.3388C31.8237 10.3588 30.2137 8.7588 27.2737 8.7588H23.0737V4.5488C23.0737 1.5988 21.4637 -0.0012 18.4837 -0.0012H13.3437C10.3737 -0.0012 8.7637 1.5988 8.7637 4.5488V8.7588H4.5537C1.6037 8.7588 0.0037 10.3588 0.0037 13.3388ZM3.7437 17.8188V14.0088C3.7437 13.0588 4.1937 12.5788 5.1937 12.5788H12.5737V5.1988C12.5737 4.1988 13.0537 3.7488 14.0137 3.7488H17.8137C18.7837 3.7488 19.2537 4.1988 19.2537 5.1988V12.5788H26.6237C27.6337 12.5788 28.0837 13.0588 28.0837 14.0088V17.8188C28.0837 18.7888 27.6337 19.2488 26.6237 19.2488H19.2537V26.6288C19.2537 27.6488 18.7837 28.0788 17.8137 28.0788H14.0137C13.0537 28.0788 12.5737 27.6488 12.5737 26.6288V19.2488H5.1937C4.1937 19.2488 3.7437 18.7888 3.7437 17.8188Z","geometry":{"width":31.828125,"height":31.828125}}