{"path":"M0.0037 18.105C0.0037 20.315 1.4937 21.775 3.7037 21.775H9.2037V27.285C9.2037 29.505 10.6737 30.985 12.8837 30.985H18.1137C20.3337 30.985 21.7937 29.505 21.7937 27.285V21.775H27.3037C29.5137 21.775 30.9937 20.315 30.9937 18.105V12.865C30.9937 10.665 29.5137 9.185 27.3037 9.185H21.7937V3.695C21.7937 1.475 20.3337 -0.005 18.1137 -0.005H12.8837C10.6737 -0.005 9.2037 1.475 9.2037 3.695V9.185H3.6937C1.4737 9.185 0.0037 10.665 0.0037 12.865Z","geometry":{"width":30.994140625,"height":30.98046875}}