{"path":"M4.7737 28.4262H28.7537C31.8437 28.4262 33.5137 26.7662 33.5137 23.6962V10.1562C33.5137 7.0862 31.8437 5.4262 28.7537 5.4262H24.3237V3.8862C24.3237 1.2762 22.8437 -0.0038 20.0937 -0.0038H13.3937C10.7337 -0.0038 9.2037 1.2762 9.2037 3.8862V5.4262H4.7737C1.6637 5.4262 0.0037 7.0862 0.0037 10.1562V23.6962C0.0037 26.7662 1.6637 28.4262 4.7737 28.4262ZM12.3037 4.1562C12.3037 3.2862 12.7937 2.8062 13.7037 2.8062H19.8237C20.7137 2.8062 21.2037 3.2862 21.2037 4.1562V5.4262H12.3037ZM4.9937 25.1462C4.0437 25.1462 3.5237 24.6362 3.5237 23.6562V10.1962C3.5237 9.2162 4.0437 8.7062 4.9937 8.7062H28.5237C29.4737 8.7062 29.9837 9.2162 29.9837 10.1962V23.6562C29.9837 24.6362 29.4737 25.1462 28.5237 25.1462ZM10.5837 17.8462C10.5837 18.7062 11.1537 19.2762 12.0137 19.2762H14.3937V21.6562C14.3937 22.5362 14.9737 23.0962 15.8337 23.0962H17.6737C18.5537 23.0962 19.1137 22.5362 19.1137 21.6562V19.2762H21.5037C22.3637 19.2762 22.9437 18.7062 22.9437 17.8462V15.9862C22.9437 15.1362 22.3637 14.5462 21.5037 14.5462H19.1137V12.1862C19.1137 11.3062 18.5537 10.7462 17.6737 10.7462H15.8337C14.9737 10.7462 14.3937 11.3062 14.3937 12.1862V14.5462H12.0037C11.1437 14.5462 10.5837 15.1362 10.5837 15.9862Z","geometry":{"width":33.509765625,"height":28.423828125}}