{"path":"M0.0037 29.2393C0.0037 32.2793 2.0137 34.2993 5.0037 34.2993H15.0437C18.0337 34.2993 20.0337 32.2793 20.0337 29.2393V13.9893C20.0337 11.0693 18.1937 9.0893 15.4037 8.9293V7.4793C16.7637 7.2593 17.5537 6.2493 17.5537 4.6893V2.8293C17.5537 1.0693 16.5137 -0.0007 14.7837 -0.0007H5.2637C3.5137 -0.0007 2.4837 1.0693 2.4837 2.8293V4.6893C2.4837 6.2493 3.2637 7.2593 4.6337 7.4793V8.9293C1.8437 9.0893 0.0037 11.0693 0.0037 13.9893ZM5.5237 4.2093V3.3093C5.5237 3.0393 5.6837 2.8693 5.9637 2.8693H14.2337C14.5037 2.8693 14.6737 3.0393 14.6737 3.3093V4.2093C14.6737 4.4893 14.5037 4.6493 14.2337 4.6493H5.9637C5.6837 4.6493 5.5237 4.4893 5.5237 4.2093ZM7.3037 8.9093V7.5293H12.7437V8.9093ZM3.1537 29.2193V14.0093C3.1537 12.8193 3.9137 12.0893 5.1137 12.0893H14.9137C16.1237 12.0893 16.8837 12.8193 16.8837 14.0093V29.2193C16.8837 30.4093 16.1237 31.1593 14.9137 31.1593H5.1137C3.9137 31.1593 3.1537 30.4093 3.1537 29.2193ZM5.0537 22.3693C5.0537 23.0493 5.5137 23.5193 6.2037 23.5193H8.1237V25.4293C8.1237 26.1093 8.5837 26.5793 9.2737 26.5793H10.7637C11.4437 26.5793 11.9037 26.1093 11.9037 25.4293V23.5193H13.8237C14.5037 23.5193 14.9737 23.0493 14.9737 22.3693V20.8793C14.9737 20.1793 14.5037 19.7393 13.8237 19.7393H11.9037V17.8193C11.9037 17.1293 11.4437 16.6693 10.7637 16.6693H9.2737C8.5837 16.6693 8.1237 17.1293 8.1237 17.8193V19.7393H6.2037C5.5137 19.7393 5.0537 20.1793 5.0537 20.8793Z","geometry":{"width":20.029296875,"height":34.302734375}}