{"path":"M11.0237 24.9562C15.4737 24.9562 18.9737 22.8362 20.2437 19.6162C20.4237 19.1562 20.5337 18.6862 20.5337 18.2062C20.5337 17.0762 19.7037 16.3062 18.4337 16.3062C17.4737 16.3062 16.8037 16.8562 16.3137 17.8262C15.6237 19.7262 13.9337 21.2862 11.5237 21.4662V18.0362C11.5237 15.1762 13.3437 13.4162 15.7137 13.4162C16.1437 13.4162 16.4837 13.4762 16.9137 13.5362C18.0037 13.6162 18.2937 12.1262 17.1437 11.6762C16.7337 11.4962 16.2537 11.4262 15.7237 11.4262C13.5937 11.4262 12.0737 12.8262 11.5637 14.4962H11.4837V12.4462C11.4837 11.8662 11.1437 11.5162 10.6337 11.5162C10.0937 11.5162 9.7437 11.8662 9.7437 12.4462V21.3462C6.6837 20.6562 4.8237 17.4962 4.8237 12.3762C4.8237 7.0962 7.0837 3.8862 10.9537 3.8862C13.4437 3.8862 15.3637 5.2662 16.2537 7.3462C16.8537 8.3762 17.4037 8.8062 18.3937 8.8062C19.5937 8.8062 20.3737 8.0562 20.3737 6.9162C20.3737 6.3462 20.2237 5.7662 19.9337 5.2262C18.4337 1.9562 15.1037 -0.0038 10.9537 -0.0038C4.1737 -0.0038 0.0037 4.6762 0.0037 12.4262C0.0037 20.2362 4.1537 24.9562 11.0237 24.9562Z","geometry":{"width":20.53515625,"height":24.951171875}}