{"path":"M4.8237 26.1377H21.3137C24.4437 26.1377 26.1437 24.4477 26.1437 21.3377V4.7977C26.1437 1.6977 24.4437 -0.0023 21.3137 -0.0023H4.8237C1.7137 -0.0023 0.0037 1.6977 0.0037 4.7977V21.3377C0.0037 24.4477 1.7137 26.1377 4.8237 26.1377ZM7.3937 13.0577C7.3937 8.9777 9.6837 6.4977 13.1437 6.4977C15.3837 6.4977 17.1537 7.5577 17.9337 9.2577C18.0837 9.5677 18.1737 9.8877 18.1737 10.2177C18.1737 10.9077 17.7037 11.3777 16.9537 11.3777C16.2937 11.3777 15.9537 11.0077 15.6937 10.4977C15.2537 9.5577 14.3837 8.8577 13.2237 8.8577C11.4137 8.8577 10.2437 10.5277 10.2437 13.0477C10.2437 15.3377 11.0037 16.8477 12.3337 17.3077L12.3437 12.9877C12.3437 12.5777 12.6237 12.3077 13.0337 12.3077C13.3937 12.3077 13.6737 12.5677 13.6737 12.9877V13.5477C14.0937 12.7677 14.8037 12.3477 15.6037 12.3477C16.4237 12.3477 16.8837 12.6877 16.8837 13.1777C16.8837 13.5577 16.6137 13.8077 16.1837 13.8077C16.0337 13.8077 15.8437 13.7677 15.5537 13.7677C14.5037 13.7677 13.6837 14.5877 13.6837 15.8277V17.4177C14.6837 17.2777 15.4037 16.6377 15.6937 15.8077C15.9737 15.1777 16.3637 14.8377 16.9837 14.8377C17.7737 14.8377 18.2637 15.2977 18.2637 15.9977C18.2637 16.2577 18.1937 16.5177 18.1037 16.7577C17.4337 18.4877 15.5837 19.6377 13.2037 19.6377C9.6537 19.6377 7.3937 17.1677 7.3937 13.0577Z","geometry":{"width":26.140625,"height":26.140625}}