{"path":"M2.0637 24.1336L12.3637 29.7536C13.5737 30.4136 14.6937 30.4136 15.9137 29.7536L26.2137 24.1336C27.6337 23.3736 28.2737 22.5036 28.2737 20.6236V9.1736C28.2737 7.6636 27.7037 6.6636 26.3637 5.9336L16.8537 0.7236C15.1037 -0.2464 13.1637 -0.2464 11.4137 0.7236L1.9137 5.9336C0.5737 6.6636 0.0037 7.6636 0.0037 9.1736V20.6236C0.0037 22.5036 0.6437 23.3736 2.0637 24.1336ZM12.8137 5.1436H15.4637V3.6236L15.4737 3.6436L23.4637 8.0336L15.4637 12.4336V10.9836H12.8137V12.4336L4.8137 8.0336L12.7937 3.6436L12.8137 3.6236ZM12.8137 9.7136H15.4637V6.4136H12.8137ZM10.8537 18.3936L12.5337 17.5436V26.2636L4.3037 21.7036L5.6437 21.0136L4.4337 18.6536L3.0637 19.3536V10.7336L11.2137 15.2336L9.6537 16.0236ZM22.6237 21.0136L23.9637 21.7036L15.7337 26.2636V17.5436L17.4137 18.3936L18.6237 16.0236L17.0637 15.2336L25.2137 10.7336V19.3536L23.8437 18.6536ZM6.7837 20.4536L9.7037 18.9636L8.5037 16.6036L5.5737 18.0736ZM18.5637 18.9636L21.4937 20.4536L22.6937 18.0736L19.7737 16.6036Z","geometry":{"width":28.2734375,"height":30.24560546875}}