{"path":"M2.0637 24.1336L12.3637 29.7536C13.5737 30.4136 14.6937 30.4136 15.9137 29.7536L26.2137 24.1336C27.6337 23.3736 28.2737 22.5036 28.2737 20.6236V9.1736C28.2737 7.6636 27.7037 6.6636 26.3637 5.9336L16.8537 0.7236C15.1037 -0.2464 13.1637 -0.2464 11.4137 0.7236L1.9137 5.9336C0.5737 6.6636 0.0037 7.6636 0.0037 9.1736V20.6236C0.0037 22.5036 0.6437 23.3736 2.0637 24.1336ZM14.1337 13.1536L4.8137 8.0336L12.7937 3.6436C13.7037 3.1436 14.5737 3.1336 15.4737 3.6436L23.4637 8.0336ZM3.9737 21.5136C3.3037 21.1436 3.0637 20.7336 3.0637 20.0736V10.7336L12.5337 15.9536V26.2636ZM24.2937 21.5136L15.7337 26.2636V15.9536L25.2137 10.7336V20.0736C25.2137 20.7336 24.9637 21.1436 24.2937 21.5136Z","geometry":{"width":28.2734375,"height":30.24560546875}}