{"path":"M15.4637 10.4028V12.9228L27.3137 6.4128C27.0737 6.1828 26.7737 5.9728 26.4037 5.7828L16.9237 0.5728C16.4437 0.3128 15.9537 0.1228 15.4637 0.0028V2.7328H12.8137V0.0128C12.3437 0.1328 11.8937 0.3328 11.4337 0.5728L1.9537 5.7828C1.5837 5.9728 1.2837 6.1828 1.0437 6.4128L12.8137 12.8828V10.4028ZM12.8137 8.4928V4.6528H15.4637V8.4928ZM15.3037 29.9528C15.4937 29.9228 15.6837 29.8328 15.8837 29.7228L26.2637 24.0328C26.6437 23.8328 27.0037 23.5928 27.2337 23.3828L24.7237 22.0928L25.9537 19.7328L28.3137 20.9428C28.3437 20.7528 28.3537 20.5328 28.3537 20.3128V9.1428C28.3537 8.8728 28.3237 8.6528 28.2837 8.4328L16.5537 14.9328L19.0837 16.2128L17.8737 18.5628L15.3037 17.2628ZM13.0537 29.9528V17.2628L10.4737 18.5628L9.2537 16.2128L11.7837 14.9328L0.0537 8.4328C0.0137 8.6528 0.0037 8.8728 0.0037 9.1428V20.3128C0.0037 20.5328 0.0137 20.7528 0.0437 20.9328L2.4037 19.7328L3.6237 22.0928L1.1237 23.3828C1.3437 23.5928 1.7137 23.8328 2.0937 24.0328L12.4737 29.7228C12.6637 29.8328 12.8637 29.9228 13.0537 29.9528ZM22.9137 21.1728L19.6837 19.4928L20.9137 17.1328L24.1437 18.8028ZM5.4237 21.1728L4.2137 18.8028L7.4337 17.1328L8.6537 19.4928Z","geometry":{"width":28.35546875,"height":29.955078125}}