{"path":"M0.0037 20.2084C0.0037 24.9084 7.6837 28.0684 18.6437 28.0684C29.6437 28.0684 37.3137 24.9084 37.3137 20.2084C37.3137 18.1884 35.8637 16.4084 33.2737 15.0684C35.4537 14.4884 36.7137 12.8884 36.7137 10.5684C36.7137 7.7784 34.8537 6.0284 31.7737 5.8684C31.4837 2.3084 26.3037 -0.0016 18.6437 -0.0016C10.7737 -0.0016 5.5137 2.4484 5.5137 6.1784V9.1584C5.5137 10.9384 5.7937 12.6084 6.3137 14.1084C2.3137 15.4884 0.0037 17.6384 0.0037 20.2084ZM18.6437 9.2784C13.0037 9.2784 8.6137 7.8484 8.6137 6.1784C8.6137 4.5084 12.9837 3.0884 18.6437 3.0884C24.3237 3.0884 28.6937 4.5084 28.6937 6.1784C28.6937 7.8484 24.3037 9.2784 18.6437 9.2784ZM31.7837 9.1584V8.8284C33.0537 8.9584 33.7537 9.5684 33.7537 10.5684C33.7537 11.6484 32.9337 12.3084 31.4737 12.3584C31.6737 11.3484 31.7837 10.2684 31.7837 9.1584ZM18.6437 12.3684C22.8637 12.3684 26.3137 11.6784 28.6337 10.4484C28.1337 15.5284 24.6937 18.8684 19.3437 18.8684H17.9637C12.5937 18.8684 9.1637 15.5484 8.6637 10.4484C10.9737 11.6784 14.4537 12.3684 18.6437 12.3684ZM3.0037 20.2084C3.0037 19.0184 4.7537 17.7684 7.6837 16.8484C9.8137 20.0284 13.4237 21.9684 17.9637 21.9684H19.3437C23.8837 21.9684 27.4837 20.0284 29.6137 16.8484C32.5437 17.7684 34.3037 19.0284 34.3037 20.2084C34.3037 22.6784 27.1637 25.0784 18.6437 25.0784C10.1437 25.0784 3.0037 22.6784 3.0037 20.2084Z","geometry":{"width":37.310546875,"height":28.068359375}}