{"path":"M0.0037 14.6573C0.0037 15.8873 0.7237 16.7373 1.9137 16.9973C3.7337 17.3873 4.4137 18.2473 4.4137 20.3073V23.1573C4.4137 27.4773 6.4637 29.3373 10.7737 29.3373C11.1737 29.3373 11.5237 29.2973 11.8237 29.2273C12.8337 28.9673 13.2937 28.3273 13.2937 27.5473C13.2937 26.7173 12.9037 26.2373 12.1237 26.0273C11.9637 25.9773 11.7737 25.9473 11.5837 25.9173C9.5837 25.7473 8.8637 24.8673 8.8637 22.6373V18.9773C8.8637 16.5673 7.3137 15.0973 4.8637 14.8073C4.6937 14.7973 4.6737 14.5473 4.8637 14.5373C7.3137 14.2473 8.8637 12.7673 8.8637 10.3673V6.7173C8.8637 4.4873 9.5837 3.6073 11.5837 3.4273C11.8137 3.4073 12.0337 3.3673 12.2137 3.3073C12.9337 3.0873 13.2937 2.5973 13.2937 1.7873C13.2937 1.0373 12.8637 0.4273 11.9337 0.1473C11.5937 0.0573 11.1837 -0.0027 10.6937 -0.0027C6.4537 -0.0027 4.4137 1.8773 4.4137 6.1973V9.0373C4.4137 11.0873 3.7037 11.9473 1.9137 12.3273C0.7237 12.6073 0.0037 13.4573 0.0037 14.6573ZM30.4737 14.6573C30.4737 13.4573 29.7537 12.6073 28.5637 12.3273C26.7737 11.9373 26.0537 11.0873 26.0537 9.0373V6.1973C26.0537 1.8773 24.0237 -0.0027 19.7837 -0.0027C19.2937 -0.0027 18.8837 0.0573 18.5437 0.1473C17.5937 0.4273 17.1837 1.0373 17.1837 1.7873C17.1837 2.5973 17.5537 3.0773 18.2637 3.3073C18.4437 3.3773 18.6637 3.4073 18.8937 3.4273C20.8937 3.5973 21.6137 4.4873 21.6137 6.7173V10.3673C21.6137 12.7873 23.1637 14.3973 25.6037 14.5373C25.8037 14.5473 25.7837 14.7973 25.6037 14.8073C23.1637 14.9573 21.6137 16.5573 21.6137 18.9773V22.6373C21.6137 24.8673 20.8937 25.7273 18.8937 25.9173C18.7037 25.9473 18.5137 25.9773 18.3437 26.0273C17.5837 26.2473 17.1837 26.7173 17.1837 27.5473C17.1837 28.3373 17.6537 28.9973 18.6437 29.2273C18.9537 29.2973 19.3037 29.3373 19.7037 29.3373C24.0037 29.3373 26.0537 27.4773 26.0537 23.1573V20.3073C26.0537 18.2473 26.7437 17.3873 28.5637 16.9973C29.7537 16.7373 30.4737 15.8873 30.4737 14.6573Z","geometry":{"width":30.474609375,"height":29.33984375}}