{"path":"M4.8237 26.1377H21.3137C24.4437 26.1377 26.1437 24.4477 26.1437 21.3377V4.7977C26.1437 1.6977 24.4437 -0.0023 21.3137 -0.0023H4.8237C1.7137 -0.0023 0.0037 1.6977 0.0037 4.7977V21.3377C0.0037 24.4477 1.7137 26.1377 4.8237 26.1377ZM5.2137 22.6177C4.1137 22.6177 3.5237 22.0777 3.5237 20.9177V5.2377C3.5237 4.0777 4.1137 3.5277 5.2137 3.5277H20.9337C22.0237 3.5277 22.6137 4.0777 22.6137 5.2377V20.9177C22.6137 22.0777 22.0237 22.6177 20.9337 22.6177ZM10.3937 20.2577C11.3437 20.2577 11.9337 19.7977 11.9337 19.0677C11.9337 18.3877 11.4737 17.9477 10.8237 17.9477C10.0737 17.9477 9.7937 17.5777 9.7937 16.7377V15.1877C9.7937 14.2877 9.3337 13.5477 8.5737 13.0977C9.3337 12.6777 9.7937 11.9177 9.7937 10.9677V9.4177C9.7937 8.5877 10.0737 8.2077 10.8237 8.2077C11.4737 8.2077 11.9337 7.7677 11.9337 7.0777C11.9337 6.3577 11.3437 5.8877 10.3937 5.8877C8.4537 5.8877 7.3037 7.0777 7.3037 9.2377V10.6877C7.3037 11.3977 7.1137 11.5777 6.6437 11.7077C5.2537 12.0577 5.2537 14.0777 6.6437 14.4477C7.1137 14.5877 7.3037 14.7677 7.3037 15.4777V16.9077C7.3037 19.0677 8.4537 20.2577 10.3937 20.2577ZM15.6437 20.2577C17.5837 20.2577 18.7337 19.0677 18.7337 16.9077V15.4777C18.7337 14.7677 18.9037 14.5777 19.3837 14.4477C20.7837 14.1277 20.7837 12.0277 19.3837 11.7077C18.9237 11.5777 18.7337 11.3977 18.7337 10.6877V9.2377C18.7337 7.0777 17.5837 5.8877 15.6437 5.8877C14.6837 5.8877 14.0937 6.3577 14.0937 7.0777C14.0937 7.7677 14.5437 8.2077 15.2037 8.2077C15.9537 8.2077 16.2437 8.5877 16.2437 9.4177V10.9677C16.2437 11.9177 16.6837 12.6777 17.4637 13.0977C16.6837 13.5477 16.2437 14.2877 16.2437 15.1877V16.7377C16.2437 17.5777 15.9537 17.9477 15.2037 17.9477C14.5437 17.9477 14.0937 18.3877 14.0937 19.0677C14.0937 19.7977 14.6837 20.2577 15.6437 20.2577Z","geometry":{"width":26.140625,"height":26.140625}}