{"path":"M4.8237 26.1377H21.3137C24.4437 26.1377 26.1437 24.4477 26.1437 21.3377V4.7977C26.1437 1.6977 24.4437 -0.0023 21.3137 -0.0023H4.8237C1.7137 -0.0023 0.0037 1.6977 0.0037 4.7977V21.3377C0.0037 24.4477 1.7137 26.1377 4.8237 26.1377ZM5.2137 22.6177C4.1137 22.6177 3.5237 22.0777 3.5237 20.9177V5.2377C3.5237 4.0777 4.1137 3.5277 5.2137 3.5277H20.9337C22.0237 3.5277 22.6137 4.0777 22.6137 5.2377V20.9177C22.6137 22.0777 22.0237 22.6177 20.9337 22.6177ZM9.1037 16.5277C9.0937 17.2577 9.8937 17.5177 10.3637 17.0077L12.1037 15.2077L14.1237 20.2577C14.2837 20.6577 14.6437 20.9177 15.1237 20.7377L16.4837 20.2177C16.9637 20.0477 16.9637 19.5377 16.8337 19.2177L14.6537 14.1877L17.2137 14.1777C17.8937 14.1877 18.2337 13.4777 17.7437 12.9777L10.4337 5.5677C9.9637 5.0977 9.2837 5.3577 9.2737 6.0277Z","geometry":{"width":26.140625,"height":26.140625}}