{"path":"M3.3037 6.4481C3.3037 8.3581 7.0437 9.7581 12.3437 9.7581C17.6537 9.7581 21.3837 8.3581 21.3837 6.4481C21.3837 4.4581 17.6937 2.9981 12.3437 2.9981C7.0037 2.9981 3.3037 4.4581 3.3037 6.4481ZM12.3437 18.2681C7.3237 18.2681 3.0537 16.9481 0.0037 14.4381V6.4481C0.0037 2.5881 4.9237 -0.0019 12.3437 -0.0019C19.7737 -0.0019 24.6937 2.5881 24.6937 6.4481V14.4381C21.6437 16.9481 17.3737 18.2681 12.3437 18.2681ZM0.0037 22.7181V17.7181C3.0237 20.0381 7.2837 21.2581 12.3437 21.2581C17.4037 21.2581 21.6737 20.0381 24.6937 17.7181V22.7181C24.6937 26.9781 19.7837 29.8881 12.3437 29.8881C4.9037 29.8881 0.0037 26.9781 0.0037 22.7181Z","geometry":{"width":24.69140625,"height":29.88671875}}