{"path":"M12.3437 29.8881C19.7937 29.8881 24.6937 26.9781 24.6937 22.7181V6.4481C24.6937 2.5881 19.7737 -0.0019 12.3437 -0.0019C4.9237 -0.0019 0.0037 2.5881 0.0037 6.4481V22.7181C0.0037 26.9781 4.8937 29.8881 12.3437 29.8881ZM12.3437 9.7581C7.0237 9.7581 3.3037 8.3581 3.3037 6.4481C3.3037 4.4581 7.0037 2.9981 12.3437 2.9981C17.6937 2.9981 21.3837 4.4581 21.3837 6.4481C21.3837 8.3581 17.6637 9.7581 12.3437 9.7581ZM12.3437 12.9081C16.1037 12.9081 19.2237 12.2481 21.3837 11.0881V16.2281C19.1537 17.4481 15.8137 18.1981 12.3437 18.1981C8.8737 18.1981 5.5537 17.4481 3.3037 16.2281V11.0881C5.4737 12.2481 8.5837 12.9081 12.3437 12.9081ZM12.3437 21.3381C15.6937 21.3381 18.9337 20.6881 21.3837 19.5681V22.7181C21.3837 24.8781 18.1137 26.7381 12.3437 26.7381C6.5737 26.7381 3.3037 24.8781 3.3037 22.7181V19.5681C5.7737 20.6881 8.9937 21.3381 12.3437 21.3381Z","geometry":{"width":24.69140625,"height":29.88671875}}