{"path":"M0.0037 22.7181C0.0037 26.9781 4.9037 29.8881 12.3437 29.8881C19.7837 29.8881 24.6937 26.9781 24.6937 22.7181V6.4481C24.6937 2.5881 19.7737 -0.0019 12.3437 -0.0019C4.9237 -0.0019 0.0037 2.5881 0.0037 6.4481ZM3.3037 6.4481C3.3037 4.4581 7.0037 2.9981 12.3437 2.9981C17.6937 2.9981 21.3837 4.4581 21.3837 6.4481C21.3837 8.3581 17.6537 9.7581 12.3437 9.7581C7.0437 9.7581 3.3037 8.3581 3.3037 6.4481Z","geometry":{"width":24.69140625,"height":29.88671875}}