{"path":"M4.8237 26.1377H21.3137C24.4437 26.1377 26.1437 24.4477 26.1437 21.3377V4.7977C26.1437 1.6977 24.4437 -0.0023 21.3137 -0.0023H4.8237C1.7137 -0.0023 0.0037 1.6977 0.0037 4.7977V21.3377C0.0037 24.4477 1.7137 26.1377 4.8237 26.1377ZM9.6537 19.4377C8.3637 19.4377 7.7237 18.7177 7.7237 17.4077V8.5977C7.7237 7.2977 8.3837 6.5577 9.6537 6.5577H13.2237C17.2437 6.5577 19.4737 8.8777 19.4737 12.9877C19.4737 17.1277 17.2237 19.4377 13.2237 19.4377ZM11.1137 16.7877H12.6837C14.8237 16.7877 15.8737 15.5977 15.8737 12.9977C15.8737 10.4677 14.8237 9.2177 12.6837 9.2177H11.1137Z","geometry":{"width":26.140625,"height":26.140625}}