{"path":"M19.7737 3.2092C20.6337 3.2092 21.3237 2.4492 21.3237 1.5992C21.3237 0.7392 20.6437 -0.0008 19.7737 -0.0008H1.5737C0.6837 -0.0008 0.0037 0.7092 0.0037 1.5992C0.0037 2.4592 0.6937 3.2092 1.5737 3.2092ZM19.7737 10.3792C20.6337 10.3792 21.3237 9.6092 21.3237 8.7592C21.3237 7.8992 20.6437 7.1592 19.7737 7.1592H1.5737C0.6837 7.1592 0.0037 7.8892 0.0037 8.7592C0.0037 9.6292 0.6937 10.3792 1.5737 10.3792ZM31.9637 17.2992C33.1037 18.0492 34.3837 17.6192 34.3837 16.2592V8.9092C34.3837 7.4892 33.1437 7.0592 31.9637 7.8492L26.8537 11.3292C25.9737 11.9392 25.9337 13.2492 26.8537 13.8792ZM19.7737 17.5592C20.6337 17.5592 21.3237 16.7892 21.3237 15.9392C21.3237 15.0792 20.6437 14.3392 19.7737 14.3392H1.5737C0.6837 14.3392 0.0037 15.0492 0.0037 15.9392C0.0037 16.7992 0.6937 17.5592 1.5737 17.5592ZM11.9937 24.7192C12.8537 24.7192 13.5537 23.9492 13.5537 23.1092C13.5537 22.2392 12.8637 21.5092 11.9937 21.5092H1.5737C0.6837 21.5092 0.0037 22.2292 0.0037 23.1092C0.0037 23.9692 0.6937 24.7192 1.5737 24.7192Z","geometry":{"width":34.384765625,"height":24.71875}}