{"path":"M1.6037 26.2398C2.4837 26.2398 3.2137 25.5498 3.2137 24.6598V1.5698C3.2137 0.6998 2.4737 -0.0002 1.6037 -0.0002C0.7637 -0.0002 0.0037 0.6998 0.0037 1.5698V24.6598C0.0037 25.5398 0.7337 26.2398 1.6037 26.2398ZM13.7037 17.8598C14.8237 18.6098 16.1237 18.1798 16.1237 16.8198V9.4698C16.1237 8.0498 14.8737 7.6198 13.7037 8.4098L8.5837 11.8898C7.6937 12.4998 7.6537 13.8098 8.5837 14.4398Z","geometry":{"width":16.119140625,"height":26.236328125}}