{"path":"M20.1837 15.391C23.4237 15.391 25.5537 13.291 25.5537 10.161C25.5537 8.781 25.0037 7.441 24.4437 6.231C23.6237 4.501 22.3837 2.471 21.2637 0.721C20.9337 0.261 20.5737 0.001 20.1837 0.001C19.7837 0.001 19.4237 0.261 19.1037 0.721C17.9537 2.471 16.7037 4.511 15.9137 6.251C15.3437 7.451 14.8037 8.781 14.8037 10.161C14.8037 13.291 16.9437 15.391 20.1837 15.391ZM4.2137 35.501C5.1137 35.501 5.7437 34.881 5.7437 33.991V32.611H17.3237V33.991C17.3237 34.881 17.9537 35.501 18.8537 35.501C19.7437 35.501 20.3737 34.881 20.3737 33.991V32.281C22.1237 31.651 23.0637 30.121 23.0637 27.851V17.131C21.9537 17.531 20.6737 17.641 19.5337 17.501V27.421C19.5337 28.551 18.9537 29.081 17.8837 29.081H5.1837C4.1137 29.081 3.5237 28.551 3.5237 27.421V6.011C3.5237 4.891 4.1137 4.351 5.1837 4.351H14.3937C14.8637 3.331 15.6937 1.951 16.4037 0.821H4.8037C1.7237 0.821 0.0037 2.531 0.0037 5.581V27.851C0.0037 30.121 0.9437 31.641 2.6937 32.281V33.991C2.6937 34.881 3.3237 35.501 4.2137 35.501ZM7.2037 10.211C8.3237 10.211 9.2537 9.281 9.2537 8.131C9.2537 7.031 8.3237 6.101 7.2037 6.101C6.0737 6.101 5.1437 7.031 5.1437 8.131C5.1437 9.281 6.0737 10.211 7.2037 10.211ZM6.1237 20.561H9.7237C10.2937 20.561 10.7437 20.111 10.7437 19.541C10.7437 18.961 10.2937 18.511 9.7237 18.511H6.1237C5.5537 18.511 5.1137 18.961 5.1137 19.541C5.1137 20.111 5.5537 20.561 6.1237 20.561ZM13.3437 20.561H16.9437C17.5137 20.561 17.9537 20.111 17.9537 19.541C17.9537 18.961 17.5137 18.511 16.9437 18.511H13.3437C12.7737 18.511 12.3137 18.961 12.3137 19.541C12.3137 20.111 12.7737 20.561 13.3437 20.561ZM6.1237 23.941H9.7237C10.2937 23.941 10.7437 23.471 10.7437 22.911C10.7437 22.331 10.2937 21.871 9.7237 21.871H6.1237C5.5537 21.871 5.1137 22.331 5.1137 22.911C5.1137 23.471 5.5537 23.941 6.1237 23.941ZM13.3437 23.941H16.9437C17.5137 23.941 17.9537 23.471 17.9537 22.911C17.9537 22.331 17.5137 21.871 16.9437 21.871H13.3437C12.7737 21.871 12.3137 22.331 12.3137 22.911C12.3137 23.471 12.7737 23.941 13.3437 23.941ZM6.1237 27.301H9.7237C10.2937 27.301 10.7437 26.851 10.7437 26.281C10.7437 25.701 10.2937 25.251 9.7237 25.251H6.1237C5.5537 25.251 5.1137 25.701 5.1137 26.281C5.1137 26.851 5.5537 27.301 6.1237 27.301ZM13.3437 27.301H16.9437C17.5137 27.301 17.9537 26.851 17.9537 26.281C17.9537 25.701 17.5137 25.251 16.9437 25.251H13.3437C12.7737 25.251 12.3137 25.701 12.3137 26.281C12.3137 26.851 12.7737 27.301 13.3437 27.301Z","geometry":{"width":25.552734375,"height":35.505859375}}