{"path":"M20.1837 15.391C23.4237 15.391 25.5537 13.291 25.5537 10.161C25.5537 8.781 25.0037 7.441 24.4437 6.231C23.6237 4.501 22.3837 2.471 21.2637 0.721C20.9337 0.261 20.5737 0.001 20.1837 0.001C19.7837 0.001 19.4237 0.261 19.1037 0.721C17.9537 2.471 16.7037 4.511 15.9137 6.251C15.3437 7.451 14.8037 8.781 14.8037 10.161C14.8037 13.291 16.9437 15.391 20.1837 15.391ZM4.2137 35.501C5.1137 35.501 5.7437 34.881 5.7437 33.991V32.611H17.3237V33.991C17.3237 34.881 17.9537 35.501 18.8537 35.501C19.7437 35.501 20.3737 34.881 20.3737 33.991V32.391C22.0637 31.851 23.0637 30.421 23.0637 28.381V17.131C22.1937 17.441 21.2237 17.621 20.1837 17.621C15.7237 17.621 12.5937 14.521 12.5937 10.161C12.5937 8.301 13.2937 6.591 13.8937 5.321C14.5437 3.881 15.4937 2.301 16.4037 0.821H4.2637C1.6437 0.821 0.0037 2.431 0.0037 5.041V28.381C0.0037 30.421 0.9937 31.851 2.6937 32.391V33.991C2.6937 34.881 3.3237 35.501 4.2137 35.501ZM6.8937 9.711C5.6837 9.711 4.7137 8.721 4.7137 7.521C4.7137 6.331 5.6837 5.341 6.8937 5.341C8.0937 5.341 9.0637 6.331 9.0637 7.521C9.0637 8.721 8.0937 9.711 6.8937 9.711ZM5.6837 21.561C5.0737 21.561 4.6037 21.071 4.6037 20.471C4.6037 19.861 5.0737 19.371 5.6837 19.371H9.4637C10.0737 19.371 10.5537 19.861 10.5537 20.471C10.5537 21.071 10.0737 21.561 9.4637 21.561ZM13.6037 21.561C12.9837 21.561 12.5137 21.071 12.5137 20.471C12.5137 19.861 12.9837 19.371 13.6037 19.371H17.3737C17.9937 19.371 18.4537 19.861 18.4537 20.471C18.4537 21.071 17.9937 21.561 17.3737 21.561ZM5.6837 25.111C5.0737 25.111 4.6037 24.641 4.6037 24.021C4.6037 23.411 5.0737 22.941 5.6837 22.941H9.4637C10.0737 22.941 10.5537 23.411 10.5537 24.021C10.5537 24.641 10.0737 25.111 9.4637 25.111ZM13.6037 25.111C12.9837 25.111 12.5137 24.641 12.5137 24.021C12.5137 23.411 12.9837 22.941 13.6037 22.941H17.3737C17.9937 22.941 18.4537 23.411 18.4537 24.021C18.4537 24.641 17.9937 25.111 17.3737 25.111ZM5.6837 28.671C5.0737 28.671 4.6037 28.191 4.6037 27.581C4.6037 26.971 5.0737 26.481 5.6837 26.481H9.4637C10.0737 26.481 10.5537 26.971 10.5537 27.581C10.5537 28.191 10.0737 28.671 9.4637 28.671ZM13.6037 28.671C12.9837 28.671 12.5137 28.191 12.5137 27.581C12.5137 26.971 12.9837 26.481 13.6037 26.481H17.3737C17.9937 26.481 18.4537 26.971 18.4537 27.581C18.4537 28.191 17.9937 28.671 17.3737 28.671Z","geometry":{"width":25.552734375,"height":35.505859375}}