{"path":"M4.8237 26.1377H16.5737C18.8137 26.1377 20.0537 25.5977 21.4737 23.9677L28.6737 16.0377C29.8437 14.7077 30.2037 13.9477 30.2037 13.0577C30.2037 12.1777 29.8637 11.4477 28.6737 10.1077L21.4937 2.1377C20.0737 0.5177 18.8137 -0.0023 16.5537 -0.0023H4.8237C1.7137 -0.0023 0.0037 1.6977 0.0037 4.7977V21.6377C0.0037 24.7477 1.7137 26.1377 4.8237 26.1377ZM8.2537 18.9477C7.3737 18.9477 6.6837 18.2677 6.6837 17.3677C6.6837 16.9677 6.8637 16.5877 7.1637 16.2877L10.3337 13.0977L7.1637 9.9077C6.8637 9.6277 6.6837 9.2277 6.6837 8.8277C6.6837 7.9477 7.3737 7.2577 8.2537 7.2577C8.7237 7.2577 9.0737 7.4277 9.3937 7.7277L12.5637 10.8877L15.7537 7.7077C16.0637 7.3977 16.4237 7.2477 16.8837 7.2477C17.7637 7.2477 18.4437 7.9277 18.4437 8.8177C18.4437 9.2177 18.2937 9.5977 17.9737 9.9077L14.8037 13.0977L17.9637 16.2877C18.2837 16.5677 18.4437 16.9677 18.4437 17.3677C18.4437 18.2677 17.7637 18.9477 16.8737 18.9477C16.4037 18.9477 16.0237 18.7977 15.7237 18.4877L12.5637 15.3377L9.4237 18.4877C9.1037 18.7977 8.7237 18.9477 8.2537 18.9477Z","geometry":{"width":30.201171875,"height":26.140625}}