{"path":"M25.3709 26.1377C28.4909 26.1377 30.2009 24.7477 30.2009 21.6377V4.7977C30.2009 1.6977 28.4909 -0.0023 25.3709 -0.0023H13.6309C11.3909 -0.0023 10.1209 0.5177 8.7109 2.1377L1.5209 10.1077C0.3409 11.4477 0.0009 12.1777 0.0009 13.0577C0.0009 13.9477 0.3509 14.7077 1.5209 16.0377L8.7109 23.9677C10.1409 25.5977 11.3909 26.1377 13.6309 26.1377ZM13.3609 18.9477C12.4809 18.9477 11.8009 18.2677 11.8009 17.3677C11.8009 16.9677 11.9609 16.5877 12.2609 16.2877L15.4309 13.0977L12.2609 9.9077C11.9609 9.6277 11.8009 9.2277 11.8009 8.8277C11.8009 7.9477 12.4809 7.2577 13.3609 7.2577C13.8209 7.2577 14.1809 7.4277 14.4909 7.7277L17.6609 10.8877L20.8509 7.7077C21.1609 7.3977 21.5309 7.2477 21.9809 7.2477C22.8709 7.2477 23.5609 7.9277 23.5609 8.8177C23.5609 9.2177 23.3909 9.5977 23.0809 9.9077L19.9109 13.0977L23.0809 16.2877C23.3809 16.5677 23.5409 16.9677 23.5409 17.3677C23.5409 18.2677 22.8609 18.9477 21.9709 18.9477C21.5009 18.9477 21.1209 18.7977 20.8209 18.4877L17.6609 15.3377L14.5209 18.4877C14.2009 18.7977 13.8209 18.9477 13.3609 18.9477Z","geometry":{"width":30.201171875,"height":26.140625}}