{"path":"M15.6537 1.4386V11.8286L15.7937 14.0286L13.9337 11.8386L13.2037 11.1386C12.9437 10.8986 12.5637 10.7186 12.1837 10.7186C11.3737 10.7186 10.8137 11.3086 10.8137 12.0986C10.8137 12.5086 10.9537 12.8386 11.1937 13.0986L15.8037 17.7186C16.2137 18.1286 16.6637 18.3386 17.1137 18.3386C17.5637 18.3386 18.0237 18.1286 18.4137 17.7186L23.0237 13.0986C23.2837 12.8386 23.4237 12.5086 23.4237 12.0986C23.4237 11.3086 22.8437 10.7186 22.0537 10.7186C21.6537 10.7186 21.2837 10.8986 21.0237 11.1386L20.3037 11.8386L18.4437 14.0286L18.5637 11.8286V1.4386C18.5637 0.5986 17.9137 -0.0014 17.1137 -0.0014C16.3237 -0.0014 15.6537 0.5986 15.6537 1.4386ZM3.8737 27.8586H12.4137V30.0086H12.3737C11.5537 30.0086 10.8937 30.7086 10.8937 31.4886C10.8937 32.2686 11.5537 32.9586 12.3737 32.9586H21.8637C22.6837 32.9586 23.3337 32.2686 23.3337 31.4886C23.3337 30.7086 22.6837 30.0086 21.8637 30.0086H21.8237V27.8586H30.3537C32.7837 27.8586 34.2337 26.4186 34.2337 23.9786V7.3686C34.2337 4.9486 32.7837 3.4986 30.3537 3.4986H20.7937V6.8586H29.9837C30.5337 6.8586 30.8537 7.1886 30.8537 7.7386V20.4486C30.8537 20.8486 30.6837 20.9986 30.3137 20.9986H3.9237C3.5437 20.9986 3.3637 20.8486 3.3637 20.4486V7.7386C3.3637 7.1886 3.7037 6.8586 4.2537 6.8586H13.4437V3.4986H3.8737C1.4537 3.4986 0.0037 4.9486 0.0037 7.3686V23.9786C0.0037 26.4186 1.4537 27.8586 3.8737 27.8586Z","geometry":{"width":34.234375,"height":32.962890625}}