{"path":"M9.8837 16.4323H19.7137C21.9437 16.4323 23.2237 15.1923 23.2237 12.8623V3.6223C23.2237 1.3223 21.9437 0.0023 19.7137 0.0023H9.7337C7.5237 0.0023 6.3737 1.2723 6.3737 3.6223V12.8123C6.3737 15.1323 7.6737 16.4323 9.8837 16.4323ZM9.2737 24.2823H20.3337C21.2637 24.2823 21.8437 23.6623 21.8437 22.8223C21.8437 22.3123 21.5837 21.8023 21.1637 21.3123L18.5437 18.2623H11.0437L8.4737 21.3123C8.0537 21.8223 7.7637 22.3123 7.7637 22.8223C7.7637 23.6623 8.3437 24.2823 9.2737 24.2823ZM1.7737 34.6023H27.8237C28.8037 34.6023 29.6037 33.8123 29.6037 32.8123C29.6037 31.8323 28.8037 31.0323 27.8237 31.0323H1.7737C0.7837 31.0323 0.0037 31.8323 0.0037 32.8123C0.0037 33.8123 0.7837 34.6023 1.7737 34.6023Z","geometry":{"width":29.599609375,"height":34.603515625}}