{"path":"M9.6837 24.2823H19.9237C21.2237 24.2823 22.1737 23.3523 22.1737 22.0823C22.1737 21.5623 21.8737 20.8623 21.4537 20.3823L19.2237 17.7823C21.7237 17.5823 23.2437 15.8623 23.2437 13.2223V4.5823C23.2437 1.9423 21.5637 0.0023 18.7037 0.0023H10.8937C8.0937 0.0023 6.3537 1.7723 6.3537 4.5823V13.2223C6.3537 15.8623 7.8737 17.5723 10.3537 17.7823L8.1337 20.3823C7.7237 20.8923 7.4137 21.5723 7.4137 22.0823C7.4137 23.3523 8.3637 24.2823 9.6837 24.2823ZM11.1437 14.7623C9.8737 14.7623 9.2737 14.1323 9.2737 12.9423V4.8923C9.2737 3.6623 9.8737 3.0523 11.1437 3.0523H18.4537C19.7237 3.0523 20.3137 3.6623 20.3137 4.8923V12.9423C20.3137 14.1323 19.7237 14.7623 18.4537 14.7623ZM11.6237 21.2423C11.4737 21.2423 11.3937 21.0923 11.4837 20.9623L14.1237 17.8023H15.5837L18.2537 20.9623C18.3637 21.0923 18.2837 21.2423 18.1337 21.2423ZM1.7737 34.6023H27.8237C28.8037 34.6023 29.6037 33.8123 29.6037 32.8123C29.6037 31.8323 28.8037 31.0323 27.8237 31.0323H1.7737C0.7837 31.0323 0.0037 31.8323 0.0037 32.8123C0.0037 33.8123 0.7837 34.6023 1.7737 34.6023Z","geometry":{"width":29.599609375,"height":34.603515625}}