{"path":"M14.4327 28.8886C22.3627 28.8886 28.8727 22.3686 28.8727 14.4386C28.8727 6.5186 22.3527 -0.0014 14.4327 -0.0014C6.5127 -0.0014 0.0027 6.5186 0.0027 14.4386C0.0027 22.3686 6.5227 28.8886 14.4327 28.8886ZM9.6527 11.9786C9.0927 11.3986 9.1027 10.5586 9.6527 9.9986C10.2027 9.4286 11.0627 9.4186 11.6227 9.9986L14.4827 12.8386L19.4827 7.8386C20.0427 7.2886 20.8927 7.2986 21.4627 7.8386C22.0227 8.3986 22.0227 9.2686 21.4627 9.8286L15.4727 15.8186C14.9127 16.3786 14.0527 16.3886 13.4927 15.8186ZM0.0827 22.5986V26.2886C0.0827 28.2986 1.0927 29.2986 3.1127 29.2986H7.1527C4.1327 27.8086 1.7527 25.5486 0.0827 22.5986ZM28.9727 22.5986C27.2927 25.5486 24.9127 27.8086 21.8927 29.2986H25.9227C27.9427 29.2986 28.9727 28.2986 28.9727 26.2886Z","geometry":{"width":28.970703125,"height":29.298828125}}