{"path":"M16.5827 3.8695C17.6627 3.8695 18.5227 3.0095 18.5227 1.9395C18.5227 0.8595 17.6627 -0.0005 16.5827 -0.0005C15.5127 -0.0005 14.6527 0.8595 14.6527 1.9395C14.6527 3.0095 15.5127 3.8695 16.5827 3.8695ZM6.2627 8.1595C7.3327 8.1595 8.1927 7.3095 8.1927 6.2295C8.1927 5.1695 7.3427 4.2895 6.2627 4.2895C5.1927 4.2895 4.3327 5.1495 4.3327 6.2295C4.3327 7.2995 5.1827 8.1595 6.2627 8.1595ZM26.9227 8.1795C28.0027 8.1795 28.8627 7.3295 28.8627 6.2495C28.8627 5.1795 28.0027 4.3195 26.9227 4.3195C25.8527 4.3195 24.9927 5.1695 24.9927 6.2495C24.9927 7.3095 25.8527 8.1795 26.9227 8.1795ZM16.5827 26.6195C18.9327 26.6195 21.1127 25.7995 22.8227 24.4295L15.5727 17.4495C15.0027 16.9095 15.0127 16.0795 15.5727 15.4895C16.0627 14.9795 16.9827 14.9395 17.4827 15.4895L24.4727 22.7795C25.8227 21.0695 26.6327 18.9195 26.6327 16.5695C26.6327 11.0495 22.1027 6.5395 16.5827 6.5395C11.0727 6.5395 6.5527 11.0495 6.5527 16.5695C6.5527 22.1195 11.0727 26.6195 16.5827 26.6195ZM31.2427 18.5095C32.3027 18.5095 33.1827 17.6495 33.1827 16.5695C33.1827 15.5195 32.3227 14.6395 31.2427 14.6395C30.1727 14.6395 29.3027 15.4895 29.3027 16.5695C29.3027 17.6495 30.1627 18.5095 31.2427 18.5095ZM1.9427 18.5095C3.0127 18.5095 3.8727 17.6495 3.8727 16.5695C3.8727 15.5195 3.0227 14.6395 1.9427 14.6395C0.8727 14.6395 0.0027 15.4895 0.0027 16.5695C0.0027 17.6495 0.8627 18.5095 1.9427 18.5095ZM26.9227 28.8495C28.0027 28.8495 28.8627 27.9995 28.8627 26.9195C28.8627 25.8495 28.0027 24.9795 26.9227 24.9795C25.8527 24.9795 24.9927 25.8395 24.9927 26.9195C24.9927 27.9895 25.8527 28.8495 26.9227 28.8495ZM6.2727 28.8595C7.3427 28.8595 8.2027 27.9995 8.2027 26.9195C8.2027 25.8495 7.3427 24.9895 6.2727 24.9895C5.1927 24.9895 4.3327 25.8495 4.3327 26.9195C4.3327 27.9995 5.1927 28.8595 6.2727 28.8595Z","geometry":{"width":33.181640625,"height":28.861328125}}