{"path":"M16.5827 3.8695C17.6627 3.8695 18.5227 3.0095 18.5227 1.9395C18.5227 0.8595 17.6627 -0.0005 16.5827 -0.0005C15.5127 -0.0005 14.6527 0.8595 14.6527 1.9395C14.6527 3.0095 15.5127 3.8695 16.5827 3.8695ZM26.9227 8.1595C28.0027 8.1595 28.8427 7.2995 28.8427 6.2295C28.8427 5.1495 27.9827 4.2895 26.9227 4.2895C25.8427 4.2895 24.9827 5.1695 24.9827 6.2295C24.9827 7.3095 25.8527 8.1595 26.9227 8.1595ZM6.2527 8.1795C7.3327 8.1795 8.1927 7.3095 8.1927 6.2495C8.1927 5.1695 7.3327 4.3195 6.2527 4.3195C5.1827 4.3195 4.3227 5.1795 4.3227 6.2495C4.3227 7.3295 5.1827 8.1795 6.2527 8.1795ZM16.5827 26.6195C22.1027 26.6195 26.6327 22.1195 26.6327 16.5695C26.6327 11.0495 22.1027 6.5395 16.5827 6.5395C11.0727 6.5395 6.5527 11.0495 6.5527 16.5695C6.5527 18.9195 7.3527 21.0695 8.6927 22.7795L15.6827 15.4895C16.2027 14.9395 17.1127 14.9795 17.6127 15.4895C18.1727 16.0795 18.1827 16.9095 17.6127 17.4495L10.3627 24.4295C12.0727 25.7995 14.2427 26.6195 16.5827 26.6195ZM1.9427 18.5095C3.0227 18.5095 3.8727 17.6495 3.8727 16.5695C3.8727 15.4895 3.0127 14.6395 1.9427 14.6395C0.8627 14.6395 0.0027 15.5195 0.0027 16.5695C0.0027 17.6495 0.8727 18.5095 1.9427 18.5095ZM31.2427 18.5095C32.3227 18.5095 33.1827 17.6495 33.1827 16.5695C33.1827 15.4895 32.3027 14.6395 31.2427 14.6395C30.1627 14.6395 29.3027 15.5195 29.3027 16.5695C29.3027 17.6495 30.1727 18.5095 31.2427 18.5095ZM6.2527 28.8495C7.3327 28.8495 8.1927 27.9895 8.1927 26.9195C8.1927 25.8395 7.3327 24.9795 6.2527 24.9795C5.1827 24.9795 4.3227 25.8495 4.3227 26.9195C4.3227 27.9995 5.1827 28.8495 6.2527 28.8495ZM26.9027 28.8595C27.9827 28.8595 28.8427 27.9995 28.8427 26.9195C28.8427 25.8495 27.9827 24.9895 26.9027 24.9895C25.8227 24.9895 24.9827 25.8495 24.9827 26.9195C24.9827 27.9995 25.8427 28.8595 26.9027 28.8595Z","geometry":{"width":33.181640625,"height":28.861328125}}