{"path":"M1.6607 19.5129L12.6807 30.5129C14.8807 32.7129 17.2807 32.7329 19.4907 30.5329L30.5207 19.4829C32.7207 17.2929 32.7207 14.8929 30.5007 12.6729L19.5007 1.6729C17.2807 -0.5471 14.8907 -0.5571 12.6907 1.6529L1.6407 12.6829C-0.5593 14.8929 -0.5393 17.2929 1.6607 19.5129ZM16.0707 3.8429C16.4807 3.8329 16.8707 4.0329 17.2707 4.4429L27.7307 14.9029C28.5207 15.6829 28.5507 16.4629 27.7307 17.2929L17.2807 27.7229C16.8607 28.1529 16.4807 28.3429 16.0707 28.3429Z","geometry":{"width":32.16823278097361,"height":32.17337158969121}}