{"path":"M1.6607 12.6746C-0.5393 14.8946 -0.5593 17.2846 1.6407 19.4846L12.6907 30.5346C14.8907 32.7346 17.2807 32.7146 19.5007 30.5146L30.5007 19.5146C32.7207 17.2946 32.7207 14.8946 30.5207 12.6846L19.4907 1.6446C17.2807 -0.5554 14.8807 -0.5454 12.6807 1.6746ZM28.3307 16.0946H3.8307C3.8307 15.6946 4.0407 15.3046 4.4307 14.8946L14.8907 4.4346C15.6707 3.6546 16.4507 3.6246 17.2807 4.4446L27.7307 14.8946C28.1307 15.2846 28.3307 15.6946 28.3307 16.0946Z","geometry":{"width":32.16823278097361,"height":32.1751004641359}}