{"path":"M4.8237 23.7252H7.1137V25.7152C7.1137 28.8252 8.8137 30.5152 11.9337 30.5152H25.9937C29.1037 30.5152 30.8137 28.8252 30.8137 25.7152V11.6052C30.8137 8.5052 29.1037 6.8052 25.9937 6.8052H23.7037V4.7952C23.7037 1.7052 21.9937 -0.0048 18.8837 -0.0048H4.8237C1.7137 -0.0048 0.0037 1.6952 0.0037 4.7952V18.9252C0.0037 22.0252 1.7137 23.7252 4.8237 23.7252ZM5.2137 20.1952C4.1137 20.1952 3.5237 19.6452 3.5237 18.4852V5.2352C3.5237 4.0752 4.1137 3.5452 5.2137 3.5452H18.4937C19.5937 3.5452 20.1837 4.0752 20.1837 5.2352V6.8052H11.9337C8.8137 6.8052 7.1137 8.5052 7.1137 11.6052V20.1952ZM12.3137 26.9852C11.2237 26.9852 10.6337 26.4552 10.6337 25.2952V12.0352C10.6337 10.8652 11.2237 10.3352 12.3137 10.3352H25.6037C26.7037 10.3352 27.2937 10.8652 27.2937 12.0352V25.2952C27.2937 26.4552 26.7037 26.9852 25.6037 26.9852ZM14.0837 15.6852C15.1037 15.6952 15.9837 14.8352 15.9837 13.7652C15.9837 12.7252 15.1237 11.8652 14.0837 11.8652C13.0137 11.8652 12.1637 12.7152 12.1637 13.7652C12.1637 14.8252 13.0137 15.6652 14.0837 15.6852ZM23.8737 15.6852C24.9137 15.6952 25.7737 14.8352 25.7737 13.7652C25.7737 12.7152 24.9237 11.8652 23.8737 11.8652C22.8137 11.8652 21.9537 12.7152 21.9537 13.7652C21.9537 14.8252 22.8137 15.6652 23.8737 15.6852ZM18.9737 20.5852C20.0137 20.5852 20.8737 19.7252 20.8737 18.6652C20.8737 17.6352 20.0137 16.7752 18.9737 16.7752C17.9237 16.7752 17.0737 17.6252 17.0737 18.6652C17.0737 19.7252 17.9237 20.5852 18.9737 20.5852ZM14.0837 25.4952C15.1037 25.4952 15.9737 24.6352 15.9737 23.5852C15.9737 22.5452 15.1037 21.6852 14.0837 21.6852C13.0137 21.6852 12.1637 22.5352 12.1637 23.5852C12.1637 24.6352 13.0137 25.4952 14.0837 25.4952ZM23.8737 25.4952C24.9237 25.4952 25.7737 24.6352 25.7737 23.5852C25.7737 22.5352 24.9137 21.6852 23.8737 21.6852C22.8337 21.6852 21.9837 22.5352 21.9837 23.5852C21.9837 24.6352 22.8337 25.4952 23.8737 25.4952Z","geometry":{"width":30.81640625,"height":30.515625}}