{"path":"M4.8237 26.1377H21.3137C24.4437 26.1377 26.1437 24.4477 26.1437 21.3377V4.7977C26.1437 1.6977 24.4437 -0.0023 21.3137 -0.0023H4.8237C1.7137 -0.0023 0.0037 1.6977 0.0037 4.7977V21.3377C0.0037 24.4477 1.7137 26.1377 4.8237 26.1377ZM5.2137 22.6177C4.1137 22.6177 3.5237 22.0777 3.5237 20.9177V5.2377C3.5237 4.0777 4.1137 3.5277 5.2137 3.5277H20.9337C22.0237 3.5277 22.6137 4.0777 22.6137 5.2377V20.9177C22.6137 22.0777 22.0237 22.6177 20.9337 22.6177ZM18.7037 9.6377C19.8937 9.6477 20.8937 8.6577 20.8937 7.4377C20.8937 6.2377 19.9037 5.2477 18.7037 5.2477C17.5037 5.2477 16.5037 6.2377 16.5037 7.4377C16.5037 8.6577 17.5037 9.6077 18.7037 9.6377ZM13.0837 15.2677C14.2737 15.2677 15.2537 14.2777 15.2537 13.0577C15.2537 11.8677 14.2637 10.8977 13.0837 10.8977C11.8637 10.8977 10.8937 11.8677 10.8937 13.0577C10.8937 14.2877 11.8637 15.2677 13.0837 15.2677ZM7.4537 20.9077C8.6437 20.9077 9.6237 19.9077 9.6237 18.7077C9.6237 17.5177 8.6437 16.5277 7.4537 16.5277C6.2437 16.5277 5.2637 17.4977 5.2637 18.7077C5.2637 19.9177 6.2437 20.9077 7.4537 20.9077Z","geometry":{"width":26.140625,"height":26.140625}}