{"path":"M4.8237 26.1377H21.3137C24.4437 26.1377 26.1437 24.4477 26.1437 21.3377V4.7977C26.1437 1.6977 24.4437 -0.0023 21.3137 -0.0023H4.8237C1.7137 -0.0023 0.0037 1.6977 0.0037 4.7977V21.3377C0.0037 24.4477 1.7137 26.1377 4.8237 26.1377ZM13.0837 15.3777C11.8037 15.3677 10.7737 14.3377 10.7737 13.0577C10.7737 11.7877 11.8037 10.7577 13.0837 10.7577C14.3537 10.7577 15.3837 11.7877 15.3837 13.0577C15.3837 14.3577 14.3437 15.3977 13.0837 15.3777Z","geometry":{"width":26.140625,"height":26.140625}}