{"path":"M15.4937 15.4443L19.5637 10.8243C20.4137 9.8743 19.9037 8.5443 18.5537 8.5443H16.1637V1.6143C16.1637 0.6443 15.4537 0.0043 14.5437 0.0043C13.6337 0.0043 12.9237 0.6443 12.9237 1.6143V8.5443H10.4837C9.2037 8.5443 8.6537 9.8543 9.5037 10.8243L13.5637 15.4443C14.1237 16.0743 14.9337 16.0743 15.4937 15.4443ZM14.5337 33.9743C23.6137 33.9743 29.0837 31.1943 29.0837 24.9943V19.2543C29.0837 15.9543 25.9737 13.5943 20.7837 12.5743L18.1337 15.5743C22.7237 16.0343 25.5537 17.3743 25.5537 19.2543C25.5537 21.5443 21.2237 23.0943 14.5337 23.0943C7.8637 23.0943 3.5237 21.5443 3.5237 19.2543C3.5237 17.3943 6.3437 16.0343 10.9337 15.5743L8.3137 12.5743C3.0937 13.5743 0.0037 15.9543 0.0037 19.2543V24.9943C0.0037 31.1943 5.4537 33.9743 14.5337 33.9743ZM7.6137 26.6343V25.7743C8.1637 25.8943 8.7337 26.0043 9.3237 26.1043V27.4543C9.3237 28.0143 9.7937 28.4743 10.3637 28.4743C10.9237 28.4743 11.3937 28.0143 11.3937 27.4543V26.3343C12.0437 26.3843 12.7137 26.4243 13.4237 26.4443V27.7643C13.4237 28.3243 13.8737 28.7943 14.4537 28.7943C15.0137 28.7943 15.4737 28.3243 15.4737 27.7643V26.4543C16.1737 26.4243 16.8437 26.4043 17.5037 26.3443V27.4543C17.5037 28.0143 17.9637 28.4743 18.5437 28.4743C19.1037 28.4743 19.5637 28.0143 19.5637 27.4543V26.1243C20.1637 26.0343 20.7437 25.9343 21.2837 25.8143V26.6343C21.2837 27.1943 21.7337 27.6543 22.3137 27.6543C22.8737 27.6543 23.3337 27.1943 23.3337 26.6343V25.2643C24.1537 24.9943 24.8937 24.6743 25.5537 24.3243V24.9943C25.5537 28.8443 21.3737 30.4343 14.5337 30.4343C7.7137 30.4343 3.5237 28.8443 3.5237 24.9943V24.3243C4.1337 24.6543 4.8137 24.9343 5.5537 25.1943V26.6343C5.5537 27.1943 6.0337 27.6543 6.5937 27.6543C7.1537 27.6543 7.6137 27.1943 7.6137 26.6343Z","geometry":{"width":29.080078125,"height":33.974609375}}