{"path":"M15.4937 15.4443L19.5637 10.8243C20.4137 9.8743 19.9037 8.5443 18.5537 8.5443H16.1637V1.6143C16.1637 0.6443 15.4537 0.0043 14.5437 0.0043C13.6337 0.0043 12.9237 0.6443 12.9237 1.6143V8.5443H10.4837C9.2037 8.5443 8.6537 9.8543 9.5037 10.8243L13.5637 15.4443C14.1237 16.0743 14.9337 16.0743 15.4937 15.4443ZM12.0137 16.8143L8.8437 13.2043C3.7237 14.0943 0.7137 16.2743 0.7137 19.2543C0.7137 23.2043 6.0037 25.7443 14.5337 25.7443C23.0637 25.7443 28.3737 23.2043 28.3737 19.2543C28.3737 16.2743 25.3637 14.0943 20.2437 13.2043L17.0337 16.8143C15.6637 18.3743 13.3937 18.3743 12.0137 16.8143ZM14.5337 33.9743C23.6137 33.9743 29.0837 31.1943 29.0837 24.9943V23.4243C28.0537 24.6543 26.5537 25.6443 24.6137 26.4043V28.3243C24.6137 28.8743 24.1437 29.3543 23.5837 29.3543C23.0237 29.3543 22.5537 28.8843 22.5537 28.3243V27.0543C21.8037 27.2643 20.9837 27.4243 20.2037 27.5443V29.1443C20.2037 29.7043 19.7437 30.1743 19.1837 30.1743C18.6037 30.1743 18.1437 29.7043 18.1437 29.1443V27.8043C17.2837 27.8943 16.3537 27.9443 15.4737 27.9543V29.4643C15.4737 30.0243 15.0137 30.4743 14.4537 30.4743C13.8737 30.4743 13.4237 30.0243 13.4237 29.4643V27.9543C12.5137 27.9443 11.6237 27.8743 10.7437 27.7943V29.1443C10.7437 29.7043 10.2837 30.1743 9.7237 30.1743C9.1437 30.1743 8.6937 29.7043 8.6937 29.1443V27.5243C7.8637 27.3843 7.0837 27.2243 6.3337 27.0043V28.3243C6.3337 28.8843 5.8637 29.3543 5.3037 29.3543C4.7437 29.3543 4.2837 28.8743 4.2837 28.3243V26.3343C2.4337 25.5943 0.9837 24.6143 0.0037 23.4243V24.9943C0.0037 31.1943 5.4537 33.9743 14.5337 33.9743Z","geometry":{"width":29.080078125,"height":33.974609375}}