{"path":"M14.5337 21.9452C23.6137 21.9452 29.0837 19.1652 29.0837 12.9652V7.2152C29.0837 2.7452 23.4337 -0.0048 14.5337 -0.0048C5.6337 -0.0048 0.0037 2.7452 0.0037 7.2152V12.9652C0.0037 19.1652 5.4537 21.9452 14.5337 21.9452ZM14.5337 11.0652C7.8637 11.0652 3.5237 9.5152 3.5237 7.2152C3.5237 4.9252 7.8637 3.3752 14.5337 3.3752C21.2237 3.3752 25.5537 4.9252 25.5537 7.2152C25.5537 9.5152 21.2237 11.0652 14.5337 11.0652ZM7.6137 14.6052V13.7552C8.1637 13.8752 8.7337 13.9852 9.3237 14.0652V15.4252C9.3237 15.9952 9.7937 16.4652 10.3637 16.4652C10.9237 16.4652 11.3937 15.9952 11.3937 15.4252V14.3152C12.0437 14.3652 12.7137 14.3952 13.4237 14.4252V15.7452C13.4237 16.3152 13.8737 16.7652 14.4537 16.7652C15.0137 16.7652 15.4737 16.3152 15.4737 15.7452V14.4252C16.1737 14.4052 16.8437 14.3652 17.5037 14.3252V15.4252C17.5037 15.9952 17.9637 16.4652 18.5437 16.4652C19.1037 16.4652 19.5637 15.9952 19.5637 15.4252V14.0952C20.1637 14.0152 20.7437 13.9052 21.2837 13.7952V14.6052C21.2837 15.1752 21.7337 15.6252 22.3137 15.6252C22.8737 15.6252 23.3337 15.1652 23.3337 14.6052V13.2352C24.1537 12.9652 24.8937 12.6452 25.5537 12.2952V12.9652C25.5537 16.8252 21.3737 18.4152 14.5337 18.4152C7.7137 18.4152 3.5237 16.8252 3.5237 12.9652V12.2952C4.1337 12.6152 4.8137 12.9152 5.5537 13.1752V14.6052C5.5537 15.1652 6.0337 15.6252 6.5937 15.6252C7.1537 15.6252 7.6137 15.1752 7.6137 14.6052ZM2.8537 28.8052C2.8537 29.4052 3.1437 30.0352 3.8737 30.2852C6.5937 31.2152 9.6237 31.7352 12.7237 31.7352C14.9037 31.7352 17.0037 31.4852 18.9937 31.0352L19.4537 32.8152C19.7737 34.1552 21.2637 34.2352 21.9337 33.3752L25.2237 28.9152C25.8637 28.0852 25.6237 27.0152 24.7337 26.5952L19.6637 24.2952C18.7437 23.8752 17.3537 24.5552 17.6637 25.9252L18.2137 28.0152C16.4737 28.4052 14.6437 28.6152 12.7237 28.6152C9.9437 28.6152 7.3037 28.1952 4.9037 27.3452C3.6737 26.8952 2.8537 27.8452 2.8537 28.8052Z","geometry":{"width":29.080078125,"height":33.93592316315087}}