{"path":"M14.5337 13.0061C23.0637 13.0061 28.3737 10.4561 28.3737 6.4961C28.3737 2.5461 23.0637 -0.0039 14.5337 -0.0039C6.0037 -0.0039 0.7137 2.5461 0.7137 6.4961C0.7137 10.4561 6.0037 13.0061 14.5337 13.0061ZM14.5337 21.2161C23.6137 21.2161 29.0837 18.4561 29.0837 12.2461V10.6661C28.0537 11.9061 26.5537 12.9061 24.6137 13.6561V15.5861C24.6137 16.1361 24.1437 16.6161 23.5837 16.6161C23.0237 16.6161 22.5537 16.1461 22.5537 15.5861V14.3161C21.8037 14.5161 20.9837 14.6861 20.2037 14.8061V16.4061C20.2037 16.9661 19.7437 17.4361 19.1837 17.4361C18.6037 17.4361 18.1437 16.9661 18.1437 16.4061V15.0661C17.2837 15.1461 16.3537 15.2061 15.4737 15.2161V16.7161C15.4737 17.2861 15.0137 17.7361 14.4537 17.7361C13.8737 17.7361 13.4237 17.2861 13.4237 16.7161V15.2161C12.5137 15.1861 11.6237 15.1361 10.7437 15.0561V16.4061C10.7437 16.9661 10.2837 17.4361 9.7237 17.4361C9.1437 17.4361 8.6937 16.9661 8.6937 16.4061V14.7761C7.8637 14.6461 7.0837 14.4761 6.3337 14.2561V15.5861C6.3337 16.1461 5.8637 16.6161 5.3037 16.6161C4.7437 16.6161 4.2837 16.1361 4.2837 15.5861V13.5861C2.4337 12.8561 0.9837 11.8661 0.0037 10.6661V12.2461C0.0037 18.4561 5.4537 21.2161 14.5337 21.2161ZM8.8337 32.1861L9.3837 30.2861C11.3737 30.7661 13.4937 31.0061 15.6937 31.0061C18.8537 31.0061 21.8437 30.4861 24.6137 29.5061C25.3237 29.2561 25.6237 28.6461 25.6237 28.0261C25.6237 27.0661 24.8037 26.1161 23.5537 26.5661C21.1337 27.4561 18.5437 27.9061 15.6937 27.9061C13.7637 27.9061 11.9637 27.6961 10.2437 27.2861L10.8037 25.3161C11.1837 23.9661 9.7937 23.2461 8.8637 23.6361L3.7237 25.7961C2.8137 26.1961 2.5337 27.2661 3.1437 28.1061L6.3437 32.6461C6.9737 33.5361 8.4637 33.5061 8.8337 32.1861Z","geometry":{"width":29.080078125,"height":33.25690254150914}}