{"path":"M0.0037 14.5343C0.0037 23.6143 2.7737 29.0643 8.9837 29.0643H10.5537C9.3237 28.0543 8.3137 26.5343 7.5637 24.6143H5.6437C5.0837 24.6143 4.6237 24.1443 4.6237 23.5843C4.6237 23.0143 5.0737 22.5543 5.6437 22.5543H6.9037C6.7137 21.7943 6.5537 20.9843 6.4137 20.1943H4.8237C4.2537 20.1943 3.8037 19.7443 3.8037 19.1643C3.8037 18.6043 4.2537 18.1243 4.8237 18.1243H6.1537C6.0837 17.2643 6.0137 16.3343 6.0037 15.4643H4.5137C3.9337 15.4643 3.4837 15.0143 3.4837 14.4343C3.4837 13.8743 3.9337 13.4143 4.5137 13.4143H6.0137C6.0337 12.5143 6.0837 11.6043 6.1637 10.7443H4.8237C4.2537 10.7443 3.8037 10.2843 3.8037 9.7043C3.8037 9.1443 4.2537 8.6843 4.8237 8.6843H6.4437C6.5937 7.8643 6.7537 7.0643 6.9637 6.3343H5.6437C5.0737 6.3343 4.6237 5.8643 4.6237 5.3043C4.6237 4.7443 5.0837 4.2643 5.6437 4.2643H7.6337C8.3837 2.4243 9.3537 0.9843 10.5537 0.0043H8.9837C2.7737 0.0043 0.0037 5.4543 0.0037 14.5343ZM17.1537 12.0143L20.7637 8.8343C19.8837 3.7143 17.6937 0.6943 14.7237 0.6943C10.7737 0.6943 8.2137 6.0043 8.2137 14.5343C8.2137 23.0643 10.7737 28.3543 14.7237 28.3543C17.6937 28.3543 19.8837 25.3643 20.7637 20.2343L17.1537 17.0343C15.6037 15.6643 15.6037 13.3943 17.1537 12.0143ZM18.5237 15.4943L23.1437 19.5643C24.1037 20.4143 25.4137 19.8943 25.4137 18.5543V16.1443H32.3637C33.3137 16.1443 33.9737 15.4343 33.9737 14.5343C33.9737 13.6343 33.3137 12.9243 32.3637 12.9243H25.4137V10.4743C25.4137 9.2043 24.1037 8.6543 23.1437 9.5043L18.5237 13.5643C17.8937 14.1143 17.8837 14.9343 18.5237 15.4943Z","geometry":{"width":33.974609375,"height":29.06640625}}