{"path":"M14.5337 13.0061C23.0637 13.0061 28.3737 10.4561 28.3737 6.4961C28.3737 2.5461 23.0637 -0.0039 14.5337 -0.0039C6.0037 -0.0039 0.7137 2.5461 0.7137 6.4961C0.7137 10.4561 6.0037 13.0061 14.5337 13.0061ZM14.5337 21.2161C23.6137 21.2161 29.0837 18.4561 29.0837 12.2461V10.6661C28.0537 11.9061 26.5537 12.9061 24.6137 13.6561V15.5861C24.6137 16.1361 24.1437 16.6161 23.5837 16.6161C23.0237 16.6161 22.5537 16.1461 22.5537 15.5861V14.3161C21.8037 14.5161 20.9837 14.6861 20.2037 14.8061V16.4061C20.2037 16.9661 19.7437 17.4361 19.1837 17.4361C18.6037 17.4361 18.1437 16.9661 18.1437 16.4061V15.0661C17.2837 15.1461 16.3537 15.2061 15.4737 15.2161V16.7161C15.4737 17.2861 15.0137 17.7361 14.4537 17.7361C13.8737 17.7361 13.4237 17.2861 13.4237 16.7161V15.2161C12.5137 15.1861 11.6237 15.1361 10.7437 15.0561V16.4061C10.7437 16.9661 10.2837 17.4361 9.7237 17.4361C9.1437 17.4361 8.6937 16.9661 8.6937 16.4061V14.7761C7.8637 14.6461 7.0837 14.4761 6.3337 14.2561V15.5861C6.3337 16.1461 5.8637 16.6161 5.3037 16.6161C4.7437 16.6161 4.2837 16.1361 4.2837 15.5861V13.5861C2.4337 12.8561 0.9837 11.8661 0.0037 10.6661V12.2461C0.0037 18.4561 5.4537 21.2161 14.5337 21.2161ZM2.8337 28.0261C2.8337 28.6461 3.1337 29.2561 3.8437 29.5061C6.6037 30.4861 9.5937 31.0061 12.7437 31.0061C14.9537 31.0061 17.0737 30.7661 19.0737 30.2861L19.6237 32.1561C19.9737 33.4861 21.4737 33.5061 22.1037 32.6361L25.2937 28.0961C25.9237 27.2361 25.6337 26.1661 24.7337 25.7861L19.5937 23.6261C18.6437 23.2161 17.2637 23.9561 17.6537 25.3061L18.2137 27.2861C16.4837 27.6961 14.6737 27.9061 12.7437 27.9061C9.9137 27.9061 7.3137 27.4561 4.8937 26.5661C3.6537 26.1161 2.8337 27.0661 2.8337 28.0261Z","geometry":{"width":29.080078125,"height":33.23192240589571}}