{"path":"M12.0374 14.5343C12.0374 23.6143 14.8074 29.0643 21.0174 29.0643H22.5874C21.3574 28.0543 20.3474 26.5343 19.6074 24.6143H17.6774C17.1174 24.6143 16.6574 24.1443 16.6574 23.5843C16.6574 23.0143 17.1174 22.5543 17.6774 22.5543H18.9374C18.7474 21.7943 18.5874 20.9843 18.4474 20.1943H16.8574C16.2974 20.1943 15.8374 19.7443 15.8374 19.1643C15.8374 18.6043 16.2974 18.1243 16.8574 18.1243H18.1974C18.1174 17.2643 18.0674 16.3343 18.0474 15.4643H16.5474C15.9774 15.4643 15.5174 15.0143 15.5174 14.4343C15.5174 13.8743 15.9774 13.4143 16.5474 13.4143H18.0474C18.0674 12.5143 18.1174 11.6043 18.2174 10.7443H16.8574C16.2974 10.7443 15.8374 10.2843 15.8374 9.7043C15.8374 9.1443 16.2974 8.6843 16.8574 8.6843H18.4874C18.6274 7.8643 18.7874 7.0643 18.9974 6.3343H17.6774C17.1174 6.3343 16.6574 5.8643 16.6574 5.3043C16.6574 4.7443 17.1174 4.2643 17.6774 4.2643H19.6774C20.4174 2.4243 21.3974 0.9843 22.5874 0.0043H21.0174C14.8074 0.0043 12.0374 5.4543 12.0374 14.5343ZM20.2474 14.5343C20.2474 23.0643 22.8074 28.3543 26.7574 28.3543C30.7274 28.3543 33.2674 23.0643 33.2674 14.5343C33.2674 6.0043 30.7274 0.6943 26.7574 0.6943C22.8074 0.6943 20.2474 6.0043 20.2474 14.5343ZM1.0474 19.7143C-0.2726 20.1243 -0.2726 21.6143 0.6374 22.2143L5.2574 25.3043C6.1274 25.9043 7.1774 25.5943 7.5474 24.6743L9.5974 19.4843C9.9674 19.6143 9.2074 17.1743 7.8674 17.5843L5.9674 18.1743C5.5674 16.4743 5.3674 14.6743 5.3674 12.7743C5.3674 9.9243 5.7974 7.3243 6.6874 4.9043C7.1574 3.6643 6.1974 2.8443 5.2274 2.8443C4.6274 2.8443 4.0074 3.1443 3.7674 3.8543C2.7774 6.6143 2.2474 9.6143 2.2474 12.7743C2.2474 14.9843 2.5074 17.1043 2.9874 19.1143Z","geometry":{"width":33.26741590644195,"height":29.06640625}}