{"path":"M0.0037 1.8066C0.0037 2.7866 0.8037 3.5966 1.8037 3.5966H27.7637C28.7637 3.5966 29.5737 2.7866 29.5737 1.8066C29.5737 0.8066 28.7637 -0.0034 27.7637 -0.0034H1.8037C0.8037 -0.0034 0.0037 0.8066 0.0037 1.8066ZM0.0037 9.4066C0.0037 10.4066 0.8037 11.2066 1.8037 11.2066H6.5037C7.5037 11.2066 8.3137 10.4066 8.3137 9.4066C8.3137 8.4066 7.5037 7.5966 6.5037 7.5966H1.8037C0.8037 7.5966 0.0037 8.4066 0.0037 9.4066ZM10.6637 9.4066C10.6637 10.4066 11.4737 11.2066 12.4737 11.2066H17.1437C18.1437 11.2066 18.9537 10.4066 18.9537 9.4066C18.9537 8.4066 18.1437 7.5966 17.1437 7.5966H12.4737C11.4737 7.5966 10.6637 8.4066 10.6637 9.4066ZM21.3037 9.4066C21.3037 10.4066 22.1037 11.2066 23.1037 11.2066H27.7137C28.7137 11.2066 29.5137 10.4066 29.5137 9.4066C29.5137 8.4066 28.7137 7.5966 27.7137 7.5966H23.1037C22.1037 7.5966 21.3037 8.4066 21.3037 9.4066Z","geometry":{"width":29.572265625,"height":11.2109375}}