{"path":"M3.7637 30.8477H11.4337C10.5937 29.8977 9.9837 28.7777 9.6437 27.5477H4.1337C3.6337 27.5477 3.2937 27.2177 3.2937 26.7177V25.7277H9.2437C9.1837 24.8977 9.2237 24.2177 9.3637 23.4777H3.2937V10.6777H22.5137V16.0077C23.7037 16.1177 24.8137 16.4777 25.8137 17.0377V3.8577C25.8137 1.5677 24.2837 -0.0023 22.0537 -0.0023H3.7637C1.5337 -0.0023 0.0037 1.5677 0.0037 3.8577V26.9877C0.0037 29.2677 1.5337 30.8477 3.7637 30.8477ZM3.2937 4.1177C3.2937 3.6277 3.6337 3.2777 4.1337 3.2777H21.7637C22.2137 3.2777 22.5137 3.5777 22.5137 4.0377V8.4177H3.2937ZM6.4237 7.2577C7.2237 7.2577 7.8637 6.6077 7.8637 5.8077C7.8637 5.0177 7.2237 4.3777 6.4237 4.3777C5.6337 4.3777 4.9737 5.0177 4.9737 5.8077C4.9737 6.6077 5.6337 7.2577 6.4237 7.2577ZM10.3937 7.2577C11.1837 7.2577 11.8237 6.6077 11.8237 5.8077C11.8237 5.0177 11.1837 4.3777 10.3937 4.3777C9.5937 4.3777 8.9437 5.0177 8.9437 5.8077C8.9437 6.6077 9.5937 7.2577 10.3937 7.2577ZM9.6537 14.0777H16.1737C16.7437 14.0777 17.1437 13.6677 17.1437 13.0977C17.1437 12.5377 16.7437 12.1277 16.1737 12.1277H9.6537C9.0737 12.1277 8.6637 12.5377 8.6637 13.0977C8.6637 13.6677 9.0737 14.0777 9.6537 14.0777ZM18.1737 32.2077C18.7337 32.2077 19.2637 32.1577 19.7737 32.0377C20.2937 32.1577 20.8237 32.2077 21.3737 32.2077C25.4137 32.2077 28.6937 28.9277 28.6937 24.8577C28.6937 20.7977 25.4137 17.5177 21.3737 17.5177C20.8237 17.5177 20.2937 17.5677 19.7737 17.6877C19.2637 17.5677 18.7337 17.5177 18.1737 17.5177C14.1137 17.5177 10.8237 20.7977 10.8237 24.8577C10.8237 28.9277 14.1137 32.2077 18.1737 32.2077ZM18.1737 30.2377C15.0637 30.2377 12.7837 27.9777 12.7837 24.8577C12.7837 21.7477 15.0637 19.4677 18.1737 19.4677C21.2737 19.4677 23.5737 21.7477 23.5737 24.8577C23.5737 27.9777 21.2737 30.2377 18.1737 30.2377ZM25.5237 24.8577C25.5237 22.9577 24.8037 21.2277 23.6237 19.9177C25.5137 20.7377 26.7437 22.5677 26.7437 24.8577C26.7437 27.1477 25.5137 28.9877 23.6237 29.8077C24.8037 28.4877 25.5237 26.7577 25.5237 24.8577ZM18.1737 29.1077C20.5037 29.1077 22.4237 27.1977 22.4237 24.8577C22.4237 22.5277 20.5037 20.6177 18.1737 20.6177C15.8337 20.6177 13.9337 22.5277 13.9337 24.8577C13.9337 27.1977 15.8337 29.1077 18.1737 29.1077ZM18.1737 27.5077C16.6137 27.5077 15.5337 26.4177 15.5337 24.8577C15.5337 23.2977 16.6137 22.2177 18.1737 22.2177C19.7437 22.2177 20.8237 23.2977 20.8237 24.8577C20.8237 26.4177 19.7437 27.5077 18.1737 27.5077Z","geometry":{"width":28.697265625,"height":32.2109375}}