{"path":"M3.8737 24.3586H12.4137V26.5086H12.3737C11.5537 26.5086 10.8937 27.2086 10.8937 27.9886C10.8937 28.7686 11.5537 29.4586 12.3737 29.4586H21.8637C22.6837 29.4586 23.3337 28.7686 23.3337 27.9886C23.3337 27.2086 22.6837 26.5086 21.8637 26.5086H21.8237V25.0986C22.3537 25.2786 22.9737 25.3786 23.6537 25.3786H28.3737V26.5086H28.3237C27.5037 26.5086 26.8537 27.2086 26.8537 27.9886C26.8537 28.7686 27.5037 29.4586 28.3237 29.4586H36.2537C37.0737 29.4586 37.7337 28.7686 37.7337 27.9886C37.7337 27.2086 37.0737 26.5086 36.2537 26.5086H36.2137V25.3786H40.9337C43.6537 25.3786 45.1437 23.9086 45.1437 21.1486V11.4286C45.1437 8.6686 43.6537 7.2086 40.9337 7.2086H34.2337V3.8686C34.2337 1.4486 32.7837 -0.0014 30.3537 -0.0014H3.8737C1.4537 -0.0014 0.0037 1.4486 0.0037 3.8686V20.4786C0.0037 22.9186 1.4537 24.3586 3.8737 24.3586ZM3.3637 20.1086V4.2386C3.3637 3.6886 3.7037 3.3586 4.2537 3.3586H29.9837C30.5337 3.3586 30.8537 3.6886 30.8537 4.2386V7.2086H23.6537C20.9337 7.2086 19.4237 8.6686 19.4237 11.4286V20.8486L4.2537 20.9886C3.7037 20.9986 3.3637 20.6586 3.3637 20.1086ZM22.8037 20.7786V11.7986C22.8037 10.9286 23.1837 10.5786 24.0337 10.5786H40.5537C41.3937 10.5786 41.7837 10.9286 41.7837 11.7986V20.7786C41.7837 21.6686 41.3937 22.0086 40.5537 22.0086H24.0337C23.1837 22.0086 22.8037 21.6686 22.8037 20.7786Z","geometry":{"width":45.14453125,"height":29.462890625}}