{"path":"M3.8837 24.3586H12.4137V26.5086H12.3737C11.5537 26.5086 10.8937 27.2086 10.8937 27.9886C10.8937 28.7686 11.5537 29.4586 12.3737 29.4586H21.6937C22.5137 29.4586 23.1737 28.7686 23.1737 27.9886C23.1737 27.2086 22.5137 26.5086 21.6937 26.5086H21.6537V24.3586H24.0337L25.9037 20.9886H4.2537C3.7037 20.9886 3.3637 20.6586 3.3637 20.1086V4.2386C3.3637 3.6886 3.7037 3.3586 4.2537 3.3586H29.9837C30.5337 3.3586 30.8737 3.6886 30.8737 4.2386V13.3586C31.4437 12.9286 32.1537 12.6886 32.9237 12.6886C33.3837 12.6886 33.8237 12.7686 34.2337 12.9086V3.8286C34.2337 1.3986 32.7837 -0.0014 30.3537 -0.0014H3.8837C1.4537 -0.0014 0.0037 1.4486 0.0037 3.8686V20.4786C0.0037 22.9186 1.4537 24.3586 3.8837 24.3586ZM27.0137 29.4586H38.8437C40.0537 29.4586 40.8937 28.5186 40.8937 27.3986C40.8937 27.0586 40.8137 26.7186 40.6237 26.3986L34.7037 15.8086C34.2937 15.0786 33.6337 14.7486 32.9337 14.7486C32.2337 14.7486 31.5537 15.1086 31.1537 15.8086L25.2337 26.3986C25.0637 26.7186 24.9637 27.0586 24.9637 27.3986C24.9637 28.5186 25.7837 29.4586 27.0137 29.4586ZM32.9237 23.9286C32.3037 23.9286 31.8737 23.5186 31.8537 22.9186L31.7337 19.2886C31.7037 18.6086 32.2137 18.1186 32.9237 18.1186C33.6437 18.1186 34.1537 18.5986 34.1237 19.2886L34.0137 22.9186C33.9837 23.5186 33.5337 23.9286 32.9237 23.9286ZM32.9237 27.4086C32.1437 27.4086 31.5537 26.8386 31.5537 26.0886C31.5537 25.3386 32.1537 24.7686 32.9237 24.7686C33.7037 24.7686 34.3037 25.3486 34.3037 26.0886C34.3037 26.8386 33.7137 27.4086 32.9237 27.4086Z","geometry":{"width":40.892578125,"height":29.462890625}}