{"path":"M5.4451 16.1702C6.0151 16.0602 6.5851 15.9802 7.1951 15.9802C7.7951 15.9802 8.3851 16.0602 8.9651 16.1902V5.2202C8.9651 4.1302 9.5051 3.5302 10.6651 3.5302H16.0351V10.2302C16.0351 12.6102 17.1751 13.7302 19.5351 13.7302H26.1551V24.8802C26.1551 25.9802 25.6251 26.5602 24.4551 26.5602H16.2951C16.1651 27.8402 15.7051 29.0502 15.0351 30.0902H24.8851C27.9851 30.0902 29.6851 28.3802 29.6851 25.2702V12.8802C29.6851 10.7502 29.3651 9.6802 28.0151 8.3102L21.4551 1.6802C20.1251 0.3402 19.0151 0.0002 16.9951 0.0002H10.2451C7.1351 0.0002 5.4451 1.7102 5.4451 4.8302ZM18.9351 9.9702V3.8102L25.8851 10.8302H19.7951C19.2051 10.8302 18.9351 10.5502 18.9351 9.9702ZM7.2051 32.4402C11.1251 32.4402 14.3951 29.1802 14.3951 25.2402C14.3951 21.3002 11.1551 18.0502 7.2051 18.0502C3.2551 18.0502 -0.0049 21.3002 -0.0049 25.2402C-0.0049 29.1902 3.2551 32.4402 7.2051 32.4402ZM7.2051 29.9002C6.5451 29.9002 6.1151 29.4602 6.1151 28.8102V26.3502H3.6551C3.0051 26.3502 2.5751 25.9102 2.5551 25.2502C2.5551 24.5802 2.9951 24.1402 3.6551 24.1402H6.1151V21.7102C6.1151 21.0702 6.5451 20.6202 7.2051 20.6202C7.8651 20.6002 8.2951 21.0402 8.2951 21.7102V24.1402H10.7551C11.4051 24.1402 11.8551 24.5802 11.8551 25.2502C11.8551 25.9102 11.4051 26.3502 10.7551 26.3502H8.2951V28.8102C8.2951 29.4602 7.8651 29.9002 7.2051 29.9002Z","geometry":{"width":29.681640625,"height":32.443359375}}