{"path":"M0.0037 30.6235C0.0037 33.7535 1.6937 35.4535 4.8037 35.4535H17.5037C20.6037 35.4535 22.3037 33.7435 22.3037 30.6235V28.1135H24.5037C27.6037 28.1135 29.2837 26.4035 29.2837 23.2835V12.9235C29.2837 10.9235 28.8637 9.6235 27.6837 8.4235L21.0237 1.6135C19.9037 0.4735 18.5437 0.0035 16.7637 0.0035H11.8037C8.6937 0.0035 7.0037 1.7135 7.0037 4.8235V7.3535H4.8037C1.6937 7.3535 0.0037 9.0635 0.0037 12.1835ZM20.7837 16.1335L13.5937 8.8735C12.6337 7.9035 11.7537 7.5235 10.5237 7.3935V5.2235C10.5237 4.1335 11.0637 3.5235 12.2237 3.5235H17.3937V9.2435C17.3937 11.1135 18.5137 12.2235 20.3837 12.2235H25.7537V22.9035C25.7537 23.9935 25.2237 24.5835 24.0637 24.5835H22.3037V20.3835C22.3037 18.4035 22.0137 17.3935 20.7837 16.1335ZM20.0837 8.8835V4.7135L24.8437 9.5435H20.7437C20.2937 9.5435 20.0837 9.3335 20.0837 8.8835ZM3.5237 30.2435V12.5635C3.5237 11.4735 4.0637 10.8835 5.2237 10.8835H8.9237V17.5835C8.9237 19.9635 10.0637 21.0635 12.4237 21.0635H18.7737V30.2435C18.7737 31.3535 18.2237 31.9235 17.0637 31.9235H5.2237C4.0637 31.9235 3.5237 31.3535 3.5237 30.2435ZM12.6837 18.1835C12.1037 18.1835 11.8237 17.9135 11.8237 17.3135V11.4435L18.4837 18.1835Z","geometry":{"width":29.28515625,"height":35.451171875}}