{"path":"M24.5137 28.1135H24.7837C27.1137 28.1135 29.2837 26.6635 29.2837 23.2835V10.5135H21.4537C20.1237 10.5135 19.1937 9.5735 19.1937 8.2535V0.0035H11.7437C8.7537 0.0035 7.0037 1.7335 7.0037 4.7035V5.1235H9.2937C11.7837 5.1235 13.3837 5.7235 14.8937 7.2335L22.6437 14.9835C24.0637 16.3935 24.5137 18.2335 24.5137 20.5535ZM21.9937 8.4535H28.9837C28.9437 7.9435 28.5337 7.4635 27.9337 6.8635L22.8137 1.5435C22.2737 0.9835 21.7837 0.5835 21.2437 0.5335L21.2637 7.7135C21.2637 8.2335 21.4737 8.4535 21.9937 8.4535ZM4.8037 35.4535H17.5037C20.6037 35.4535 22.3037 33.7435 22.3037 30.6235V20.3435H12.2537C10.5237 20.3435 9.6237 19.4435 9.6237 17.7235V7.3535H4.8037C1.6937 7.3535 0.0037 9.0635 0.0037 12.1835V30.6235C0.0037 33.7535 1.6937 35.4535 4.8037 35.4535ZM12.6437 18.1335L22.0237 18.1135C21.8637 17.4635 21.4337 16.8035 20.7837 16.1435L13.7637 9.0535C13.0937 8.3835 12.5237 7.9135 11.8537 7.7135V17.2935C11.8537 17.8235 12.1437 18.1335 12.6437 18.1335Z","geometry":{"width":29.28515625,"height":35.451171875}}