{"path":"M0.0037 25.2702C0.0037 28.4002 1.6937 30.0902 4.8037 30.0902H19.4437C22.5437 30.0902 24.2437 28.4002 24.2437 25.2702V4.8302C24.2437 1.7102 22.5437 0.0002 19.4437 0.0002H4.8037C1.6937 0.0002 0.0037 1.7102 0.0037 4.8302ZM3.5237 24.8802V5.2202C3.5237 4.1202 4.0637 3.5302 5.2237 3.5302H19.0137C20.1837 3.5302 20.7137 4.1202 20.7137 5.2202V24.8802C20.7137 25.9802 20.1837 26.5602 19.0137 26.5602H5.2237C4.0637 26.5602 3.5237 25.9802 3.5237 24.8802ZM15.4237 13.8202C16.9237 13.8202 18.0037 12.7802 18.0037 11.2702C18.0037 9.8002 17.0937 8.8302 15.7937 8.8302C15.1237 8.8302 14.6037 9.0502 14.2337 9.5002H13.9637C14.0537 9.0902 14.3237 8.6702 14.7237 8.3302C15.1237 8.0002 15.6137 7.7702 16.1837 7.6402C16.5937 7.5602 16.7437 7.4002 16.7437 7.1002C16.7437 6.8202 16.5437 6.6302 16.1837 6.6302C15.3437 6.6302 14.3437 7.1502 13.6437 7.8602C12.9337 8.6102 12.6037 9.6002 12.6037 10.6502C12.6037 12.6602 13.8337 13.8202 15.4237 13.8202ZM9.0237 13.8402C10.5437 13.8402 11.6237 12.8002 11.6237 11.2702C11.6237 9.8202 10.6937 8.8502 9.4037 8.8502C8.7337 8.8502 8.2137 9.0502 7.8437 9.5002H7.5737C7.6537 9.1102 7.9337 8.6802 8.3137 8.3402C8.7137 8.0002 9.2037 7.7502 9.7937 7.6602C10.1737 7.5902 10.3637 7.4202 10.3637 7.1102C10.3637 6.8402 10.1537 6.6302 9.8037 6.6302C8.9737 6.6302 7.9837 7.1102 7.2637 7.8702C6.5537 8.6102 6.2037 9.6102 6.2037 10.6602C6.2037 12.6602 7.4537 13.8402 9.0237 13.8402ZM7.4137 18.4702H16.8337C17.3537 18.4702 17.7437 18.0702 17.7437 17.5502C17.7437 17.0502 17.3537 16.6502 16.8337 16.6502H7.4137C6.8737 16.6502 6.4837 17.0502 6.4837 17.5502C6.4837 18.0702 6.8737 18.4702 7.4137 18.4702ZM7.4137 22.7402H12.1537C12.6737 22.7402 13.0537 22.3502 13.0537 21.8502C13.0537 21.3302 12.6737 20.9202 12.1537 20.9202H7.4137C6.8737 20.9202 6.4837 21.3302 6.4837 21.8502C6.4837 22.3502 6.8737 22.7402 7.4137 22.7402Z","geometry":{"width":24.240234375,"height":30.091796875}}