{"path":"M0.0037 25.2702C0.0037 28.4002 1.6937 30.0902 4.8037 30.0902H19.4437C22.5437 30.0902 24.2437 28.4002 24.2437 25.2702V4.8302C24.2437 1.7102 22.5437 0.0002 19.4437 0.0002H4.8037C1.6937 0.0002 0.0037 1.7102 0.0037 4.8302ZM3.5237 24.8802V5.2202C3.5237 4.1202 4.0637 3.5302 5.2237 3.5302H19.0137C20.1837 3.5302 20.7137 4.1202 20.7137 5.2202V24.8802C20.7137 25.9802 20.1837 26.5602 19.0137 26.5602H5.2237C4.0637 26.5602 3.5237 25.9802 3.5237 24.8802ZM6.5937 13.3202C7.0537 13.3202 7.3437 13.1002 7.4637 12.5502L7.7637 11.6802H9.9237L10.2437 12.5502C10.3737 13.0802 10.6337 13.3202 11.0837 13.3202C11.5937 13.3202 11.8937 13.0202 11.8937 12.5402C11.8937 12.3902 11.8537 12.2002 11.8037 11.9902L10.1737 7.3402C9.9237 6.6402 9.5137 6.3002 8.8337 6.3002C8.1637 6.3002 7.7637 6.6302 7.5337 7.3402L5.9037 11.9902C5.8337 12.2002 5.7937 12.3902 5.7937 12.5402C5.7937 13.0302 6.1237 13.3202 6.5937 13.3202ZM14.1937 8.6402H17.4737C17.9937 8.6402 18.3937 8.2402 18.3937 7.7202C18.3937 7.2202 17.9937 6.8202 17.4737 6.8202H14.1937C13.6437 6.8202 13.2637 7.2202 13.2637 7.7202C13.2637 8.2402 13.6437 8.6402 14.1937 8.6402ZM8.0837 10.4002L8.8037 7.9202H8.8837L9.6237 10.4002ZM14.1937 12.9102H17.4737C17.9937 12.9102 18.3937 12.5002 18.3937 11.9902C18.3937 11.4802 17.9937 11.0902 17.4737 11.0902H14.1937C13.6437 11.0902 13.2637 11.4802 13.2637 11.9902C13.2637 12.5002 13.6437 12.9102 14.1937 12.9102ZM5.8537 23.1502H6.7937L8.3837 21.5202C8.6037 21.3102 8.8437 21.2202 9.0937 21.2202C9.3337 21.2202 9.5937 21.3102 9.8337 21.5202L10.8537 22.4402L13.3737 20.2102C13.6437 19.9602 13.9337 19.8502 14.2237 19.8502C14.5337 19.8502 14.8237 19.9502 15.0537 20.2102L17.4637 23.0002H18.4037V17.1602C18.4037 16.0602 17.8437 15.4902 16.7237 15.4902H7.5437C6.4837 15.4902 5.8537 16.0602 5.8537 17.1602ZM9.9437 20.2102C9.2137 20.2102 8.6137 19.5902 8.6037 18.8802C8.6037 18.1602 9.2137 17.5302 9.9437 17.5502C10.6637 17.5802 11.2637 18.1602 11.2637 18.8802C11.2637 19.5902 10.6637 20.2102 9.9437 20.2102Z","geometry":{"width":24.240234375,"height":30.091796875}}