{"path":"M5.4451 16.1702C6.0151 16.0602 6.5851 15.9802 7.1951 15.9802C7.7951 15.9802 8.3851 16.0602 8.9651 16.1902V5.2202C8.9651 4.1302 9.5051 3.5302 10.6651 3.5302H16.0351V10.2302C16.0351 12.6102 17.1751 13.7302 19.5351 13.7302H26.1551V24.8802C26.1551 25.9802 25.6251 26.5602 24.4551 26.5602H16.2951C16.1651 27.8402 15.7051 29.0502 15.0351 30.0902H24.8851C27.9851 30.0902 29.6851 28.3802 29.6851 25.2702V12.8802C29.6851 10.7502 29.3651 9.6802 28.0151 8.3102L21.4551 1.6802C20.1251 0.3402 19.0151 0.0002 16.9951 0.0002H10.2451C7.1351 0.0002 5.4451 1.7102 5.4451 4.8302ZM18.9351 9.9702V3.8102L25.8851 10.8302H19.7951C19.2051 10.8302 18.9351 10.5502 18.9351 9.9702ZM7.2051 32.4402C11.1251 32.4402 14.3951 29.1802 14.3951 25.2402C14.3951 21.3002 11.1551 18.0502 7.2051 18.0502C3.2551 18.0502 -0.0049 21.3002 -0.0049 25.2402C-0.0049 29.1902 3.2551 32.4402 7.2051 32.4402ZM7.2151 20.7102C7.5351 20.7102 7.8051 20.8402 8.1051 21.1202L11.5251 24.3402C11.7751 24.5502 11.8851 24.8302 11.8851 25.1402C11.8851 25.7702 11.3851 26.2902 10.7451 26.2802C10.4351 26.2602 10.1151 26.1402 9.9351 25.9202L8.8551 24.7202L8.3951 24.2302L8.4451 25.5902V28.5702C8.4451 29.2702 7.9251 29.7802 7.2151 29.7802C6.4951 29.7802 5.9751 29.2702 5.9751 28.5702V25.5902L6.0451 24.2302L5.5551 24.7202L4.4951 25.9202C4.3051 26.1402 3.9951 26.2802 3.6751 26.2802C3.0351 26.2802 2.5151 25.7702 2.5251 25.1402C2.5451 24.8302 2.6651 24.5502 2.8951 24.3402L6.3051 21.1202C6.6151 20.8202 6.9051 20.7102 7.2151 20.7102Z","geometry":{"width":29.681640625,"height":32.443359375}}