{"path":"M5.4451 16.1702C6.0151 16.0602 6.5851 15.9802 7.1951 15.9802C7.7951 15.9802 8.3851 16.0602 8.9651 16.1902V5.2202C8.9651 4.1302 9.5051 3.5302 10.6651 3.5302H16.0351V10.2302C16.0351 12.6102 17.1751 13.7302 19.5351 13.7302H26.1551V24.8802C26.1551 25.9802 25.6251 26.5602 24.4551 26.5602H16.2951C16.1651 27.8402 15.7051 29.0502 15.0351 30.0902H24.8851C27.9851 30.0902 29.6851 28.3802 29.6851 25.2702V12.8802C29.6851 10.7502 29.3651 9.6802 28.0151 8.3102L21.4551 1.6802C20.1251 0.3402 19.0151 0.0002 16.9951 0.0002H10.2451C7.1351 0.0002 5.4451 1.7102 5.4451 4.8302ZM18.9351 9.9702V3.8102L25.8851 10.8302H19.7951C19.2051 10.8302 18.9351 10.5502 18.9351 9.9702ZM7.2051 32.4402C11.1251 32.4402 14.3951 29.1802 14.3951 25.2402C14.3951 21.3002 11.1551 18.0502 7.2051 18.0502C3.2551 18.0502 -0.0049 21.3002 -0.0049 25.2402C-0.0049 29.1902 3.2551 32.4402 7.2051 32.4402ZM10.9751 26.5402C10.2551 26.5402 9.6751 25.9402 9.6751 25.2402C9.6751 24.5502 10.2551 23.9402 10.9751 23.9402C11.6651 23.9402 12.2451 24.5502 12.2451 25.2402C12.2351 25.9402 11.6651 26.5402 10.9751 26.5402ZM3.4151 26.5102C2.7351 26.5102 2.1651 25.9202 2.1651 25.2402C2.1651 24.5502 2.7351 23.9702 3.4151 23.9702C4.1151 23.9702 4.6851 24.5502 4.6851 25.2402C4.6851 25.9202 4.1151 26.5102 3.4151 26.5102ZM7.2051 26.5102C6.5251 26.5102 5.9351 25.9202 5.9351 25.2402C5.9351 24.5502 6.5251 23.9702 7.2051 23.9702C7.8851 23.9702 8.4751 24.5502 8.4751 25.2402C8.4751 25.9202 7.8851 26.5102 7.2051 26.5102Z","geometry":{"width":29.681640625,"height":32.443359375}}