{"path":"M4.8037 30.0902H19.4437C22.5437 30.0902 24.2437 28.3802 24.2437 25.2702V13.3302H13.4537C11.8037 13.3302 10.9737 12.5102 10.9737 10.8702V0.0002H4.8037C1.6937 0.0002 0.0037 1.7102 0.0037 4.8302V25.2702C0.0037 28.4002 1.6937 30.0902 4.8037 30.0902ZM14.0437 11.1202H24.1137C24.0637 10.4002 23.5037 9.7302 22.7137 8.9302L15.3537 1.5002C14.6037 0.7402 13.9037 0.1902 13.1937 0.1202V10.2802C13.1937 10.8402 13.4837 11.1202 14.0437 11.1202ZM6.8737 19.5402C6.2337 19.5402 5.7737 19.0602 5.7737 18.4402C5.7737 17.8302 6.2337 17.3602 6.8737 17.3602H17.3937C18.0237 17.3602 18.4937 17.8302 18.4937 18.4402C18.4937 19.0602 18.0237 19.5402 17.3937 19.5402ZM6.8737 24.5802C6.2337 24.5802 5.7737 24.1002 5.7737 23.5002C5.7737 22.8902 6.2337 22.4102 6.8737 22.4102H17.3937C18.0237 22.4102 18.4937 22.8902 18.4937 23.5002C18.4937 24.1002 18.0237 24.5802 17.3937 24.5802Z","geometry":{"width":24.240234375,"height":30.091796875}}