{"path":"M0.0037 25.2702C0.0037 28.4002 1.6937 30.0902 4.8037 30.0902H19.4437C22.5437 30.0902 24.2437 28.4002 24.2437 25.2702V4.8302C24.2437 1.7102 22.5437 0.0002 19.4437 0.0002H4.8037C1.6937 0.0002 0.0037 1.7102 0.0037 4.8302ZM15.8737 13.7902C14.2337 13.7902 12.9437 12.5802 12.9437 10.5002C12.9437 9.4102 13.3037 8.3802 14.0437 7.5902C14.7537 6.8502 15.7937 6.3202 16.6837 6.3202C17.0537 6.3202 17.2637 6.5202 17.2637 6.8102C17.2637 7.1202 17.1037 7.2902 16.6837 7.3702C16.0737 7.4902 15.5737 7.7402 15.1637 8.0802C14.7337 8.4402 14.4537 8.8602 14.3537 9.3002H14.6437C15.0237 8.8202 15.5737 8.6002 16.2737 8.6002C17.6137 8.6002 18.5837 9.6202 18.5837 11.1302C18.5837 12.7102 17.4437 13.7902 15.8737 13.7902ZM8.6037 13.8102C6.9637 13.8102 5.6737 12.5902 5.6737 10.5002C5.6737 9.4202 6.0137 8.3802 6.7637 7.6002C7.5237 6.8102 8.5437 6.3202 9.4037 6.3202C9.7737 6.3202 9.9937 6.5202 9.9937 6.8102C9.9937 7.1402 9.7937 7.3002 9.4037 7.3802C8.7737 7.4902 8.2737 7.7402 7.8637 8.0902C7.4637 8.4502 7.1737 8.8902 7.0837 9.3002H7.3737C7.7537 8.8302 8.3037 8.6102 8.9837 8.6102C10.3337 8.6102 11.3037 9.6202 11.3037 11.1402C11.3037 12.7302 10.1737 13.8102 8.6037 13.8102ZM6.9137 18.6602C6.3437 18.6602 5.9437 18.2402 5.9437 17.6902C5.9437 17.1702 6.3437 16.7602 6.9137 16.7602H17.3537C17.8937 16.7602 18.3037 17.1702 18.3037 17.6902C18.3037 18.2402 17.8937 18.6602 17.3537 18.6602ZM6.9137 23.0902C6.3437 23.0902 5.9437 22.7002 5.9437 22.1602C5.9437 21.6202 6.3437 21.1902 6.9137 21.1902H12.4437C12.9837 21.1902 13.3937 21.6202 13.3937 22.1602C13.3937 22.7002 12.9837 23.0902 12.4437 23.0902Z","geometry":{"width":24.240234375,"height":30.091796875}}