{"path":"M0.0037 30.6235C0.0037 33.7535 1.6937 35.4535 4.8037 35.4535H17.5037C20.6037 35.4535 22.3037 33.7435 22.3037 30.6235V28.1135H24.5037C27.6037 28.1135 29.2837 26.4035 29.2837 23.2835V4.8235C29.2837 1.7135 27.6037 0.0035 24.5037 0.0035H11.8037C8.6937 0.0035 7.0037 1.7135 7.0037 4.8235V7.3535H4.8037C1.6937 7.3535 0.0037 9.0635 0.0037 12.1835ZM15.0837 5.2635C14.4637 5.2635 14.0637 4.8035 14.0637 4.2935V3.9535C14.0637 3.5435 14.3937 2.9835 15.0837 2.9835H21.2037C21.9037 2.9835 22.2137 3.5435 22.2137 3.9535V4.2935C22.2137 4.8035 21.8237 5.2635 21.2037 5.2635ZM3.5237 30.2435V12.5635C3.5237 11.4735 4.0637 10.8835 5.2237 10.8835H8.9237V17.5835C8.9237 19.9635 10.0637 21.0635 12.4237 21.0635H18.7737V30.2435C18.7737 31.3535 18.2237 31.9235 17.0637 31.9235H5.2237C4.0637 31.9235 3.5237 31.3535 3.5237 30.2435ZM12.6837 18.1835C12.1037 18.1835 11.8237 17.9135 11.8237 17.3135V11.4435L18.4837 18.1835Z","geometry":{"width":29.28515625,"height":35.451171875}}