{"path":"M7.2088 15.9802C12.2788 16.0102 16.4488 20.1802 16.4488 25.2402C16.4488 27.0202 15.9388 28.6802 15.0388 30.0902H26.6488C29.7488 30.0902 31.4488 28.3802 31.4488 25.2702V13.3302H20.6588C19.0088 13.3302 18.1788 12.5102 18.1788 10.8702V0.0002H12.0087C8.8988 0.0002 7.2088 1.7102 7.2088 4.8302ZM21.2488 11.1202H31.3188C31.2688 10.4002 30.7088 9.7302 29.9188 8.9302L22.5588 1.5002C21.8088 0.7402 21.1088 0.1902 20.3988 0.1202V10.2802C20.3988 10.8402 20.6888 11.1202 21.2488 11.1202ZM7.2088 32.4402C11.1288 32.4402 14.3988 29.1802 14.3988 25.2402C14.3988 21.3002 11.1588 18.0502 7.2088 18.0502C3.2588 18.0502 -0.0013 21.3002 -0.0013 25.2402C-0.0013 29.1902 3.2588 32.4402 7.2088 32.4402ZM7.2088 29.9002C6.5488 29.9002 6.1088 29.4602 6.1088 28.8102V26.3502H3.6488C3.0088 26.3502 2.5688 25.9102 2.5588 25.2502C2.5588 24.5802 2.9988 24.1402 3.6488 24.1402H6.1088V21.7102C6.1088 21.0702 6.5488 20.6202 7.2088 20.6202C7.8588 20.6002 8.2988 21.0402 8.2988 21.7102V24.1402H10.7587C11.3988 24.1402 11.8488 24.5802 11.8488 25.2502C11.8488 25.9102 11.3988 26.3502 10.7587 26.3502H8.2988V28.8102C8.2988 29.4602 7.8588 29.9002 7.2088 29.9002Z","geometry":{"width":31.4453125,"height":32.443359375}}