{"path":"M0.0037 25.2702C0.0037 28.4002 1.6937 30.0902 4.8037 30.0902H19.4437C22.5437 30.0902 24.2437 28.4002 24.2437 25.2702V4.8302C24.2437 1.7102 22.5437 0.0002 19.4437 0.0002H4.8037C1.6937 0.0002 0.0037 1.7102 0.0037 4.8302ZM5.8637 13.2902C5.3737 13.2902 5.0137 12.9602 5.0137 12.4402C5.0137 12.2802 5.0537 12.0602 5.1237 11.8502L6.8337 6.9302C7.0937 6.1802 7.5237 5.8102 8.2437 5.8102C8.9837 5.8102 9.4337 6.1902 9.6937 6.9302L11.4037 11.8502C11.4837 12.0602 11.5137 12.2802 11.5137 12.4402C11.5137 12.9502 11.1937 13.2902 10.6537 13.2902C10.1437 13.2902 9.8837 13.0302 9.7237 12.4502L9.4037 11.5502H7.1137L6.8237 12.4502C6.6837 13.0402 6.3737 13.2902 5.8637 13.2902ZM14.3437 8.3102C13.7637 8.3102 13.3537 7.8702 13.3537 7.3302C13.3537 6.7802 13.7637 6.3702 14.3437 6.3702H18.5237C19.0837 6.3702 19.4937 6.7802 19.4937 7.3302C19.4937 7.8702 19.0837 8.3102 18.5237 8.3102ZM7.4537 10.1702H9.0637L8.3137 7.5502H8.2137ZM14.3437 12.8402C13.7637 12.8402 13.3537 12.4002 13.3537 11.8502C13.3537 11.3102 13.7637 10.8802 14.3437 10.8802H18.5237C19.0837 10.8802 19.4937 11.3102 19.4937 11.8502C19.4937 12.4002 19.0837 12.8402 18.5237 12.8402ZM4.7337 24.0202V17.6602C4.7337 16.4902 5.4037 15.8702 6.5537 15.8702H17.7337C18.9037 15.8702 19.5237 16.4902 19.5237 17.6602V23.8602H17.9137L15.3037 20.8202C15.0537 20.5502 14.7337 20.4502 14.3937 20.4502C14.0937 20.4502 13.7637 20.5602 13.4837 20.8202L10.7437 23.2702L9.6437 22.2602C9.3937 22.0302 9.1037 21.9302 8.8337 21.9302C8.5737 21.9302 8.3037 22.0302 8.0637 22.2602L6.3537 24.0202ZM9.7637 20.8402C10.5437 20.8402 11.1937 20.1802 11.1937 19.3902C11.1937 18.5902 10.5437 17.9802 9.7637 17.9602C8.9737 17.9202 8.3037 18.5902 8.3137 19.3902C8.3137 20.1802 8.9737 20.8402 9.7637 20.8402Z","geometry":{"width":24.240234375,"height":30.091796875}}