{"path":"M0.0037 25.2702C0.0037 28.4002 1.6937 30.0902 4.8037 30.0902H19.4437C22.5437 30.0902 24.2437 28.4002 24.2437 25.2702V4.8302C24.2437 1.7102 22.5437 0.0002 19.4437 0.0002H4.8037C1.6937 0.0002 0.0037 1.7102 0.0037 4.8302ZM3.5237 24.8802V5.2202C3.5237 4.1202 4.0637 3.5302 5.2237 3.5302H19.0137C20.1837 3.5302 20.7137 4.1202 20.7137 5.2202V24.8802C20.7137 25.9802 20.1837 26.5602 19.0137 26.5602H5.2237C4.0637 26.5602 3.5237 25.9802 3.5237 24.8802ZM7.4337 9.0002H16.8137C17.3337 9.0002 17.7237 8.5902 17.7237 8.0702C17.7237 7.5602 17.3337 7.1802 16.8137 7.1802H7.4337C6.9037 7.1802 6.5237 7.5602 6.5237 8.0702C6.5237 8.5902 6.9037 9.0002 7.4337 9.0002ZM7.4337 13.4902H16.8137C17.3337 13.4902 17.7237 13.0802 17.7237 12.5602C17.7237 12.0702 17.3337 11.6802 16.8137 11.6802H7.4337C6.9037 11.6802 6.5237 12.0702 6.5237 12.5602C6.5237 13.0802 6.9037 13.4902 7.4337 13.4902ZM7.4337 17.9902H12.1537C12.6737 17.9902 13.0737 17.6102 13.0737 17.1002C13.0737 16.5802 12.6737 16.1702 12.1537 16.1702H7.4337C6.9037 16.1702 6.5237 16.5802 6.5237 17.1002C6.5237 17.6102 6.9037 17.9902 7.4337 17.9902Z","geometry":{"width":24.240234375,"height":30.091796875}}