{"path":"M0.0037 25.2702C0.0037 28.4002 1.6937 30.0902 4.8037 30.0902H19.4437C22.5437 30.0902 24.2437 28.4002 24.2437 25.2702V4.8302C24.2437 1.7102 22.5437 0.0002 19.4437 0.0002H4.8037C1.6937 0.0002 0.0037 1.7102 0.0037 4.8302ZM7.1637 7.7402C6.5937 7.7402 6.1837 7.3102 6.1837 6.7702C6.1837 6.2302 6.5937 5.8102 7.1637 5.8102H17.3937C17.9537 5.8102 18.3637 6.2302 18.3637 6.7702C18.3637 7.3102 17.9537 7.7402 17.3937 7.7402ZM7.1637 11.8002C6.5937 11.8002 6.1837 11.3702 6.1837 10.8302C6.1837 10.2902 6.5937 9.8802 7.1637 9.8802H13.0937C13.6537 9.8802 14.0637 10.2902 14.0637 10.8302C14.0637 11.3702 13.6537 11.8002 13.0937 11.8002ZM7.3537 24.7302C6.2237 24.7302 5.5637 24.1202 5.5637 22.9502V15.7002C5.5637 14.5302 6.2237 13.9302 7.3537 13.9302H16.9237C18.0837 13.9302 18.6937 14.5302 18.6937 15.7002V22.9502C18.6937 24.1202 18.0837 24.7302 16.9237 24.7302Z","geometry":{"width":24.240234375,"height":30.091796875}}