{"path":"M5.7048 16.1702C6.2748 16.0602 6.8448 15.9802 7.4548 15.9802C8.0548 15.9802 8.6448 16.0602 9.2248 16.1902V5.2202C9.2248 4.1302 9.7648 3.5302 10.9248 3.5302H16.2948V10.2302C16.2948 12.6102 17.4348 13.7302 19.7948 13.7302H26.4148V24.8802C26.4148 25.9802 25.8848 26.5602 24.7148 26.5602H16.5548C16.4248 27.8402 15.9648 29.0502 15.2948 30.0902H25.1448C28.2448 30.0902 29.9448 28.3802 29.9448 25.2702V12.8802C29.9448 10.7502 29.6248 9.6802 28.2748 8.3102L21.7148 1.6802C20.3848 0.3402 19.2748 0.0002 17.2548 0.0002H10.5048C7.3948 0.0002 5.7048 1.7102 5.7048 4.8302ZM19.1948 9.9702V3.8102L26.1448 10.8302H20.0548C19.4648 10.8302 19.1948 10.5502 19.1948 9.9702ZM6.8448 32.6902H8.0548C8.5748 32.6902 8.9948 32.3602 9.1148 31.8602L9.4248 30.5702C9.5548 30.5202 9.7048 30.4602 9.8448 30.3902L10.9648 31.0802C11.4048 31.3502 11.9248 31.3402 12.3148 30.9402L13.1548 30.1102C13.5048 29.7202 13.5448 29.1902 13.2648 28.7202L12.5948 27.6202C12.6748 27.4802 12.7148 27.3702 12.7648 27.2302L14.0548 26.9202C14.5748 26.8002 14.9148 26.3902 14.9148 25.8502V24.6802C14.9148 24.1602 14.5648 23.7502 14.0548 23.6202L12.7848 23.3202C12.7248 23.1602 12.6648 23.0402 12.6148 22.9302L13.3048 21.7802C13.5748 21.3402 13.5348 20.7802 13.1648 20.4102L12.3048 19.5902C11.9448 19.2402 11.4248 19.1402 10.9948 19.4102L9.8448 20.1202C9.6948 20.0602 9.5548 20.0202 9.4248 19.9602L9.1148 18.6602C8.9848 18.1402 8.5748 17.8002 8.0548 17.8002H6.8448C6.3148 17.8002 5.9048 18.1602 5.7848 18.6602L5.4848 19.9502C5.3148 20.0002 5.1848 20.0602 5.0448 20.1202L3.8948 19.4102C3.5048 19.1702 2.9548 19.2402 2.5948 19.5902L1.7548 20.4102C1.3848 20.7802 1.3148 21.3302 1.5848 21.7802L2.2848 22.9302C2.2248 23.0402 2.1748 23.1902 2.1048 23.3202L0.8448 23.6202C0.3248 23.7502 0.0048 24.1702 0.0048 24.6802V25.8502C0.0048 26.3902 0.3448 26.8002 0.8448 26.9202L2.1348 27.2302C2.1848 27.3702 2.2448 27.4802 2.2948 27.6202L1.6248 28.7402C1.3548 29.1902 1.3948 29.7402 1.7648 30.1102L2.5848 30.9402C2.9548 31.3202 3.5048 31.3502 3.9348 31.0802L5.0748 30.3902C5.2048 30.4702 5.3548 30.5202 5.4848 30.5702L5.7848 31.8602C5.9048 32.3502 6.3148 32.6902 6.8448 32.6902ZM7.4548 27.4902C6.2248 27.4902 5.2248 26.5002 5.2248 25.2502C5.2248 24.0302 6.2248 23.0202 7.4548 23.0102C8.6648 23.0002 9.6948 24.0302 9.6948 25.2502C9.6948 26.5002 8.6648 27.4902 7.4548 27.4902Z","geometry":{"width":29.94140625,"height":32.689453125}}