{"path":"M7.4685 15.9802C12.5385 16.0102 16.7085 20.1802 16.7085 25.2402C16.7085 27.0202 16.1985 28.6802 15.2985 30.0902H26.9085C30.0085 30.0902 31.7085 28.3802 31.7085 25.2702V13.3302H20.9185C19.2685 13.3302 18.4385 12.5102 18.4385 10.8702V0.0002H12.2685C9.1585 0.0002 7.4685 1.7102 7.4685 4.8302ZM21.5085 11.1202H31.5785C31.5285 10.4002 30.9685 9.7302 30.1785 8.9302L22.8185 1.5002C22.0685 0.7402 21.3685 0.1902 20.6585 0.1202V10.2802C20.6585 10.8402 20.9485 11.1202 21.5085 11.1202ZM6.8485 32.6902H8.0485C8.5685 32.6902 8.9985 32.3602 9.1085 31.8602L9.4185 30.5702C9.5585 30.5202 9.7085 30.4602 9.8485 30.3902L10.9685 31.0802C11.3985 31.3502 11.9185 31.3402 12.3185 30.9402L13.1485 30.1102C13.5085 29.7202 13.5485 29.1902 13.2585 28.7202L12.5885 27.6202C12.6785 27.4802 12.7185 27.3702 12.7685 27.2302L14.0585 26.9202C14.5785 26.8002 14.9185 26.3902 14.9185 25.8502V24.6802C14.9185 24.1602 14.5585 23.7502 14.0585 23.6202L12.7785 23.3202C12.7285 23.1602 12.6585 23.0402 12.6185 22.9302L13.2985 21.7802C13.5785 21.3402 13.5385 20.7802 13.1685 20.4102L12.3085 19.5902C11.9485 19.2402 11.4285 19.1402 10.9885 19.4102L9.8485 20.1202C9.6885 20.0602 9.5585 20.0202 9.4185 19.9602L9.1085 18.6602C8.9785 18.1402 8.5685 17.8002 8.0485 17.8002H6.8485C6.3185 17.8002 5.9085 18.1602 5.7785 18.6602L5.4785 19.9502C5.3185 20.0002 5.1785 20.0602 5.0485 20.1202L3.8985 19.4102C3.4985 19.1702 2.9485 19.2402 2.5985 19.5902L1.7485 20.4102C1.3785 20.7802 1.3085 21.3302 1.5885 21.7802L2.2785 22.9302C2.2285 23.0402 2.1785 23.1902 2.1085 23.3202L0.8485 23.6202C0.3285 23.7502 -0.0015 24.1702 -0.0015 24.6802V25.8502C-0.0015 26.3902 0.3385 26.8002 0.8485 26.9202L2.1285 27.2302C2.1885 27.3702 2.2385 27.4802 2.2985 27.6202L1.6285 28.7402C1.3485 29.1902 1.3985 29.7402 1.7685 30.1102L2.5885 30.9402C2.9485 31.3202 3.4885 31.3502 3.9385 31.0802L5.0685 30.3902C5.2085 30.4702 5.3585 30.5202 5.4785 30.5702L5.7785 31.8602C5.9085 32.3502 6.3185 32.6902 6.8485 32.6902ZM7.4485 27.4902C6.2185 27.4902 5.2185 26.5002 5.2185 25.2502C5.2185 24.0302 6.2185 23.0202 7.4485 23.0102C8.6685 23.0002 9.6885 24.0302 9.6885 25.2502C9.6885 26.5002 8.6685 27.4902 7.4485 27.4902Z","geometry":{"width":31.705078125,"height":32.689453125}}