{"path":"M4.8237 26.1377H27.8037C30.9437 26.1377 32.6337 24.4477 32.6337 21.3377V4.7977C32.6337 1.6977 30.9437 -0.0023 27.8037 -0.0023H4.8237C1.7137 -0.0023 0.0037 1.6977 0.0037 4.7977V21.3377C0.0037 24.4477 1.7137 26.1377 4.8237 26.1377ZM5.2137 22.6177C4.1137 22.6177 3.5237 22.0777 3.5237 20.9177V5.2177C3.5237 4.0577 4.1137 3.5277 5.2137 3.5277H27.4237C28.5237 3.5277 29.1037 4.0577 29.1037 5.2177V20.9177C29.1037 22.0777 28.5237 22.6177 27.4237 22.6177ZM16.3237 5.2777C15.5337 5.2777 14.9437 5.8477 14.9437 6.6177V9.4377L15.0237 11.1177L14.3937 10.4577L13.0537 8.9777C12.8337 8.7377 12.4837 8.5877 12.1537 8.5877C11.4337 8.5877 10.8837 9.1377 10.8837 9.8477C10.8837 10.1977 11.0237 10.4977 11.2937 10.7277L15.3237 14.5377C15.6637 14.8577 15.9737 14.9977 16.3237 14.9977C16.6937 14.9977 16.9937 14.8577 17.3337 14.5377L21.3737 10.7277C21.6337 10.4977 21.7637 10.1977 21.7637 9.8477C21.7637 9.1177 21.2237 8.5877 20.4937 8.5877C20.1537 8.5877 19.8137 8.7377 19.5937 8.9777L18.2637 10.4577L17.6237 11.1277L17.7037 9.4377V6.6177C17.7037 5.8477 17.1137 5.2777 16.3237 5.2777ZM6.5737 19.4677C6.5737 20.2777 7.1337 20.8077 7.9737 20.8077H24.7037C25.5437 20.8077 26.0837 20.2777 26.0837 19.4677V17.5777C26.0837 16.7777 25.5437 16.2377 24.7037 16.2377H7.9737C7.1337 16.2377 6.5737 16.7777 6.5737 17.5777Z","geometry":{"width":32.634765625,"height":26.140625}}