{"path":"M4.8237 26.1377H21.3137C24.4437 26.1377 26.1437 24.4477 26.1437 21.3377V4.7977C26.1437 1.6977 24.4437 -0.0023 21.3137 -0.0023H4.8237C1.7137 -0.0023 0.0037 1.6977 0.0037 4.7977V21.3377C0.0037 24.4477 1.7137 26.1377 4.8237 26.1377ZM5.2137 22.6177C4.1137 22.6177 3.5237 22.0777 3.5237 20.9177V5.2377C3.5237 4.0777 4.1137 3.5277 5.2137 3.5277H20.9337C22.0237 3.5277 22.6137 4.0777 22.6137 5.2377V20.9177C22.6137 22.0777 22.0237 22.6177 20.9337 22.6177ZM13.0737 20.5377C13.4137 20.5377 13.6537 20.2877 13.6537 19.9377V19.0677C16.0337 18.8777 17.7037 17.5577 17.7037 15.4477C17.7037 13.5777 16.5137 12.5277 14.1337 12.0577L13.6537 11.9677V9.1777C14.3737 9.3077 14.8637 9.7177 15.0937 10.3677C15.3837 10.8677 15.7337 11.1377 16.2937 11.1377C16.9837 11.1377 17.4337 10.7277 17.4337 10.1177C17.4337 9.9277 17.3937 9.7477 17.3337 9.5677C16.9537 8.2577 15.6137 7.2577 13.6537 7.0677V6.1977C13.6537 5.8377 13.4137 5.5877 13.0737 5.5877C12.7237 5.5877 12.4837 5.8377 12.4837 6.1977V7.0677C10.2037 7.2577 8.5837 8.5977 8.5837 10.5777C8.5837 12.4177 9.7937 13.4677 12.0537 13.9677L12.4837 14.0677V16.9977C11.5837 16.8577 11.0437 16.3877 10.8437 15.7477C10.5937 15.2277 10.2237 14.9477 9.6637 14.9477C8.9437 14.9477 8.5037 15.3977 8.5037 16.0477C8.5037 16.2277 8.5337 16.4077 8.6037 16.6077C9.0137 17.8677 10.3637 18.9177 12.4837 19.0677V19.9377C12.4837 20.2877 12.7237 20.5377 13.0737 20.5377ZM12.4837 11.6777L12.3837 11.6477C11.4837 11.3977 11.0637 11.0077 11.0637 10.4077C11.0637 9.7577 11.6037 9.2677 12.4837 9.1577ZM13.6537 14.3377L13.8637 14.3877C14.8437 14.6377 15.2337 15.0277 15.2337 15.6777C15.2337 16.3777 14.6837 16.8677 13.6537 16.9977Z","geometry":{"width":26.140625,"height":26.140625}}