{"path":"M1.2038 11.3986C-0.0162 11.3986 -0.3162 12.4586 0.3438 13.3186L4.1138 18.3486C4.5738 18.9886 5.3938 18.9786 5.8638 18.3486L9.6238 13.3186C10.2638 12.4586 9.9738 11.3986 8.7738 11.3986H6.8038C8.1138 6.8786 12.2738 3.6086 17.2238 3.6086C23.2438 3.6086 28.0638 8.4386 28.0638 14.4386C28.0638 20.4486 23.2438 25.3086 17.2238 25.2886C13.9438 25.2786 11.1038 23.8486 9.0938 21.5086C8.3238 20.7286 7.2538 20.4786 6.4238 21.1886C5.6538 21.8186 5.6038 22.9286 6.4238 23.8686C8.8338 26.8686 13.0938 28.8886 17.2238 28.8886C25.1538 28.8886 31.6638 22.3686 31.6638 14.4386C31.6638 6.5186 25.1538 -0.0014 17.2238 -0.0014C10.3338 -0.0014 4.5238 4.9186 3.1138 11.3986ZM16.4438 21.7686C16.4438 22.1986 16.8038 22.5586 17.2338 22.5586C17.6738 22.5586 18.0338 22.1986 18.0338 21.7686V20.5986C20.6038 20.3686 22.3338 18.9386 22.3338 16.8586C22.3338 15.0986 21.3138 14.1086 18.8238 13.6186L18.0338 13.4486V10.4686C18.6638 10.6686 19.1238 11.0886 19.4538 11.7486C19.8038 12.2786 20.1938 12.5186 20.6838 12.5186C21.5738 12.5186 22.0138 11.7286 21.7538 10.9086C21.3938 9.7486 20.1338 8.5686 18.0338 8.3086V7.1186C18.0338 6.6986 17.6738 6.3286 17.2338 6.3286C16.8038 6.3286 16.4438 6.6986 16.4438 7.1186V8.2886C13.9438 8.5086 12.3038 9.9086 12.3038 11.9486C12.3038 13.7086 13.4538 14.7886 15.7838 15.2986L16.4438 15.4386V18.4686C15.5938 18.2886 15.0338 17.8286 14.7038 17.1486C14.4038 16.6486 13.9738 16.3786 13.4738 16.3786C12.6038 16.3786 12.1238 17.1286 12.3438 17.9786C12.6538 19.2086 14.0638 20.3686 16.4438 20.5986ZM14.9838 11.7986C14.9838 11.0786 15.5438 10.5686 16.4438 10.4186V13.1086C15.3938 12.8286 14.9838 12.4286 14.9838 11.7986ZM19.5938 17.1286C19.5938 17.8586 19.0038 18.3386 18.0338 18.4986V15.7886C19.1338 16.0686 19.5938 16.4286 19.5938 17.1286Z","geometry":{"width":31.661437175995644,"height":28.888671875}}