{"path":"M4.8237 26.1377H21.3137C24.4437 26.1377 26.1437 24.4477 26.1437 21.3377V4.7977C26.1437 1.6977 24.4437 -0.0023 21.3137 -0.0023H4.8237C1.7137 -0.0023 0.0037 1.6977 0.0037 4.7977V21.3377C0.0037 24.4477 1.7137 26.1377 4.8237 26.1377ZM13.1537 20.9277C12.7837 20.9277 12.5337 20.6677 12.5337 20.2977V19.3977C10.2837 19.2477 8.8637 18.1377 8.4337 16.7977C8.3637 16.5977 8.3237 16.3877 8.3237 16.2177C8.3237 15.5177 8.7937 15.0377 9.5737 15.0377C10.1737 15.0377 10.5637 15.3377 10.8237 15.8977C11.0337 16.5577 11.5837 17.0477 12.5337 17.1877V14.1377L12.0737 14.0277C9.6837 13.4977 8.3937 12.3977 8.3937 10.4577C8.3937 8.3577 10.1137 6.9477 12.5337 6.7577V5.8277C12.5337 5.4577 12.7837 5.1977 13.1537 5.1977C13.5037 5.1977 13.7637 5.4577 13.7637 5.8277V6.7577C15.8437 6.9477 17.2537 7.9977 17.6537 9.3777C17.7237 9.5677 17.7637 9.7577 17.7637 9.9577C17.7637 10.5977 17.2837 11.0477 16.5437 11.0477C15.9737 11.0477 15.5737 10.7477 15.2737 10.2177C15.0137 9.5577 14.5037 9.1377 13.7637 8.9977V11.8977L14.2737 12.0077C16.7937 12.4777 18.0437 13.6077 18.0437 15.5877C18.0437 17.7977 16.2837 19.1777 13.7637 19.3977V20.2977C13.7637 20.6677 13.5037 20.9277 13.1537 20.9277ZM12.5337 11.5977V8.9577C11.6237 9.0877 11.0437 9.5977 11.0437 10.2577C11.0437 10.8977 11.4937 11.3077 12.4237 11.5677ZM13.7637 14.4277V17.1877C14.8437 17.0577 15.4037 16.5477 15.4037 15.8077C15.4037 15.1477 15.0237 14.7377 13.9737 14.4777Z","geometry":{"width":26.140625,"height":26.140625}}