{"path":"M4.8237 26.1377H21.3137C24.4437 26.1377 26.1437 24.4477 26.1437 21.3377V4.7977C26.1437 1.6977 24.4437 -0.0023 21.3137 -0.0023H4.8237C1.7137 -0.0023 0.0037 1.6977 0.0037 4.7977V21.3377C0.0037 24.4477 1.7137 26.1377 4.8237 26.1377ZM7.8437 13.6677C7.8437 10.9277 9.6237 9.2377 11.8237 9.2377C12.9237 9.2377 13.8337 9.6377 14.3937 10.2977V8.4077H12.1837C11.7837 8.4077 11.5537 8.1577 11.5537 7.7977C11.5537 7.4277 11.7837 7.1677 12.1837 7.1677H14.4237V6.7977C14.4237 6.0877 14.9437 5.6177 15.7137 5.6177C16.4737 5.6177 17.0037 6.0877 17.0037 6.7977V7.1677H17.8437C18.2237 7.1677 18.4737 7.4277 18.4737 7.7977C18.4737 8.1577 18.2237 8.4077 17.8437 8.4077H17.0337V16.8977C17.0337 17.7477 16.5437 18.2277 15.7337 18.2277C15.0837 18.2277 14.5837 17.8277 14.5037 17.1977V16.8877C13.9437 17.6677 12.9837 18.1177 11.8437 18.1177C9.6437 18.1177 7.8437 16.4077 7.8437 13.6677ZM10.5437 13.6877C10.5437 14.9977 11.3237 15.9277 12.4837 15.9277C13.6337 15.9277 14.4237 14.9677 14.4237 13.6877C14.4237 12.3877 13.6337 11.4177 12.4837 11.4177C11.3237 11.4177 10.5437 12.3477 10.5437 13.6877ZM8.5537 19.5677C8.5537 19.2077 8.8137 18.9377 9.1837 18.9377H16.7937C17.1737 18.9377 17.4337 19.1977 17.4337 19.5677C17.4337 19.9177 17.1737 20.1977 16.7937 20.1977H9.1837C8.8137 20.1977 8.5537 19.9177 8.5537 19.5677Z","geometry":{"width":26.140625,"height":26.140625}}