{"path":"M4.8237 26.1377H21.3137C24.4437 26.1377 26.1437 24.4477 26.1437 21.3377V4.7977C26.1437 1.6977 24.4437 -0.0023 21.3137 -0.0023H4.8237C1.7137 -0.0023 0.0037 1.6977 0.0037 4.7977V21.3377C0.0037 24.4477 1.7137 26.1377 4.8237 26.1377ZM5.2137 22.6177C4.1137 22.6177 3.5237 22.0777 3.5237 20.9177V5.2377C3.5237 4.0777 4.1137 3.5277 5.2137 3.5277H20.9337C22.0237 3.5277 22.6137 4.0777 22.6137 5.2377V20.9177C22.6137 22.0777 22.0237 22.6177 20.9337 22.6177ZM8.0537 13.6277C8.0537 16.2277 9.7437 17.8577 11.8437 17.8577C12.9237 17.8577 13.8337 17.4277 14.3537 16.6777L14.3737 16.9977C14.4337 17.5777 14.9037 17.9677 15.5337 17.9677C16.2837 17.9677 16.7437 17.4977 16.7437 16.7077V8.6377H17.5137C17.8737 8.6377 18.1037 8.4077 18.1037 8.0477C18.1037 7.7077 17.8837 7.4677 17.5137 7.4677H16.7237V7.1077C16.7237 6.4377 16.2237 5.9977 15.5037 5.9977C14.7637 5.9977 14.2837 6.4377 14.2837 7.1077V7.4677H12.1537C11.7837 7.4677 11.5637 7.7077 11.5637 8.0477C11.5637 8.4077 11.7837 8.6377 12.1537 8.6377H14.2637V10.4477C13.7437 9.8177 12.8637 9.4377 11.8237 9.4377C9.7337 9.4377 8.0537 11.0477 8.0537 13.6277ZM10.5637 13.6477C10.5637 12.3777 11.3337 11.4877 12.4437 11.4877C13.5237 11.4877 14.2837 12.4177 14.2837 13.6477C14.2837 14.8877 13.5237 15.7877 12.4437 15.7877C11.3337 15.7877 10.5637 14.9177 10.5637 13.6477ZM8.7237 19.2377C8.7237 19.5777 8.9737 19.8277 9.3237 19.8277H16.5137C16.8737 19.8277 17.1337 19.5777 17.1337 19.2377C17.1337 18.8777 16.8837 18.6377 16.5137 18.6377H9.3237C8.9737 18.6377 8.7237 18.8977 8.7237 19.2377Z","geometry":{"width":26.140625,"height":26.140625}}