{"path":"M1.7637 29.9418C2.7337 29.9418 3.5237 29.1518 3.5237 28.1818V4.3018C3.5237 3.8418 3.8237 3.5418 4.2937 3.5418H31.1537C31.6237 3.5418 31.9237 3.8418 31.9237 4.3018V28.1818C31.9237 29.1518 32.7137 29.9418 33.6837 29.9418C34.6537 29.9418 35.4537 29.1518 35.4537 28.1818V3.8718C35.4537 1.4918 33.9637 0.0018 31.5437 0.0018H3.9137C1.4937 0.0018 0.0037 1.4918 0.0037 3.8718V28.1818C0.0037 29.1518 0.7937 29.9418 1.7637 29.9418ZM5.6237 29.1718H29.8337C30.0637 29.1718 30.2537 29.0018 30.2537 28.7618V5.6218C30.2537 5.3818 30.0637 5.2118 29.8337 5.2118H5.6237C5.3837 5.2118 5.1937 5.3818 5.1937 5.6218V28.7618C5.1937 29.0018 5.3837 29.1718 5.6237 29.1718ZM7.8737 13.0118C7.4637 13.0118 7.2037 12.7518 7.2037 12.3418V7.8018C7.2037 7.3918 7.4637 7.1218 7.8737 7.1218H12.4037C12.7937 7.1218 13.0737 7.3918 13.0737 7.8018V12.3418C13.0737 12.7518 12.7937 13.0118 12.4037 13.0118ZM15.4737 13.0118C15.0837 13.0118 14.8037 12.7518 14.8037 12.3418V7.8018C14.8037 7.3918 15.0837 7.1218 15.4737 7.1218H20.0037C20.4137 7.1218 20.6737 7.3918 20.6737 7.8018V12.3418C20.6737 12.7518 20.4137 13.0118 20.0037 13.0118ZM23.0737 13.0118C22.6637 13.0118 22.4037 12.7518 22.4037 12.3418V7.8018C22.4037 7.3918 22.6637 7.1218 23.0737 7.1218H27.5737C27.9837 7.1218 28.2437 7.3918 28.2437 7.8018V12.3418C28.2437 12.7518 27.9837 13.0118 27.6437 13.0118ZM14.9537 26.7518C14.4737 26.7518 14.1137 26.4018 14.1137 25.9218C14.1137 25.4418 14.4737 25.0718 14.9537 25.0718H20.4937C20.9737 25.0718 21.3437 25.4418 21.3437 25.9218C21.3437 26.4018 20.9737 26.7518 20.4937 26.7518Z","geometry":{"width":35.451171875,"height":29.94140625}}