{"path":"M1.7637 29.9418C2.7437 29.9418 3.5237 29.1518 3.5237 28.1818V4.3018C3.5237 3.8418 3.8237 3.5418 4.2937 3.5418H31.1537C31.6237 3.5418 31.9237 3.8418 31.9237 4.3018V13.6318C32.4537 13.3318 33.0537 13.1818 33.6837 13.1818C34.3137 13.1818 34.9137 13.3318 35.4537 13.6318V3.8718C35.4537 1.4918 33.9637 0.0018 31.5537 0.0018H3.9137C1.4937 0.0018 0.0037 1.4918 0.0037 3.8718V28.1818C0.0037 29.1518 0.7937 29.9418 1.7637 29.9418ZM5.6237 11.6618H29.8437C30.0637 11.6618 30.2537 11.4718 30.2537 11.2518V5.6218C30.2537 5.3818 30.0637 5.2118 29.8437 5.2118H5.6237C5.3837 5.2118 5.2137 5.3818 5.2137 5.6218V11.2518C5.2137 11.4718 5.3837 11.6618 5.6237 11.6618ZM14.9537 9.2718C14.4737 9.2718 14.1237 8.9018 14.1237 8.4218C14.1237 7.9618 14.4737 7.5918 14.9537 7.5918H20.5037C20.9737 7.5918 21.3437 7.9618 21.3437 8.4218C21.3437 8.9018 20.9737 9.2718 20.5037 9.2718ZM27.7637 29.9418H39.5937C40.8237 29.9418 41.6537 29.0118 41.6537 27.8918C41.6537 27.5518 41.5637 27.2118 41.3737 26.8818L35.4637 16.3018C35.0537 15.5718 34.3837 15.2318 33.6837 15.2318C32.9937 15.2318 32.3037 15.5818 31.9137 16.3018L26.0037 26.8818C25.8137 27.2118 25.7137 27.5518 25.7137 27.8918C25.7137 29.0118 26.5537 29.9418 27.7637 29.9418ZM33.6837 24.4218C33.0737 24.4218 32.6337 23.9918 32.6037 23.4018L32.4837 19.7818C32.4737 19.0818 32.9637 18.6118 33.6837 18.6118C34.3937 18.6118 34.9037 19.0818 34.8737 19.7818L34.7637 23.4018C34.7437 23.9918 34.2937 24.4218 33.6837 24.4218ZM33.6837 27.9018C32.8937 27.9018 32.3037 27.3318 32.3037 26.5818C32.3037 25.8218 32.9037 25.2618 33.6837 25.2618C34.4637 25.2618 35.0637 25.8418 35.0637 26.5818C35.0537 27.3318 34.4837 27.9018 33.6837 27.9018Z","geometry":{"width":41.658203125,"height":29.94140625}}