{"path":"M1.7637 29.9418C2.7337 29.9418 3.5237 29.1518 3.5237 28.1818V4.3018C3.5237 3.8418 3.8237 3.5418 4.2937 3.5418H31.1537C31.6237 3.5418 31.9237 3.8418 31.9237 4.3018V28.1818C31.9237 29.1518 32.7137 29.9418 33.6837 29.9418C34.6537 29.9418 35.4537 29.1518 35.4537 28.1818V3.8718C35.4537 1.4918 33.9637 0.0018 31.5437 0.0018H3.9137C1.4937 0.0018 0.0037 1.4918 0.0037 3.8718V28.1818C0.0037 29.1518 0.7937 29.9418 1.7637 29.9418ZM5.6237 29.1718H16.4737C16.7037 29.1718 16.8837 29.0018 16.8837 28.7618V5.6218C16.8837 5.3818 16.7037 5.2118 16.4737 5.2118H5.6237C5.3837 5.2118 5.1937 5.3818 5.1937 5.6218V28.7618C5.1937 29.0018 5.3837 29.1718 5.6237 29.1718ZM18.9737 29.1718H29.8337C30.0637 29.1718 30.2537 29.0018 30.2537 28.7618V5.6218C30.2537 5.3818 30.0637 5.2118 29.8337 5.2118H18.9737C18.7437 5.2118 18.5637 5.3818 18.5637 5.6218V28.7618C18.5637 29.0018 18.7437 29.1718 18.9737 29.1718ZM8.3437 18.9318C7.8937 18.9318 7.5437 18.5918 7.5437 18.1518V15.7618C7.5437 15.3218 7.8937 14.9818 8.3437 14.9818C8.7737 14.9818 9.1237 15.3218 9.1237 15.7618V18.1518C9.1237 18.5918 8.7737 18.9318 8.3437 18.9318Z","geometry":{"width":35.451171875,"height":29.94140625}}