{"path":"M1.7637 29.9418C2.7337 29.9418 3.5237 29.1518 3.5237 28.1818V4.3018C3.5237 3.8418 3.8237 3.5418 4.2937 3.5418H31.1537C31.6237 3.5418 31.9237 3.8418 31.9237 4.3018V28.1818C31.9237 29.1518 32.7137 29.9418 33.6837 29.9418C34.6537 29.9418 35.4537 29.1518 35.4537 28.1818V3.8718C35.4537 1.4918 33.9637 0.0018 31.5437 0.0018H3.9137C1.4937 0.0018 0.0037 1.4918 0.0037 3.8718V28.1818C0.0037 29.1518 0.7937 29.9418 1.7637 29.9418ZM18.9737 29.1718H29.8337C30.0637 29.1718 30.2537 29.0018 30.2537 28.7618V5.6218C30.2537 5.3818 30.0637 5.2118 29.8337 5.2118H18.9737C18.7437 5.2118 18.5637 5.3818 18.5637 5.6218V28.7618C18.5637 29.0018 18.7437 29.1718 18.9737 29.1718ZM5.6237 29.1918H16.4737C16.7037 29.1918 16.8837 29.0018 16.8837 28.7818V5.6318C16.8837 5.4018 16.7037 5.2118 16.4737 5.2118H5.6237C5.3837 5.2118 5.1937 5.4018 5.1937 5.6318V28.7818C5.1937 29.0018 5.3837 29.1918 5.6237 29.1918ZM21.2337 12.5818C20.8737 12.5818 20.6537 12.3418 20.6537 11.9718V7.9618C20.6537 7.5718 20.8737 7.3518 21.2337 7.3518H27.5737C27.9337 7.3518 28.1537 7.5718 28.1537 7.9618V11.9718C28.1537 12.3418 27.9337 12.5818 27.5737 12.5818ZM7.8737 12.5918C7.5237 12.5918 7.3037 12.3618 7.3037 11.9918V7.9718C7.3037 7.5918 7.5237 7.3718 7.8737 7.3718H14.2237C14.5737 7.3718 14.7937 7.5918 14.7937 7.9718V11.9918C14.7937 12.3618 14.5737 12.5918 14.2237 12.5918ZM21.2337 19.8018C20.8737 19.8018 20.6537 19.5818 20.6537 19.1918V15.1918C20.6537 14.8018 20.8737 14.5918 21.2337 14.5918H27.5737C27.9337 14.5918 28.1537 14.8018 28.1537 15.1918V19.1918C28.1537 19.5818 27.9337 19.8018 27.5737 19.8018ZM7.8737 19.8118C7.5237 19.8118 7.3037 19.5918 7.3037 19.2118V15.1918C7.3037 14.8218 7.5237 14.6018 7.8737 14.6018H14.2237C14.5737 14.6018 14.7937 14.8218 14.7937 15.1918V19.2118C14.7937 19.5918 14.5737 19.8118 14.2237 19.8118ZM21.2337 27.0318C20.8737 27.0318 20.6537 26.8018 20.6537 26.4318V22.4118C20.6537 22.0418 20.8737 21.8218 21.2337 21.8218H27.5737C27.9337 21.8218 28.1537 22.0418 28.1537 22.4118V26.4318C28.1537 26.8018 27.9337 27.0318 27.5737 27.0318ZM7.8737 27.0418C7.5237 27.0418 7.3037 26.8118 7.3037 26.4418V22.4218C7.3037 22.0518 7.5237 21.8318 7.8737 21.8318H14.2237C14.5737 21.8318 14.7937 22.0518 14.7937 22.4218V26.4418C14.7937 26.8118 14.5737 27.0418 14.2237 27.0418Z","geometry":{"width":35.451171875,"height":29.94140625}}