{"path":"M33.6837 29.9418C34.6537 29.9418 35.4537 29.1518 35.4537 28.1818V3.8718C35.4537 1.4918 33.9637 0.0018 31.5437 0.0018H3.9137C1.4937 0.0018 0.0037 1.4918 0.0037 3.8718V28.1818C0.0037 29.1518 0.7937 29.9418 1.7637 29.9418C2.7337 29.9418 3.5237 29.1518 3.5237 28.1818V4.3018C3.5237 3.8418 3.8237 3.5418 4.2937 3.5418H31.1537C31.6237 3.5418 31.9237 3.8418 31.9237 4.3018V28.1818C31.9237 29.1518 32.7137 29.9418 33.6837 29.9418ZM17.2537 29.1718C17.4837 29.1718 17.6637 29.0018 17.6637 28.7618V5.6218C17.6637 5.3818 17.4837 5.2118 17.2537 5.2118H5.6237C5.3837 5.2118 5.1937 5.3818 5.1937 5.6218V28.7618C5.1937 29.0018 5.3837 29.1718 5.6237 29.1718ZM14.5337 18.9318C14.0837 18.9318 13.7537 18.5918 13.7537 18.1518V15.7618C13.7537 15.3218 14.0837 14.9818 14.5337 14.9818C14.9837 14.9818 15.3137 15.3218 15.3137 15.7618V18.1518C15.3137 18.5918 14.9837 18.9318 14.5337 18.9318Z","geometry":{"width":35.451171875,"height":29.94140625}}