{"path":"M1.7637 29.9418C2.7337 29.9418 3.5237 29.1518 3.5237 28.1818V4.3018C3.5237 3.8418 3.8237 3.5418 4.2937 3.5418H31.1537C31.6237 3.5418 31.9237 3.8418 31.9237 4.3018V28.1818C31.9237 29.1518 32.7137 29.9418 33.6837 29.9418C34.6537 29.9418 35.4537 29.1518 35.4537 28.1818V3.8718C35.4537 1.4918 33.9637 0.0018 31.5437 0.0018H3.9137C1.4937 0.0018 0.0037 1.4918 0.0037 3.8718V28.1818C0.0037 29.1518 0.7937 29.9418 1.7637 29.9418ZM5.1937 28.7418C5.1937 29.0918 5.4537 29.2718 5.8537 29.1918L13.8937 27.4218C14.2237 27.3618 14.3937 27.1418 14.3937 26.8418V7.3118C14.3937 7.0318 14.2237 6.7918 13.8937 6.7418L5.8337 4.9618C5.4537 4.8818 5.1937 5.0718 5.1937 5.4318ZM30.2537 28.7418V5.4318C30.2537 5.0718 29.9937 4.8818 29.6137 4.9618L21.5637 6.7418C21.2337 6.7918 21.0537 7.0318 21.0537 7.3118V26.8418C21.0537 27.1418 21.2337 27.3618 21.5637 27.4218L29.6037 29.1918C29.9937 29.2718 30.2537 29.0918 30.2537 28.7418ZM12.0337 12.8218L7.5837 12.4818C7.3037 12.4718 7.1137 12.3218 7.1137 12.0018V7.8218C7.1137 7.4918 7.3137 7.3518 7.5837 7.3918L12.0437 8.2318C12.3637 8.2818 12.5137 8.4918 12.5137 8.7818V12.3218C12.5137 12.6318 12.3137 12.8518 12.0337 12.8218ZM23.4237 12.8218C23.1337 12.8518 22.9437 12.6318 22.9437 12.3218V8.7818C22.9437 8.4918 23.0937 8.2818 23.4037 8.2318L27.8637 7.3918C28.1337 7.3518 28.3437 7.4918 28.3437 7.8218V12.0018C28.3437 12.3218 28.1537 12.4718 27.8637 12.4818ZM7.1137 19.3318V14.8518C7.1137 14.5518 7.3037 14.3518 7.5837 14.3718L12.0337 14.6118C12.3137 14.6418 12.5137 14.8318 12.5137 15.1518V19.0318C12.5137 19.3418 12.3137 19.5418 12.0337 19.5518L7.5837 19.8018C7.3037 19.8118 7.1137 19.6318 7.1137 19.3318ZM28.3437 19.3318C28.3437 19.6318 28.1537 19.8118 27.8637 19.8018L23.4237 19.5518C23.1337 19.5418 22.9437 19.3418 22.9437 19.0318V15.1518C22.9437 14.8318 23.1337 14.6418 23.4237 14.6118L27.8637 14.3718C28.1537 14.3518 28.3437 14.5518 28.3437 14.8518ZM23.4337 21.3518L27.8637 21.6818C28.1337 21.7118 28.3437 21.9018 28.3437 22.2018V26.3418C28.3437 26.6618 28.1337 26.8118 27.8637 26.7518L23.4037 25.8918C23.1337 25.8518 22.9437 25.6318 22.9437 25.3618V21.8218C22.9437 21.5018 23.1437 21.3318 23.4337 21.3518ZM12.0137 21.3518C12.3037 21.3318 12.5137 21.5018 12.5137 21.8218V25.3618C12.5137 25.6318 12.3137 25.8518 12.0437 25.8918L7.5837 26.7518C7.3137 26.8118 7.1137 26.6618 7.1137 26.3418V22.2018C7.1137 21.9018 7.3137 21.7118 7.5837 21.6818Z","geometry":{"width":35.451171875,"height":29.94140625}}