{"path":"M39.3037 4.3018V13.6318C39.8537 13.3318 40.4537 13.1818 41.0737 13.1818C41.7037 13.1818 42.3037 13.3318 42.8337 13.6318V3.8718C42.8337 1.4918 41.3437 0.0018 38.9337 0.0018H3.9137C1.4937 0.0018 0.0037 1.4918 0.0037 3.8718V28.1818C0.0037 29.1518 0.7937 29.9418 1.7637 29.9418C2.7437 29.9418 3.5237 29.1518 3.5237 28.1818V4.3018C3.5237 3.8418 3.8237 3.5418 4.2937 3.5418H38.5537C39.0237 3.5418 39.3037 3.8418 39.3037 4.3018ZM5.6237 11.6618H37.2237C37.4437 11.6618 37.6437 11.4718 37.6437 11.2518V5.6218C37.6437 5.3818 37.4437 5.2118 37.2237 5.2118H5.6237C5.3837 5.2118 5.2137 5.3818 5.2137 5.6218V11.2518C5.2137 11.4718 5.3837 11.6618 5.6237 11.6618ZM18.4937 9.2718C18.0237 9.2718 17.6637 8.9018 17.6637 8.4218C17.6637 7.9618 18.0237 7.5918 18.4937 7.5918H24.3537C24.8237 7.5918 25.1837 7.9618 25.1837 8.4218C25.1837 8.9018 24.8237 9.2718 24.3537 9.2718ZM35.1637 29.9418H46.9737C48.2037 29.9418 49.0437 29.0118 49.0437 27.8918C49.0437 27.5518 48.9437 27.2118 48.7637 26.8818L42.8437 16.3018C42.4337 15.5718 41.7637 15.2318 41.0737 15.2318C40.3737 15.2318 39.6937 15.5818 39.2937 16.3018L33.3837 26.8818C33.1937 27.2118 33.1037 27.5518 33.1037 27.8918C33.1037 29.0118 33.9337 29.9418 35.1637 29.9418ZM41.0737 24.4218C40.4537 24.4218 40.0137 23.9918 39.9937 23.4018L39.8837 19.7818C39.8537 19.0818 40.3437 18.6118 41.0737 18.6118C41.7837 18.6118 42.2837 19.0818 42.2637 19.7818L42.1537 23.4018C42.1237 23.9918 41.6837 24.4218 41.0737 24.4218ZM41.0737 27.9018C40.2737 27.9018 39.6937 27.3318 39.6937 26.5818C39.6937 25.8218 40.2937 25.2618 41.0737 25.2618C41.8537 25.2618 42.4537 25.8418 42.4537 26.5818C42.4337 27.3318 41.8637 27.9018 41.0737 27.9018Z","geometry":{"width":49.041015625,"height":29.94140625}}