{"path":"M1.7637 29.9418C2.7337 29.9418 3.5237 29.1518 3.5237 28.1818V4.3018C3.5237 3.8418 3.8237 3.5418 4.2937 3.5418H38.5437C39.0037 3.5418 39.3037 3.8418 39.3037 4.3018V28.1818C39.3037 29.1518 40.1037 29.9418 41.0737 29.9418C42.0437 29.9418 42.8337 29.1518 42.8337 28.1818V3.8718C42.8337 1.4918 41.3437 0.0018 38.9337 0.0018H3.9137C1.4937 0.0018 0.0037 1.4918 0.0037 3.8718V28.1818C0.0037 29.1518 0.7937 29.9418 1.7637 29.9418ZM5.6237 29.1718H37.2237C37.4437 29.1718 37.6437 29.0018 37.6437 28.7618V5.6218C37.6437 5.3818 37.4437 5.2118 37.2237 5.2118H5.6237C5.3837 5.2118 5.1937 5.3818 5.1937 5.6218V28.7618C5.1937 29.0018 5.3837 29.1718 5.6237 29.1718ZM7.8737 13.0118C7.4637 13.0118 7.2037 12.7518 7.2037 12.3418V7.8018C7.2037 7.3918 7.4637 7.1218 7.8737 7.1218H12.2937C12.6837 7.1218 12.9637 7.3918 12.9637 7.8018V12.3418C12.9637 12.7518 12.6837 13.0118 12.2937 13.0118ZM15.4537 13.0118C15.0537 13.0118 14.7837 12.7518 14.7837 12.3418V7.8018C14.7837 7.3918 15.0537 7.1218 15.4537 7.1218H19.8637C20.2737 7.1218 20.5337 7.3918 20.5337 7.8018V12.3418C20.5337 12.7518 20.2737 13.0118 19.8637 13.0118ZM23.0237 13.0118C22.6137 13.0118 22.3437 12.7518 22.3437 12.3418V7.8018C22.3437 7.3918 22.6137 7.1218 23.0237 7.1218H27.4137C27.8237 7.1218 28.0837 7.3918 28.0837 7.8018V12.3418C28.0837 12.7518 27.8237 13.0118 27.4837 13.0118ZM30.5737 13.0118C30.1637 13.0118 29.8837 12.7518 29.8837 12.3418V7.8018C29.8837 7.3918 30.1637 7.1218 30.5737 7.1218H34.9637C35.3737 7.1218 35.6337 7.3918 35.6337 7.8018V12.3418C35.6337 12.7518 35.3737 13.0118 35.0237 13.0118ZM18.4937 26.7518C18.0237 26.7518 17.6537 26.4018 17.6537 25.9218C17.6537 25.4418 18.0237 25.0718 18.4937 25.0718H24.3337C24.8137 25.0718 25.1837 25.4418 25.1837 25.9218C25.1837 26.4018 24.8137 26.7518 24.3337 26.7518Z","geometry":{"width":42.833984375,"height":29.94140625}}