{"path":"M1.7637 29.9418C2.7337 29.9418 3.5237 29.1518 3.5237 28.1818V4.3018C3.5237 3.8418 3.8237 3.5418 4.2937 3.5418H38.5437C39.0037 3.5418 39.3037 3.8418 39.3037 4.3018V28.1818C39.3037 29.1518 40.1037 29.9418 41.0737 29.9418C42.0437 29.9418 42.8337 29.1518 42.8337 28.1818V3.8718C42.8337 1.4918 41.3437 0.0018 38.9337 0.0018H3.9137C1.4937 0.0018 0.0037 1.4918 0.0037 3.8718V28.1818C0.0037 29.1518 0.7937 29.9418 1.7637 29.9418ZM5.6237 11.6618H37.2237C37.4437 11.6618 37.6437 11.4718 37.6437 11.2518V5.6218C37.6437 5.3818 37.4437 5.2118 37.2237 5.2118H5.6237C5.3837 5.2118 5.1937 5.3818 5.1937 5.6218V11.2518C5.1937 11.4718 5.3837 11.6618 5.6237 11.6618ZM18.4937 9.2718C18.0237 9.2718 17.6537 8.9018 17.6537 8.4218C17.6537 7.9618 18.0237 7.5918 18.4937 7.5918H24.3337C24.8137 7.5918 25.1837 7.9618 25.1837 8.4218C25.1837 8.9018 24.8137 9.2718 24.3337 9.2718Z","geometry":{"width":42.833984375,"height":29.94140625}}