{"path":"M14.4327 28.8933C16.2927 28.8933 18.0927 28.5233 19.7327 27.8533L17.4227 24.8133C16.4727 25.1333 15.4727 25.2933 14.4327 25.2933C8.4227 25.2933 3.5927 20.4533 3.5927 14.4533C3.5927 8.4333 8.4127 3.6133 14.4227 3.5933C20.4527 3.5933 25.2427 8.4033 25.2627 14.4133C26.4327 14.2033 27.6627 14.2333 28.8627 14.4833C28.8927 6.5333 22.3827 0.0033 14.4327 0.0033C6.5127 0.0033 0.0027 6.5233 0.0027 14.4533C0.0027 22.3633 6.5127 28.8933 14.4327 28.8933ZM14.4527 18.6533C16.7627 18.6533 18.6627 16.7633 18.6627 14.4233C18.6627 12.1133 16.7627 10.2233 14.4527 10.2233C12.1227 10.2233 10.2227 12.1133 10.2227 14.4233C10.2227 16.7633 12.1227 18.6533 14.4527 18.6533ZM32.1527 31.1833C36.7627 29.5133 38.3527 25.6633 36.5827 20.7633L35.8427 18.7033C35.1827 16.8733 33.8227 15.9533 32.7127 16.3533C32.4027 16.4733 32.2927 16.7233 32.4027 17.0033L32.7127 17.8733C32.8427 18.2233 32.7427 18.4433 32.5427 18.5233C32.3227 18.5933 32.1027 18.4833 31.9627 18.1333L31.7727 17.5733C31.3627 16.4333 30.3427 15.9233 29.3227 16.2933C28.8327 16.4733 28.6527 16.8033 28.8227 17.2433L29.2627 18.4133C29.3827 18.7533 29.3027 18.9933 29.0927 19.0633C28.8727 19.1433 28.6527 19.0433 28.5227 18.6933L28.1227 17.5933C27.6827 16.3533 26.7127 15.9433 25.7027 16.3133C25.2227 16.4833 25.0327 16.8333 25.1827 17.2533L26.0327 19.5933C26.1727 19.9333 26.0727 20.1633 25.8827 20.2333C25.6627 20.3133 25.4427 20.2033 25.3227 19.8533L22.5627 12.2633C22.2427 11.4133 21.4827 11.0433 20.7427 11.3033C19.9627 11.5933 19.6027 12.3733 19.9227 13.2033L23.9027 24.1133C23.9827 24.3333 23.9027 24.5133 23.7627 24.5533C23.6427 24.5933 23.4927 24.5733 23.3427 24.3933L20.7127 21.5633C20.2627 21.0733 19.7327 20.8533 19.1027 21.0833C18.2827 21.3733 17.9227 22.1333 18.1927 22.8733C18.2827 23.1233 18.4127 23.3533 18.5527 23.5133L22.2027 28.0033C25.1927 31.6733 28.6127 32.4833 32.1527 31.1833Z","geometry":{"width":37.288513957649556,"height":31.765701451384086}}