{"path":"M14.4327 28.8886C15.9927 28.8886 17.4827 28.5886 18.8527 28.0786C18.7427 27.4986 18.7327 26.7386 18.7627 24.3486C17.4627 24.9486 15.9827 25.2886 14.4327 25.2886C8.4327 25.2886 3.6127 20.4486 3.6127 14.4386C3.6127 8.4386 8.4227 3.5986 14.4327 3.5986C20.3427 3.5986 25.1327 8.2886 25.2827 14.1686C25.2827 14.2986 25.2627 14.4286 25.2227 14.5586L28.4627 17.8186C28.7227 16.7386 28.8727 15.6086 28.8727 14.4386C28.8727 6.5186 22.3527 -0.0014 14.4327 -0.0014C6.5127 -0.0014 0.0027 6.5186 0.0027 14.4386C0.0027 22.3686 6.5227 28.8886 14.4327 28.8886ZM14.4527 18.6486C16.7627 18.6486 18.6627 16.7586 18.6627 14.4286C18.6627 12.1086 16.7627 10.2286 14.4527 10.2286C12.1227 10.2286 10.2227 12.1086 10.2227 14.4286C10.2227 16.7586 12.1227 18.6486 14.4527 18.6486ZM20.6327 26.8286C20.6127 27.5986 21.4927 27.8886 22.0127 27.3486L23.8327 25.4286L25.9727 30.7886C26.1527 31.2286 26.5527 31.5186 27.0827 31.3186L28.5427 30.7786C29.0827 30.5886 29.0827 30.0086 28.9327 29.6786L26.6027 24.3386H29.3227C30.0827 24.3486 30.4427 23.5686 29.9127 23.0186L22.0627 15.0786C21.5727 14.5786 20.8227 14.8786 20.8127 15.5886Z","geometry":{"width":30.165842378394856,"height":31.382626744022538}}