{"path":"M0.0037 24.8277C0.0037 25.6177 0.5237 26.1377 1.3137 26.1377H24.8237C25.6237 26.1377 26.1437 25.6177 26.1437 24.8277V1.3077C26.1437 0.5377 25.6237 -0.0023 24.8237 -0.0023H1.3137C0.5237 -0.0023 0.0037 0.5377 0.0037 1.3077ZM3.5237 22.2477V14.7477H7.1737C7.0037 14.2177 6.8937 13.6477 6.8937 13.0477C6.8937 12.4677 6.9837 11.9077 7.1637 11.3877H3.5237V3.9077C3.5237 3.6477 3.6537 3.5277 3.9137 3.5277H11.3937V7.1777C11.9237 6.9977 12.4937 6.9077 13.0837 6.9077C13.6537 6.9077 14.2337 6.9977 14.7537 7.1677V3.5277H22.2337C22.4937 3.5277 22.6137 3.6477 22.6137 3.9077V11.3877H18.9937C19.1637 11.9077 19.2637 12.4677 19.2637 13.0477C19.2637 13.6477 19.1537 14.2177 18.9937 14.7477H22.6137V22.2477C22.6137 22.4877 22.4937 22.6177 22.2337 22.6177H14.7537V18.9777C14.2337 19.1577 13.6537 19.2477 13.0837 19.2477C12.4937 19.2477 11.9237 19.1377 11.3937 18.9777V22.6177H3.9137C3.6537 22.6177 3.5237 22.4877 3.5237 22.2477ZM13.0837 17.1877C15.3437 17.1877 17.2037 15.3377 17.2037 13.0577C17.2037 10.7977 15.3437 8.9577 13.0837 8.9577C10.8137 8.9577 8.9537 10.7977 8.9537 13.0577C8.9537 15.3377 10.8137 17.1877 13.0837 17.1877Z","geometry":{"width":26.140625,"height":26.140625}}