{"path":"M16.0637 34.3393C16.7037 34.3393 17.2437 33.8093 17.2437 33.1693V1.1793C17.2437 0.5293 16.7037 -0.0007 16.0637 -0.0007C15.4237 -0.0007 14.8737 0.5293 14.8737 1.1793L14.8937 33.1693C14.8937 33.8093 15.4237 34.3393 16.0637 34.3393ZM4.8237 30.2593H12.5937V26.7193H5.2137C4.1137 26.7193 3.5237 26.1793 3.5237 25.0193V9.3393C3.5237 8.1793 4.1137 7.6293 5.2137 7.6293H12.5937V4.0993H4.8237C1.7137 4.0993 0.0037 5.7993 0.0037 8.8993V25.4393C0.0037 28.5493 1.7137 30.2593 4.8237 30.2593ZM19.3837 30.2593H27.8037C30.9237 30.2593 32.6337 28.5493 32.6337 25.4393V8.8993C32.6337 5.7993 30.9437 4.0993 27.8037 4.0993H19.3837V7.6293H27.4237C28.5237 7.6293 29.1037 8.1793 29.1037 9.3393V25.0193C29.1037 26.1793 28.5237 26.7193 27.4237 26.7193H19.3837ZM20.6137 19.6893C20.6037 20.1793 21.1637 20.3593 21.4737 20.0193L22.7337 18.7193L24.2037 22.3693C24.3037 22.6293 24.5637 22.8093 24.8937 22.6793L25.8637 22.3293C26.1837 22.1993 26.1937 21.8593 26.0837 21.6293L24.5137 17.9893H26.3737C26.8537 18.0093 27.0837 17.4993 26.7437 17.1593L21.5237 11.8393C21.2037 11.5293 20.7237 11.6993 20.7137 12.1693ZM6.7637 18.8393C7.6737 18.8393 8.4037 18.0993 8.4037 17.1593C8.4037 16.2293 7.6737 15.4893 6.7637 15.4893C5.8537 15.4893 5.0837 16.2593 5.0837 17.1593C5.0837 18.0693 5.8537 18.8393 6.7637 18.8393ZM11.2137 18.8393C12.1237 18.8393 12.8637 18.0893 12.8637 17.1593C12.8637 16.2393 12.1237 15.4893 11.2137 15.4893C10.2937 15.4893 9.5437 16.2393 9.5437 17.1593C9.5437 18.0893 10.2937 18.8393 11.2137 18.8393Z","geometry":{"width":32.634765625,"height":34.34375}}