{"path":"M9.9837 6.6537C9.9837 8.2338 10.1037 8.7638 11.1937 9.8538L13.8637 12.5238C14.9537 13.6138 16.5037 13.6138 17.5937 12.5238L20.2637 9.8538C21.3537 8.7638 21.4737 8.2338 21.4737 6.6537V3.2237C21.4737 1.1938 20.4137 0.0038 18.5937 0.0038H12.8637C11.0437 0.0038 9.9837 1.1938 9.9837 3.2237ZM12.8237 6.7437V3.6737C12.8237 3.1537 13.1237 2.8438 13.6437 2.8438H17.8137C18.3337 2.8438 18.6337 3.1537 18.6337 3.6737V6.7437C18.6337 7.2437 18.5537 7.5637 18.2137 7.8837L16.0137 10.0938C15.8137 10.2838 15.6237 10.2838 15.4537 10.0938L13.2437 7.8837C12.9037 7.5438 12.8237 7.2338 12.8237 6.7437ZM6.6437 21.4638C8.2337 21.4638 8.7637 21.3438 9.8537 20.2438L12.5237 17.5938C13.6137 16.5038 13.6137 14.9438 12.5237 13.8538L9.8537 11.1838C8.7637 10.1038 8.2337 9.9838 6.6437 9.9838H3.2237C1.1937 9.9838 0.0037 11.0338 0.0037 12.8538V18.5838C0.0037 20.4138 1.1937 21.4638 3.2237 21.4638ZM24.7837 9.9838C23.2037 9.9838 22.6637 10.1038 21.5737 11.1938L18.9037 13.8538C17.8137 14.9438 17.8137 16.5038 18.9037 17.5938L21.5737 20.2438C22.6637 21.3438 23.2037 21.4638 24.7837 21.4638H28.2037C30.2437 21.4638 31.4337 20.4138 31.4337 18.5838V12.8538C31.4337 11.0338 30.2437 9.9838 28.2037 9.9838ZM6.7437 18.6338H3.6737C3.1537 18.6338 2.8437 18.3238 2.8437 17.8038V13.6338C2.8437 13.1138 3.1537 12.8138 3.6737 12.8138H6.7437C7.2437 12.8138 7.5437 12.9038 7.8937 13.2438L10.0937 15.4338C10.2837 15.6238 10.2837 15.8138 10.0937 16.0138L7.8937 18.1938C7.5437 18.5538 7.2337 18.6338 6.7437 18.6338ZM24.6937 12.8138H27.7537C28.2737 12.8138 28.5837 13.1238 28.5837 13.6338V17.8138C28.5837 18.3238 28.2737 18.6338 27.7537 18.6338H24.6937C24.1837 18.6338 23.8737 18.5438 23.5437 18.1938L21.3437 16.0138C21.1537 15.8138 21.1537 15.6238 21.3437 15.4338L23.5437 13.2438C23.8837 12.8938 24.2037 12.8138 24.6937 12.8138ZM21.4637 24.7738C21.4637 23.2038 21.3437 22.6538 20.2637 21.5738L17.5937 18.9038C16.5037 17.8138 14.9537 17.8138 13.8637 18.9038L11.1937 21.5738C10.1037 22.6538 9.9837 23.2038 9.9837 24.7738V28.1938C9.9837 30.2438 11.0337 31.4138 12.8637 31.4138H18.5937C20.4137 31.4138 21.4637 30.2438 21.4637 28.1938ZM18.6337 24.6938V27.7538C18.6337 28.2738 18.3337 28.5838 17.8137 28.5838H13.6437C13.1237 28.5838 12.8137 28.2738 12.8137 27.7538V24.6938C12.8137 24.1838 12.9037 23.8738 13.2437 23.5338L15.4537 21.3438C15.6437 21.1538 15.8137 21.1538 16.0137 21.3438L18.1937 23.5338C18.5537 23.8838 18.6337 24.1838 18.6337 24.6938Z","geometry":{"width":31.431640625,"height":31.41796875}}