{"path":"M10.1427 29.0106C16.2327 29.0006 20.2727 25.0506 20.2727 19.1006C20.2727 16.2406 19.1027 13.1406 17.7827 10.5006C16.3827 7.5206 14.2627 4.3506 12.3227 1.3906C11.7027 0.4506 10.9827 0.0006 10.1427 0.0006C9.2927 0.0006 8.5827 0.4506 7.9727 1.3906C5.9627 4.4306 3.7727 7.7206 2.3527 10.7906C1.1227 13.3306 0.0027 16.3206 0.0027 19.1006C0.0027 25.0506 4.0427 29.0006 10.1427 29.0106Z","geometry":{"width":20.275390625,"height":29.01171875}}