{"path":"M22.8687 8.931C25.3687 8.931 27.3187 6.961 27.3187 4.471C27.3187 1.971 25.3687 0.001 22.8687 0.001C20.3587 0.001 18.3987 1.971 18.3987 4.471C18.3987 6.961 20.3587 8.931 22.8687 8.931ZM22.8687 6.421C21.7587 6.421 20.8987 5.561 20.8987 4.471C20.8987 3.361 21.7587 2.501 22.8687 2.501C23.9587 2.501 24.8187 3.361 24.8187 4.471C24.8187 5.561 23.9587 6.421 22.8687 6.421ZM7.1387 9.321L9.7987 11.991C10.5287 10.791 11.3087 9.611 12.0687 8.491C12.1287 8.381 12.2287 8.341 12.3187 8.491C13.9487 10.901 15.6487 13.451 16.9487 16.341C17.4887 17.531 18.1487 19.171 18.2987 20.121C18.3087 20.271 18.3287 20.381 18.3287 20.511L22.2087 24.381C22.2887 23.861 22.3287 23.311 22.3287 22.751C22.3287 20.001 21.2487 17.061 20.0587 14.561C18.6387 11.471 16.5787 8.151 14.6187 5.151C14.0087 4.211 13.2387 3.651 12.1887 3.651C11.1387 3.651 10.3787 4.211 9.7687 5.151C8.8787 6.491 7.9887 7.911 7.1387 9.321ZM23.9687 31.991C24.4187 32.431 25.1587 32.441 25.5987 31.991C26.0387 31.541 26.0487 30.821 25.5987 30.361L1.9787 6.751C1.5187 6.301 0.7887 6.291 0.3287 6.751C-0.1013 7.181 -0.1213 7.931 0.3287 8.381ZM12.1887 32.661C15.1687 32.661 17.6587 31.701 19.4287 30.021L16.8387 27.441C15.6987 28.491 14.0987 29.091 12.1887 29.091C8.2387 29.091 5.6087 26.561 5.6087 22.751C5.6087 21.001 6.2287 19.211 6.9087 17.541L4.1887 14.821C3.0087 17.431 2.0587 20.161 2.0587 22.751C2.0587 28.701 6.0987 32.661 12.1887 32.661Z","geometry":{"width":27.321552919842485,"height":32.662109375}}