{"path":"M4.8237 23.5589H26.1537C29.2837 23.5589 30.9837 21.8489 30.9837 18.7589V4.7989C30.9837 1.6989 29.2837 -0.0011 26.1537 -0.0011H4.8237C1.7137 -0.0011 0.0037 1.6989 0.0037 4.7989V18.7589C0.0037 21.8589 1.7137 23.5589 4.8237 23.5589ZM5.2137 20.0289C4.1137 20.0289 3.5237 19.4789 3.5237 18.3189V5.2189C3.5237 4.0589 4.1137 3.5289 5.2137 3.5289H25.7737C26.8637 3.5289 27.4537 4.0589 27.4537 5.2189V18.3189C27.4537 19.4789 26.8637 20.0289 25.7737 20.0289ZM10.6537 17.5389C13.0737 17.5389 14.6737 15.9689 14.6737 13.6289C14.6737 12.5889 14.2637 11.5789 13.8537 10.6889C13.2337 9.3789 12.2937 7.8589 11.4437 6.5489C11.2137 6.2089 10.9537 6.0189 10.6537 6.0189C10.3637 6.0189 10.1037 6.2089 9.8537 6.5489C9.0137 7.8589 8.0637 9.3889 7.4537 10.7089C7.0437 11.5889 6.6137 12.5889 6.6137 13.6289C6.6137 15.9689 8.2337 17.5389 10.6537 17.5389ZM18.6937 9.3689C19.5737 9.3689 20.3137 8.6089 20.3137 7.7089C20.3137 6.8189 19.5737 6.0889 18.6937 6.0889C17.7837 6.0889 17.0537 6.8189 17.0537 7.7089C17.0537 8.6089 17.7837 9.3689 18.6937 9.3689ZM23.1837 9.3689C24.0737 9.3689 24.8237 8.6089 24.8237 7.7089C24.8237 6.8189 24.0737 6.0889 23.1837 6.0889C22.3037 6.0889 21.5437 6.8189 21.5437 7.7089C21.5437 8.6089 22.3037 9.3689 23.1837 9.3689ZM18.6937 13.3989C19.5737 13.3989 20.3137 12.6489 20.3137 11.7589C20.3137 10.8689 19.5737 10.1189 18.6937 10.1189C17.7837 10.1189 17.0537 10.8689 17.0537 11.7589C17.0537 12.6489 17.7837 13.3989 18.6937 13.3989ZM23.1837 13.3989C24.0737 13.3989 24.8237 12.6489 24.8237 11.7589C24.8237 10.8689 24.0737 10.1189 23.1837 10.1189C22.3037 10.1189 21.5437 10.8689 21.5437 11.7589C21.5437 12.6489 22.3037 13.3989 23.1837 13.3989ZM18.6937 17.4289C19.5737 17.4289 20.3137 16.6889 20.3137 15.7889C20.3137 14.8989 19.5737 14.1489 18.6937 14.1489C17.7837 14.1489 17.0537 14.8989 17.0537 15.7889C17.0537 16.6889 17.7837 17.4289 18.6937 17.4289ZM23.1837 17.4289C24.0737 17.4289 24.8237 16.6889 24.8237 15.7889C24.8237 14.8989 24.0737 14.1489 23.1837 14.1489C22.3037 14.1489 21.5437 14.8989 21.5437 15.7889C21.5437 16.6889 22.3037 17.4289 23.1837 17.4289Z","geometry":{"width":30.98046875,"height":23.556640625}}