{"path":"M20.8127 8.931C23.3127 8.931 25.2627 6.961 25.2627 4.471C25.2627 1.971 23.3127 0.001 20.8127 0.001C18.3027 0.001 16.3427 1.971 16.3427 4.471C16.3427 6.961 18.3027 8.931 20.8127 8.931ZM20.8127 6.421C19.7027 6.421 18.8427 5.561 18.8427 4.471C18.8427 3.361 19.7027 2.501 20.8127 2.501C21.9027 2.501 22.7627 3.361 22.7627 4.471C22.7627 5.561 21.9027 6.421 20.8127 6.421ZM10.1327 32.661C16.2327 32.651 20.2727 28.701 20.2727 22.751C20.2727 20.001 19.1927 17.061 18.0027 14.561C16.5827 11.471 14.5227 8.151 12.5627 5.151C11.9527 4.211 11.1827 3.651 10.1327 3.651C9.0827 3.651 8.3227 4.211 7.7127 5.151C5.7127 8.221 3.6127 11.591 2.1727 14.741C1.0427 17.171 0.0027 20.061 0.0027 22.751C0.0027 28.701 4.0427 32.651 10.1327 32.661ZM10.1327 29.091C6.1827 29.091 3.5527 26.561 3.5527 22.751C3.5527 20.681 4.3927 18.471 5.3427 16.431C6.6627 13.511 8.3627 10.941 10.0127 8.491C10.0727 8.381 10.1727 8.341 10.2627 8.491C11.8927 10.901 13.5927 13.451 14.8927 16.341C15.8627 18.401 16.7027 20.671 16.7027 22.751C16.7027 26.561 14.0927 29.091 10.1327 29.091Z","geometry":{"width":25.265625,"height":32.662109375}}