{"path":"M3.1337 18.9994H4.3337C4.6237 21.1394 6.1637 22.4494 8.4737 22.4494H9.3937C11.9937 22.4494 13.6537 20.8394 13.6537 18.2894V15.1494H24.6137V18.2894C24.6137 20.8394 26.2737 22.4494 28.8737 22.4494H29.7937C32.1037 22.4494 33.6637 21.1394 33.9337 18.9994H35.1337C36.9037 18.9994 38.2637 17.6094 38.2637 15.8894V6.5794C38.2637 4.8094 36.9037 3.4294 35.1337 3.4294H33.9337C33.6437 1.3094 32.1337 -0.0006 29.8737 -0.0006H28.8637C26.2637 -0.0006 24.6137 1.6294 24.6137 4.1694V7.2894H13.6537V4.1694C13.6537 1.6294 12.0037 -0.0006 9.4037 -0.0006H8.3937C6.1537 -0.0006 4.6237 1.3094 4.3337 3.4294H3.1337C1.3637 3.4294 0.0037 4.8094 0.0037 6.5794V15.8894C0.0037 17.6094 1.3637 18.9994 3.1337 18.9994ZM8.5137 19.3494C7.8237 19.3494 7.3937 18.8994 7.3937 18.1294V4.3294C7.3937 3.5694 7.7937 3.0994 8.4337 3.0994H9.3837C10.1037 3.0994 10.5537 3.5694 10.5537 4.3294V18.1294C10.5537 18.8994 10.0937 19.3494 9.3537 19.3494ZM28.9137 19.3494C28.1737 19.3494 27.7237 18.8994 27.7237 18.1294V4.3294C27.7237 3.5694 28.1737 3.0994 28.9037 3.0994H29.8337C30.4737 3.0994 30.8737 3.5694 30.8737 4.3294V18.1294C30.8737 18.8994 30.4437 19.3494 29.7537 19.3494ZM34.8237 6.3894C35.1237 6.3894 35.3237 6.5894 35.3237 6.8994V15.5294C35.3237 15.8494 35.1237 16.0494 34.8237 16.0494H33.9837V6.3894ZM3.4637 16.0494C3.1437 16.0494 2.9437 15.8494 2.9437 15.5294V6.8994C2.9437 6.5894 3.1437 6.3894 3.4637 6.3894H4.2937V16.0494ZM13.6537 12.0494V10.3894H24.6137V12.0494Z","geometry":{"width":38.267578125,"height":22.44921875}}