{"path":"M6.7237 30.2127C7.6837 30.2127 9.1737 30.0627 10.1837 29.6527C10.0737 29.3027 10.0037 28.9127 10.0037 28.5327C10.0037 27.7827 10.2037 27.1427 10.7037 26.2627C9.5037 26.8927 7.9437 27.1927 6.8637 27.1927C4.4437 27.1927 2.9937 25.7427 2.9937 23.3427V11.2527C2.9937 6.2927 6.2337 2.9927 11.1137 2.9927C15.9137 2.9927 19.1037 6.2627 19.1037 11.1427C19.1037 12.2927 18.9237 13.2227 18.6637 14.0527C19.5937 13.6127 20.7837 13.5927 21.7237 13.9727C21.9537 13.1527 22.0837 12.2327 22.0837 11.1427C22.0837 4.4727 17.6937 0.0027 11.1137 0.0027C4.4537 0.0027 0.0037 4.5127 0.0037 11.2527V23.4227C0.0037 27.7027 2.5537 30.2127 6.7237 30.2127ZM5.9737 18.1027C6.6837 18.1027 7.2037 17.5727 7.2037 16.8727V14.3827H9.7737C10.5937 14.3827 11.1137 14.8727 11.1137 15.6027C11.1137 16.0227 10.9237 16.4927 10.6137 16.8727L9.2137 18.6227C8.9937 18.9127 8.8737 19.2127 8.8737 19.4927C8.8737 20.1427 9.4237 20.6727 10.1037 20.6727C10.4837 20.6727 10.8237 20.4827 11.0737 20.1627L12.6237 18.2127C13.2237 17.4627 13.6037 16.3827 13.6037 15.5027C13.6037 13.4027 12.0437 11.9727 9.7437 11.9727H7.2037V11.2127C7.2037 8.8627 8.7537 7.3127 11.1037 7.3127C13.4537 7.3127 14.9937 8.8327 14.9937 11.1427C14.9937 11.8127 15.5437 12.3627 16.2237 12.3627C16.8837 12.3627 17.4337 11.8127 17.4337 11.1427C17.4337 7.3927 14.9037 4.8827 11.1037 4.8827C7.3137 4.8827 4.7537 7.4127 4.7537 11.2127V16.8727C4.7537 17.5727 5.2737 18.1027 5.9737 18.1027ZM14.2837 30.5827H26.1137C27.3337 30.5827 28.1637 29.6527 28.1637 28.5327C28.1637 28.1927 28.0837 27.8527 27.8937 27.5227L21.9737 16.9427C21.5637 16.2127 20.9037 15.8727 20.2037 15.8727C19.5137 15.8727 18.8137 16.2327 18.4337 16.9427L12.5137 27.5227C12.3337 27.8527 12.2337 28.1927 12.2337 28.5327C12.2337 29.6527 13.0537 30.5827 14.2837 30.5827ZM20.1937 25.0627C19.5737 25.0627 19.1437 24.6327 19.1237 24.0527L19.0037 20.4227C18.9737 19.7327 19.4837 19.2527 20.1937 19.2527C20.9137 19.2527 21.4237 19.7327 21.3937 20.4227L21.2837 24.0527C21.2637 24.6327 20.8037 25.0627 20.1937 25.0627ZM20.1937 28.5427C19.4137 28.5427 18.8237 27.9727 18.8237 27.2227C18.8237 26.4727 19.4237 25.9127 20.1937 25.9127C20.9737 25.9127 21.5737 26.4827 21.5737 27.2227C21.5737 27.9727 20.9837 28.5427 20.1937 28.5427Z","geometry":{"width":28.1640625,"height":30.583984375}}