{"path":"M0.0037 23.4227C0.0037 27.7027 2.5537 30.2127 6.7237 30.2127C9.8437 30.2127 12.1237 28.7127 13.5737 25.9927L14.7637 23.7927C17.1337 19.3827 22.0837 17.9827 22.0837 11.1427C22.0837 4.4727 17.6937 0.0027 11.1137 0.0027C4.4537 0.0027 0.0037 4.5127 0.0037 11.2527ZM4.4437 17.2627V10.9127C4.4437 7.0127 7.0537 4.4127 11.1037 4.4127C15.1637 4.4127 17.7637 6.9827 17.7637 10.8427C17.7637 11.4827 17.2437 12.0027 16.5837 12.0027C15.9237 12.0027 15.4037 11.4827 15.4037 10.8427C15.4037 8.3627 13.7537 6.7527 11.1037 6.7527C8.4537 6.7527 6.7937 8.4127 6.7937 10.9127V12.2727H9.8837C12.2537 12.2727 13.8237 13.7127 13.8237 15.8627C13.8237 16.7627 13.4237 17.8527 12.8137 18.6227L11.2237 20.6427C10.9737 20.9627 10.6337 21.1327 10.2837 21.1327C9.6237 21.1327 9.1037 20.6427 9.1037 20.0127C9.1037 19.7327 9.2137 19.4327 9.4337 19.1727L10.8837 17.3527C11.2237 16.9227 11.4337 16.4027 11.4337 15.9527C11.4337 15.1527 10.8237 14.5927 9.9237 14.5927H6.7937V17.2627C6.7937 17.9527 6.2937 18.4527 5.6037 18.4527C4.9337 18.4527 4.4437 17.9527 4.4437 17.2627Z","geometry":{"width":22.080078125,"height":30.21484375}}