{"path":"M0.0037 23.4227C0.0037 27.7027 2.5537 30.2127 6.7237 30.2127C9.8437 30.2127 12.1237 28.7127 13.5737 25.9927L14.7637 23.7927C17.1337 19.3827 22.0837 17.9827 22.0837 11.1427C22.0837 4.4727 17.6937 0.0027 11.1137 0.0027C4.4537 0.0027 0.0037 4.5127 0.0037 11.2527ZM2.9937 23.3427V11.2527C2.9937 6.2927 6.2337 2.9927 11.1137 2.9927C15.9137 2.9927 19.1037 6.2627 19.1037 11.1427C19.1037 16.7027 14.6937 17.6827 12.0137 22.6227L10.9737 24.5027C10.0537 26.2527 8.7937 27.1927 6.8637 27.1927C4.4437 27.1927 2.9937 25.7427 2.9937 23.3427ZM5.9737 18.1027C6.6837 18.1027 7.2037 17.5727 7.2037 16.8727V14.3827H9.7737C10.5937 14.3827 11.1137 14.8727 11.1137 15.6027C11.1137 16.0227 10.9237 16.4927 10.6137 16.8727L9.2137 18.6227C8.9937 18.9127 8.8737 19.2127 8.8737 19.4927C8.8737 20.1427 9.4237 20.6727 10.1037 20.6727C10.4837 20.6727 10.8237 20.4827 11.0737 20.1627L12.6237 18.2127C13.2237 17.4627 13.6037 16.3827 13.6037 15.5027C13.6037 13.4027 12.0437 11.9727 9.7437 11.9727H7.2037V11.2127C7.2037 8.8627 8.7537 7.3127 11.1037 7.3127C13.4537 7.3127 14.9937 8.8327 14.9937 11.1427C14.9937 11.8127 15.5437 12.3627 16.2237 12.3627C16.8837 12.3627 17.4337 11.8127 17.4337 11.1427C17.4337 7.3927 14.9037 4.8827 11.1037 4.8827C7.3137 4.8827 4.7537 7.4127 4.7537 11.2127V16.8727C4.7537 17.5727 5.2737 18.1027 5.9737 18.1027Z","geometry":{"width":22.080078125,"height":30.21484375}}