{"path":"M0.0037 8.4248H34.3337V8.0148C34.3337 2.5848 31.4037 0.0048 25.6037 0.0048H8.7337C2.9637 0.0048 0.0037 2.5748 0.0037 8.0148ZM8.7337 23.2048H25.5937C31.5437 23.2048 34.3337 20.4548 34.3337 14.5848V9.9648H0.0037V14.5848C0.0037 20.4548 2.7937 23.2048 8.7337 23.2048ZM17.1537 15.2448C16.3837 15.2548 15.7237 14.6048 15.7237 13.8048C15.7237 13.0148 16.3837 12.3748 17.1537 12.3748C17.9637 12.3748 18.6037 13.0148 18.6037 13.8048C18.6037 14.6048 17.9637 15.2348 17.1537 15.2448Z","geometry":{"width":34.330078125,"height":23.201171875}}