{"path":"M0.0037 6.0285C0.0037 8.8685 1.9537 11.2385 4.5837 11.8985C3.9237 10.6485 3.5437 9.2385 3.5437 7.7385C3.5437 4.5785 5.2237 1.8085 7.7337 0.2585C7.2037 0.0985 6.6437 -0.0015 6.0437 -0.0015C2.7037 -0.0015 0.0037 2.7085 0.0037 6.0285ZM34.3737 12.0685C37.6937 12.0685 40.4037 9.3685 40.4037 6.0285C40.4037 2.7085 37.6937 -0.0015 34.3737 -0.0015C31.0537 -0.0015 28.3237 2.7085 28.3237 6.0285C28.3237 9.3685 31.0537 12.0685 34.3737 12.0685ZM11.6237 26.7285H13.0537C14.3037 26.7285 15.0637 26.0085 15.0637 24.7985V17.1485C15.0637 15.3485 15.5037 14.4485 16.9437 13.1785C18.4837 11.8285 19.4537 9.9285 19.4537 7.7385C19.4537 3.8185 16.2837 0.6285 12.3337 0.6285C8.3937 0.6285 5.2237 3.8185 5.2237 7.7385C5.2237 9.9285 6.1937 11.8285 7.7337 13.1785C9.1737 14.4485 9.6137 15.3485 9.6137 17.1485V24.7985C9.6137 26.0085 10.3937 26.7285 11.6237 26.7285ZM27.7637 26.7285H29.2037C30.4437 26.7285 31.2137 26.0085 31.2137 24.7985V17.1485C31.2137 15.5285 31.5837 14.6385 32.6737 13.5485C29.2437 12.7785 26.6637 9.6885 26.6637 6.0285C26.6637 3.9285 27.5037 2.0185 28.8737 0.6285H28.4737C24.5437 0.6285 21.3737 3.8185 21.3737 7.7385C21.3737 9.9285 22.3437 11.8285 23.8737 13.1785C25.3237 14.4485 25.7537 15.3485 25.7537 17.1485V24.7985C25.7537 26.0085 26.5337 26.7285 27.7637 26.7285ZM37.1237 8.6385C36.3037 8.6385 35.6537 7.4785 35.6537 6.0285C35.6537 4.6085 36.3037 3.4485 37.1237 3.4485C37.9437 3.4485 38.5637 4.6085 38.5637 6.0285C38.5637 7.4785 37.9437 8.6385 37.1237 8.6385ZM13.9437 9.7985C13.3937 9.7985 12.9737 9.3785 12.9737 8.8285V5.8485C12.9737 5.3285 13.3937 4.9085 13.9437 4.9085C14.4637 4.9085 14.8937 5.3285 14.8937 5.8485V8.8285C14.8937 9.3685 14.4637 9.7985 13.9437 9.7985Z","geometry":{"width":40.400390625,"height":26.728515625}}