{"path":"M6.5937 12.1945C10.1137 12.2345 13.1437 9.4445 13.1137 6.0845C13.0837 2.7345 10.1037 0.0045 6.5937 0.0045C3.7637 0.0045 1.7137 1.5845 0.4937 3.3545C0.1637 3.8545 0.0037 4.4445 0.0037 5.0545V7.1545C0.0037 7.7545 0.1637 8.3245 0.4737 8.8345C1.5837 10.5545 3.7337 12.1645 6.5937 12.1945ZM22.4637 12.1945C25.3237 12.1645 27.4637 10.5545 28.5737 8.8345C28.9037 8.3245 29.0537 7.7545 29.0537 7.1545V5.0545C29.0537 4.4445 28.8937 3.8545 28.5637 3.3545C27.3437 1.5845 25.2937 0.0045 22.4637 0.0045C18.9537 0.0045 15.9737 2.7345 15.9437 6.0845C15.9137 9.4445 18.9337 12.2345 22.4637 12.1945ZM3.0637 8.5745C2.6437 8.5745 2.3237 8.2445 2.3237 7.8245V4.3845C2.3237 3.9645 2.6437 3.6345 3.0637 3.6345C3.4837 3.6345 3.8137 3.9645 3.8137 4.3845V7.8245C3.8137 8.2445 3.4837 8.5745 3.0637 8.5745ZM25.9937 8.5745C25.5637 8.5745 25.2537 8.2445 25.2537 7.8245V4.3845C25.2537 3.9645 25.5637 3.6345 25.9937 3.6345C26.4137 3.6345 26.7237 3.9645 26.7237 4.3845V7.8245C26.7237 8.2445 26.4137 8.5745 25.9937 8.5745ZM8.3637 28.5345H10.2437V23.1745C11.1337 23.0645 11.6737 22.4745 11.6737 21.5445V12.1945C10.3237 13.2245 8.6837 13.8245 6.9337 13.8645V21.5445C6.9337 22.4745 7.4937 23.0645 8.3637 23.1745ZM20.6837 28.5345V23.1745C21.5637 23.0645 22.1337 22.4745 22.1337 21.5445V13.8645C20.3837 13.8245 18.7437 13.2245 17.3737 12.1945V21.5445C17.3737 22.4745 17.9237 23.0645 18.8137 23.1745V28.5345Z","geometry":{"width":29.052734375,"height":28.533203125}}