{"path":"M2.367 15.2165H24.337C25.747 15.2165 26.697 14.2965 26.697 13.0465C26.697 12.4265 26.357 11.7165 25.797 11.2065L15.847 1.3365C14.847 0.4365 14.217 -0.0035 13.347 -0.0035C12.497 -0.0035 11.837 0.4665 10.857 1.3365L0.907 11.2065C0.337 11.7165 -0.003 12.4265 -0.003 13.0465C0.017 14.2965 0.957 15.2165 2.367 15.2165ZM2.567 26.5765H24.157C25.727 26.5765 26.677 25.6365 26.677 24.0765V20.5365C26.677 18.9765 25.727 18.0365 24.157 18.0365H2.567C0.987 18.0365 0.037 18.9765 0.037 20.5365V24.0765C0.037 25.6365 0.987 26.5765 2.567 26.5765Z","geometry":{"width":26.701171875,"height":26.578125}}