{"path":"M0.0037 16.7991C0.0037 19.3891 1.4737 20.8391 4.0837 20.8391H28.4237C31.0237 20.8391 32.4937 19.3891 32.4937 16.7991V4.0291C32.4937 1.4391 31.0237 -0.0009 28.4237 -0.0009H4.0837C1.4737 -0.0009 0.0037 1.4391 0.0037 4.0291ZM8.9137 12.7191C7.6437 12.7191 6.6137 11.6791 6.6137 10.4191C6.6137 9.1491 7.6437 8.1191 8.9137 8.1191C10.1737 8.1191 11.1937 9.1491 11.1937 10.4191C11.1937 11.6791 10.1737 12.7191 8.9137 12.7191ZM16.2737 12.7191C14.9937 12.7191 13.9737 11.6791 13.9737 10.4191C13.9737 9.1491 14.9937 8.1191 16.2737 8.1191C17.5237 8.1191 18.5637 9.1491 18.5637 10.4191C18.5637 11.6791 17.5237 12.7191 16.2737 12.7191ZM23.6237 12.7191C22.3537 12.7191 21.3237 11.6791 21.3237 10.4191C21.3237 9.1491 22.3537 8.1191 23.6237 8.1191C24.8937 8.1191 25.9237 9.1491 25.9237 10.4191C25.9237 11.6791 24.8937 12.7191 23.6237 12.7191Z","geometry":{"width":32.498046875,"height":20.8359375}}