{"path":"M3.1627 6.3156C4.8827 6.3156 6.3427 4.8556 6.3427 3.1556C6.3427 1.3656 4.9627 -0.0044 3.1627 -0.0044C1.4227 -0.0044 0.0027 1.4056 0.0027 3.1556C0.0027 4.8556 1.4227 6.3156 3.1627 6.3156ZM13.4827 6.3156C15.1927 6.3156 16.6427 4.8556 16.6427 3.1556C16.6427 1.3656 15.2727 -0.0044 13.4827 -0.0044C11.7427 -0.0044 10.3327 1.4056 10.3327 3.1556C10.3327 4.8556 11.7427 6.3156 13.4827 6.3156ZM23.8027 6.3156C25.5127 6.3156 26.9727 4.8556 26.9727 3.1556C26.9727 1.3656 25.6027 -0.0044 23.8027 -0.0044C22.0527 -0.0044 20.6327 1.4056 20.6327 3.1556C20.6327 4.8556 22.0527 6.3156 23.8027 6.3156Z","geometry":{"width":26.974609375,"height":6.31640625}}