{"path":"M9.0237 29.6795C9.9537 29.6795 10.6937 29.2895 11.8437 28.2895L16.4637 24.2395H23.8437C28.0237 24.2395 30.5437 21.6795 30.5437 17.5395V6.6995C30.5437 2.5395 28.0237 -0.0005 23.8437 -0.0005H6.7037C2.5137 -0.0005 0.0037 2.5395 0.0037 6.6995V17.5395C0.0037 21.6795 2.6837 24.2395 6.4637 24.2395H6.8537V27.2795C6.8537 28.7695 7.6737 29.6795 9.0237 29.6795ZM9.8737 25.7695V21.9795C9.8737 21.0595 9.4337 20.7095 8.6037 20.7095H6.9137C4.6337 20.7095 3.5237 19.5595 3.5237 17.3195V6.8995C3.5237 4.6595 4.6337 3.5295 6.9137 3.5295H23.6237C25.8937 3.5295 27.0137 4.6595 27.0137 6.8995V17.3195C27.0137 19.5595 25.8937 20.7095 23.6237 20.7095H16.2037C15.2537 20.7095 14.8337 20.8895 14.1537 21.5695ZM15.2837 8.8295C16.3537 8.8295 17.2137 7.9695 17.2137 6.8995C17.2137 5.8195 16.3537 4.9795 15.2837 4.9795C14.2237 4.9795 13.3437 5.8195 13.3437 6.8995C13.3437 7.9695 14.2237 8.8295 15.2837 8.8295ZM15.2837 14.0395C16.3537 14.0395 17.2137 13.1795 17.2137 12.1095C17.2137 11.0495 16.3537 10.1895 15.2837 10.1895C14.2237 10.1895 13.3437 11.0495 13.3437 12.1095C13.3437 13.1795 14.2237 14.0395 15.2837 14.0395ZM15.2837 19.2595C16.3537 19.2595 17.2137 18.3995 17.2137 17.3195C17.2137 16.2595 16.3537 15.4095 15.2837 15.4095C14.2237 15.4095 13.3437 16.2595 13.3437 17.3195C13.3437 18.3995 14.2237 19.2595 15.2837 19.2595Z","geometry":{"width":30.54296875,"height":29.681640625}}