{"path":"M8.3037 29.7795C8.9237 29.7795 9.4237 29.5195 10.1737 28.8295L15.3537 24.2295H23.8437C28.0237 24.2295 30.5437 21.6795 30.5437 17.5395V6.6995C30.5437 2.5395 28.0237 -0.0005 23.8437 -0.0005H6.7037C2.5137 -0.0005 0.0037 2.5395 0.0037 6.6995V17.5395C0.0037 21.6795 2.6837 24.2295 6.4637 24.2295H6.8537V28.1595C6.8537 29.1495 7.3937 29.7795 8.3037 29.7795ZM15.2837 8.5195C14.1537 8.5195 13.2337 7.6195 13.2337 6.4695C13.2337 5.3495 14.1537 4.4295 15.2837 4.4295C16.4037 4.4295 17.3237 5.3495 17.3237 6.4695C17.3237 7.6195 16.4037 8.5195 15.2837 8.5195ZM15.2837 14.1495C14.1537 14.1495 13.2337 13.2495 13.2337 12.1095C13.2337 10.9795 14.1537 10.0795 15.2837 10.0795C16.4037 10.0795 17.3237 10.9795 17.3237 12.1095C17.3237 13.2495 16.4037 14.1495 15.2837 14.1495ZM15.2837 19.7995C14.1537 19.7995 13.2337 18.8995 13.2337 17.7595C13.2337 16.6295 14.1537 15.7195 15.2837 15.7195C16.4037 15.7195 17.3237 16.6295 17.3237 17.7595C17.3237 18.8995 16.4037 19.7995 15.2837 19.7995Z","geometry":{"width":30.54296875,"height":29.77734375}}