{"path":"M8.3037 29.7795C8.9237 29.7795 9.4237 29.5195 10.1737 28.8295L15.3537 24.2295H23.8437C28.0237 24.2295 30.5437 21.6795 30.5437 17.5395V6.6995C30.5437 2.5395 28.0237 -0.0005 23.8437 -0.0005H6.7037C2.5137 -0.0005 0.0037 2.5395 0.0037 6.6995V17.5395C0.0037 21.6795 2.6837 24.2295 6.4637 24.2295H6.8537V28.1595C6.8537 29.1495 7.3937 29.7795 8.3037 29.7795ZM8.4537 14.3995C7.1737 14.3995 6.1537 13.3695 6.1537 12.1095C6.1537 10.8395 7.1737 9.8195 8.4537 9.8195C9.7237 9.8195 10.7437 10.8395 10.7437 12.1095C10.7437 13.3695 9.7237 14.3995 8.4537 14.3995ZM15.2837 14.3995C14.0237 14.3995 12.9837 13.3695 12.9837 12.1095C12.9837 10.8395 14.0237 9.8195 15.2837 9.8195C16.5537 9.8195 17.5837 10.8395 17.5837 12.1095C17.5837 13.3695 16.5537 14.3995 15.2837 14.3995ZM22.1237 14.3995C20.8537 14.3995 19.8337 13.3695 19.8337 12.1095C19.8337 10.8395 20.8537 9.8195 22.1237 9.8195C23.3937 9.8195 24.4137 10.8395 24.4137 12.1095C24.4137 13.3695 23.3937 14.3995 22.1237 14.3995Z","geometry":{"width":30.54296875,"height":29.77734375}}