{"path":"M1.5537 21.5102C2.4237 21.5102 3.1337 20.7902 3.1337 19.9302V17.0902H4.8037V19.9302C4.8037 21.9402 6.0937 23.2302 8.1437 23.2302H11.7437L13.9337 25.6202C14.5337 26.2802 15.1737 26.5802 15.9937 26.5802H29.4237C31.4837 26.5802 32.8137 25.3102 32.8137 23.2402V21.0802C32.8137 21.0002 32.8637 20.9502 32.9537 20.9502H34.1437C34.2237 20.9502 34.2737 21.0002 34.2737 21.0802V22.1602C34.2737 24.0902 35.5637 25.3202 37.5737 25.3202H38.8537C40.8637 25.3202 42.1537 24.1002 42.1537 22.1602V12.5402C42.1537 10.5802 40.8937 9.3802 38.8537 9.3802H37.5737C35.5337 9.3802 34.2737 10.6002 34.2737 12.5402V13.5102C34.2737 13.5902 34.2237 13.6402 34.1437 13.6402H32.9537C32.8637 13.6402 32.8137 13.5902 32.8137 13.5102V11.4002C32.8137 9.3802 31.5237 8.1202 29.4537 8.1202H28.6337L26.4537 5.7602C25.8537 5.1002 25.1737 4.8002 24.3737 4.8002H21.6037V3.1302H25.7737C26.6437 3.1302 27.3437 2.4202 27.3437 1.5602C27.3437 0.7102 26.6437 0.0002 25.7737 0.0002H14.6037C13.7237 0.0002 13.0337 0.7102 13.0337 1.5702C13.0337 2.4502 13.7437 3.1302 14.6037 3.1302H18.7737V4.8002H13.6437C12.8237 4.8002 12.1537 5.1102 11.5537 5.7602L9.3837 8.1202H8.1437C6.1137 8.1202 4.8037 9.3902 4.8037 11.4002V14.2702H3.1337V11.4202C3.1337 10.5702 2.4237 9.8602 1.5537 9.8602C0.7137 9.8602 0.0037 10.5702 0.0037 11.4202V19.9302C0.0037 20.7902 0.7137 21.5102 1.5537 21.5102ZM16.4737 23.4502C16.2537 23.4502 16.1737 23.3902 16.0237 23.2602L13.1137 20.0802H8.3237C8.0837 20.0802 7.9337 19.9302 7.9337 19.6702V11.6802C7.9337 11.4002 8.0837 11.2502 8.3237 11.2502H10.7737L13.6437 8.1202C13.7937 7.9702 13.8937 7.9302 14.0837 7.9302H23.9237C24.1337 7.9302 24.2237 7.9702 24.3637 8.1202L27.2437 11.2502H29.2737C29.5137 11.2502 29.6837 11.4202 29.6837 11.6802V15.6702C29.6837 16.1302 29.9237 16.3802 30.3837 16.3802H36.7137C37.1637 16.3802 37.4037 16.1302 37.4037 15.6702V12.8002C37.4037 12.6102 37.5337 12.5102 37.7637 12.5102H38.6737C38.8937 12.5102 39.0237 12.6202 39.0237 12.8002V21.9002C39.0237 22.0802 38.8937 22.1902 38.6737 22.1902H37.7637C37.5337 22.1902 37.4037 22.0802 37.4037 21.9002V18.9202C37.4037 18.4602 37.1637 18.2002 36.7137 18.2002H30.3837C29.9237 18.2002 29.6837 18.4602 29.6837 18.9202V23.0002C29.6837 23.2802 29.5137 23.4502 29.2337 23.4502Z","geometry":{"width":42.150390625,"height":26.578125}}