{"path":"M4.6737 29.7598H16.5737C19.5937 29.7598 21.2337 28.1398 21.2337 25.1398V24.9898H13.6137C12.8537 25.7998 11.7737 26.2898 10.5637 26.2898C8.2037 26.2898 6.2937 24.3998 6.2937 22.0298C6.2937 19.6698 8.2037 17.7898 10.5637 17.7898C11.7737 17.7898 12.8537 18.2798 13.6037 19.0698H21.2337V4.6298C21.2337 1.6398 19.5937 -0.0002 16.5737 -0.0002H4.6737C1.6537 -0.0002 0.0037 1.6298 0.0037 4.6298V25.1298C0.0037 28.1398 1.6537 29.7598 4.6737 29.7598ZM6.0737 7.4698C5.0837 7.4698 4.2837 6.6598 4.2837 5.6898C4.2837 4.6898 5.0837 3.8798 6.0737 3.8798C7.0637 3.8798 7.8737 4.6898 7.8737 5.6898C7.8737 6.6598 7.0637 7.4698 6.0737 7.4698ZM10.5637 7.4698C9.5737 7.4698 8.7737 6.6598 8.7737 5.6898C8.7737 4.6898 9.5737 3.8798 10.5637 3.8798C11.5837 3.8798 12.3737 4.6898 12.3737 5.6898C12.3737 6.6598 11.5837 7.4698 10.5637 7.4698ZM15.0837 7.4698C14.0837 7.4698 13.2937 6.6598 13.2937 5.6898C13.2937 4.6898 14.0837 3.8798 15.0837 3.8798C16.0737 3.8798 16.8737 4.6898 16.8737 5.6898C16.8737 6.6598 16.0737 7.4698 15.0837 7.4698ZM6.0737 11.7198C5.0837 11.7198 4.2837 10.9198 4.2837 9.9298C4.2837 8.9098 5.0837 8.1198 6.0737 8.1198C7.0637 8.1198 7.8737 8.9098 7.8737 9.9298C7.8737 10.9198 7.0637 11.7198 6.0737 11.7198ZM10.5637 11.7198C9.5737 11.7198 8.7737 10.9198 8.7737 9.9298C8.7737 8.9098 9.5737 8.1198 10.5637 8.1198C11.5837 8.1198 12.3737 8.9098 12.3737 9.9298C12.3737 10.9198 11.5837 11.7198 10.5637 11.7198ZM15.0837 11.7198C14.0837 11.7198 13.2937 10.9198 13.2937 9.9298C13.2937 8.9098 14.0837 8.1198 15.0837 8.1198C16.0737 8.1198 16.8737 8.9098 16.8737 9.9298C16.8737 10.9198 16.0737 11.7198 15.0837 11.7198ZM6.0737 15.9998C5.0837 15.9998 4.2837 15.1898 4.2837 14.1798C4.2837 13.1898 5.0837 12.3898 6.0737 12.3898C7.0637 12.3898 7.8737 13.1898 7.8737 14.1798C7.8737 15.1898 7.0637 15.9998 6.0737 15.9998ZM10.5637 15.9998C9.5737 15.9998 8.7737 15.1898 8.7737 14.1798C8.7737 13.1898 9.5737 12.3898 10.5637 12.3898C11.5837 12.3898 12.3737 13.1898 12.3737 14.1798C12.3737 15.1898 11.5837 15.9998 10.5637 15.9998ZM15.0837 15.9998C14.0837 15.9998 13.2937 15.1898 13.2937 14.1798C13.2937 13.1898 14.0837 12.3898 15.0837 12.3898C16.0737 12.3898 16.8737 13.1898 16.8737 14.1798C16.8737 15.1898 16.0737 15.9998 15.0837 15.9998ZM10.5637 23.7998H22.5837C23.5437 23.7998 24.3337 23.0098 24.3337 22.0398C24.3337 21.0698 23.5437 20.2798 22.5837 20.2798H10.5637C9.5937 20.2798 8.8037 21.0698 8.8037 22.0398C8.8037 23.0098 9.5937 23.7998 10.5637 23.7998Z","geometry":{"width":24.3359375,"height":29.763671875}}