{"path":"M4.8637 3.6696L7.9837 7.1496C8.6537 7.8796 9.4737 7.7496 9.6537 6.8396L9.9537 5.4196C12.6837 5.8696 14.1137 7.4296 14.1137 9.4296V14.9396C14.1137 15.9096 14.7537 16.6096 15.6837 16.6096C16.6137 16.6096 17.2637 15.9096 17.2637 14.9396V9.4296C17.2637 7.4596 18.6437 5.8996 21.3437 5.4396L21.6337 6.8396C21.8237 7.7496 22.6237 7.8796 23.2937 7.1496L26.4237 3.6696C26.9637 3.0796 26.7937 2.3296 26.0537 2.0196L21.8037 0.1496C20.8737 -0.2504 20.2037 0.1996 20.3937 1.0996L20.7437 2.6896C18.7537 3.0696 16.5537 4.2196 15.6837 5.7196C14.7937 4.1896 12.5537 3.0396 10.5537 2.6596L10.8837 1.0996C11.0737 0.1996 10.4037 -0.2504 9.4837 0.1496L5.2237 2.0196C4.4937 2.3296 4.3337 3.0796 4.8637 3.6696ZM4.8837 32.5196H26.9337C29.7237 32.5196 31.3337 30.8096 31.3337 27.7096V14.0596C31.3337 10.8996 29.6637 9.2496 26.4737 9.2496H19.4837V12.4996H26.2637L17.0237 20.5396C16.3937 21.0796 16.0537 21.2796 15.6837 21.2796C15.3137 21.2796 14.9337 21.0496 14.3437 20.5396L5.1137 12.4996H11.8837V9.2496H4.4037C1.6237 9.2496 0.0037 10.9496 0.0037 14.0596V27.7096C0.0037 30.8696 1.6837 32.5196 4.8837 32.5196ZM3.2537 15.0596L9.4237 20.4096L3.2537 26.5296ZM21.9437 20.4096L28.0837 15.0896V26.4996ZM15.6837 24.5396C16.7737 24.5396 17.7637 24.0596 18.9237 23.0296L19.5637 22.4796L26.3837 29.2696H4.9737L11.8037 22.4796L12.4437 23.0296C13.6037 24.0596 14.5837 24.5396 15.6837 24.5396Z","geometry":{"width":31.3359375,"height":32.519629385017105}}