{"path":"M4.8237 24.7368H22.6437C21.9837 23.7868 21.7337 22.9368 21.6537 21.4068H4.9637C4.9237 21.4068 4.8937 21.3968 4.8637 21.3968L12.0837 14.2168L12.6037 14.7368C13.6437 15.7468 14.6737 16.2168 15.7737 16.2168C16.8837 16.2168 17.9137 15.7468 18.9337 14.7368L19.4737 14.2168L21.5437 16.2968C21.5437 14.6468 21.6737 13.8668 22.3137 13.0168L21.5037 12.2068L28.2737 5.5468V10.2268C29.4637 9.8568 30.3837 9.7168 31.5237 9.9268V4.7968C31.5237 1.6968 29.8137 -0.0032 26.7037 -0.0032H4.6037C1.7137 -0.0032 0.0037 1.6968 0.0037 4.7968V19.9368C0.0037 23.0368 1.7137 24.7368 4.8237 24.7368ZM14.3737 12.4968L5.1037 3.3268H26.4537L17.1837 12.4968C16.6437 13.0268 16.2237 13.2468 15.7737 13.2468C15.3237 13.2468 14.9137 13.0168 14.3737 12.4968ZM3.2537 5.5368L10.0337 12.2068L3.2537 18.9468ZM23.6537 20.9768C23.6537 23.7768 25.3237 24.9768 29.6037 27.2568C29.9837 27.4668 30.5037 27.4968 30.9437 27.2568C35.2437 25.0068 36.8837 23.7768 36.8837 20.9768V15.6268C36.8837 14.5068 36.5437 13.9068 35.4737 13.4568C34.7237 13.1368 32.0737 12.2468 31.3937 12.0168C30.6637 11.7868 29.8637 11.7968 29.0937 12.0568C28.4737 12.2668 25.8137 13.1368 25.0737 13.4568C24.0037 13.9068 23.6537 14.5068 23.6537 15.6268ZM30.2737 24.9468V14.1268C30.4637 14.1268 30.6637 14.1668 30.9237 14.2468C31.6237 14.4768 33.2337 15.0768 34.2037 15.4368C34.5537 15.5568 34.6437 15.7368 34.6437 16.1068V20.6968C34.6437 22.5468 33.6737 23.0268 30.6237 24.8568C30.5037 24.9268 30.3937 24.9468 30.2737 24.9468Z","geometry":{"width":36.88671875,"height":27.425941155727926}}