{"path":"M15.7737 13.5468C16.3937 13.5468 16.9237 13.2468 17.5637 12.6068L29.5337 0.6668C28.9737 0.2368 28.0137 -0.0032 26.7037 -0.0032H4.6037C3.3937 -0.0032 2.5137 0.2168 1.9837 0.6468L13.9837 12.6068C14.6337 13.2468 15.1637 13.5468 15.7737 13.5468ZM0.4137 22.2268L10.4737 12.2068L0.4937 2.3368C0.1637 2.8468 0.0037 3.6668 0.0037 4.7968V19.9368C0.0037 20.9868 0.1337 21.7568 0.4137 22.2268ZM31.1337 22.2168C31.3937 21.7368 31.5237 20.9868 31.5237 19.9368V4.7968C31.5237 3.6768 31.3637 2.8568 31.0537 2.3468L21.0637 12.2068ZM4.8237 24.7368H26.9337C28.2237 24.7368 29.1437 24.4768 29.7237 23.9968L19.4737 13.7768L18.7337 14.5168C17.7437 15.4668 16.8137 15.9168 15.7737 15.9168C14.7337 15.9168 13.7937 15.4668 12.8237 14.5168L12.0837 13.7968L1.8437 23.9768C2.4437 24.4768 3.4437 24.7368 4.8237 24.7368Z","geometry":{"width":31.52734375,"height":24.732421875}}