{"path":"M4.8637 3.6696L7.9837 7.1496C8.6537 7.8796 9.4737 7.7496 9.6537 6.8396L9.9537 5.4196C12.6837 5.8696 14.1137 7.4296 14.1137 9.4296V9.7796C14.1137 10.8196 14.7337 11.5096 15.6837 11.5096C16.6437 11.5096 17.2637 10.8196 17.2637 9.7796V9.4296C17.2637 7.4596 18.6437 5.8996 21.3437 5.4396L21.6337 6.8396C21.8237 7.7496 22.6237 7.8796 23.2937 7.1496L26.4237 3.6696C26.9637 3.0796 26.7937 2.3296 26.0537 2.0196L21.8037 0.1496C20.8737 -0.2504 20.2037 0.1996 20.3937 1.0996L20.7437 2.6896C18.7537 3.0696 16.5537 4.2196 15.6837 5.7196C14.7937 4.1896 12.5537 3.0396 10.5537 2.6596L10.8837 1.0996C11.0737 0.1996 10.4037 -0.2504 9.4837 0.1496L5.2237 2.0196C4.4937 2.3296 4.3337 3.0796 4.8637 3.6696ZM1.6237 10.0396L14.0537 20.8396C14.6837 21.3896 15.1237 21.6796 15.6637 21.6796C16.2137 21.6796 16.6437 21.3896 17.2837 20.8396L29.6537 10.0696C28.9737 9.5596 27.9637 9.2496 26.6737 9.2496H17.6537V14.6396C17.6537 15.7196 16.7437 16.6096 15.6637 16.6096C14.5737 16.6096 13.6737 15.7196 13.6737 14.6396V9.2496H4.3937C3.2137 9.2496 2.2737 9.5596 1.6237 10.0396ZM0.0037 27.7096C0.0037 28.6496 0.1237 29.3996 0.3837 29.9896L10.0237 20.3796L0.3137 11.9596C0.1237 12.4996 0.0037 13.1996 0.0037 14.0596ZM21.3237 20.3796L30.9437 29.9796C31.2037 29.3896 31.3237 28.6396 31.3237 27.7096V14.0596C31.3237 13.2196 31.2137 12.5196 31.0037 11.9696ZM1.8337 31.8196C2.5037 32.2496 3.4137 32.5196 4.6237 32.5196H26.6837C27.9037 32.5196 28.8237 32.2496 29.4937 31.8096L19.5637 21.9096L18.6337 22.7196C17.5837 23.6196 16.7037 24.1296 15.6637 24.1296C14.6337 24.1296 13.7537 23.6196 12.7037 22.7196L11.7737 21.9096Z","geometry":{"width":31.322265625,"height":32.519629385017105}}