{"path":"M15.7737 13.5468C16.3937 13.5468 16.9237 13.2468 17.5637 12.6068L29.5337 0.6668C28.9737 0.2368 28.0137 -0.0032 26.7037 -0.0032H4.6037C3.3937 -0.0032 2.5137 0.2168 1.9837 0.6468L13.9837 12.6068C14.6337 13.2468 15.1637 13.5468 15.7737 13.5468ZM0.4137 22.2268L10.4737 12.2068L0.4937 2.3368C0.1637 2.8468 0.0037 3.6668 0.0037 4.7968V19.9368C0.0037 20.9868 0.1337 21.7568 0.4137 22.2268ZM24.2537 11.5068C25.0837 11.1668 27.7837 10.2768 28.3837 10.0668C29.3537 9.7168 30.3937 9.6768 31.3737 9.8668L31.5237 9.9268V4.7968C31.5237 3.6768 31.3637 2.8568 31.0337 2.3468L21.0637 12.2068L22.1337 13.2568C22.5737 12.4968 23.2837 11.9268 24.2537 11.5068ZM23.6537 20.9768C23.6537 23.7768 25.3037 25.0068 29.6037 27.2568C30.0337 27.4968 30.5537 27.4668 30.9437 27.2568C35.2237 24.9768 36.8837 23.7768 36.8837 20.9768V15.6268C36.8837 14.5168 36.5437 13.9068 35.4737 13.4568C34.7437 13.1368 32.0637 12.2668 31.4637 12.0568C30.6837 11.7968 29.8837 11.7868 29.1637 12.0268C28.4737 12.2468 25.8137 13.1368 25.0737 13.4568C24.0037 13.9068 23.6537 14.5168 23.6537 15.6268ZM21.5437 15.8568L19.4737 13.7768L18.7337 14.5168C17.7437 15.4768 16.8137 15.9168 15.7737 15.9168C14.7337 15.9168 13.7937 15.4668 12.8237 14.5168L12.0837 13.7768L1.8437 23.9768C2.4437 24.4768 3.4437 24.7368 4.8237 24.7368H22.6237C21.9137 23.6768 21.5437 22.4768 21.5437 20.9768ZM25.9037 20.6968V16.1068C25.9037 15.7368 26.0037 15.5568 26.3337 15.4368C27.3137 15.0768 28.9337 14.4768 29.6137 14.2468C29.9037 14.1668 30.0737 14.1268 30.2737 14.1268V24.9468C30.1637 24.9468 30.0537 24.9268 29.9237 24.8568C26.8637 23.0268 25.9037 22.5468 25.9037 20.6968Z","geometry":{"width":36.88671875,"height":27.425941155727923}}