{"path":"M4.8237 31.5809H21.9737C21.3737 30.5809 20.9637 29.4509 20.8237 28.2609H5.5337L14.2737 19.6309C14.8237 19.1009 15.2337 18.8809 15.6837 18.8809C16.1337 18.8809 16.5437 19.0909 17.0937 19.6309L21.2037 23.6909C21.5437 22.7509 22.0437 21.8909 22.6537 21.1409L21.4937 19.9909L28.2737 13.2509C28.2737 13.3009 28.2737 13.3609 28.2737 13.4209V17.7509C28.7937 17.6509 29.3537 17.5809 29.9037 17.5809C30.4637 17.5809 31.0037 17.6509 31.5237 17.7509V13.6009C31.5237 10.6409 30.9937 10.0609 29.0137 8.6509L19.2537 1.4809C17.8937 0.5009 17.0337 0.0009 15.7637 0.0009C14.5037 0.0009 13.6437 0.5009 12.2937 1.4809L2.5337 8.6509C0.5637 10.0509 0.0037 10.6409 0.0037 13.6009V26.7809C0.0037 29.8909 1.7137 31.5809 4.8237 31.5809ZM18.8437 17.3809C17.8137 16.3609 16.7937 15.9009 15.6837 15.9009C14.5737 15.9009 13.5537 16.3609 12.5137 17.3809L11.9037 17.9609L4.8037 10.9009L14.1637 3.9209C14.7637 3.4709 15.1637 3.2409 15.7637 3.2409C16.3637 3.2409 16.7637 3.4709 17.3637 3.9209L26.6337 10.8309L19.4437 17.9809ZM3.2537 13.4209V13.4109L9.8737 19.9709L3.2537 26.4809ZM29.9137 34.0409C33.8337 34.0409 37.1037 30.7609 37.1037 26.8409C37.1037 22.9009 33.8537 19.6509 29.9137 19.6509C25.9637 19.6509 22.7137 22.9009 22.7137 26.8409C22.7137 30.7709 25.9637 34.0409 29.9137 34.0409ZM26.6337 28.1609C25.9937 28.1609 25.4937 27.6609 25.4937 27.0309C25.4937 26.3909 26.0037 25.8909 26.6337 25.8909H28.8737V23.0409C28.8737 22.4109 29.3837 21.9209 30.0137 21.9209C30.6537 21.9209 31.1537 22.4109 31.1537 23.0409V27.0309C31.1537 27.6709 30.6537 28.1609 30.0137 28.1609Z","geometry":{"width":37.10546875,"height":34.04296875}}