{"path":"M4.8237 26.1377H21.3137C24.4437 26.1377 26.1437 24.4477 26.1437 21.3377V4.7977C26.1437 1.6977 24.4437 -0.0023 21.3137 -0.0023H4.8237C1.7137 -0.0023 0.0037 1.6977 0.0037 4.7977V21.3377C0.0037 24.4477 1.7137 26.1377 4.8237 26.1377ZM8.3437 11.8677C7.3137 11.8677 6.6337 11.3377 6.6337 10.4077C6.6337 9.4577 7.3037 8.9177 8.3437 8.9177H17.9537C18.9937 8.9177 19.6637 9.4577 19.6637 10.4077C19.6637 11.3377 18.9737 11.8677 17.9537 11.8677ZM8.3437 17.2377C7.3137 17.2377 6.6337 16.7077 6.6337 15.7777C6.6337 14.8377 7.3037 14.2877 8.3437 14.2877H17.9537C18.9937 14.2877 19.6637 14.8377 19.6637 15.7777C19.6637 16.7077 18.9737 17.2377 17.9537 17.2377Z","geometry":{"width":26.140625,"height":26.140625}}