{"path":"M4.8683 11.3479L17.6383 24.1079L27.8683 13.8679C29.3683 12.3779 29.3383 10.4679 27.8083 8.9479L20.0283 1.1579C18.5183 -0.3621 16.5983 -0.3921 15.1083 1.1079ZM1.7383 21.6379L7.3483 27.2379C9.5983 29.4979 12.1883 29.5479 14.3283 27.4079L15.8883 25.8579L3.1383 13.0879L1.5783 14.6479C-0.5817 16.7979 -0.5117 19.3779 1.7383 21.6379Z","geometry":{"width":28.977184644186547,"height":28.97357611671154}}