{"path":"M1.7717 21.9021L7.7317 27.8421C10.0417 30.1521 12.7517 30.2221 14.9517 28.0221L28.4717 14.4921C30.0117 12.9421 30.0017 10.8921 28.4317 9.3321L20.2917 1.1821C18.7217 -0.3779 16.6717 -0.3979 15.1417 1.1421L1.6017 14.6821C-0.5983 16.8621 -0.5283 19.5821 1.7717 21.9021ZM17.2017 4.0721C17.4817 3.7721 17.8717 3.7721 18.1617 4.0521L25.5717 11.4621C25.8417 11.7421 25.8317 12.1221 25.5617 12.4221L16.2717 21.6921L7.9217 13.3421ZM4.3817 19.5221C3.5617 18.6821 3.5017 17.7721 4.2417 17.0121L5.8217 15.4421L14.1717 23.8021L12.6017 25.3721C11.8617 26.1221 10.9317 26.0521 10.1117 25.2421ZM16.5517 28.7721H25.9417C26.9117 28.7721 27.7017 27.9821 27.7017 27.0121C27.7017 26.0421 26.9117 25.2421 25.9417 25.2421H20.0717ZM31.4517 28.7721H37.9417C38.9117 28.7721 39.7117 27.9821 39.7117 27.0121C39.7117 26.0421 38.9117 25.2421 37.9417 25.2421H31.4517C30.4817 25.2421 29.6917 26.0421 29.6917 27.0121C29.6917 27.9821 30.4817 28.7721 31.4517 28.7721Z","geometry":{"width":39.70937776856488,"height":29.626643659003065}}