{"path":"M0.8337 15.6172H2.9137C4.0037 21.5172 8.2337 25.0072 14.0937 25.0072C18.5437 25.0072 22.3937 23.0472 23.7737 19.5672C23.9637 19.1272 24.0337 18.6572 24.0337 18.2672C24.0337 17.1072 23.2137 16.3672 21.8737 16.3672C20.8937 16.3672 20.3737 16.8172 19.8137 17.7972C18.7137 20.1672 16.6237 21.1072 14.0837 21.1072C10.8437 21.1072 8.5337 19.0772 7.6837 15.6172H15.9237C16.4337 15.6172 16.7637 15.2672 16.7637 14.7972C16.7637 14.2972 16.4337 13.9872 15.9237 13.9872H7.4137C7.3537 13.4972 7.3237 12.9872 7.3237 12.4672C7.3237 12.0172 7.3537 11.5772 7.3937 11.1572H15.9237C16.4337 11.1572 16.7637 10.8172 16.7637 10.3372C16.7637 9.8472 16.4337 9.5272 15.9237 9.5272H7.6437C8.4537 5.9972 10.7837 3.8972 14.0837 3.8972C16.5537 3.8972 18.6337 5.0472 19.7537 7.3672C20.3437 8.3572 20.9037 8.8072 21.9337 8.8072C23.1737 8.8072 23.9937 8.0772 23.9937 6.9472C23.9937 6.4572 23.8437 5.8972 23.5437 5.3572C21.9737 2.0272 18.5937 -0.0028 13.9737 -0.0028C8.2137 -0.0028 3.9337 3.5372 2.8837 9.5272H0.8337C0.3237 9.5272 0.0037 9.8472 0.0037 10.3372C0.0037 10.8172 0.3237 11.1572 0.8337 11.1572H2.6937C2.6637 11.5772 2.6437 12.0172 2.6437 12.4672C2.6437 12.9872 2.6637 13.4972 2.7037 13.9872H0.8337C0.3237 13.9872 0.0037 14.2972 0.0037 14.7972C0.0037 15.2672 0.3237 15.6172 0.8337 15.6172Z","geometry":{"width":24.03515625,"height":25.005859375}}