{"path":"M11.6657 27.672C11.9357 27.672 12.3157 27.562 12.6857 27.382C20.6057 23.422 23.3257 21.152 23.3257 16.252V6.312C23.3257 4.402 22.6957 3.622 21.0157 2.912C19.6857 2.362 14.8057 0.702 13.5657 0.302C12.9757 0.122 12.2457 0.002 11.6657 0.002C11.0757 0.002 10.3657 0.132 9.7757 0.302C8.5157 0.682 3.6357 2.362 2.3057 2.912C0.6457 3.612 -0.0043 4.402 -0.0043 6.312V16.252C-0.0043 21.152 2.8057 23.282 10.6457 27.382C11.0057 27.572 11.3857 27.672 11.6657 27.672ZM11.6757 15.132C10.7057 15.132 10.1557 14.602 10.1057 13.642L9.8857 7.722C9.8457 6.702 10.5657 5.992 11.6657 5.992C12.7457 5.992 13.4957 6.702 13.4357 7.742L13.2257 13.622C13.1657 14.612 12.6157 15.132 11.6757 15.132ZM11.6757 20.082C10.5957 20.082 9.7357 19.382 9.7357 18.352C9.7357 17.312 10.5857 16.612 11.6757 16.612C12.7657 16.612 13.6057 17.312 13.6057 18.352C13.6057 19.402 12.7557 20.082 11.6757 20.082Z","geometry":{"width":23.32421875,"height":27.671875}}