{"path":"M4.8237 26.1377H21.3137C24.4437 26.1377 26.1437 24.4477 26.1437 21.3377V4.7977C26.1437 1.6977 24.4437 -0.0023 21.3137 -0.0023H4.8237C1.7137 -0.0023 0.0037 1.6977 0.0037 4.7977V21.3377C0.0037 24.4477 1.7137 26.1377 4.8237 26.1377ZM13.1637 15.1077C12.2137 15.1077 11.6437 14.5777 11.5937 13.6077L11.3737 7.6977C11.3337 6.6577 12.0537 5.9577 13.1537 5.9577C14.2337 5.9577 14.9837 6.6677 14.9337 7.6977L14.7137 13.5877C14.6537 14.5777 14.1137 15.1077 13.1637 15.1077ZM13.1637 20.0477C12.0837 20.0477 11.2237 19.3577 11.2237 18.3077C11.2237 17.2777 12.0737 16.5877 13.1637 16.5877C14.2637 16.5877 15.0937 17.2777 15.0937 18.3077C15.0937 19.3577 14.2637 20.0477 13.1637 20.0477Z","geometry":{"width":26.140625,"height":26.140625}}