{"path":"M2.7737 18.0884C4.1037 18.0884 4.8537 17.2784 4.8937 15.9184L5.1237 2.8284C5.1437 2.6684 5.1437 2.4784 5.1437 2.3384C5.1437 0.8784 4.2137 -0.0016 2.7737 -0.0016C1.3437 -0.0016 0.3937 0.8784 0.3937 2.3384C0.3937 2.4784 0.3937 2.6684 0.4137 2.8284L0.6537 15.9184C0.6937 17.2784 1.4337 18.0884 2.7737 18.0884ZM16.4637 18.2884C17.6237 18.2884 18.3437 17.6684 18.5437 16.6084C18.5437 16.5184 18.5537 16.3784 18.5637 16.2784C18.7337 14.8484 19.3337 14.2084 21.6037 12.7984C24.0937 11.2284 25.4337 9.4484 25.4337 6.8484C25.4337 2.6084 21.9737 0.0584 17.1537 0.0584C13.5937 0.0584 10.7237 1.5284 9.5337 3.9384C9.2037 4.5784 9.0537 5.2484 9.0537 5.8784C9.0337 7.1184 9.8437 7.9584 11.1737 7.9584C12.1637 7.9584 12.9737 7.4384 13.3437 6.5384C13.9737 4.6584 15.2437 3.9284 16.9437 3.9284C18.9537 3.9284 20.5237 5.1084 20.5237 6.9184C20.5237 8.6284 19.5937 9.4984 17.5137 10.8184C15.5537 12.0884 14.2337 13.4784 14.2337 15.5984V16.1084C14.2337 17.4084 15.0937 18.2884 16.4637 18.2884ZM2.7737 26.1384C4.2937 26.1384 5.5237 24.9684 5.5237 23.4784C5.5237 21.9984 4.2937 20.8184 2.7737 20.8184C1.2437 20.8184 0.0037 21.9984 0.0037 23.4784C0.0037 24.9684 1.2437 26.1384 2.7737 26.1384ZM16.5037 26.1384C18.0337 26.1384 19.2737 24.9684 19.2737 23.4784C19.2737 21.9984 18.0337 20.8184 16.5037 20.8184C14.9837 20.8184 13.7537 21.9984 13.7537 23.4784C13.7537 24.9684 14.9837 26.1384 16.5037 26.1384Z","geometry":{"width":25.4296875,"height":26.140625}}