{"path":"M1.2038 11.3986C-0.0162 11.3986 -0.3162 12.4586 0.3438 13.3186L4.1138 18.3486C4.5738 18.9886 5.3938 18.9786 5.8638 18.3486L9.6238 13.3186C10.2638 12.4586 9.9738 11.3986 8.7738 11.3986H6.8038C8.1138 6.8786 12.2738 3.6086 17.2238 3.6086C23.2438 3.6086 28.0638 8.4386 28.0638 14.4386C28.0638 20.4486 23.2438 25.3086 17.2238 25.2886C13.9438 25.2786 11.1038 23.8486 9.0938 21.5086C8.3238 20.7286 7.2538 20.4786 6.4238 21.1886C5.6538 21.8186 5.6038 22.9286 6.4238 23.8686C8.8338 26.8686 13.0938 28.8886 17.2238 28.8886C25.1538 28.8886 31.6638 22.3686 31.6638 14.4386C31.6638 6.5186 25.1538 -0.0014 17.2238 -0.0014C10.3338 -0.0014 4.5238 4.9186 3.1138 11.3986ZM17.2338 16.3886C18.1238 16.3886 18.6438 15.8986 18.6838 14.9586L18.9038 9.3286C18.9438 8.3686 18.2338 7.6986 17.2238 7.6986C16.1838 7.6986 15.5038 8.3486 15.5438 9.3286L15.7638 14.9886C15.8038 15.8886 16.3238 16.3886 17.2338 16.3886ZM17.2338 21.0686C18.2638 21.0686 19.0438 20.4286 19.0438 19.4286C19.0438 18.4586 18.2638 17.7986 17.2338 17.7986C16.1938 17.7986 15.4038 18.4586 15.4038 19.4286C15.4038 20.4086 16.2138 21.0686 17.2338 21.0686Z","geometry":{"width":31.661437175995644,"height":28.888671875}}