{"path":"M10.5237 28.3252H19.0037C20.8337 28.3252 22.0137 27.6852 23.0337 26.5052L28.2437 20.6052C29.2737 19.4252 29.5337 18.6752 29.5337 17.0852V11.2352C29.5337 9.6552 29.1437 9.0052 28.0837 7.7252L23.0337 1.8152C22.0237 0.6252 20.8337 -0.0048 19.0037 -0.0048H10.5237C8.6937 -0.0048 7.5337 0.6552 6.5037 1.8152L1.3037 7.7252C0.2637 8.9152 0.0037 9.6552 0.0037 11.2352V17.0852C0.0037 18.6752 0.2637 19.4252 1.3037 20.6052L6.5037 26.5052C7.5337 27.6852 8.6937 28.3252 10.5237 28.3252ZM14.7837 16.2152C13.8237 16.2152 13.2637 15.6852 13.2037 14.7152L12.9837 8.8052C12.9437 7.7652 13.6737 7.0652 14.7637 7.0652C15.8637 7.0652 16.5937 7.7752 16.5537 8.8052L16.3237 14.6952C16.2837 15.6852 15.7237 16.2152 14.7837 16.2152ZM14.7837 21.1552C13.7037 21.1552 12.8537 20.4652 12.8537 19.4152C12.8537 18.3852 13.6837 17.6952 14.7837 17.6952C15.8737 17.6952 16.7037 18.3852 16.7037 19.4152C16.7037 20.4652 15.8737 21.1552 14.7837 21.1552Z","geometry":{"width":29.53125,"height":28.328125}}