{"path":"M2.7737 18.0884C4.1037 18.0884 4.8537 17.2784 4.8937 15.9184L5.1237 2.8284C5.1437 2.6684 5.1437 2.4784 5.1437 2.3384C5.1437 0.8784 4.2137 -0.0016 2.7737 -0.0016C1.3437 -0.0016 0.3937 0.8784 0.3937 2.3384C0.3937 2.4784 0.3937 2.6684 0.4137 2.8284L0.6537 15.9184C0.6937 17.2784 1.4337 18.0884 2.7737 18.0884ZM13.8637 18.0884C15.1937 18.0884 15.9237 17.2784 15.9737 15.9184L16.2037 2.8284C16.2137 2.6684 16.2237 2.4784 16.2237 2.3384C16.2237 0.8784 15.3037 -0.0016 13.8637 -0.0016C12.4237 -0.0016 11.4737 0.8784 11.4737 2.3384C11.4737 2.4784 11.4837 2.6684 11.4837 2.8284L11.7437 15.9184C11.7837 17.2784 12.5137 18.0884 13.8637 18.0884ZM24.9337 18.0884C26.2637 18.0884 27.0137 17.2784 27.0537 15.9184L27.2937 2.8284C27.3037 2.6684 27.3037 2.4784 27.3037 2.3384C27.3037 0.8784 26.3737 -0.0016 24.9337 -0.0016C23.5037 -0.0016 22.5537 0.8784 22.5537 2.3384C22.5537 2.4784 22.5537 2.6684 22.5737 2.8284L22.8137 15.9184C22.8637 17.2784 23.5937 18.0884 24.9337 18.0884ZM2.7737 26.1384C4.2937 26.1384 5.5237 24.9684 5.5237 23.4784C5.5237 21.9984 4.2937 20.8184 2.7737 20.8184C1.2437 20.8184 0.0037 21.9984 0.0037 23.4784C0.0037 24.9684 1.2437 26.1384 2.7737 26.1384ZM13.8537 26.1384C15.3637 26.1384 16.6137 24.9684 16.6137 23.4784C16.6137 21.9984 15.3637 20.8184 13.8537 20.8184C12.3137 20.8184 11.0737 21.9984 11.0737 23.4784C11.0737 24.9684 12.3137 26.1384 13.8537 26.1384ZM24.9237 26.1384C26.4537 26.1384 27.6837 24.9684 27.6837 23.4784C27.6837 21.9984 26.4537 20.8184 24.9237 20.8184C23.4037 20.8184 22.1637 21.9984 22.1637 23.4784C22.1637 24.9684 23.4037 26.1384 24.9237 26.1384Z","geometry":{"width":27.685546875,"height":26.140625}}