{"path":"M4.8237 26.1377H21.3137C24.4437 26.1377 26.1437 24.4477 26.1437 21.3377V4.7977C26.1437 1.6977 24.4437 -0.0023 21.3137 -0.0023H4.8237C1.7137 -0.0023 0.0037 1.6977 0.0037 4.7977V21.3377C0.0037 24.4477 1.7137 26.1377 4.8237 26.1377ZM5.2137 22.6177C4.1137 22.6177 3.5237 22.0777 3.5237 20.9177V5.2377C3.5237 4.0777 4.1137 3.5277 5.2137 3.5277H20.9337C22.0237 3.5277 22.6137 4.0777 22.6137 5.2377V20.9177C22.6137 22.0777 22.0237 22.6177 20.9337 22.6177ZM13.0837 15.0077C13.9737 15.0077 14.4937 14.5177 14.5337 13.5777L14.7537 7.9477C14.7937 6.9877 14.0837 6.3177 13.0737 6.3177C12.0437 6.3177 11.3437 6.9677 11.3937 7.9477L11.6037 13.6077C11.6437 14.5077 12.1637 15.0077 13.0837 15.0077ZM13.0837 19.6877C14.1137 19.6877 14.9037 19.0477 14.9037 18.0477C14.9037 17.0777 14.1137 16.4177 13.0837 16.4177C12.0537 16.4177 11.2537 17.0777 11.2537 18.0477C11.2537 19.0277 12.0537 19.6877 13.0837 19.6877Z","geometry":{"width":26.140625,"height":26.140625}}