{"path":"M4.1409 26.6991H25.1809C27.6809 26.6991 29.3309 24.8191 29.3309 22.5591C29.3309 21.8591 29.1509 21.1391 28.7609 20.4691L18.2409 2.0791C17.4309 0.6991 16.0609 -0.0009 14.6709 -0.0009C13.2609 -0.0009 11.8809 0.7091 11.0909 2.0791L0.5609 20.4791C0.1809 21.1491 0.0009 21.8591 0.0009 22.5591C0.0009 24.8191 1.6409 26.6991 4.1409 26.6991ZM14.6809 16.9291C13.7109 16.9291 13.1509 16.3891 13.1109 15.4191L12.8909 9.5191C12.8409 8.4791 13.5809 7.7791 14.6709 7.7791C15.7509 7.7791 16.5009 8.4891 16.4509 9.5191L16.2309 15.4091C16.1709 16.3891 15.6309 16.9291 14.6809 16.9291ZM14.6809 21.8591C13.5909 21.8591 12.7409 21.1791 12.7409 20.1291C12.7409 19.0991 13.5909 18.3991 14.6809 18.3991C15.7809 18.3991 16.6109 19.0991 16.6109 20.1291C16.6109 21.1791 15.7609 21.8591 14.6809 21.8591Z","geometry":{"width":29.326171875,"height":26.701171875}}