{"path":"M3.3219 27.9729H16.6519C18.8419 27.9729 19.9619 26.8429 19.9619 24.4429V14.2829C19.9619 12.1729 19.0619 11.0329 17.2819 10.8329V7.6829C17.2819 2.8029 13.9819 0.0029 9.9819 0.0029C5.9719 0.0029 2.6919 2.8029 2.6919 7.6829V10.8329C0.9019 11.0329 0.0019 12.1729 0.0019 14.2829V24.4429C0.0019 26.8429 1.1219 27.9729 3.3219 27.9729ZM5.9519 7.5229C5.9519 4.7429 7.7419 3.1329 9.9819 3.1329C12.2219 3.1329 14.0419 4.7429 14.0419 7.5229L14.0319 10.7829H5.9319ZM9.9619 20.7129C9.2719 20.7129 8.7919 20.2629 8.7619 19.5529L8.6419 15.5729C8.6119 14.8229 9.1719 14.2729 9.9619 14.2729C10.7419 14.2729 11.3519 14.8229 11.3219 15.5729L11.1719 19.5529C11.1419 20.2629 10.6819 20.7129 9.9619 20.7129ZM9.9819 24.5529C9.1319 24.5529 8.4719 23.9529 8.4719 23.1329C8.4719 22.3129 9.1319 21.7129 9.9819 21.7129C10.8119 21.7129 11.4819 22.3129 11.4819 23.1329C11.4819 23.9529 10.8319 24.5529 9.9819 24.5529Z","geometry":{"width":19.9609375,"height":27.97265625}}