{"path":"M10.5237 28.3252H19.0037C20.8337 28.3252 22.0137 27.6852 23.0337 26.5052L28.2437 20.6052C29.2737 19.4252 29.5337 18.6752 29.5337 17.0852V11.2352C29.5337 9.6552 29.1437 9.0052 28.0837 7.7252L23.0337 1.8152C22.0237 0.6252 20.8337 -0.0048 19.0037 -0.0048H10.5237C8.6937 -0.0048 7.5337 0.6552 6.5037 1.8152L1.3037 7.7252C0.2637 8.9152 0.0037 9.6552 0.0037 11.2352V17.0852C0.0037 18.6752 0.2637 19.4252 1.3037 20.6052L6.5037 26.5052C7.5337 27.6852 8.6937 28.3252 10.5237 28.3252ZM11.0637 24.8852C9.8737 24.8852 9.4037 24.5652 8.7537 23.8452L4.3637 18.9252C3.8237 18.3252 3.7037 17.8952 3.7037 16.8852V11.4452C3.7037 10.4352 3.8237 10.0052 4.3637 9.4052L8.7537 4.4852C9.4037 3.7552 9.8737 3.4452 11.0637 3.4452H18.4837C19.6637 3.4452 20.1437 3.7552 20.7837 4.4852L25.1737 9.4052C25.7037 10.0052 25.8437 10.4352 25.8437 11.4452V16.8852C25.8437 17.8952 25.7037 18.3252 25.1737 18.9252L20.7837 23.8452C20.1437 24.5652 19.6637 24.8852 18.4837 24.8852ZM14.7837 16.1152C15.6637 16.1152 16.1837 15.6252 16.2237 14.6852L16.4437 9.0552C16.4837 8.0952 15.7937 7.4252 14.7637 7.4252C13.7437 7.4252 13.0437 8.0752 13.0937 9.0552L13.3037 14.7152C13.3437 15.6152 13.8737 16.1152 14.7837 16.1152ZM14.7837 20.7952C15.8037 20.7952 16.5937 20.1552 16.5937 19.1552C16.5937 18.1852 15.8137 17.5252 14.7837 17.5252C13.7537 17.5252 12.9437 18.1852 12.9437 19.1552C12.9437 20.1352 13.7537 20.7952 14.7837 20.7952Z","geometry":{"width":29.53125,"height":28.328125}}