{"path":"M8.3037 29.7795C8.9237 29.7795 9.4237 29.5195 10.1737 28.8295L15.3537 24.2295H23.8437C28.0237 24.2295 30.5437 21.6795 30.5437 17.5395V6.6995C30.5437 2.5395 28.0237 -0.0005 23.8437 -0.0005H6.7037C2.5137 -0.0005 0.0037 2.5395 0.0037 6.6995V17.5395C0.0037 21.6795 2.6837 24.2295 6.4637 24.2295H6.8537V28.1595C6.8537 29.1495 7.3937 29.7795 8.3037 29.7795ZM15.3037 14.1495C14.3237 14.1495 13.7637 13.6295 13.7237 12.6595L13.5037 6.7395C13.4537 5.7195 14.1937 5.0195 15.2837 5.0195C16.3637 5.0195 17.1137 5.7295 17.0637 6.7495L16.8337 12.6495C16.7937 13.6295 16.2437 14.1495 15.3037 14.1495ZM15.3037 19.0995C14.2037 19.0995 13.3537 18.3995 13.3537 17.3595C13.3537 16.3195 14.2037 15.6295 15.3037 15.6295C16.3937 15.6295 17.2137 16.3195 17.2137 17.3595C17.2137 18.4195 16.3837 19.0995 15.3037 19.0995Z","geometry":{"width":30.54296875,"height":29.77734375}}