{"path":"M14.8054 24.7741H31.4954C35.6854 24.7741 38.5554 21.9141 38.5554 17.9341C38.5554 16.6841 38.2154 15.5841 37.7854 14.6041L32.9754 3.6541C31.9354 1.2941 29.9554 0.0041 27.2454 0.0041H15.8454C13.1354 0.0041 11.1554 1.2941 10.1154 3.6541L7.1754 10.3341C8.2054 10.2941 9.3754 10.5141 10.4054 10.9141L13.2054 4.3441C13.6154 3.3541 14.5454 2.8141 15.7654 2.8141H27.3254C28.5454 2.8141 29.4754 3.3541 29.8854 4.3441L32.8354 11.2941C32.4254 11.1741 31.9754 11.1041 31.3454 11.1041H14.9254C13.6854 11.1041 12.6054 11.2541 11.6354 11.4841C12.9154 12.1841 14.0154 13.1641 14.8154 14.3841H31.4954C33.7654 14.3841 35.2754 15.8741 35.2754 17.9341C35.2754 20.1541 33.7654 21.4941 31.4954 21.4941H16.1854C15.9654 22.6941 15.4854 23.8041 14.8054 24.7741ZM7.2054 26.7741C11.1154 26.7741 14.3954 23.5041 14.3954 19.5641C14.3954 15.6241 11.1454 12.3741 7.2054 12.3741C3.2554 12.3741 -0.0046 15.6241 -0.0046 19.5641C-0.0046 23.5141 3.2554 26.7741 7.2054 26.7741ZM7.2054 24.2241C6.5354 24.2241 6.0954 23.7841 6.0954 23.1341V20.6741H3.6554C3.0054 20.6741 2.5654 20.2341 2.5554 19.5741C2.5454 18.9041 2.9954 18.4841 3.6554 18.4841H6.0954V16.0341C6.0954 15.3941 6.5354 14.9441 7.2054 14.9441C7.8654 14.9341 8.2954 15.3841 8.2954 16.0341V18.4841H10.7554C11.4054 18.4841 11.8354 18.9041 11.8354 19.5741C11.8354 20.2341 11.4054 20.6741 10.7554 20.6741H8.2954V23.1341C8.2954 23.7841 7.8654 24.2241 7.2054 24.2241ZM29.4454 17.9241C29.4454 18.9741 30.2954 19.8141 31.3454 19.8141C32.3754 19.8141 33.2254 18.9741 33.2254 17.9241C33.2254 16.9141 32.3654 16.0341 31.3454 16.0341C30.3154 16.0341 29.4454 16.9141 29.4454 17.9241Z","geometry":{"width":38.5546875,"height":26.76953125}}