{"path":"M36.0233 11.4011L32.5133 3.4911C31.5233 1.2611 29.6433 0.0011 27.0333 0.0011H16.0233C13.4233 0.0011 11.5433 1.2611 10.5533 3.4911L7.5633 10.2111C8.3233 10.2511 8.9833 10.3911 9.6433 10.6111C10.0733 10.5011 10.5733 10.4411 11.0733 10.4411H31.9633C33.4833 10.4411 34.8533 10.7911 36.0233 11.4011ZM7.2033 26.6511C11.1133 26.6511 14.3933 23.3611 14.3933 19.4411C14.3933 15.5011 11.1433 12.2511 7.2033 12.2511C3.2533 12.2511 0.0033 15.5011 0.0033 19.4411C0.0033 23.3811 3.2533 26.6511 7.2033 26.6511ZM14.8733 24.5311H31.9633C35.5333 24.5311 37.9433 22.1211 37.9433 18.5911C37.9433 15.0711 35.5333 12.6611 31.9633 12.6611H13.4533C15.3033 14.3511 16.4633 16.7711 16.4633 19.4411C16.4633 21.3011 15.8733 23.0611 14.8733 24.5311ZM5.4233 22.8311C5.0033 23.2711 4.2833 23.2111 3.8533 22.8011C3.4133 22.3811 3.3933 21.6611 3.8233 21.2211L5.6333 19.4311L3.9233 17.7011C3.5133 17.2811 3.5033 16.5711 3.9233 16.1611C4.3333 15.7411 5.0433 15.7511 5.4733 16.1611L7.1933 17.8711L8.9933 16.0611C9.4333 15.6311 10.1333 15.6711 10.5533 16.1011C10.9833 16.5311 11.0233 17.2311 10.5933 17.6611L8.7733 19.4711L10.4833 21.1811C10.9133 21.6011 10.9133 22.3011 10.4833 22.7111C10.0633 23.1311 9.3633 23.1511 8.9433 22.7211L7.2333 21.0111ZM30.1333 18.5911C30.1333 17.5711 31.0233 16.6811 32.0633 16.6811C33.1033 16.6811 33.9733 17.5711 33.9733 18.5911C33.9733 19.6611 33.1033 20.4911 32.0633 20.5111C31.0033 20.5211 30.1333 19.6611 30.1333 18.5911Z","geometry":{"width":37.939453125,"height":26.646484375}}