{"path":"M36.0233 11.4011L32.5133 3.4911C31.5233 1.2611 29.6433 0.0011 27.0333 0.0011H16.0233C13.4233 0.0011 11.5433 1.2611 10.5533 3.4911L7.5633 10.2111C8.3233 10.2511 8.9833 10.3911 9.6433 10.6111C10.0733 10.5011 10.5733 10.4411 11.0733 10.4411H31.9633C33.4833 10.4411 34.8533 10.7911 36.0233 11.4011ZM7.2033 26.6511C11.1133 26.6511 14.3933 23.3611 14.3933 19.4411C14.3933 15.5011 11.1433 12.2511 7.2033 12.2511C3.2533 12.2511 0.0033 15.5011 0.0033 19.4411C0.0033 23.3811 3.2533 26.6511 7.2033 26.6511ZM14.8733 24.5311H31.9633C35.5333 24.5311 37.9433 22.1211 37.9433 18.5911C37.9433 15.0711 35.5333 12.6611 31.9633 12.6611H13.4533C15.3033 14.3511 16.4633 16.7711 16.4633 19.4411C16.4633 21.3011 15.8733 23.0611 14.8733 24.5311ZM6.9633 21.1211C6.3433 21.1211 5.8333 20.7911 5.8333 20.2111V20.1511C5.8333 19.4411 6.2933 19.0011 6.9133 18.5711C7.6433 18.0711 8.0533 17.7911 8.0533 17.3111C8.0533 16.8811 7.7233 16.6111 7.2333 16.6111C6.7933 16.6111 6.5033 16.8011 6.2033 17.0911C5.9633 17.3311 5.7133 17.5911 5.2133 17.5911C4.5133 17.5911 4.1433 17.1711 4.1433 16.6611C4.1433 15.4311 5.7333 14.6411 7.3133 14.6411C9.2033 14.6411 10.5133 15.7111 10.5133 17.1711C10.5133 18.3711 9.6933 18.7711 8.9233 19.3211C8.4933 19.6311 8.2133 19.8811 8.1233 20.3311C7.9533 20.8511 7.5233 21.1211 6.9633 21.1211ZM30.1333 18.5911C30.1333 17.5711 31.0233 16.6811 32.0633 16.6811C33.1033 16.6811 33.9733 17.5711 33.9733 18.5911C33.9733 19.6611 33.1033 20.4911 32.0633 20.5111C31.0033 20.5211 30.1333 19.6611 30.1333 18.5911ZM6.9333 24.1311C6.2033 24.1311 5.6433 23.6511 5.6433 22.9411C5.6433 22.2611 6.2233 21.7611 6.9333 21.7611C7.6833 21.7611 8.2333 22.2611 8.2333 22.9411C8.2133 23.6511 7.6833 24.1311 6.9333 24.1311Z","geometry":{"width":37.939453125,"height":26.646484375}}