{"path":"M5.4737 9.5446H24.5637C25.9537 9.5446 27.2037 9.8546 28.2837 10.4346L25.0737 3.1946C24.1737 1.1646 22.4337 0.0046 20.0437 0.0046H9.9837C7.6037 0.0046 5.8837 1.1646 4.9737 3.1946L1.7637 10.4146C2.8337 9.8546 4.0837 9.5446 5.4737 9.5446ZM3.0337 30.2446H11.6737C12.2937 31.4446 13.5637 32.2746 14.9937 32.2746C16.4337 32.2746 17.6937 31.4446 18.3237 30.2446H26.9637C27.8937 30.2446 28.6737 29.4646 28.6737 28.5346C28.6737 27.5946 27.8937 26.8246 26.9637 26.8246H18.2937C17.9337 26.1546 17.3737 25.6046 16.7037 25.2546V22.4446H24.5637C27.8237 22.4446 30.0237 20.2646 30.0237 17.0246C30.0237 13.7846 27.8237 11.5946 24.5637 11.5946H5.4737C2.2037 11.5946 0.0037 13.7846 0.0037 17.0246C0.0037 20.2646 2.2037 22.4446 5.4737 22.4446H13.3037V25.2546C12.6237 25.5946 12.0537 26.1546 11.7037 26.8246H3.0337C2.1037 26.8246 1.3237 27.5946 1.3237 28.5346C1.3237 29.4646 2.1037 30.2446 3.0337 30.2446ZM22.8737 17.0246C22.8737 16.0746 23.6937 15.2746 24.6337 15.2746C25.5937 15.2746 26.4137 16.0746 26.4137 17.0246C26.4137 18.0046 25.5937 18.7546 24.6337 18.7846C23.6937 18.7846 22.8737 18.0046 22.8737 17.0246Z","geometry":{"width":30.0234375,"height":32.279296875}}