{"path":"M11.7675 10.4411H30.7875C32.3075 10.4411 33.6775 10.7911 34.8475 11.4011L31.3375 3.4911C30.3475 1.2611 28.4675 0.0011 25.8575 0.0011H14.8475C12.2475 0.0011 10.3675 1.2611 9.3775 3.4911L7.3675 7.9411C7.5775 7.9011 7.7775 7.8911 7.9875 7.8911C9.2975 7.8911 10.5275 8.5011 11.3075 9.6511ZM2.0675 24.6511H13.8775C15.1075 24.6511 15.9375 23.7211 15.9375 22.6011C15.9375 22.2611 15.8575 21.9111 15.6675 21.5911L9.7475 11.0011C9.3375 10.2811 8.6675 9.9411 7.9675 9.9411C7.2775 9.9411 6.5875 10.2911 6.1975 11.0011L0.2875 21.5911C0.0975 21.9111 -0.0025 22.2611 -0.0025 22.6011C-0.0025 23.7211 0.8375 24.6511 2.0675 24.6511ZM17.5175 24.5311H30.7875C34.3575 24.5311 36.7675 22.1211 36.7675 18.5911C36.7675 15.0711 34.3575 12.6611 30.7875 12.6611H13.0475L17.4575 20.5811C17.7975 21.2011 17.9875 21.9111 17.9875 22.6011C17.9875 23.3011 17.8275 23.9511 17.5175 24.5311ZM7.9675 19.1311C7.3575 19.1311 6.9175 18.7011 6.8875 18.1111L6.7775 14.4811C6.7575 13.7911 7.2475 13.3211 7.9675 13.3211C8.6975 13.3211 9.1875 13.7911 9.1775 14.4811L9.0475 18.1111C9.0275 18.7011 8.5875 19.1311 7.9675 19.1311ZM30.8875 20.5111C29.8275 20.5111 28.9575 19.6611 28.9575 18.5911C28.9575 17.5711 29.8275 16.6811 30.8875 16.6811C31.9075 16.6811 32.7975 17.5711 32.7975 18.5911C32.7975 19.6611 31.9275 20.5111 30.8875 20.5111ZM7.9675 22.6011C7.1875 22.6011 6.5875 22.0411 6.5875 21.2911C6.5875 20.5311 7.1875 19.9711 7.9675 19.9711C8.7475 19.9711 9.3475 20.5511 9.3475 21.2911C9.3475 22.0411 8.7675 22.6011 7.9675 22.6011Z","geometry":{"width":36.763671875,"height":24.650390625}}