{"path":"M14.8054 24.7741H31.4954C35.6854 24.7741 38.5554 21.9141 38.5554 17.9341C38.5554 16.6841 38.2154 15.5841 37.7854 14.6041L32.9754 3.6541C31.9354 1.2941 29.9554 0.0041 27.2454 0.0041H15.8454C13.1354 0.0041 11.1554 1.2941 10.1154 3.6541L7.1754 10.3341C8.2054 10.2941 9.3754 10.5141 10.4054 10.9141L13.2054 4.3441C13.6154 3.3541 14.5454 2.8141 15.7654 2.8141H27.3254C28.5454 2.8141 29.4754 3.3541 29.8854 4.3441L32.8354 11.2941C32.4254 11.1741 31.9754 11.1041 31.3454 11.1041H14.9254C13.6854 11.1041 12.6054 11.2541 11.6354 11.4841C12.9154 12.1841 14.0154 13.1641 14.8154 14.3841H31.4954C33.7654 14.3841 35.2754 15.8741 35.2754 17.9341C35.2754 20.1541 33.7654 21.4941 31.4954 21.4941H16.1854C15.9654 22.6941 15.4854 23.8041 14.8054 24.7741ZM7.2054 26.7741C11.1154 26.7741 14.3954 23.5041 14.3954 19.5641C14.3954 15.6241 11.1454 12.3741 7.2054 12.3741C3.2554 12.3741 -0.0046 15.6241 -0.0046 19.5641C-0.0046 23.5141 3.2554 26.7741 7.2054 26.7741ZM6.4654 23.5041C6.1354 23.5041 5.7654 23.4041 5.5254 23.1341L3.2654 20.7041C3.0654 20.4541 2.9154 20.1541 2.9154 19.8541C2.9154 19.1041 3.4854 18.6641 4.1054 18.6641C4.4554 18.6641 4.7554 18.7841 4.9654 19.0341L6.3754 20.6141L9.4154 16.4241C9.6354 16.1041 9.9954 15.9041 10.4054 15.9041C11.0454 15.9041 11.5754 16.4241 11.5754 17.0741C11.5754 17.2841 11.5154 17.5441 11.3654 17.7441L7.4254 23.0741C7.2354 23.3341 6.8454 23.5041 6.4654 23.5041ZM29.4454 17.9241C29.4454 18.9741 30.2954 19.8141 31.3454 19.8141C32.3754 19.8141 33.2254 18.9741 33.2254 17.9241C33.2254 16.9141 32.3654 16.0341 31.3454 16.0341C30.3154 16.0341 29.4454 16.9141 29.4454 17.9241Z","geometry":{"width":38.5546875,"height":26.76953125}}