{"path":"M11.3873 24.7741H31.5373C35.7273 24.7741 38.5973 21.9141 38.5973 17.9341C38.5973 16.6941 38.2573 15.5841 37.8273 14.6041L33.0173 3.6541C31.9773 1.2941 29.9973 0.0041 27.2873 0.0041H15.8873C13.1773 0.0041 11.1973 1.2941 10.1573 3.6541L6.7773 11.3441C7.8573 11.2241 9.1573 11.2241 10.2273 11.4041L13.2473 4.3441C13.6573 3.3541 14.5873 2.8141 15.8073 2.8141H27.3673C28.5873 2.8141 29.5173 3.3541 29.9273 4.3441L32.8773 11.2941C32.4673 11.1741 32.0173 11.1041 31.3873 11.1041H13.5273C12.6973 11.1041 12.0073 11.2241 11.1673 11.5641C13.4373 12.0441 15.5473 13.0541 17.1173 14.3841H31.5373C33.8073 14.3841 35.3173 15.8741 35.3173 17.9341C35.3173 20.1541 33.8073 21.4941 31.5373 21.4941H14.7073ZM1.1173 18.2141C1.3373 18.4341 1.6673 18.4041 1.8573 18.1941C3.5273 16.4641 5.6873 15.4741 8.2573 15.4741C10.8273 15.4741 13.0573 16.3941 14.6573 18.1941C14.8373 18.4041 15.1773 18.4341 15.3973 18.2141L16.3773 17.2041C16.5473 17.0241 16.5673 16.7741 16.3973 16.5741C14.6173 14.4241 11.4473 12.9841 8.2573 12.9841C5.0773 12.9841 1.8973 14.4241 0.1073 16.5741C-0.0527 16.7741 -0.0227 17.0241 0.1373 17.2041ZM29.4873 17.9341C29.4873 18.9941 30.3373 19.8241 31.3873 19.8241C32.4173 19.8241 33.2673 18.9941 33.2673 17.9341C33.2673 16.9241 32.4073 16.0541 31.3873 16.0541C30.3573 16.0541 29.4873 16.9241 29.4873 17.9341ZM4.0473 21.1341C4.2673 21.3641 4.5673 21.3641 4.7973 21.1141C5.6573 20.1641 6.9473 19.5641 8.2573 19.5541C9.5673 19.5341 10.7473 20.2841 11.7173 21.1141C11.9773 21.3241 12.2473 21.3641 12.4673 21.1341L13.5773 20.0441C13.7573 19.8641 13.7573 19.6141 13.6073 19.4241C12.4873 18.0041 10.4573 17.0741 8.2573 17.0741C6.0573 17.0741 4.0773 18.0441 2.9173 19.4241C2.7473 19.6141 2.7673 19.8641 2.9373 20.0441ZM8.2573 24.9941C8.4673 24.9941 8.6373 24.9141 8.9473 24.6141L10.6373 22.9641C10.8273 22.7941 10.8673 22.5741 10.7373 22.3941C10.1873 21.6141 9.1973 21.1641 8.2573 21.1641C7.3173 21.1641 6.3573 21.6441 5.7673 22.3941C5.6473 22.5741 5.6873 22.7941 5.8773 22.9641L7.5773 24.6141C7.8773 24.9141 8.0573 24.9941 8.2573 24.9941Z","geometry":{"width":38.59655370185008,"height":24.9921875}}