{"path":"M17.4475 24.7741H30.9075C35.0975 24.7741 37.9675 21.9141 37.9675 17.9341C37.9675 16.6941 37.6275 15.5841 37.1975 14.6041L32.3875 3.6541C31.3475 1.2941 29.3675 0.0041 26.6575 0.0041H15.2575C12.5475 0.0041 10.5675 1.2941 9.5275 3.6541L7.5975 8.0241C7.7275 8.0141 7.8475 8.0141 7.9875 8.0141C8.9575 8.0141 9.8875 8.3541 10.6075 9.0141L12.6175 4.3441C13.0275 3.3541 13.9575 2.8141 15.1775 2.8141H26.7375C27.9575 2.8141 28.8875 3.3541 29.2975 4.3441L32.2475 11.2941C31.8375 11.1741 31.3875 11.1041 30.9075 11.1041H12.0875L13.9275 14.3841H30.9075C33.1775 14.3841 34.6875 15.8741 34.6875 17.9341C34.6875 20.1541 33.1775 21.4941 30.9075 21.4941H17.6775C17.8675 21.9141 17.9775 22.3941 17.9675 22.8641C17.9675 23.5541 17.7775 24.2141 17.4475 24.7741ZM2.0675 24.7741H13.8775C15.1075 24.7741 15.9375 23.8441 15.9375 22.7241C15.9375 22.3841 15.8575 22.0341 15.6675 21.7141L9.7475 11.1241C9.3375 10.4041 8.6675 10.0641 7.9675 10.0641C7.2775 10.0641 6.5875 10.4141 6.1975 11.1241L0.2875 21.7141C0.0975 22.0341 -0.0025 22.3841 -0.0025 22.7241C-0.0025 23.8441 0.8375 24.7741 2.0675 24.7741ZM7.9675 19.2541C7.3575 19.2541 6.9175 18.8241 6.8875 18.2341L6.7775 14.6041C6.7575 13.9141 7.2475 13.4441 7.9675 13.4441C8.6975 13.4441 9.1875 13.9141 9.1775 14.6041L9.0475 18.2341C9.0275 18.8241 8.5875 19.2541 7.9675 19.2541ZM30.7475 19.8241C31.7775 19.8241 32.6375 18.9941 32.6375 17.9341C32.6375 16.9241 31.7775 16.0541 30.7475 16.0541C29.7275 16.0541 28.8475 16.9241 28.8475 17.9341C28.8475 18.9941 29.7075 19.8241 30.7475 19.8241ZM7.9675 22.7241C7.1875 22.7241 6.5875 22.1641 6.5875 21.4141C6.5875 20.6541 7.1875 20.0941 7.9675 20.0941C8.7475 20.0941 9.3475 20.6741 9.3475 21.4141C9.3475 22.1641 8.7675 22.7241 7.9675 22.7241Z","geometry":{"width":37.966796875,"height":24.7734375}}