{"path":"M36.0233 11.4011L32.5133 3.4911C31.5233 1.2611 29.6433 0.0011 27.0333 0.0011H16.0233C13.4233 0.0011 11.5433 1.2611 10.5533 3.4911L7.5633 10.2111C8.3233 10.2511 8.9833 10.3911 9.6433 10.6111C10.0733 10.5011 10.5733 10.4411 11.0733 10.4411H31.9633C33.4833 10.4411 34.8533 10.7911 36.0233 11.4011ZM7.2033 26.6511C11.1133 26.6511 14.3933 23.3611 14.3933 19.4411C14.3933 15.5011 11.1433 12.2511 7.2033 12.2511C3.2533 12.2511 0.0033 15.5011 0.0033 19.4411C0.0033 23.3811 3.2533 26.6511 7.2033 26.6511ZM14.8733 24.5311H31.9633C35.5333 24.5311 37.9433 22.1211 37.9433 18.5911C37.9433 15.0711 35.5333 12.6611 31.9633 12.6611H13.4533C15.3033 14.3511 16.4633 16.7711 16.4633 19.4411C16.4633 21.3011 15.8733 23.0611 14.8733 24.5311ZM7.2033 19.5811C6.0133 19.5811 5.1033 18.6111 5.1033 17.2511C5.1033 16.0511 6.0133 15.0211 7.2033 15.0211C8.3833 15.0211 9.2933 16.0511 9.2933 17.2511C9.2933 18.6111 8.3833 19.5811 7.2033 19.5811ZM30.1333 18.5911C30.1333 17.5711 31.0233 16.6811 32.0633 16.6811C33.1033 16.6811 33.9733 17.5711 33.9733 18.5911C33.9733 19.6611 33.1033 20.4911 32.0633 20.5111C31.0033 20.5211 30.1333 19.6611 30.1333 18.5911ZM7.2033 24.5711C5.2233 24.5711 3.7233 23.4911 3.3633 22.6011V22.5311C3.8033 21.6811 5.3233 20.7511 7.2033 20.7511C9.0933 20.7511 10.6133 21.6811 11.0333 22.5311V22.6011C10.6733 23.4911 9.1833 24.5711 7.2033 24.5711Z","geometry":{"width":37.939453125,"height":26.646484375}}