{"path":"M16.3609 24.7741H33.0509C37.2409 24.7741 40.1109 21.9141 40.1109 17.9341C40.1109 16.6841 39.7709 15.5841 39.3409 14.6041L34.5309 3.6541C33.4909 1.2941 31.5109 0.0041 28.8009 0.0041H17.4009C14.6909 0.0041 12.7109 1.2941 11.6709 3.6541L8.7309 10.3341C9.7609 10.2941 10.9309 10.5141 11.9609 10.9141L14.7609 4.3441C15.1709 3.3541 16.1009 2.8141 17.3209 2.8141H28.8809C30.1009 2.8141 31.0309 3.3541 31.4409 4.3441L34.3909 11.2941C33.9809 11.1741 33.5309 11.1041 32.9009 11.1041H16.4809C15.2409 11.1041 14.1609 11.2541 13.1909 11.4841C14.4709 12.1841 15.5709 13.1641 16.3709 14.3841H33.0509C35.3209 14.3841 36.8309 15.8741 36.8309 17.9341C36.8309 20.1541 35.3209 21.4941 33.0509 21.4941H17.7409C17.5209 22.6941 17.0409 23.8041 16.3609 24.7741ZM2.1209 21.0941C2.6109 21.6441 3.1509 21.6441 3.6609 21.0941L5.4809 19.0141C6.0709 18.3741 5.6809 17.5141 4.7909 17.5141H4.2509C5.0309 15.8141 6.7609 14.6141 8.7509 14.6141C11.4809 14.6141 13.7209 16.8541 13.7209 19.5741C13.7209 22.2941 11.4509 24.5441 8.7509 24.5441C7.1209 24.5441 5.7509 23.7441 4.8409 22.6241C4.4409 22.1341 3.8109 21.9941 3.3009 22.3141C2.7709 22.6541 2.6509 23.4241 3.0609 23.9541C4.4109 25.7341 6.5409 26.7841 8.7509 26.7841C12.6709 26.7841 15.9509 23.5041 15.9509 19.5741C15.9509 15.6441 12.7009 12.3841 8.7509 12.3841C5.5209 12.3841 2.7609 14.5741 1.8609 17.5141H0.9509C0.0809 17.5141 -0.3191 18.3441 0.3009 19.0141ZM10.5109 22.9441C10.9309 22.6241 11.0009 22.0641 10.6709 21.6141L9.3309 19.7841V16.8141C9.3309 16.2941 8.9209 15.9141 8.4009 15.9141C7.9009 15.9141 7.4609 16.3241 7.4609 16.8141V20.0941C7.4609 20.3441 7.5409 20.5441 7.7109 20.7641L9.1709 22.7241C9.5109 23.1641 10.0909 23.2741 10.5109 22.9441ZM31.0009 17.9241C31.0009 18.9741 31.8509 19.8141 32.9009 19.8141C33.9309 19.8141 34.7809 18.9741 34.7809 17.9241C34.7809 16.9141 33.9209 16.0341 32.9009 16.0341C31.8709 16.0341 31.0009 16.9141 31.0009 17.9241Z","geometry":{"width":40.11024305555556,"height":26.783203125}}