{"path":"M18.6875 23.7309C30.0275 23.7309 37.3975 14.6309 37.3975 11.8709C37.3975 9.0909 30.0075 0.0009 18.6875 0.0009C7.5375 0.0009 -0.0025 9.0909 -0.0025 11.8709C-0.0025 14.6309 7.5375 23.7309 18.6875 23.7309ZM18.7075 19.1009C14.6675 19.1009 11.4275 15.7909 11.4175 11.8709C11.4175 7.8309 14.6675 4.6309 18.7075 4.6309C22.7075 4.6309 25.9775 7.8509 25.9775 11.8709C25.9775 15.7909 22.7075 19.1009 18.7075 19.1009ZM18.6875 14.7109C20.2575 14.7109 21.5475 13.4209 21.5475 11.8809C21.5475 10.3209 20.2575 9.0209 18.6875 9.0209C17.1175 9.0209 15.8475 10.3209 15.8475 11.8809C15.8475 13.4209 17.1175 14.7109 18.6875 14.7109Z","geometry":{"width":37.392578125,"height":23.734375}}