{"path":"M4.8237 26.1377H21.3137C24.4437 26.1377 26.1437 24.4477 26.1437 21.3377V4.7977C26.1437 1.6977 24.4437 -0.0023 21.3137 -0.0023H4.8237C1.7137 -0.0023 0.0037 1.6977 0.0037 4.7977V21.3377C0.0037 24.4477 1.7137 26.1377 4.8237 26.1377ZM13.1637 18.8277C7.7237 18.8277 4.0437 14.4077 4.0437 13.0577C4.0437 11.7177 7.6937 7.2977 13.1637 7.2977C18.6437 7.2977 22.2537 11.7177 22.2537 13.0577C22.2537 14.4077 18.6437 18.8277 13.1637 18.8277ZM13.1637 16.7377C15.1937 16.7377 16.8437 15.0477 16.8437 13.0677C16.8437 11.0177 15.1937 9.3877 13.1637 9.3877C11.1337 9.3877 9.4637 11.0177 9.4637 13.0677C9.4737 15.0477 11.1337 16.7377 13.1637 16.7377ZM13.1637 14.6677C12.2737 14.6677 11.5537 13.9477 11.5537 13.0677C11.5537 12.1977 12.2737 11.4577 13.1637 11.4577C14.0437 11.4577 14.7637 12.1977 14.7637 13.0677C14.7637 13.9477 14.0437 14.6677 13.1637 14.6677Z","geometry":{"width":26.140625,"height":26.140625}}