{"path":"M29.9809 25.6163C30.4309 26.0663 31.1609 26.0863 31.6109 25.6163C32.0709 25.1363 32.0609 24.4463 31.6109 23.9863L7.9309 0.3363C7.4909 -0.1137 6.7409 -0.1137 6.2909 0.3363C5.8509 0.7763 5.8509 1.5263 6.2909 1.9663ZM18.9609 1.1263C16.5709 1.1263 14.4009 1.5263 12.3909 2.1863L15.2609 5.0563C16.4309 4.7563 17.6509 4.5763 18.9609 4.5763C27.2309 4.5763 33.5809 11.6163 33.5809 13.1663C33.5809 14.1563 31.6909 16.6263 28.6309 18.6263L31.2809 21.2963C35.5009 18.4263 37.9209 14.7463 37.9209 13.1663C37.9209 10.3463 30.4609 1.1263 18.9609 1.1263ZM18.9609 25.1963C21.4509 25.1963 23.7309 24.7863 25.8009 24.0863L22.9409 21.2163C21.6809 21.5463 20.3709 21.7463 18.9609 21.7463C10.6909 21.7463 4.3509 15.0263 4.3509 13.1663C4.3509 12.2963 6.3309 9.7163 9.5609 7.6363L6.8609 4.9463C2.5309 7.8163 0.0009 11.5463 0.0009 13.1663C0.0009 15.9663 7.6409 25.1963 18.9609 25.1963ZM25.4409 15.1763C25.7009 14.5463 25.8309 13.8563 25.8309 13.1463C25.8309 9.3463 22.7809 6.3163 18.9809 6.3163C18.2509 6.3163 17.5809 6.4363 16.9509 6.6663ZM18.9609 20.0163C19.7709 20.0163 20.5209 19.8463 21.2209 19.5463L12.5509 10.8963C12.2609 11.5763 12.1009 12.3463 12.1009 13.1663C12.1009 16.8963 15.1509 20.0163 18.9609 20.0163Z","geometry":{"width":37.92578125,"height":25.961200768916832}}