{"path":"M29.7075 25.6163C30.1575 26.0663 30.8875 26.0863 31.3375 25.6163C31.7975 25.1363 31.7875 24.4463 31.3375 23.9863L7.6575 0.3363C7.2175 -0.1137 6.4675 -0.1137 6.0175 0.3363C5.5775 0.7763 5.5775 1.5263 6.0175 1.9663ZM30.9975 21.0963C34.9775 18.3563 37.3975 14.7463 37.3975 13.1663C37.3975 10.3863 30.0075 1.2963 18.6875 1.2963C16.3675 1.2963 14.2175 1.6763 12.2475 2.3163L16.2875 6.3663C17.0475 6.0963 17.8575 5.9263 18.7075 5.9263C22.7075 5.9263 25.9775 9.1463 25.9775 13.1663C25.9775 14.0063 25.8175 14.8263 25.5075 15.5863ZM18.6875 25.0263C21.1375 25.0263 23.4075 24.6063 25.4275 23.8963L21.3675 19.8363C20.5475 20.1863 19.6475 20.3963 18.7075 20.3963C14.6675 20.3963 11.4275 17.0863 11.4175 13.1663C11.4175 12.2063 11.6175 11.2763 11.9775 10.4563L6.6475 5.1063C2.4775 7.8863 -0.0025 11.5663 -0.0025 13.1663C-0.0025 15.9263 7.5375 25.0263 18.6875 25.0263ZM23.1175 12.8763C23.1175 10.4963 21.1875 8.5663 18.7975 8.5663C18.7075 8.5663 18.5975 8.5663 18.4975 8.5863L23.1075 13.1763C23.1175 13.0763 23.1175 12.9863 23.1175 12.8763ZM14.2275 13.0663C14.2275 15.4463 16.1875 17.3863 18.5675 17.3863C18.6775 17.3863 18.7675 17.3763 18.8775 17.3563L14.2475 12.7263C14.2275 12.8363 14.2275 12.9563 14.2275 13.0663Z","geometry":{"width":37.392578125,"height":25.961200768916832}}