{"path":"M18.6875 23.7309C20.7575 23.7309 22.6775 23.4309 24.4475 22.9009C24.3475 22.5609 24.3075 22.2009 24.3075 21.8509C24.3075 21.1209 24.5175 20.3709 24.8675 19.7409L30.7775 9.1709C31.5375 7.8109 32.8775 7.0009 34.5375 6.9909C31.4075 3.6409 25.8275 0.0009 18.6875 0.0009C7.5375 0.0009 -0.0025 9.0909 -0.0025 11.8709C-0.0025 14.6309 7.5375 23.7309 18.6875 23.7309ZM18.7075 19.1009C14.6875 19.1009 11.4275 15.7909 11.4275 11.8709C11.4175 7.8309 14.6875 4.6309 18.7075 4.6309C22.7075 4.6309 25.9775 7.8509 25.9775 11.8709C25.9775 15.7909 22.7075 19.1009 18.7075 19.1009ZM18.6875 14.7109C20.2575 14.7109 21.5475 13.4209 21.5475 11.8809C21.5475 10.3209 20.2575 9.0209 18.6875 9.0209C17.1175 9.0209 15.8475 10.3209 15.8475 11.8809C15.8475 13.4209 17.1175 14.7109 18.6875 14.7109ZM28.5875 23.9009H40.3975C41.6275 23.9009 42.4675 22.9509 42.4675 21.8509C42.4675 21.5009 42.3875 21.1609 42.1875 20.8309L36.2675 10.2509C35.8575 9.5309 35.1875 9.1909 34.5075 9.1909C33.8075 9.1909 33.1175 9.5409 32.7275 10.2509L26.8075 20.8309C26.6375 21.1609 26.5375 21.5009 26.5375 21.8509C26.5375 22.9509 27.3575 23.9009 28.5875 23.9009ZM34.4975 18.3709C33.8775 18.3709 33.4375 17.9509 33.4175 17.3609L33.3075 13.7309C33.2775 13.0409 33.7875 12.5609 34.4975 12.5609C35.2175 12.5609 35.7275 13.0309 35.6975 13.7309L35.5775 17.3609C35.5575 17.9509 35.1075 18.3709 34.4975 18.3709ZM34.4975 21.8509C33.7175 21.8509 33.1275 21.2909 33.1275 20.5209C33.1275 19.7809 33.7275 19.2209 34.4975 19.2209C35.2775 19.2209 35.8775 19.7809 35.8775 20.5209C35.8775 21.2909 35.2875 21.8509 34.4975 21.8509Z","geometry":{"width":42.46484375,"height":23.8984375}}