{"path":"M3.4249 12.2375C6.1449 12.2375 15.2749 5.8675 19.2249 5.8675C20.6149 5.8675 21.8049 6.4075 23.1049 7.5975L26.7349 10.9075C28.2449 12.3075 30.5149 10.6475 29.3649 8.8075C28.7549 7.8075 27.9249 6.5075 25.7649 4.1175C23.2949 1.3975 21.2249 -0.0025 18.1049 -0.0025C14.2749 -0.0025 7.8449 2.4475 1.5849 5.6475C-1.3551 7.1375 0.0949 12.2375 3.4249 12.2375ZM26.6349 18.2375C28.2849 16.4575 25.7449 13.9975 23.9249 15.8075C22.2449 17.4775 19.3349 18.4975 16.1249 18.4975C12.4949 18.4975 9.0849 17.6475 5.7549 15.8475C3.5049 14.6275 1.8449 17.9275 4.1449 19.1375C4.5949 19.3875 5.0649 19.6175 5.5349 19.8375C5.2249 20.3475 4.8649 20.7975 4.5049 21.1875C3.0249 22.7375 5.2549 24.7275 6.7149 23.1475C7.3349 22.4775 7.8449 21.6675 8.3049 20.9175C9.0349 21.1675 9.7949 21.3675 10.5449 21.5375C10.3149 22.4875 10.0249 23.2875 9.8349 23.7375C8.9549 25.7075 11.7449 26.8275 12.5849 24.7975C12.9249 23.9575 13.1949 22.8975 13.3549 21.9975C14.2749 22.1075 15.2049 22.1475 16.1249 22.1475C16.1749 22.1475 16.2149 22.1475 16.2749 22.1475C16.3449 23.0875 16.2949 23.9075 16.2749 24.3775C16.1349 26.5375 19.1749 26.6075 19.2149 24.4175C19.2349 23.6375 19.1849 22.7275 19.1049 21.9175C20.0549 21.7675 20.9849 21.5175 21.8649 21.2175C22.3049 22.2875 22.4549 23.1375 22.5349 23.6275C22.9149 25.7475 25.8849 24.8975 25.4149 22.9375C25.1449 21.8375 24.8349 20.8175 24.4649 19.9975C25.2849 19.4975 26.0049 18.9075 26.6349 18.2375Z","geometry":{"width":29.682369225692174,"height":26.02808995035536}}