{"path":"M12.3827 18.7463C17.3327 18.7463 21.3827 14.9163 21.7227 10.0363C22.3627 9.8063 23.0927 9.7063 23.7227 9.7063C24.3627 9.7063 25.0727 9.8063 25.7127 10.0363C26.0627 14.9163 30.1227 18.7463 35.0727 18.7463C39.7327 18.7463 43.6027 15.3363 44.3227 10.8663H46.3227C47.0627 10.8663 47.4527 10.4763 47.4527 9.7163V8.1663C47.4527 7.4063 47.0727 7.0263 46.3227 7.0263H44.1427C43.1027 2.9763 39.4427 -0.0037 35.0727 -0.0037C30.8027 -0.0037 27.2027 2.8463 26.0727 6.7363C25.3027 6.4663 24.4327 6.3463 23.7227 6.3463C23.0127 6.3463 22.1327 6.4663 21.3827 6.7363C20.2527 2.8463 16.6527 -0.0037 12.3827 -0.0037C8.0127 -0.0037 4.3327 2.9763 3.3127 7.0263H1.1227C0.3827 7.0263 0.0027 7.4063 0.0027 8.1663V9.7163C0.0027 10.4763 0.3927 10.8663 1.1227 10.8663H3.1327C3.8527 15.3363 7.7127 18.7463 12.3827 18.7463ZM12.3827 15.0763C9.2327 15.0763 6.6727 12.5263 6.6727 9.3663C6.6727 6.2163 9.2327 3.6663 12.3827 3.6663C15.5327 3.6663 18.0927 6.2163 18.0927 9.3663C18.0927 12.5263 15.5327 15.0763 12.3827 15.0763ZM35.0727 15.0763C31.9227 15.0763 29.3627 12.5263 29.3627 9.3663C29.3627 6.2163 31.9227 3.6663 35.0727 3.6663C38.2227 3.6663 40.7727 6.2163 40.7727 9.3663C40.7727 12.5263 38.2227 15.0763 35.0727 15.0763Z","geometry":{"width":47.455078125,"height":18.744140625}}