{"path":"M3.9537 24.2654C7.4337 24.2654 9.7337 22.2554 10.2937 18.3354L11.0637 13.0054H16.5537C17.6137 13.0054 18.3937 12.2354 18.3937 11.2154C18.3937 10.1754 17.5837 9.4054 16.5437 9.4054H11.5637L11.9737 6.5654C12.2937 4.3654 13.0837 3.5954 14.5737 3.5954C15.7937 3.5954 16.4237 3.7554 16.9937 3.7554C17.9937 3.7554 18.7037 3.0754 18.7037 2.0554C18.7037 0.5154 16.8937 -0.0046 14.7337 -0.0046C11.2637 -0.0046 8.9537 2.0054 8.3937 5.9454L7.9037 9.4054H3.2237C2.1737 9.4054 1.3937 10.1754 1.3937 11.2154C1.3937 12.2354 2.1837 13.0054 3.2437 13.0054H7.3937L6.7237 17.7154C6.4137 19.9054 5.6237 20.6854 4.1337 20.6854C2.9137 20.6854 2.2937 20.5054 1.7137 20.5054C0.7137 20.5054 0.0037 21.1954 0.0037 22.2354C0.0037 23.7654 1.8037 24.2654 3.9537 24.2654Z","geometry":{"width":18.703125,"height":24.267578125}}