{"path":"M4.8237 26.1377H21.3137C24.4437 26.1377 26.1437 24.4477 26.1437 21.3377V4.7977C26.1437 1.6977 24.4437 -0.0023 21.3137 -0.0023H4.8237C1.7137 -0.0023 0.0037 1.6977 0.0037 4.7977V21.3377C0.0037 24.4477 1.7137 26.1377 4.8237 26.1377ZM10.2037 19.6577C9.0637 19.6577 8.4237 18.9077 8.4237 17.6777V8.5977C8.4237 7.2977 9.0737 6.5577 10.3537 6.5577H16.5337C17.4437 6.5577 18.0037 7.0677 18.0037 7.9277C18.0037 8.7777 17.4437 9.2877 16.5337 9.2877H11.9637V11.9677H16.2537C17.0537 11.9677 17.5437 12.4177 17.5437 13.1977C17.5437 13.9677 17.0537 14.4277 16.2537 14.4277H11.9937V17.6777C11.9937 18.9077 11.3337 19.6577 10.2037 19.6577Z","geometry":{"width":26.140625,"height":26.140625}}