{"path":"M4.8237 26.1377H21.3137C24.4437 26.1377 26.1437 24.4477 26.1437 21.3377V4.7977C26.1437 1.6977 24.4437 -0.0023 21.3137 -0.0023H4.8237C1.7137 -0.0023 0.0037 1.6977 0.0037 4.7977V21.3377C0.0037 24.4477 1.7137 26.1377 4.8237 26.1377ZM5.2137 22.6177C4.1137 22.6177 3.5237 22.0777 3.5237 20.9177V5.2377C3.5237 4.0777 4.1137 3.5277 5.2137 3.5277H20.9337C22.0237 3.5277 22.6137 4.0777 22.6137 5.2377V20.9177C22.6137 22.0777 22.0237 22.6177 20.9337 22.6177ZM10.2637 19.3177C11.3337 19.3177 11.9537 18.6077 11.9537 17.4577V14.3277H16.0137C16.7637 14.3277 17.2237 13.9077 17.2237 13.1777C17.2237 12.4577 16.7637 12.0177 16.0137 12.0177H11.9237V9.4477H16.2837C17.1437 9.4477 17.6637 8.9677 17.6637 8.1777C17.6637 7.3677 17.1437 6.8877 16.2837 6.8877H10.4037C9.2137 6.8877 8.6037 7.5877 8.6037 8.7877V17.4577C8.6037 18.6077 9.2037 19.3177 10.2637 19.3177Z","geometry":{"width":26.140625,"height":26.140625}}