{"path":"M0.0027 9.7914C0.0027 14.4114 3.4027 17.6814 8.5127 17.8714C10.7627 20.8114 15.7527 22.6414 22.1327 22.6414C28.5327 22.6414 33.5127 20.8114 35.7627 17.8714C40.8627 17.6614 44.2527 14.4114 44.2527 9.7914C44.2527 6.6214 42.3427 4.5914 39.2527 4.5914H36.3127C34.4927 1.6914 29.4927 0.0014 22.1327 0.0014C14.7827 0.0014 9.7927 1.6914 7.9727 4.5914H5.0127C1.9127 4.5914 0.0027 6.6214 0.0027 9.7914ZM14.2727 8.1314C14.2727 7.3514 14.9127 6.7114 15.6927 6.7114H28.6027C29.3827 6.7114 30.0227 7.3514 30.0227 8.1314C30.0227 8.9314 29.3927 9.5614 28.6027 9.5614H15.6927C14.9027 9.5614 14.2727 8.9314 14.2727 8.1314ZM37.0627 14.0914V7.7014H39.2527C40.4527 7.7014 41.1527 8.5214 41.1527 9.7914C41.1527 12.2614 39.5527 14.1414 37.0527 14.6314C37.0627 14.4514 37.0627 14.2714 37.0627 14.0914ZM3.1027 9.7914C3.1027 8.5214 3.8127 7.7014 5.0127 7.7014H7.2027V14.0914C7.2027 14.2914 7.2227 14.4614 7.2327 14.6314C4.7127 14.1414 3.1027 12.2814 3.1027 9.7914ZM14.2727 13.9414C14.2727 13.1514 14.9027 12.5214 15.6927 12.5214H28.6027C29.3927 12.5214 30.0227 13.1514 30.0227 13.9414C30.0227 14.7214 29.3827 15.3714 28.6027 15.3514H15.6927C14.9127 15.3714 14.2727 14.7214 14.2727 13.9414Z","geometry":{"width":44.255859375,"height":22.640625}}