{"path":"M0.0027 9.7914C0.0027 14.4114 3.4027 17.6814 8.5127 17.8714C10.7627 20.8114 15.7527 22.6414 22.1327 22.6414C28.5327 22.6414 33.5127 20.8114 35.7627 17.8714C40.8627 17.6614 44.2527 14.4114 44.2527 9.7914C44.2527 6.6214 42.3427 4.5914 39.2527 4.5914H36.3127C34.4927 1.6914 29.4927 0.0014 22.1327 0.0014C14.7827 0.0014 9.7927 1.6914 7.9727 4.5914H5.0127C1.9127 4.5914 0.0027 6.6214 0.0027 9.7914ZM22.1327 19.2814C15.4727 19.2814 10.5827 16.9814 10.5827 14.0914V7.2714C10.5827 4.8214 14.8427 3.3614 22.1327 3.3614C29.4227 3.3614 33.7027 4.8214 33.7027 7.2714V14.0914C33.7027 16.9814 28.8027 19.2814 22.1327 19.2814ZM14.6827 8.4314C14.6827 9.1714 15.2827 9.7714 16.0227 9.7714H28.2727C29.0127 9.7714 29.6127 9.1714 29.6127 8.4314C29.6127 7.7114 29.0027 7.1114 28.2727 7.1114H16.0227C15.3027 7.1114 14.6827 7.7114 14.6827 8.4314ZM37.0627 14.0914V7.7014H39.2527C40.4527 7.7014 41.1527 8.5214 41.1527 9.7914C41.1527 12.2614 39.5527 14.1414 37.0527 14.6314C37.0627 14.4514 37.0627 14.2714 37.0627 14.0914ZM3.1027 9.7914C3.1027 8.5214 3.8127 7.7014 5.0127 7.7014H7.2027V14.0914C7.2027 14.2914 7.2227 14.4614 7.2327 14.6314C4.7127 14.1414 3.1027 12.2814 3.1027 9.7914ZM14.6827 13.6414C14.6827 14.3714 15.3027 14.9714 16.0227 14.9714H28.2727C29.0027 14.9714 29.6127 14.3714 29.6127 13.6414C29.6127 12.9014 29.0127 12.3014 28.2727 12.3014H16.0227C15.2827 12.3014 14.6827 12.9014 14.6827 13.6414Z","geometry":{"width":44.255859375,"height":22.640625}}