{"path":"M5.4037 33.6238H18.2937C19.0537 33.6238 19.4837 33.0038 19.4837 32.2238C19.4837 30.9638 18.4037 30.1238 16.9637 30.1238H13.5037V23.5838C19.2637 22.7738 23.7037 17.8238 23.7037 11.8538C23.7037 5.3038 18.3737 0.0038 11.8537 0.0038C5.3137 0.0038 0.0037 5.3038 0.0037 11.8538C0.0037 17.8238 4.4437 22.7938 10.2137 23.5838V30.1238H6.7237C5.2937 30.1238 4.2137 30.9638 4.2137 32.2238C4.2137 33.0038 4.6337 33.6238 5.4037 33.6238ZM11.8537 20.7638C6.9337 20.7638 2.9437 16.7738 2.9437 11.8438C2.9437 6.9138 6.9337 2.9238 11.8537 2.9238C16.7937 2.9238 20.7637 6.9138 20.7637 11.8438C20.7637 16.7738 16.7937 20.7638 11.8537 20.7638ZM8.5037 18.5438C10.1337 18.5438 11.0337 17.2238 11.7137 14.8638C11.9637 14.8738 12.1237 14.8738 12.3437 14.8338V17.0938C12.3437 18.3438 13.0137 19.0538 14.2437 19.0538C16.4237 19.0538 18.5237 17.2038 18.5237 15.2438C18.5237 13.6138 17.2437 12.7238 14.8937 12.0438C14.9037 11.8138 14.9037 11.6338 14.8737 11.4038H17.0537C18.3237 11.4038 19.0137 10.7138 19.0137 9.4838C19.0137 7.3238 17.1737 5.2238 15.2137 5.2238C13.6137 5.2238 12.7037 6.4938 12.0337 8.8138C11.8037 8.8038 11.5937 8.8038 11.3737 8.8438V6.6838C11.3737 5.4238 10.7037 4.7038 9.4637 4.7038C7.3037 4.7038 5.1937 6.5638 5.1937 8.5138C5.1937 10.1438 6.4937 11.0238 8.8437 11.7138C8.8337 11.9338 8.8437 12.1438 8.8737 12.3638H6.6737C5.4037 12.3638 4.6937 13.0338 4.6937 14.2638C4.6937 16.4338 6.5337 18.5438 8.5037 18.5438ZM11.8537 13.3838C11.0237 13.3838 10.3537 12.7038 10.3537 11.8838C10.3537 11.0438 11.0237 10.3738 11.8537 10.3738C12.7037 10.3738 13.3537 11.0638 13.3537 11.8838C13.3537 12.7138 12.7037 13.3838 11.8537 13.3838Z","geometry":{"width":23.70703125,"height":33.619140625}}