{"path":"M15.5374 15.555L19.2474 17.445L22.9474 15.555C22.2674 15.275 21.4874 15.065 20.6074 14.975V7.575C23.6174 7.055 26.0374 4.885 26.0374 2.445C26.0374 1.505 25.5174 0.955 24.3974 0.615C22.9774 0.215 21.2274 -0.005 19.2474 -0.005C17.2574 -0.005 15.5074 0.215 14.0874 0.615C12.9674 0.955 12.4474 1.505 12.4474 2.445C12.4474 4.885 14.8674 7.055 17.8774 7.575V14.975C16.9974 15.065 16.2074 15.275 15.5374 15.555ZM5.6174 11.925C0.7474 9.445 -2.2226 15.885 2.0674 17.965L11.5874 22.575C11.9174 20.085 14.1574 18.385 17.3274 17.915ZM32.8774 11.925L21.1574 17.915C24.3274 18.385 26.5674 20.085 26.8974 22.575L36.4174 17.965C40.7074 15.885 37.7374 9.445 32.8774 11.925ZM19.2474 27.375C23.0874 27.375 25.6374 25.705 25.6374 23.225C25.6374 20.755 23.0874 19.085 19.2474 19.085C15.3974 19.085 12.8474 20.755 12.8474 23.225C12.8474 25.705 15.3974 27.375 19.2474 27.375ZM4.9174 25.925C0.2274 28.155 3.5774 34.425 7.8874 32.215L15.7574 28.175C13.1874 27.375 11.5374 25.605 11.5374 23.225C11.5374 23.075 11.5374 22.925 11.5474 22.795ZM33.5674 25.925L26.9274 22.795C26.9574 22.925 26.9574 23.075 26.9574 23.225C26.9574 25.605 25.2974 27.375 22.7274 28.175L30.6074 32.215C34.9074 34.425 38.2474 28.155 33.5674 25.925Z","geometry":{"width":38.487483040956214,"height":32.67712371522419}}