{"path":"M19.2474 28.194C20.2874 28.194 21.2374 28.064 22.0874 27.854L30.6074 32.214C34.9074 34.424 38.2474 28.154 33.5674 25.924L26.6774 22.664L36.4174 17.964C40.7074 15.884 37.7374 9.444 32.8774 11.924L24.3274 16.284C23.3474 15.554 22.0374 15.044 20.6074 14.834V8.194C23.7174 7.674 26.3374 5.424 26.3374 2.744C26.3374 1.684 25.7674 1.014 24.4774 0.624C22.9774 0.194 21.1674 0.004 19.2474 0.004C17.3174 0.004 15.5074 0.194 14.0074 0.624C12.7174 1.014 12.1474 1.684 12.1474 2.744C12.1474 5.424 14.7774 7.674 17.8774 8.194V14.834C16.4674 15.044 15.1574 15.554 14.1674 16.294L5.6174 11.924C0.7474 9.444 -2.2226 15.884 2.0674 17.964L11.7974 22.664L4.9174 25.924C0.2274 28.154 3.5774 34.424 7.8874 32.214L16.3974 27.854C17.2474 28.064 18.2074 28.194 19.2474 28.194ZM19.2474 6.044C16.8274 6.044 14.9274 4.814 14.4674 3.024C14.4474 2.924 14.4974 2.834 14.6274 2.794C16.1174 2.434 17.6674 2.244 19.2474 2.244C20.8174 2.244 22.3774 2.434 23.8674 2.794C23.9874 2.834 24.0474 2.924 24.0174 3.024C23.5674 4.814 21.6674 6.044 19.2474 6.044ZM3.1274 15.774C1.5974 15.024 2.5074 13.084 4.3574 14.024L15.2974 19.604C14.5674 19.904 13.9674 20.304 13.4874 20.784ZM34.1174 14.024C35.9774 13.084 36.8974 15.024 35.3674 15.774L24.9974 20.784C24.5174 20.304 23.9174 19.904 23.1974 19.604ZM19.2474 17.144C20.1074 17.144 20.9774 17.324 21.7274 17.614L19.2474 18.884L16.7574 17.614C17.5074 17.324 18.3874 17.144 19.2474 17.144ZM19.2474 25.774C16.5374 25.774 14.7574 24.854 14.7574 23.534C14.7574 22.214 16.5374 21.304 19.2474 21.304C21.9474 21.304 23.7274 22.214 23.7274 23.534C23.7274 24.854 21.9474 25.774 19.2474 25.774ZM5.9174 28.134L12.6174 24.974C12.8474 25.544 13.1974 26.044 13.6974 26.484L6.7774 30.034C5.2474 30.814 4.2274 28.934 5.9174 28.134ZM31.7174 30.034L24.7974 26.484C25.2774 26.044 25.6374 25.544 25.8774 24.974L32.5774 28.134C34.2574 28.934 33.2474 30.814 31.7174 30.034Z","geometry":{"width":38.487483040956214,"height":32.67712371522419}}