{"path":"M3.0937 14.9303C3.0937 18.3903 6.2037 22.0003 9.2437 22.0003C11.7137 22.0003 13.2237 19.9903 14.5237 16.6703C14.6137 16.6703 14.6937 16.6503 14.7637 16.6403V19.2603C14.7637 21.4103 15.9237 22.6103 18.0237 22.6103C21.4637 22.6103 25.0837 19.5103 25.0837 16.4603C25.0837 14.0803 23.1637 12.5103 19.7537 11.1803C19.7537 11.0903 19.7437 11.0103 19.7237 10.9403H22.3237C24.4837 10.9403 25.7037 9.7803 25.7037 7.6803C25.7037 4.2403 22.5737 0.6103 19.5237 0.6103C17.0937 0.6103 15.6037 2.6903 14.2737 5.9303C14.1737 5.9303 14.0937 5.9503 14.0237 5.9603V3.3603C14.0237 1.2003 12.8537 0.0003 10.7637 0.0003C7.3137 0.0303 3.7037 3.1203 3.7037 6.1503C3.7037 8.6303 5.6737 10.1003 8.9937 11.4203C8.9937 11.5103 9.0137 11.5903 9.0237 11.6603H6.4437C4.2937 11.6603 3.0937 12.8503 3.0937 14.9303ZM14.3837 13.3603C13.2437 13.3603 12.3337 12.4503 12.3337 11.3203C12.3337 10.1603 13.2437 9.2403 14.3837 9.2403C15.5137 9.2403 16.4437 10.1603 16.4437 11.3203C16.4437 12.4503 15.5137 13.3603 14.3837 13.3603ZM5.4537 24.8603L5.7037 25.4703C2.2237 26.2803 0.0037 27.6403 0.0037 29.5303C0.0037 32.6903 6.3037 34.4303 14.3837 34.4303C22.4737 34.4303 28.7637 32.6903 28.7637 29.5303C28.7637 27.6403 26.5537 26.2803 23.0637 25.4703L23.3237 24.8603C23.5737 24.2103 23.1337 23.4103 22.3037 23.6103L19.1437 24.3103C18.3437 24.4903 18.1537 25.2103 18.5637 25.8303L20.3137 28.5103C20.7837 29.2203 21.5837 29.0903 21.8337 28.4603L22.1037 27.8203C24.7337 28.3003 26.1937 28.9603 26.1937 29.5303C26.1937 30.5703 21.5037 31.8603 14.3837 31.8603C7.2737 31.8603 2.5737 30.5703 2.5737 29.5303C2.5737 28.9603 4.0337 28.3003 6.6737 27.8203L6.9337 28.4603C7.1937 29.0903 7.9837 29.2203 8.4537 28.5103L10.2037 25.8303C10.6137 25.2103 10.4337 24.4903 9.6237 24.3103L6.4837 23.6103C5.6337 23.4103 5.1937 24.2103 5.4537 24.8603Z","geometry":{"width":28.765625,"height":34.42578125}}