{"path":"M6.4937 33.6238H22.1937C22.9537 33.6238 23.3837 33.0038 23.3837 32.2238C23.3837 30.9638 22.3037 30.1238 20.8637 30.1238H15.9837V28.5738C23.1237 27.7538 28.6737 21.6938 28.6737 14.3238C28.6737 6.4138 22.2537 0.0038 14.3237 0.0038C6.4137 0.0038 0.0037 6.4138 0.0037 14.3238C0.0037 21.6938 5.5537 27.7538 12.6837 28.5738V30.1238H7.8237C6.3737 30.1238 5.2937 30.9638 5.2937 32.2238C5.2937 33.0038 5.7137 33.6238 6.4937 33.6238ZM14.3237 25.6238C8.1037 25.6238 3.0537 20.5638 3.0537 14.3238C3.0537 8.0938 8.1037 3.0438 14.3237 3.0438C20.5637 3.0438 25.6237 8.0938 25.6237 14.3238C25.6237 20.5638 20.5637 25.6238 14.3237 25.6238ZM10.1137 22.7538C12.1537 22.7538 13.2737 21.0938 14.1637 18.1338C14.4637 18.1438 14.6837 18.1438 14.9437 18.1038V20.9138C14.9437 22.4938 15.7937 23.3938 17.3537 23.3938C20.0737 23.3938 22.7137 21.0538 22.7137 18.6038C22.7137 16.5738 21.0837 15.4538 18.1537 14.5738C18.1737 14.2838 18.1537 14.0538 18.1337 13.7638H20.8737C22.4537 13.7638 23.3537 12.9238 23.3537 11.3738C23.3537 8.6538 21.0137 6.0038 18.5637 6.0038C16.5437 6.0038 15.4237 7.6138 14.5437 10.5138C14.2637 10.5038 14.0137 10.5038 13.7237 10.5538V7.8338C13.7237 6.2638 12.8837 5.3638 11.3337 5.3638C8.6137 5.3638 5.9637 7.6938 5.9637 10.1438C5.9637 12.1938 7.5837 13.3038 10.5437 14.1738C10.5237 14.4538 10.5437 14.7138 10.5837 14.9838H7.7937C6.2237 14.9838 5.3337 15.8338 5.3337 17.3738C5.3337 20.0938 7.6537 22.7538 10.1137 22.7538ZM14.3237 16.2538C13.2937 16.2538 12.4537 15.4038 12.4537 14.3838C12.4537 13.3338 13.2937 12.4938 14.3237 12.4938C15.3837 12.4938 16.2137 13.3438 16.2137 14.3838C16.2137 15.4238 15.3837 16.2538 14.3237 16.2538Z","geometry":{"width":28.669921875,"height":33.619140625}}