{"path":"M25.0837 16.4603C25.0837 13.8603 22.9037 12.3503 19.4137 10.9403H22.3237C24.4837 10.9403 25.7037 9.7803 25.7037 7.6803C25.7037 4.2403 22.5737 0.6103 19.5237 0.6103C16.9437 0.6103 15.4237 2.7903 14.0237 6.2803V3.3603C14.0237 1.2003 12.8537 0.0003 10.7637 0.0003C7.3137 0.0303 3.7037 3.1203 3.7037 6.1503C3.7037 8.7503 5.8637 10.2703 9.3337 11.6603H6.4437C4.2937 11.6603 3.0937 12.8503 3.0937 14.9303C3.0937 18.3903 6.2037 22.0003 9.2437 22.0003C11.8537 22.0003 13.3537 19.8103 14.7637 16.3203V19.2603C14.7637 21.4103 15.9237 22.6103 18.0237 22.6103C21.4637 22.6103 25.0837 19.5103 25.0837 16.4603ZM6.2737 6.1503C6.2737 4.5303 8.6237 2.5803 10.7637 2.5803C11.3737 2.5803 11.4337 2.6403 11.4337 3.3603V8.5003C11.1837 8.7603 10.9637 9.0803 10.7837 9.4103C7.7837 8.2403 6.2737 7.4803 6.2737 6.1503ZM19.5237 3.1903C21.1737 3.1903 23.1037 5.5403 23.1037 7.6803C23.1037 8.3003 23.0637 8.3403 22.3237 8.3403H17.2037C16.9237 8.0903 16.6237 7.8703 16.2937 7.7003C17.4437 4.6903 18.2137 3.1903 19.5237 3.1903ZM14.3837 13.0303C13.4237 13.0303 12.6637 12.2803 12.6637 11.3203C12.6637 10.3503 13.4237 9.5803 14.3837 9.5803C15.3437 9.5803 16.1037 10.3503 16.1037 11.3203C16.1037 12.2803 15.3437 13.0303 14.3837 13.0303ZM18.0237 20.0203C17.4037 20.0203 17.3637 19.9703 17.3637 19.2603V14.1103C17.6137 13.8403 17.8237 13.5503 18.0037 13.2203C21.0037 14.3803 22.5137 15.1303 22.5137 16.4603C22.5137 18.0903 20.1437 20.0403 18.0237 20.0203ZM9.2437 19.4103C7.5837 19.4103 5.6837 17.0803 5.6837 14.9303C5.6837 14.3003 5.7237 14.2603 6.4437 14.2603H11.5637C11.8437 14.5103 12.1537 14.7403 12.4937 14.9003C11.3237 17.9203 10.5637 19.4103 9.2437 19.4103ZM5.4537 24.8603L5.7037 25.4703C2.2237 26.2803 0.0037 27.6403 0.0037 29.5303C0.0037 32.6903 6.3037 34.4303 14.3837 34.4303C22.4737 34.4303 28.7637 32.6903 28.7637 29.5303C28.7637 27.6403 26.5537 26.2803 23.0637 25.4703L23.3237 24.8603C23.5737 24.2103 23.1337 23.4103 22.3037 23.6103L19.1437 24.3103C18.3437 24.4903 18.1737 25.2103 18.5637 25.8303L20.3137 28.5103C20.7637 29.2203 21.5837 29.0903 21.8337 28.4603L22.1037 27.8203C24.7337 28.3003 26.1937 28.9603 26.1937 29.5303C26.1937 30.5703 21.5037 31.8603 14.3837 31.8603C7.2737 31.8603 2.5737 30.5703 2.5737 29.5303C2.5737 28.9603 4.0337 28.3003 6.6737 27.8203L6.9337 28.4603C7.1937 29.0903 7.9937 29.2203 8.4537 28.5103L10.2037 25.8303C10.6137 25.2103 10.4337 24.4903 9.6237 24.3103L6.4837 23.6103C5.6337 23.4103 5.1937 24.2103 5.4537 24.8603Z","geometry":{"width":28.765625,"height":34.42578125}}