{"path":"M29.4337 22.1052C29.4337 18.4752 26.4037 16.2852 20.8237 14.8752C20.8037 14.7252 20.7937 14.5752 20.7837 14.4252H26.1037C28.8937 14.4252 30.4837 12.8952 30.4837 10.1752C30.4837 5.5752 26.3437 1.0352 22.1037 1.0352C18.4737 1.0352 16.2737 4.0752 14.8737 9.6552C14.7237 9.6652 14.5737 9.6752 14.4337 9.7052V4.3852C14.4337 1.5852 12.8837 -0.0048 10.1737 -0.0048C5.5737 -0.0048 1.0537 4.1452 1.0537 8.3852C1.0537 12.0152 4.0737 14.2052 9.6637 15.6152C9.6637 15.7652 9.6937 15.9152 9.7037 16.0552H4.3937C1.5837 16.0552 0.0037 17.5952 0.0037 20.3152C0.0037 24.9052 4.1337 29.4452 8.3637 29.4452C12.0137 29.4452 14.2037 26.4052 15.6137 20.8252C15.7637 20.8052 15.9137 20.7952 16.0537 20.7852V26.0952C16.0537 28.9052 17.5937 30.4852 20.3037 30.4852C24.8937 30.4852 29.4337 26.3452 29.4337 22.1052ZM4.1137 8.3852C4.1137 5.8352 7.2437 3.0652 10.1037 3.0652C11.0337 3.0652 11.3637 3.4152 11.3637 4.3852V11.2252C10.9637 11.6052 10.6237 12.0552 10.3537 12.5352C6.2037 11.5352 4.1137 10.3652 4.1137 8.3852ZM22.1037 4.1152C24.6537 4.1152 27.4237 7.2452 27.4237 10.1152C27.4237 11.0352 27.0737 11.3652 26.1037 11.3652L19.2537 11.3452C18.8637 10.9552 18.4337 10.6252 17.9537 10.3452C18.9537 6.2052 20.1237 4.1152 22.1037 4.1152ZM15.2437 17.8852C13.7837 17.8852 12.6037 16.6952 12.6037 15.2452C12.6037 13.7852 13.7837 12.5952 15.2437 12.5952C16.6937 12.5952 17.8937 13.7852 17.8937 15.2452C17.8937 16.6952 16.6937 17.8852 15.2437 17.8852ZM15.2437 17.0352C16.2437 17.0352 17.0537 16.2452 17.0537 15.2452C17.0537 14.2452 16.2237 13.4252 15.2437 13.4252C14.2337 13.4252 13.4437 14.2352 13.4437 15.2452C13.4437 16.2452 14.2337 17.0352 15.2437 17.0352ZM20.3737 27.4152C19.4537 27.4152 19.1237 27.0752 19.1237 26.0952V19.2452C19.5237 18.8652 19.8637 18.4252 20.1437 17.9552C24.2837 18.9452 26.3737 20.1252 26.3737 22.1052C26.3737 24.6552 23.2237 27.4252 20.3737 27.4152ZM3.0637 20.3752C3.0637 19.4552 3.4137 19.1252 4.3937 19.1252H11.2237C11.6037 19.5252 12.0437 19.8652 12.5337 20.1352C11.5237 24.2852 10.3637 26.3752 8.3637 26.3752C5.8337 26.3752 3.0637 23.2452 3.0637 20.3752Z","geometry":{"width":30.48828125,"height":30.48828125}}