{"path":"M10.1737 -0.0048C8.5537 -0.0048 6.9637 0.5152 5.5737 1.3652L14.4337 10.2252V4.3852C14.4337 1.5852 12.8937 -0.0048 10.1737 -0.0048ZM29.4537 22.1052C29.4537 18.1452 25.8037 15.9052 19.2137 14.4252H26.1037C28.9037 14.4252 30.3137 12.8752 30.3137 10.1752C30.2937 5.4152 26.3437 1.0352 22.1037 1.0352C18.3037 1.0352 16.0637 4.3652 14.6837 10.4752L18.6437 14.4252L28.9037 24.6752C29.2437 23.8552 29.4537 22.9852 29.4537 22.1052ZM27.3437 28.9852C27.7937 29.4252 28.5337 29.4252 28.9737 28.9752C29.4037 28.5152 29.4237 27.7952 28.9737 27.3452L3.1437 1.5352C2.6937 1.0752 1.9537 1.0652 1.4937 1.5352C1.0637 1.9552 1.0637 2.7252 1.4937 3.1452ZM8.3637 29.4352C12.1637 29.4352 14.3837 26.1252 15.8037 20.0252L11.9637 16.2052L1.5837 5.8352C1.2437 6.6452 1.0437 7.5052 1.0437 8.3852C1.0437 12.3452 4.6737 14.5852 11.2537 16.0552H4.3937C1.5737 16.0552 0.0037 17.5952 0.0037 20.3152C0.0037 24.9052 4.1437 29.4352 8.3637 29.4352ZM20.3137 30.4852C21.9337 30.4852 23.5137 29.9852 24.9137 29.1352L16.0537 20.2752V26.0952C16.0537 28.9052 17.6137 30.4852 20.3137 30.4852Z","geometry":{"width":30.310546875,"height":30.48828125}}