{"path":"M15.0834 10.3727C16.3434 10.3727 17.1534 10.6527 18.5334 11.2827L26.1734 14.7827L25.0034 6.3027C24.7134 4.2927 23.7034 3.2527 21.7734 3.2527H21.1634V2.2427C21.1634 0.7427 20.3534 0.0027 18.8334 0.0027H11.3334C9.8134 0.0027 9.0034 0.7427 9.0034 2.2427V3.2527H8.4034C6.4734 3.2527 5.4734 4.2927 5.1734 6.4527L4.0134 14.7627L11.6334 11.2827C13.0134 10.6527 13.8134 10.3727 15.0834 10.3727ZM9.2134 8.9027C8.8134 8.9027 8.5434 8.6227 8.5434 8.2027V6.2627C8.5434 5.8427 8.8134 5.5627 9.2134 5.5627H13.0534C13.5434 5.5627 13.8534 5.8427 13.8534 6.2627V8.2027C13.8534 8.6227 13.5434 8.9027 13.0534 8.9027ZM16.9734 8.9027C16.5534 8.9027 16.3034 8.6227 16.3034 8.2027V6.2627C16.3034 5.8427 16.5534 5.5627 16.9734 5.5627H20.8134C21.3134 5.5627 21.6234 5.8427 21.6234 6.2627V8.2027C21.6234 8.6227 21.3134 8.9027 20.8134 8.9027ZM15.0834 30.4627C15.5134 30.4627 15.7534 30.3127 16.7534 29.5627C18.1334 28.5327 19.6934 27.6327 21.6934 27.6327C23.1534 27.6327 24.3434 28.0427 25.7134 28.9127L29.4534 22.7627C30.7834 20.6327 30.1934 18.8027 28.0634 17.8127L17.7134 13.0827C17.1534 12.8227 16.2934 12.3627 15.0834 12.3627C13.8734 12.3627 13.0234 12.8227 12.4534 13.0827L2.1034 17.8127C-0.0366 18.8027 -0.6166 20.6327 0.7034 22.7627L4.4534 28.9127C5.8234 28.0427 7.0034 27.6327 8.4734 27.6327C10.4634 27.6327 12.0234 28.5327 13.4034 29.5627C14.4034 30.3127 14.6534 30.4627 15.0834 30.4627ZM15.0834 35.0727C19.1534 35.0727 19.6634 32.2427 21.6934 32.2427C23.7434 32.2427 24.0734 35.0727 28.6234 35.0727H28.7334C29.4934 35.0727 30.1234 34.4427 30.1234 33.6727C30.1234 32.9127 29.4934 32.2927 28.7334 32.2927H28.6234C27.4334 32.2927 26.6534 31.8127 25.5034 30.9927C24.6034 30.3427 23.3734 29.4627 21.6934 29.4627C19.9834 29.4627 18.7534 30.3627 17.8534 31.0327C16.8834 31.7627 16.1934 32.2927 15.0834 32.2927C13.9634 32.2927 13.2834 31.7627 12.3134 31.0327C11.4134 30.3627 10.1834 29.4627 8.4734 29.4627C6.7934 29.4627 5.5634 30.3427 4.6534 30.9927C3.5034 31.8127 2.7434 32.2927 1.5434 32.2927H1.4334C0.6634 32.2927 0.0334 32.9127 0.0334 33.6727C0.0334 34.4427 0.6634 35.0727 1.4334 35.0727H1.5434C6.0934 35.0727 6.4234 32.2427 8.4734 32.2427C10.4934 32.2427 11.0134 35.0727 15.0834 35.0727Z","geometry":{"width":30.162568866725852,"height":35.068359375}}