{"path":"M0.0037 1.7599C0.0037 2.7299 0.7937 3.5299 1.7637 3.5299H33.3437C34.3137 3.5299 35.1137 2.7299 35.1137 1.7599C35.1137 0.7899 34.3137 -0.0001 33.3437 -0.0001H1.7637C0.7937 -0.0001 0.0037 0.7899 0.0037 1.7599ZM5.0837 15.2599H23.2137V19.2499C23.2137 20.7299 25.0437 21.4499 26.1137 20.3699L31.3337 15.0399C32.5437 13.8199 31.9137 11.8399 30.0537 11.8399H11.9237V7.8599C11.9237 6.3799 10.0937 5.6599 9.0237 6.7399L3.8037 12.0699C2.5937 13.2899 3.2137 15.2599 5.0837 15.2599ZM0.0037 25.3799C0.0037 26.3299 0.7937 27.1399 1.7637 27.1399H33.3437C34.3137 27.1399 35.1137 26.3299 35.1137 25.3799C35.1137 24.3999 34.3137 23.6099 33.3437 23.6099H1.7637C0.7937 23.6099 0.0037 24.3999 0.0037 25.3799Z","geometry":{"width":35.109375,"height":27.138671875}}