{"path":"M8.7725 6.441C10.5425 6.441 11.9925 4.991 11.9925 3.211C11.9925 1.451 10.5425 0.001 8.7725 0.001C7.0025 0.001 5.5525 1.451 5.5525 3.211C5.5525 4.991 7.0025 6.441 8.7725 6.441ZM29.6925 26.021L20.4125 21.011L15.0525 17.291C14.6925 17.051 14.3825 16.761 14.1125 16.431C14.6025 16.051 14.7925 15.421 14.6425 14.791L13.5925 10.531C13.1925 8.941 11.7525 7.861 10.1425 7.861H6.7925C5.7225 7.861 4.9725 8.121 4.2625 8.821L0.4525 12.651C-0.0575 13.151 -0.1375 13.941 0.2225 14.571L2.8725 19.221V27.421C2.8725 28.291 3.5925 29.021 4.4525 29.021C5.3425 29.021 6.0725 28.291 6.0725 27.421V20.511L14.0625 21.091L19.0025 23.901L28.1725 28.821C29.1025 29.331 30.0125 28.851 30.3525 28.191C30.7425 27.401 30.4425 26.431 29.6925 26.021ZM3.5925 14.041L5.8125 11.811L7.6025 16.421L6.2325 17.201H5.4025Z","geometry":{"width":30.525570609747266,"height":29.03173312195814}}