{"path":"M1.6607 19.5129L12.6807 30.5129C14.8807 32.7129 17.2807 32.7329 19.4907 30.5329L30.5207 19.4829C32.7207 17.2929 32.7207 14.8929 30.5007 12.6729L19.5007 1.6729C17.2807 -0.5471 14.8907 -0.5571 12.6907 1.6529L1.6407 12.6829C-0.5593 14.8929 -0.5393 17.2929 1.6607 19.5129ZM4.4307 17.2829C3.6507 16.4929 3.6107 15.7229 4.4507 14.8929L14.8807 4.4529C15.7107 3.6229 16.4807 3.6529 17.2707 4.4429L27.7307 14.9029C28.5207 15.6829 28.5507 16.4629 27.7307 17.2929L17.2807 27.7229C16.4507 28.5629 15.6707 28.5329 14.8907 27.7429ZM16.7607 10.5429C17.7407 10.5429 18.5307 9.7529 18.5307 8.8029C18.5307 7.8229 17.7507 7.0429 16.7607 7.0429C15.8107 7.0429 15.0407 7.8229 15.0407 8.8029C15.0407 9.7529 15.8207 10.5429 16.7607 10.5429ZM19.0907 23.8029C19.5507 23.8029 19.9607 23.4929 19.9607 22.9929C19.9607 22.7729 19.9407 22.6029 19.8107 22.3529L18.3407 19.4829C18.1507 19.1229 18.0107 18.9129 17.8207 18.6529L16.9807 17.4329L17.0707 17.2429C17.3707 16.4629 17.4507 15.9529 17.5007 15.1929L17.6507 13.2229C17.7507 12.0129 17.0407 11.1129 15.7907 11.1129C14.9707 11.1129 14.2407 11.5529 13.4407 12.2729L12.1407 13.4429C11.7307 13.8229 11.6207 14.1529 11.5707 14.6829L11.4207 16.3929C11.3607 16.9429 11.6907 17.3229 12.2007 17.3529C12.6907 17.3929 13.0307 17.0929 13.0907 16.4929L13.2407 14.6829L13.9207 14.1629C14.0807 14.0429 14.2507 14.1229 14.2407 14.3329L14.1007 15.8229C14.0307 16.6929 14.4707 17.3329 14.9107 17.8529L16.3707 19.6829C16.5207 19.8629 16.5707 19.9929 16.6707 20.1629L18.2307 23.2529C18.4107 23.6129 18.7207 23.8029 19.0907 23.8029ZM19.5807 15.7929H21.3607C21.9507 15.7929 22.2907 15.4629 22.2907 14.9429C22.2907 14.4529 21.9507 14.1129 21.3607 14.1129H19.5007L18.3407 12.7929L18.1707 15.0129L18.6007 15.4529C18.8707 15.7129 19.1207 15.7929 19.5807 15.7929ZM12.1607 23.8129C12.4307 23.8129 12.6607 23.6929 12.8307 23.5129L15.1207 20.9029C15.4007 20.6029 15.4507 20.5029 15.5107 20.2329L15.5907 19.8529L14.1907 18.0729L13.8107 19.8629L11.7207 22.2329C11.5607 22.4329 11.3607 22.6729 11.3607 22.9929C11.3607 23.4929 11.7207 23.8129 12.1607 23.8129Z","geometry":{"width":32.16823278097361,"height":32.17337158969121}}