{"path":"M16.7203 6.4406C18.4803 6.4406 19.9303 4.9906 19.9303 3.2106C19.9303 1.4306 18.4803 0.0006 16.7203 0.0006C14.9403 0.0006 13.4903 1.4306 13.4903 3.2106C13.4903 4.9906 14.9403 6.4406 16.7203 6.4406ZM3.0203 23.7106H12.3003C13.7403 23.7106 14.3503 22.1106 13.5503 21.1206L10.8503 17.7906L18.8403 17.2706H26.6303C27.5003 17.2706 28.2303 16.5606 28.2303 15.6806C28.2303 14.8206 27.5003 14.1006 26.6303 14.1006H12.5903L15.7203 10.9506C15.8403 10.8306 15.9803 10.7606 16.1403 10.7906L26.3703 12.1006C27.3003 12.2206 28.1503 11.5106 28.1503 10.5406C28.1503 9.7506 27.5503 9.0606 26.7703 8.9706L5.3603 6.2606C4.8503 6.1906 4.3903 6.3706 4.0403 6.7006L0.4603 10.2806C-0.1697 10.9106 -0.1397 11.8706 0.4603 12.5106C1.0203 13.1006 2.0603 13.1706 2.7203 12.5106L5.7203 9.4906L8.8603 9.8806C9.1203 9.9106 9.2003 10.1406 9.0103 10.3406L5.9703 13.3406C4.6903 14.6106 4.6203 16.6506 5.9703 18.0206L8.4603 20.5306H3.0203C2.1403 20.5306 1.4303 21.2306 1.4303 22.1206C1.4303 22.9806 2.1403 23.7106 3.0203 23.7106ZM17.1103 36.0406C17.7003 36.0406 18.1803 35.5706 18.1803 34.9906V20.8906C18.1803 20.3006 17.7003 19.8406 17.1103 19.8406C16.5403 19.8406 16.0603 20.3006 16.0603 20.8906V34.9906C16.0603 35.5706 16.5403 36.0406 17.1103 36.0406Z","geometry":{"width":28.229060858337927,"height":36.0390625}}