{"path":"M24.9689 8.0661C27.1989 8.0661 28.9889 6.2161 28.9889 4.0561C28.9889 1.8161 27.1989 -0.0039 24.9689 -0.0039C22.7289 -0.0039 20.9489 1.8161 20.9489 4.0561C20.9489 6.2461 22.7289 8.0661 24.9689 8.0661ZM10.2289 5.1261L6.2389 0.6661C5.6989 0.0861 4.9389 0.0861 4.3889 0.6661L0.3989 5.1261C-0.4211 6.0461 0.0689 7.3161 1.4389 7.3161H3.7489V13.9461C3.7489 14.8761 4.4289 15.5061 5.3089 15.5061C6.1789 15.5061 6.8689 14.8761 6.8689 13.9461V7.3161H9.2989C10.5289 7.3161 11.0489 6.0461 10.2289 5.1261ZM1.2489 29.2561C2.0789 30.1161 3.4489 30.0461 4.4589 28.9961L10.7089 22.5361C10.9489 22.2961 11.1189 22.2561 11.4589 22.3961L16.1489 24.1461C19.2889 25.3361 22.5889 24.1061 24.0689 21.4261L27.0189 16.0461C28.2889 13.7561 27.8889 11.4461 25.7189 10.3061C23.6389 9.1461 21.4689 10.0061 20.1989 12.3161L16.1389 19.6861L12.7589 18.4461C10.9089 17.7461 9.3589 17.9761 7.8489 19.5261L1.3789 26.2461C0.3989 27.2761 0.4989 28.5061 1.2489 29.2561Z","geometry":{"width":28.986930556876928,"height":29.850980875273223}}