{"path":"M8.4031 6.4378C10.1831 6.4378 11.6331 4.9878 11.6331 3.2178C11.6331 1.4478 10.1831 -0.0022 8.4031 -0.0022C6.6431 -0.0022 5.1931 1.4478 5.1931 3.2178C5.1931 4.9878 6.6431 6.4378 8.4031 6.4378ZM10.5431 28.1078C11.2531 28.2178 12.0131 27.8678 12.2931 26.9478L14.1931 20.5778C14.4731 19.6178 14.0631 18.7878 13.1631 18.4578L8.3631 16.7378L9.0731 11.8278C9.1031 11.6378 9.2531 11.5678 9.4331 11.6578L11.8631 12.7678C12.1931 12.9178 12.4931 12.9578 12.9231 12.9978L19.1431 13.6478C20.0131 13.7378 20.8031 13.1078 20.8631 12.2478C20.9431 11.3978 20.3131 10.6278 19.4531 10.5378L13.1431 9.9078L8.3531 7.7278C6.2031 6.7578 3.9631 7.8478 3.6731 10.0078L2.8931 16.0078C2.6531 17.8578 3.8031 19.5278 5.5931 19.9478L10.7831 21.1478L9.2831 26.0278C8.9431 27.1978 9.7031 27.9678 10.5431 28.1078ZM23.5431 9.1078C23.2831 8.5678 22.6631 8.3578 22.1231 8.6178C21.5731 8.8778 21.1231 9.1178 20.6731 9.3378C21.3531 9.6778 21.9031 10.2678 22.1631 10.9878C22.4331 10.8378 22.7131 10.7078 23.0631 10.5178C23.5831 10.2378 23.8031 9.6278 23.5431 9.1078ZM4.3631 35.2978H9.6131C10.2031 35.2978 10.6731 34.8378 10.6731 34.2478V32.0178H14.8731C15.4531 32.0178 15.9231 31.5278 15.9231 30.9378V28.6978H18.3431C18.9031 28.6978 19.3731 28.2478 19.4031 27.6678L19.9031 14.8478C19.5531 14.8578 19.4831 14.8578 19.3431 14.8578C18.8031 14.8778 18.2531 14.8078 17.7831 14.7378L17.3031 26.5778H14.8731C14.2731 26.5778 13.8231 27.0278 13.8231 27.6278V29.8878H9.6131C9.0231 29.8878 8.5531 30.3678 8.5531 30.9378V33.1978H4.3631C3.7831 33.1978 3.2931 33.6778 3.2931 34.2478C3.2931 34.8178 3.8031 35.2978 4.3631 35.2978ZM0.7631 32.5278C1.4031 32.8678 2.3331 32.7878 2.9431 31.9078L6.7531 26.2078C6.9131 25.9678 7.0231 25.6578 7.0831 25.3078L7.6331 21.9678L5.2631 21.4378C4.8931 21.3578 4.5431 21.2278 4.1931 21.0578L3.9331 24.7878L0.3431 30.1778C-0.3269 31.1878 0.0831 32.1278 0.7631 32.5278Z","geometry":{"width":23.652012817635754,"height":35.30078125}}