{"path":"M15.0883 6.4438C16.8683 6.4438 18.3083 4.9938 18.3083 3.2138C18.3083 1.4338 16.8683 0.0038 15.0883 0.0038C13.3183 0.0038 11.8683 1.4338 11.8683 3.2138C11.8683 4.9938 13.3183 6.4438 15.0883 6.4438ZM0.5183 12.3838L5.2383 17.1038C5.9483 17.8138 7.1083 17.8438 7.8083 16.9838L10.5783 13.5438C10.7583 13.3338 11.0083 13.4538 11.0083 13.7038V19.4538L5.8483 18.8638C3.8383 18.6338 3.1683 21.6038 5.1083 22.2438L11.0283 24.2138C10.8083 25.5138 11.9783 26.5938 13.2883 26.1638L15.0883 25.5638L16.9083 26.1638C18.2083 26.5938 19.3883 25.5138 19.1683 24.2138L25.0883 22.2438C27.0283 21.6038 26.3583 18.6338 24.3483 18.8638L19.1983 19.4538V13.7038C19.1983 13.4538 19.4383 13.3438 19.6083 13.5438L22.3883 16.9838C23.0783 17.8438 24.2483 17.8138 24.9583 17.1038L29.6783 12.3838C30.3683 11.6938 30.3783 10.6238 29.6783 9.9438C29.0283 9.2538 27.9183 9.2738 27.2483 9.9438L23.8783 13.2938L20.4383 9.0938C19.8183 8.3238 18.8883 7.8438 17.8983 7.8438H12.2983C11.3083 7.8438 10.3783 8.3238 9.7583 9.0938L6.3183 13.2938L2.9483 9.9438C2.2683 9.2738 1.1583 9.2538 0.5183 9.9438C-0.1817 10.6238 -0.1617 11.6938 0.5183 12.3838Z","geometry":{"width":30.197779285962156,"height":26.26151655105126}}