{"path":"M14.9437 4.6487C16.2237 4.6487 17.2637 3.6187 17.2637 2.3287C17.2637 1.0387 16.2237 -0.0013 14.9437 -0.0013C13.6537 -0.0013 12.6237 1.0387 12.6237 2.3287C12.6237 3.6187 13.6537 4.6487 14.9437 4.6487ZM22.7237 8.8187C24.4837 8.8187 25.9337 7.3687 25.9337 5.5887C25.9337 3.8187 24.4837 2.3787 22.7237 2.3787C20.9337 2.3787 19.4937 3.8187 19.4937 5.5887C19.4937 7.3687 20.9337 8.8187 22.7237 8.8187ZM1.5837 24.2987H9.2837C9.7237 24.2987 9.9137 24.2787 10.2237 24.1987L17.6637 22.3987C17.8737 22.3487 18.0337 22.4887 18.0237 22.7087L17.5837 26.3187L15.0137 24.4987C14.3037 23.9987 13.3037 24.1587 12.7937 24.8687C12.2637 25.5787 12.4237 26.5887 13.1537 27.1087L17.5837 30.2287C18.7037 31.0387 20.1137 30.7587 20.4137 29.5687L24.2537 14.1087C24.3037 13.9087 24.4437 13.8187 24.6537 13.8787L37.2137 16.3787C38.4337 16.6087 39.1137 15.7087 39.1137 14.8087C39.1137 14.1387 38.7337 13.4087 37.8537 13.2487L25.3337 10.7287C21.6137 9.9787 19.2737 9.6387 16.6237 9.6387H13.2637V6.1887C13.2637 5.3087 12.5337 4.5987 11.6637 4.5987C10.7637 4.5987 10.0637 5.3087 10.0637 6.1887V11.2287C10.0637 12.0987 10.7637 12.8287 11.6637 12.8287H17.4737C17.7037 12.8287 17.8537 13.0187 17.7837 13.2587L16.6837 17.5687C16.5037 18.2387 16.0637 18.7287 15.3937 18.9587L9.2237 21.1187H1.5837C0.6837 21.1187 0.0037 21.8387 0.0037 22.7187C0.0037 23.6087 0.6837 24.2987 1.5837 24.2987Z","geometry":{"width":39.115234375,"height":30.689264662598475}}