{"path":"M19.56 5.7653C21.16 5.7653 22.45 4.4853 22.45 2.8853C22.45 1.2953 21.16 -0.0047 19.56 -0.0047C17.96 -0.0047 16.68 1.2953 16.68 2.8853C16.68 4.4853 17.96 5.7653 19.56 5.7653ZM8.3 11.5253C10.06 11.5253 11.53 10.0753 11.53 8.2853C11.53 6.5253 10.06 5.0853 8.3 5.0853C6.52 5.0853 5.07 6.5253 5.07 8.2853C5.07 10.0753 6.52 11.5253 8.3 11.5253ZM0 18.4953C0 19.7253 1.27 20.3053 2.26 19.8153L7.07 17.3953C7.27 17.2853 7.49 17.3753 7.55 17.5953L8.94 23.2053L6.74 28.6653H1.54C0.7 28.6653 0 29.3553 0 30.2253C0 31.0653 0.7 31.7453 1.54 31.7453H7.71C8.41 31.7453 8.86 31.4553 9.19 30.8553L12.03 25.6253L13.54 29.5953L8.31 33.0953C7.62 33.5653 7.41 34.5453 7.89 35.2353C8.35 35.9153 9.26 36.1453 10.01 35.6553L16.31 31.4553C16.83 31.1153 17.1 30.5853 16.87 29.6653L13.14 14.8153C13.07 14.5753 13.14 14.3553 13.41 14.2153L23.02 9.4153C23.8 9.0553 24.1 8.1253 23.71 7.3453C23.32 6.5753 22.41 6.2853 21.63 6.6553L3.09 15.9453V11.4953C3.09 10.6653 2.41 9.9653 1.54 9.9653C0.7 9.9653 0 10.6653 0 11.4953Z","geometry":{"width":23.88151739943292,"height":35.91888368593252}}