{"path":"M3.8271 2.1152H5.7971C5.7471 1.3552 5.9871 0.5852 6.4871 -0.0048H3.8271C3.2571 -0.0048 2.7771 0.4752 2.7771 1.0552C2.7771 1.6452 3.2571 2.1152 3.8271 2.1152ZM12.8871 2.1152H25.3971L26.4771 0.4952C26.5971 0.3152 26.7271 0.1552 26.8671 -0.0048H11.3971C11.5471 0.1552 11.6771 0.3152 11.8071 0.4952ZM32.4571 2.1152H33.8971C34.4871 2.1152 34.9471 1.6452 34.9471 1.0552C34.9471 0.4752 34.4871 -0.0048 33.8971 -0.0048H31.7871C32.2871 0.5852 32.5271 1.3552 32.4571 2.1152ZM11.6471 22.5152C13.4271 24.6552 16.2871 24.3452 17.7371 22.1752L30.7071 2.7452C31.2171 1.9952 30.9971 0.9752 30.2571 0.4952C29.5171 -0.0148 28.4971 0.1952 27.9871 0.9452L22.1271 9.7652C21.4771 10.7452 20.3971 11.2552 19.2371 11.2552C17.9771 11.2552 16.7471 10.6752 15.9471 9.4752L10.2871 0.9452C9.7771 0.1952 8.7771 -0.0148 8.0171 0.4952C7.2771 0.9752 7.0571 1.9952 7.5671 2.7452L14.5071 13.1652C14.7971 13.6052 14.8071 14.1352 14.5071 14.6052L12.6771 17.3652L8.5871 13.8252C7.9371 13.2452 6.9371 13.1952 6.2071 13.9152L0.4771 19.6752C-0.1629 20.3152 -0.1629 21.3152 0.4771 21.9552C1.1771 22.6252 2.1671 22.5452 2.7471 21.9552L7.3571 17.3752ZM19.2371 9.7452C21.0171 9.7452 22.4571 8.2952 22.4571 6.5252C22.4571 4.7452 21.0171 3.3052 19.2371 3.3052C17.4671 3.3052 16.0171 4.7452 16.0171 6.5252C16.0171 8.2952 17.4671 9.7452 19.2371 9.7452ZM15.3671 33.3852C15.8771 32.6252 15.6571 31.6652 14.9071 31.1552L9.9171 27.8052L12.4471 25.0152C11.7371 24.6952 11.0671 24.1752 10.4771 23.4852L9.4371 22.2352L6.0971 27.2052C5.6271 27.9452 5.7971 28.9752 6.5571 29.4752L13.1271 33.8352C13.8971 34.3452 14.8971 34.0952 15.3671 33.3852Z","geometry":{"width":34.94873046875,"height":34.10525794664176}}