{"path":"M15.3903 6.4294C17.1703 6.4294 18.6203 4.9794 18.6203 3.2094C18.6203 1.4394 17.1703 -0.0006 15.3903 -0.0006C13.6303 -0.0006 12.1903 1.4394 12.1903 3.2094C12.1903 4.9794 13.6303 6.4294 15.3903 6.4294ZM4.3303 29.3394C3.5003 30.1694 3.6903 31.1994 4.3003 31.7694C4.8603 32.2694 5.8503 32.3594 6.6103 31.6094L11.9303 26.2894C12.0803 26.1394 12.1503 26.0594 12.2503 25.8694L14.8903 20.9294C15.2403 20.2594 16.1603 20.2294 16.7403 20.6894L22.6803 25.1694V31.2794C22.6803 32.3294 23.3203 32.9894 24.2903 32.9894C25.2603 32.9894 25.9203 32.3294 25.9203 31.2794V24.3894C25.9203 23.9294 25.7303 23.5194 25.3003 23.1494L18.6203 17.3894V11.2294C18.6203 10.9094 18.8403 10.6594 19.1903 10.5994L30.3503 8.8994C31.2203 8.7594 31.8203 7.9294 31.7003 7.0394C31.5503 6.1694 30.7403 5.5494 29.8603 5.6894L7.7103 9.0494V5.8194C8.4703 5.4794 9.1703 4.9894 9.7003 4.3994C10.1703 3.9094 10.1703 3.2694 9.7003 2.7594C8.5803 1.5294 6.7403 0.7394 5.0103 0.7394C3.3003 0.7394 1.4603 1.5294 0.3403 2.7594C-0.1097 3.2694 -0.1097 3.9094 0.3403 4.4194C1.3503 5.5194 2.9403 6.2794 4.4903 6.4094V10.9894C4.4903 11.9894 5.3103 12.6694 6.3403 12.5194L11.1103 11.7994C11.4903 11.7294 11.7503 11.9594 11.7503 12.3594V17.9394L9.4603 24.2094Z","geometry":{"width":31.717618941412923,"height":32.990234375}}