{"path":"M19.1358 6.4366C20.9058 6.4366 22.3558 4.9866 22.3558 3.2166C22.3558 1.4366 20.9058 -0.0034 19.1358 -0.0034C17.3558 -0.0034 15.9158 1.4366 15.9158 3.2166C15.9158 4.9866 17.3558 6.4366 19.1358 6.4366ZM7.8258 32.2766H17.5858C19.2058 32.2766 20.5658 31.9366 21.6258 31.0166C22.1958 30.5266 22.1358 29.8966 21.7958 29.5066C21.4658 29.1066 20.8558 28.9466 20.2858 29.3766C19.5658 29.9266 18.8958 30.1566 17.6658 30.1766V22.6966C17.6658 22.2566 17.5558 21.8166 17.2558 21.4366L13.7958 17.0366L16.7258 12.5366C16.8758 12.3166 17.1658 12.3166 17.2758 12.5466L18.2558 14.5466C18.5158 15.0766 19.0758 15.4266 19.6758 15.4266H25.4758C26.3658 15.4266 27.0758 14.7266 27.0758 13.8266C27.0758 12.9466 26.3658 12.2266 25.4758 12.2266H20.6758L19.2058 9.2266C18.5758 7.9666 17.2558 7.1466 15.8258 7.1466H8.1158C7.5958 7.1466 7.0558 7.4366 6.7558 7.8866L3.8758 12.2266C3.3958 12.9466 3.5858 13.9466 4.3258 14.4366C5.0458 14.9466 6.0658 14.7266 6.5558 13.9766L8.9758 10.3666H11.0658C11.2158 10.3666 11.2958 10.4866 11.2158 10.6266L8.8758 14.1266C8.0758 15.3166 8.2458 16.9366 9.2758 17.9666L14.4658 23.1866V30.1766H7.8258C6.5558 30.1766 5.8558 29.9366 5.1458 29.3766C4.5858 28.9566 3.9958 29.0966 3.6558 29.4466C3.2858 29.8466 3.2058 30.5166 3.7958 31.0166C4.8458 31.9366 6.2158 32.2766 7.8258 32.2766ZM0.5558 20.0966L6.2358 25.0766C7.2258 25.9366 8.3358 25.4666 8.8058 24.7366L10.8058 21.6566L8.2258 19.0766C8.1858 19.0266 8.1358 18.9866 8.0958 18.9366L6.8858 21.3666L2.6558 17.6766C2.0058 17.1166 0.9758 17.1466 0.3858 17.8266C-0.1842 18.4966 -0.1142 19.5066 0.5558 20.0966ZM7.8258 35.7666C8.5758 35.7666 9.1958 35.1466 9.1958 34.3966C9.1958 33.6566 8.5758 33.0466 7.8258 33.0466C7.0758 33.0466 6.4758 33.6566 6.4758 34.3966C6.4758 35.1466 7.0758 35.7666 7.8258 35.7666ZM17.5858 35.7666C18.3358 35.7666 18.9558 35.1466 18.9558 34.3966C18.9558 33.6566 18.3358 33.0466 17.5858 33.0466C16.8358 33.0466 16.2358 33.6566 16.2358 34.3966C16.2358 35.1466 16.8358 35.7666 17.5858 35.7666Z","geometry":{"width":27.076087891189502,"height":35.765625}}