{"path":"M14.2645 6.4251C16.0245 6.4251 17.4745 4.9951 17.4745 3.1951C17.4745 1.4351 16.0245 -0.0049 14.2645 -0.0049C12.4745 -0.0049 11.0345 1.4351 11.0345 3.1951C11.0345 4.9951 12.4745 6.4251 14.2645 6.4251ZM1.1645 32.4851C1.7745 33.0451 2.7445 33.1651 3.4345 32.4851L9.6145 26.3351C10.0345 25.9251 10.1045 25.5651 10.0645 24.9951L9.7445 21.4951C9.7245 21.2051 9.9945 21.0851 10.2145 21.2751L14.2045 24.7151L16.4845 31.8051C16.7945 32.7451 17.7345 33.0851 18.5245 32.8651C19.4145 32.5951 19.8545 31.6751 19.5745 30.8351L17.1845 23.2951C17.1045 23.0751 16.9845 22.8151 16.7645 22.6451L12.1145 18.0051L15.0945 12.0451C15.1945 11.8551 15.3645 11.8251 15.5345 11.9751L18.9345 15.3951C19.1045 15.5751 19.3645 15.7251 19.5945 15.7951L26.4545 17.8451C27.0845 18.0351 28.1245 17.7851 28.4645 16.7351C28.7145 15.8851 28.2245 14.9751 27.3745 14.7251L20.9145 12.8251L17.2245 9.1051C16.3545 8.2351 15.3545 7.8451 14.1545 7.8451H4.3645C3.7345 7.8451 3.1845 8.2051 2.9145 8.7351L0.1745 14.2051C-0.2155 14.9851 0.0545 15.9651 0.9045 16.3551C1.7145 16.7451 2.6545 16.4451 3.0645 15.6451L5.3345 11.0851H8.1045C8.3445 11.0851 8.4645 11.2951 8.3545 11.4951L6.2345 15.7351C5.4745 17.2851 5.2645 19.0851 5.6845 20.7651L6.6545 24.6751L1.1445 30.1751C0.5245 30.7851 0.5345 31.8451 1.1645 32.4851ZM26.9245 26.3551C28.8445 26.3551 30.4245 24.7851 30.4245 22.8551C30.4245 20.9151 28.8445 19.3551 26.9245 19.3551C24.9745 19.3551 23.4245 20.9151 23.4245 22.8551C23.4245 24.7851 24.9745 26.3551 26.9245 26.3551Z","geometry":{"width":30.420740082742928,"height":32.952063103054}}