{"path":"M12.3603 7.8602C14.5403 7.8602 16.2903 6.0602 16.2903 3.9502C16.2903 1.7602 14.5403 0.0002 12.3603 0.0002C10.1703 0.0002 8.4603 1.7602 8.4603 3.9502C8.4603 6.0802 10.1703 7.8602 12.3603 7.8602ZM32.5603 17.9102C36.8003 17.9102 40.1203 14.4202 40.1203 10.3502C40.1203 6.0802 36.8003 2.6702 32.5603 2.6702C28.3403 2.6702 24.9203 6.0802 24.9203 10.3502C24.9203 14.4202 28.3403 17.9102 32.5603 17.9102ZM18.4303 11.3902L21.7203 7.7402C22.3603 7.0002 22.3403 6.2102 21.6803 5.6502C21.0803 5.1402 20.3303 5.1402 19.6403 5.8902L15.9103 10.0902C16.8503 10.4002 17.7003 10.8702 18.4303 11.3902ZM4.7803 22.4202L15.9103 10.0902C14.8603 9.7202 13.6803 9.5402 12.3603 9.5402C7.3003 9.5402 4.2903 11.9902 4.2903 16.0602C4.2903 17.0302 4.3403 18.3602 4.4903 19.7302ZM19.9303 22.4202L20.2303 19.7302C20.3803 18.3602 20.4403 17.0302 20.4403 16.0602C20.4403 14.1102 19.7403 12.5002 18.4303 11.3902L9.8103 21.0102C10.6603 20.8902 11.5103 20.8502 12.3603 20.8502C14.8603 20.8502 17.3703 21.1802 19.9303 22.4202ZM0.3803 27.4402C0.9703 28.0502 1.7603 28.0302 2.4403 27.3302C3.2603 26.5502 4.1003 25.8902 5.1103 25.3902L4.7803 22.4202C3.2103 23.1602 1.8403 24.1902 0.5203 25.4202C-0.1397 26.0302 -0.1497 26.8602 0.3803 27.4402ZM24.3303 27.4402C24.8703 26.8602 24.8703 26.0402 24.2103 25.4202C22.8703 24.1902 21.5203 23.1602 19.9303 22.4202L19.6003 25.3902C20.6103 25.8902 21.4503 26.5502 22.2703 27.3402C22.9503 28.0302 23.7403 28.0502 24.3303 27.4402ZM8.1403 35.6402C9.2703 35.4902 10.0003 34.6902 9.8503 33.3202L9.1703 26.9302H15.5503L14.8703 33.3202C14.7303 34.6902 15.4603 35.4902 16.5703 35.6402C17.7203 35.7502 18.5903 35.0502 18.7403 33.7002L19.6003 25.3902C17.3203 24.0602 14.7903 23.5702 12.3603 23.5702C9.9403 23.5702 7.3903 24.0602 5.1103 25.3902L5.9803 33.7002C6.1403 35.0502 7.0103 35.7502 8.1403 35.6402Z","geometry":{"width":40.12361185346009,"height":35.65374832091081}}