{"path":"M13.5619 6.4444C15.3419 6.4444 16.7819 4.9944 16.7819 3.1944C16.7819 1.4344 15.3419 0.0044 13.5619 0.0044C11.7919 0.0044 10.3419 1.4344 10.3419 3.1944C10.3419 4.9944 11.7919 6.4444 13.5619 6.4444ZM9.6419 28.9144C10.2019 28.7644 10.5819 28.5744 10.8319 28.1144L13.9019 22.6144C13.9519 22.5344 14.0119 22.4744 14.1419 22.4744H21.4419V29.4444C21.4419 30.3544 22.1619 31.0344 23.0219 31.0344C23.9119 31.0344 24.6219 30.3544 24.6219 29.4444V21.0444C24.6219 20.0144 24.0519 19.3844 22.9819 19.2944L16.7519 18.7344V10.8644C16.7519 9.2244 15.6019 7.8444 13.5619 7.8444H12.8919C11.7319 7.8444 10.8119 8.0544 9.6519 8.9144L4.9219 12.4644C4.0319 13.1244 4.0919 14.4544 5.0019 15.0644L10.7219 18.8644V19.1244L8.2419 26.0044L1.1619 27.9444C0.3319 28.1744 -0.1781 29.0544 0.0519 29.8744C0.3019 30.7744 1.1219 31.2244 2.0019 30.9944ZM8.6419 13.6544L10.3819 12.3544C10.5419 12.2344 10.7219 12.3144 10.7219 12.5144V15.0344Z","geometry":{"width":24.62495155738386,"height":31.054602662339907}}