{"path":"M13.8937 25.626L18.1037 19.836L20.7137 24.636C21.6437 28.946 21.7337 32.206 21.7337 32.716C21.7337 33.676 22.4737 34.396 23.3537 34.396C24.2537 34.396 24.9537 33.676 24.9537 32.756C24.9537 32.626 25.0237 28.796 23.8437 23.736L23.7737 23.486C22.4237 17.696 18.8837 6.846 9.2737 0.466C8.7637 0.166 8.3137 -0.004 7.7937 -0.004H1.6037C0.7237 -0.004 0.0037 0.726 0.0037 1.616C0.0037 2.516 0.7237 3.236 1.6037 3.236H7.6337C9.1037 4.266 10.4037 5.376 11.5837 6.576C11.7037 6.686 11.7137 6.826 11.6237 6.976L6.7537 15.286C6.0837 16.436 6.9037 17.716 8.1337 17.716H14.5237L11.1437 23.896L11.0037 24.156L6.7237 32.006C6.2937 32.796 6.5637 33.796 7.3537 34.206C8.0837 34.586 9.0737 34.416 9.5537 33.566ZM5.5637 11.186C7.3237 11.186 8.7637 9.736 8.7637 7.956C8.7637 6.196 7.3237 4.746 5.5637 4.746C3.7737 4.746 2.3337 6.196 2.3337 7.956C2.3337 9.736 3.7737 11.186 5.5637 11.186ZM10.8037 14.586L11.8037 12.866C11.9537 12.596 12.1937 12.656 12.3037 12.826L13.4937 14.586Z","geometry":{"width":24.951913621690544,"height":34.39895546370531}}