{"path":"M0.0434 13.0864L0.8734 18.1464C1.2134 20.1764 4.0234 19.7564 3.6934 17.7464L2.9934 13.4764L5.7734 12.3964C6.1434 12.2664 6.4634 12.3364 6.6334 12.6764L9.2434 17.8564C10.0534 19.4564 10.7234 19.9464 11.3734 20.4264L19.8934 26.6864C21.5334 27.8764 23.4834 25.4964 21.6534 24.1564L15.0234 19.3064C14.7834 19.1164 14.8034 18.7864 15.0834 18.6364L19.5234 16.0764L25.3934 18.8664C27.2234 19.7464 28.6934 17.1464 26.5534 16.1164L20.2334 13.1164C19.4534 12.7464 18.6934 12.8364 17.9934 13.2464L15.0234 14.9664C14.7234 15.1664 14.5034 15.0964 14.3834 14.8464L12.0034 9.9764C11.8134 9.5964 11.8834 9.2164 12.2734 9.0364L14.4534 8.0564C15.2034 7.6964 15.4934 7.4064 15.7134 6.6864L17.0734 1.8964C17.6534 -0.0836 14.9734 -0.8036 14.3934 1.1664L13.0734 5.7964L1.0834 11.0564C0.2034 11.4464 -0.1266 12.1164 0.0434 13.0864ZM5.5734 7.1764C7.3534 7.1764 8.7934 5.7464 8.7934 3.9664C8.7934 2.1864 7.3534 0.7364 5.5734 0.7364C3.8034 0.7364 2.3634 2.1864 2.3634 3.9664C2.3634 5.7464 3.8034 7.1764 5.5734 7.1764Z","geometry":{"width":27.613002011407016,"height":27.010769409918005}}