{"path":"M23.6437 6.439C25.4137 6.439 26.8637 4.999 26.8637 3.229C26.8637 1.449 25.4137 -0.001 23.6437 -0.001C21.8637 -0.001 20.4137 1.449 20.4137 3.229C20.4137 4.999 21.8637 6.439 23.6437 6.439ZM13.6437 25.469C14.5737 25.469 15.3037 24.709 15.3037 23.789V17.229C15.3037 16.559 14.9837 16.079 14.6037 15.699L10.4637 11.539L15.3137 10.299C15.5537 10.239 15.7337 10.409 15.7337 10.619V13.299C15.7337 13.739 15.9037 14.169 16.2137 14.479L20.7137 18.979C21.3537 19.619 22.4037 19.619 23.0537 18.979C23.7037 18.349 23.7037 17.269 23.0537 16.629L19.0437 12.629V10.269L21.0137 12.519C21.3437 12.889 21.7937 13.099 22.2537 13.099H29.0137C29.9237 13.099 30.6537 12.359 30.6537 11.429C30.6537 10.509 29.9237 9.799 29.0137 9.799H23.0137L19.4837 5.719C18.3237 4.389 16.5437 3.859 14.8437 4.279L7.1737 6.209C4.0337 6.999 3.4737 10.909 5.9637 12.929L11.9937 17.839V23.789C11.9937 24.709 12.7237 25.469 13.6437 25.469ZM0.4937 24.979C1.1337 25.619 2.1837 25.619 2.8337 24.979L8.0837 19.739C8.3937 19.429 8.4737 19.129 8.5537 18.659L8.8337 17.209L5.2537 14.299V17.869L0.4937 22.629C-0.1663 23.269 -0.1663 24.339 0.4937 24.979Z","geometry":{"width":30.65234375,"height":25.470703125}}