{"path":"M0.0037 29.8876C0.0037 30.8676 0.8037 31.6676 1.7737 31.6676C2.7637 31.6676 3.5637 30.8676 3.5637 29.8876V1.7876C3.5637 0.8076 2.7637 -0.0024 1.7737 -0.0024C0.8037 -0.0024 0.0037 0.8076 0.0037 1.7876ZM19.2337 6.4576C21.0137 6.4576 22.4637 5.0176 22.4637 3.2376C22.4637 1.4676 21.0137 0.0276 19.2337 0.0276C17.4637 0.0276 16.0237 1.4676 16.0237 3.2376C16.0237 5.0176 17.4637 6.4576 19.2337 6.4576ZM22.2737 30.3676C23.2137 32.2776 26.0537 31.0876 25.0337 29.0076L22.1437 23.1876C21.9337 22.7376 21.6337 22.2676 21.3437 21.8476L19.5637 19.3176L19.6637 19.0076C20.1237 17.4976 20.3437 16.6076 20.4437 15.1776L20.7237 11.0876C20.8737 9.0376 19.6437 7.5376 17.6137 7.5376C16.0637 7.5376 15.0237 8.3276 13.6437 9.6676L11.4837 11.7876C10.7737 12.4976 10.5137 13.0876 10.4437 14.0576L10.1737 17.4076C10.1037 18.3076 10.6337 18.9676 11.4837 19.0076C12.3437 19.0576 12.8937 18.5276 12.9637 17.5676L13.2737 13.9576L14.1937 13.1376C14.4937 12.8676 14.9137 13.0276 14.8937 13.3976L14.6737 16.3276C14.5437 17.8676 14.8937 18.6576 16.0237 20.0676L18.8837 23.6676C19.1537 24.0076 19.1937 24.1276 19.3137 24.3776ZM27.3037 13.0576H24.1037L22.2537 11.0176L21.9937 14.7376L22.4637 15.2176C22.9437 15.6976 23.3837 15.8576 24.2637 15.8576H27.3037C28.2337 15.8576 28.8437 15.3076 28.8437 14.4476C28.8437 13.6176 28.2237 13.0576 27.3037 13.0576ZM12.1437 30.8176L16.3837 25.7576C16.8137 25.2376 16.8937 25.0976 17.0637 24.5976L17.2437 24.0376L14.7937 20.9576L14.1637 23.8676L9.9937 28.8076C8.5437 30.5476 10.9337 32.2376 12.1437 30.8176Z","geometry":{"width":28.84765625,"height":31.6640625}}