{"path":"M14.9016 8.9277L18.7816 5.4377C19.3016 4.9777 19.2916 4.3077 18.7816 3.8377L14.9016 0.3577C14.0816 -0.3823 12.9816 0.0777 12.9816 1.2577V3.2777H8.8416C8.0416 3.2777 7.4916 3.8877 7.4916 4.6377C7.4916 5.3977 8.0416 5.9977 8.8416 5.9977H12.9816V8.0977C12.9816 9.1977 14.1216 9.6277 14.9016 8.9277ZM27.6416 8.6677C29.8816 8.6677 31.6716 6.8177 31.6716 4.6577C31.6716 2.4177 29.8816 0.5977 27.6416 0.5977C25.4116 0.5977 23.6416 2.4177 23.6416 4.6577C23.6416 6.8477 25.4116 8.6677 27.6416 8.6677ZM0.3416 14.6577L3.8116 18.5277C4.2916 19.0577 4.9616 19.0477 5.4216 18.5277L8.9016 14.6577C9.6416 13.8377 9.1716 12.7377 7.9916 12.7377H5.9816V8.5977C5.9816 7.7977 5.3816 7.2477 4.6216 7.2477C3.8716 7.2477 3.2616 7.7977 3.2616 8.5977V12.7377H1.1716C0.0616 12.7377 -0.3584 13.8777 0.3416 14.6577ZM3.9316 29.8577C4.7716 30.7177 6.1416 30.6477 7.1516 29.5977L13.3916 23.1377C13.6416 22.8977 13.8016 22.8577 14.1516 22.9977L18.8416 24.7477C21.9816 25.9377 25.2816 24.7077 26.7516 22.0277L29.7116 16.6477C30.9816 14.3577 30.5516 12.0877 28.4116 10.9077C26.3116 9.7477 24.1516 10.6077 22.8816 12.9177L18.8216 20.2877L15.4516 19.0477C13.6016 18.3477 12.0316 18.5777 10.5416 20.1277L4.0716 26.8477C3.0916 27.8777 3.1816 29.1077 3.9316 29.8577Z","geometry":{"width":31.675710686476705,"height":30.452603298175262}}