{"path":"M19.1398 6.4365C20.8998 6.4365 22.3498 4.9865 22.3498 3.2165C22.3498 1.4365 20.8998 -0.0035 19.1398 -0.0035C17.3498 -0.0035 15.9098 1.4365 15.9098 3.2165C15.9098 4.9865 17.3498 6.4365 19.1398 6.4365ZM11.9598 28.3865C12.8698 28.3865 13.5898 27.6465 13.5898 26.7665V19.3865C13.5898 19.0065 13.4498 18.6665 13.2198 18.3765L9.9098 14.3165C9.7598 14.1265 9.7998 13.9165 9.9898 13.8265L13.9898 11.7465C14.1898 11.6365 14.3998 11.7065 14.4398 11.9465L14.7898 14.3965C14.8798 14.9965 15.2298 15.4265 15.8498 15.7365L19.8498 17.7465C21.0398 18.3365 21.9598 17.8665 22.2898 17.1165C22.5998 16.4065 22.3798 15.4365 21.3798 14.9165L17.8698 13.1365L17.3098 8.9565C16.9898 6.5865 14.3598 5.1265 11.8698 6.4265L6.5798 9.1865C4.0498 10.5165 3.7098 13.4165 5.5898 15.2965L10.3798 20.0665V26.7665C10.3798 27.6465 11.0998 28.3865 11.9598 28.3865ZM0.6798 19.5765C1.2398 20.5865 2.3098 20.9365 3.3598 20.7165L6.5798 30.3065L4.0698 31.9365C3.3498 32.4065 3.5798 33.5365 4.4598 33.5365H19.3998C20.2598 33.5365 20.4898 32.3865 19.7798 31.9365L17.3198 30.3365L20.5898 20.3565C20.7798 19.7965 20.4898 19.1265 19.9298 18.9665C19.3198 18.7665 18.7398 19.1165 18.5498 19.6565L16.9098 24.5965C16.3698 23.7165 15.5898 22.9965 14.6698 22.5065V25.4565C15.1898 26.0265 15.4598 26.7965 15.4598 27.6765C15.4598 29.6565 13.9198 31.1965 11.9198 31.1965C9.9798 31.1965 8.3898 29.6165 8.3898 27.6765C8.3898 26.7865 8.7398 25.9765 9.2998 25.3765V22.4665C8.3398 22.9365 7.5298 23.6765 6.9698 24.5865L5.5198 20.2465L6.4798 20.0465C6.9698 19.9365 7.2898 19.5465 7.2898 19.0265C7.2898 18.5165 6.9298 18.1265 6.4398 18.0465L1.2398 17.1565C0.2298 16.9665 -0.3002 17.8265 0.1798 18.6665Z","geometry":{"width":22.41831689302028,"height":33.537109375}}