{"path":"M20.0158 33.9379C20.9158 33.9379 21.6358 33.2379 21.6358 32.3379V1.5879C21.6358 0.6979 20.9158 -0.0021 20.0158 -0.0021C19.1258 -0.0021 18.4158 0.6979 18.4158 1.5879V32.3379C18.4158 33.2379 19.1258 33.9379 20.0158 33.9379ZM7.3858 8.6579C8.9258 8.6579 10.1758 7.4079 10.1758 5.8679C10.1758 4.3379 8.9258 3.0879 7.3858 3.0879C5.8558 3.0879 4.6058 4.3379 4.6058 5.8679C4.6058 7.4079 5.8558 8.6579 7.3858 8.6579ZM32.1058 8.6579C33.6458 8.6579 34.8758 7.4079 34.8758 5.8679C34.8758 4.3379 33.6458 3.0879 32.1058 3.0879C30.5758 3.0879 29.3258 4.3379 29.3258 5.8679C29.3258 7.4079 30.5758 8.6579 32.1058 8.6579ZM5.7258 30.7779C6.4558 30.7779 7.0258 30.1979 7.0258 29.4679V24.4579C7.0258 24.2579 7.1958 24.0879 7.3858 24.0879C7.5758 24.0879 7.7358 24.2579 7.7358 24.4579V29.4679C7.7358 30.1979 8.3158 30.7779 9.0358 30.7779C9.7658 30.7779 10.3558 30.1979 10.3558 29.4679V24.4579H11.8058C12.4958 24.4579 12.7958 23.8579 12.5758 23.1779L10.0958 15.1779C9.9158 14.5779 10.7258 14.3279 10.8958 14.9479L12.4758 19.9779C12.9658 21.5079 15.1758 20.9079 14.6958 19.3579L13.2458 14.6979C12.2958 11.6379 11.3058 9.9579 8.0658 9.9579H6.7058C3.4658 9.9579 2.4758 11.6379 1.5158 14.6979L0.0658 19.3579C-0.4242 20.9079 1.8058 21.5079 2.2858 19.9779L3.8558 14.9479C4.0458 14.3279 4.8558 14.5779 4.6758 15.1779L2.1758 23.1779C1.9758 23.8579 2.2758 24.4579 2.9658 24.4579H4.4158V29.4679C4.4158 30.1979 5.0058 30.7779 5.7258 30.7779ZM30.4458 30.7779C31.1758 30.7779 31.7458 30.1979 31.7458 29.4679V20.7079C31.7458 20.5179 31.9158 20.3579 32.1058 20.3579C32.2958 20.3579 32.4558 20.5179 32.4558 20.7079V29.4679C32.4558 30.1979 33.0458 30.7779 33.7558 30.7779C34.4958 30.7779 35.0558 30.1979 35.0558 29.4679V15.1179C35.0558 14.9179 35.2258 14.7679 35.4158 14.7679C35.6058 14.7679 35.7658 14.9179 35.7658 15.1179V19.8379C35.7658 20.4979 36.3058 21.0379 36.9758 21.0379C37.6258 21.0379 38.1558 20.4979 38.1558 19.8379V14.5579C38.1558 11.7979 36.0458 9.9579 33.0458 9.9579H31.1558C28.1558 9.9579 26.0458 11.7979 26.0458 14.5579V19.8379C26.0458 20.4979 26.5758 21.0379 27.2458 21.0379C27.9058 21.0379 28.4358 20.4979 28.4358 19.8379V15.1179C28.4358 14.9179 28.5858 14.7679 28.7858 14.7679C28.9858 14.7679 29.1358 14.9179 29.1358 15.1179V29.4679C29.1358 30.1979 29.7158 30.7779 30.4458 30.7779Z","geometry":{"width":38.16036691136513,"height":33.93359375}}