{"path":"M24.1537 6.442C25.9337 6.442 27.3837 4.992 27.3837 3.212C27.3837 1.432 25.9337 0.002 24.1537 0.002C22.3837 0.002 20.9437 1.432 20.9437 3.212C20.9437 4.992 22.3837 6.442 24.1537 6.442ZM13.5537 26.902C14.1537 27.232 15.2037 27.102 15.6537 26.192L19.1837 19.172C19.4737 18.552 19.3737 17.842 18.8837 17.352L14.7937 13.252L16.5437 12.372L23.2437 19.072V19.482C23.2437 20.342 23.9637 21.052 24.8237 21.052C24.9537 21.052 25.0737 21.042 25.1837 21.012L30.3937 26.212C30.6837 26.512 30.9237 26.562 31.2137 26.562H35.4737C36.0237 26.562 36.5137 26.082 36.5137 25.512V24.802C36.5137 24.242 36.0237 23.752 35.4737 23.752H30.9137L26.3837 19.232V12.842C26.3837 12.432 26.2937 12.042 25.9337 11.702L19.5737 5.372C18.8237 4.622 17.8237 4.222 16.7937 4.222H11.3737C9.8137 4.222 9.3537 5.932 10.3037 6.872L11.8437 8.382L11.3637 8.582C8.7137 9.692 7.9137 13.192 10.4337 15.042L15.7737 18.952L12.8537 24.802C12.4537 25.562 12.7837 26.512 13.5537 26.902ZM19.9637 10.662C20.1637 10.542 20.3537 10.582 20.5237 10.742L23.2437 13.482V16.102L18.5237 11.392ZM1.5537 21.452H8.6137C9.2437 21.452 9.7637 21.052 10.0037 20.562L11.4537 17.662L9.5437 16.252C9.1337 15.952 8.7737 15.622 8.4937 15.272L7.4937 18.302H1.5537C0.6937 18.302 0.0037 19.002 0.0037 19.882C0.0037 20.742 0.6937 21.452 1.5537 21.452Z","geometry":{"width":36.517578125,"height":27.068594040936816}}