{"path":"M5.3837 2.0755H19.3737C19.2637 0.7355 18.4337 -0.0045 16.9937 -0.0045H7.7637C6.3337 -0.0045 5.4937 0.7355 5.3837 2.0755ZM3.0937 6.3855H21.6737C21.4937 4.9755 20.7237 4.1255 19.1037 4.1255H5.6737C4.0337 4.1255 3.2637 4.9755 3.0937 6.3855ZM4.8237 33.5055H20.4137C23.3137 33.5055 25.0237 31.8055 25.0237 28.7155V13.2855C25.0237 10.1855 23.3137 8.4855 20.1937 8.4855H4.8237C1.7137 8.4855 0.0037 10.1855 0.0037 13.2855V28.7155C0.0037 31.8155 1.7137 33.5055 4.8237 33.5055ZM14.2437 16.2455C13.2737 16.2455 12.4937 15.4455 12.4937 14.5055C12.4937 13.5355 13.2737 12.7455 14.2437 12.7455C15.2137 12.7455 16.0137 13.5355 16.0137 14.5055C16.0137 15.4455 15.2137 16.2455 14.2437 16.2455ZM6.9637 29.4655C6.4837 29.4655 6.1437 29.0655 6.1437 28.6155C6.1437 28.3855 6.2337 28.1655 6.4537 27.9455L8.8837 25.5255L10.8037 18.7255C10.8537 18.5255 10.7737 18.4255 10.5837 18.4455L9.5037 18.4855L9.2237 20.5255C9.1637 21.0455 8.7937 21.3255 8.3237 21.2855C7.7837 21.2455 7.4937 20.8655 7.5837 20.3155L7.9437 17.6355C8.0137 17.1555 8.3237 16.8255 8.7937 16.7855L11.8537 16.5655C13.1137 16.4755 13.9837 16.8555 14.6537 17.8055L15.9437 19.5955L17.7637 18.7855C18.2537 18.5755 18.6637 18.7455 18.8537 19.1555C19.0537 19.5955 18.9037 20.0455 18.4337 20.2455L15.9237 21.3455C15.5437 21.4955 15.1637 21.3855 14.9337 21.0555L14.2637 20.1155C14.1337 19.9455 13.9637 19.9755 13.9037 20.1555L13.4237 21.8355L16.0537 23.5455C16.3537 23.7455 16.5337 23.9755 16.5337 24.2855C16.5337 24.5555 16.4237 24.7555 16.1837 24.9555L13.6837 27.1155C13.4137 27.3255 13.1837 27.4355 12.8937 27.4355C12.4237 27.4355 12.0737 27.0555 12.0737 26.5955C12.0737 26.3355 12.2137 26.0855 12.4237 25.9055L14.1637 24.4355L12.2937 23.3555C11.9537 23.1355 11.6637 23.2155 11.5437 23.5455L10.5237 26.1255C10.4037 26.4455 10.3537 26.5555 10.1337 26.7455L7.7637 29.0555C7.5237 29.3155 7.2637 29.4655 6.9637 29.4655Z","geometry":{"width":25.01953125,"height":33.509765625}}