{"path":"M12.0337 0.9988C12.0337 1.5487 12.4737 1.9788 13.0137 1.9788C14.2437 1.9788 14.9437 2.1988 15.7237 3.0388C16.0537 3.4088 16.4237 3.5987 16.8037 3.5987C17.1837 3.5987 17.5537 3.4088 17.8837 3.0388C18.6637 2.1988 19.3437 1.9788 20.5937 1.9788C21.1337 1.9788 21.5737 1.5487 21.5737 0.9988C21.5737 0.4387 21.1337 -0.0012 20.5737 -0.0012C19.0337 -0.0012 17.9537 0.3687 16.8037 1.3687C15.6537 0.3687 14.5737 -0.0012 13.0137 -0.0012C12.4737 -0.0012 12.0337 0.4387 12.0337 0.9988ZM16.8037 17.9688C19.0337 17.9688 19.9837 16.2287 22.6137 15.8088L12.5537 5.3287C11.8837 4.6187 10.8537 4.5388 10.0237 5.1288L4.4937 9.0488C3.4637 9.7788 3.5637 10.8788 4.1737 11.5488C4.6737 12.1088 5.5737 12.3288 6.4537 11.7288L10.8237 8.6388L13.1837 11.0588C13.4637 11.3588 13.4937 11.7488 13.0937 12.0087L6.9437 16.0388C7.6837 15.8288 8.6137 15.6988 9.9137 15.7088C13.3437 15.7788 14.2737 17.9688 16.8037 17.9688ZM22.7137 12.0188C24.4837 12.0188 25.9237 10.5688 25.9237 8.7888C25.9237 7.0087 24.4837 5.5787 22.7137 5.5787C20.9337 5.5787 19.4837 7.0087 19.4837 8.7888C19.4837 10.5688 20.9337 12.0188 22.7137 12.0188ZM0.9937 22.0388H2.5137C6.4137 22.0388 7.2037 19.7388 9.6537 19.7388C11.8837 19.7388 12.8937 22.0388 16.8037 22.0388C20.7037 22.0388 21.7237 19.7388 23.9437 19.7388C26.4037 19.7388 27.1937 22.0388 31.0937 22.0388H32.6037C33.1637 22.0388 33.6037 21.5988 33.6037 21.0388C33.6037 20.4988 33.1637 20.0588 32.6037 20.0588H31.0937C28.5337 20.0588 27.6837 17.7588 23.9437 17.7588C20.4437 17.7588 19.3437 20.0588 16.8037 20.0588C14.2637 20.0588 13.1637 17.7588 9.6537 17.7588C5.9237 17.7588 5.0537 20.0588 2.5137 20.0588H0.9937C0.4337 20.0588 0.0037 20.4988 0.0037 21.0388C0.0037 21.5988 0.4337 22.0388 0.9937 22.0388ZM0.9937 26.1988H2.5137C6.4137 26.1988 7.2037 23.8988 9.6537 23.8988C11.8837 23.8988 12.8937 26.1988 16.8037 26.1988C20.7037 26.1988 21.7237 23.8988 23.9437 23.8988C26.4037 23.8988 27.1937 26.1988 31.0937 26.1988H32.6037C33.1637 26.1988 33.6037 25.7488 33.6037 25.1988C33.6037 24.6488 33.1637 24.2087 32.6037 24.2087H31.0937C28.5337 24.2087 27.4437 21.9188 23.9437 21.9188C20.6837 21.9188 19.3437 24.2087 16.8037 24.2087C14.2637 24.2087 12.9237 21.9188 9.6537 21.9188C6.1537 21.9188 5.0537 24.2087 2.5137 24.2087H0.9937C0.4337 24.2087 0.0037 24.6488 0.0037 25.1988C0.0037 25.7488 0.4337 26.1988 0.9937 26.1988Z","geometry":{"width":33.60546875,"height":26.1953125}}