{"path":"M10.2406 6.4356C12.0006 6.4356 13.4506 5.0056 13.4506 3.2156C13.4506 1.4456 12.0006 -0.0044 10.2406 -0.0044C8.4506 -0.0044 7.0106 1.4456 7.0106 3.2156C7.0106 5.0056 8.4506 6.4356 10.2406 6.4356ZM16.6906 34.0656C17.5906 34.0656 18.2906 33.3556 18.2906 32.4756V24.4956C18.2906 24.1056 18.1006 23.5656 17.5906 23.2256L12.5206 19.8656V11.4156C12.5206 11.1956 12.6706 11.0556 12.8806 11.0556H23.8806C24.7806 11.0556 25.4806 10.3356 25.4806 9.4656C25.4806 8.5856 24.7806 7.8656 23.8806 7.8656H8.0106C6.6006 7.8656 5.8106 8.3856 5.1006 9.2556L1.3506 13.8656C0.3806 15.0656 1.1706 16.8156 2.4806 16.8156H6.4606V18.6356C6.4606 20.0156 7.2306 21.2856 8.4506 21.9556L15.0906 25.5256V32.4756C15.0906 33.3556 15.8106 34.0656 16.6906 34.0656ZM5.3106 13.7956L6.6306 12.1656V13.7956ZM0.3806 33.5256C0.9806 34.2056 1.9806 34.2656 2.6606 33.6556L8.3106 28.7256C8.6006 28.4756 8.7306 28.3256 8.8406 28.0256L10.2106 24.6056L7.7306 23.2856C7.4906 23.1456 7.2606 22.9456 7.0206 22.7056L5.9406 26.5556L0.5306 31.2856C-0.1094 31.8456 -0.1794 32.8856 0.3806 33.5256Z","geometry":{"width":25.48126263559251,"height":34.07640161960346}}