{"path":"M18.4619 6.441C20.2319 6.441 21.6819 4.991 21.6819 3.211C21.6819 1.431 20.2319 0.001 18.4619 0.001C16.6819 0.001 15.2319 1.431 15.2319 3.211C15.2319 4.991 16.6819 6.441 18.4619 6.441ZM4.2919 16.911C5.2519 17.351 6.1019 16.921 6.4719 16.191L9.0119 11.111H11.9119C12.1819 11.111 12.3219 11.351 12.2019 11.571L9.5319 16.871C8.4819 18.951 9.7619 21.601 12.5219 21.421L19.5419 20.991L16.9519 26.711C16.5819 27.551 16.9419 28.591 17.7919 28.901C18.7019 29.241 19.5219 28.971 19.9319 28.051L23.6819 19.851C24.1319 18.851 23.4919 17.511 22.2219 17.511H15.8719L18.6519 11.981C18.7419 11.781 18.9819 11.731 19.1419 11.891L22.5019 15.121C23.2819 15.861 24.6419 15.741 25.1619 14.701L28.1219 8.711C28.5319 7.901 28.2719 6.901 27.4019 6.491C26.5819 6.111 25.5919 6.421 25.1819 7.251L23.2119 11.161L21.6819 9.621C20.5119 8.451 19.2519 7.831 17.3519 7.831H8.0019C7.3819 7.831 6.8119 8.201 6.5419 8.741L3.5319 14.721C3.1219 15.541 3.4319 16.501 4.2919 16.911ZM0.1619 31.291C0.7019 32.371 1.8219 32.371 2.3519 32.141L9.7819 28.921C10.1319 28.761 10.4319 28.491 10.6119 28.141L13.1919 22.901L12.6119 22.941C11.2919 23.021 10.1919 22.641 9.3719 22.001L7.8219 26.151L1.0319 29.081C0.1619 29.451 -0.2581 30.431 0.1619 31.291ZM25.2119 32.781C27.0219 32.781 28.4619 31.361 28.4619 29.541C28.4619 27.751 27.0219 26.301 25.2119 26.301C23.4219 26.301 21.9819 27.751 21.9819 29.541C21.9819 31.361 23.4219 32.781 25.2119 32.781Z","geometry":{"width":28.466789038483842,"height":32.78515625}}