{"path":"M12.0037 25.2232L17.1137 28.9532L14.1337 34.9132C13.7437 35.6832 14.0537 36.6532 14.8437 37.0632C15.6037 37.4232 16.5737 37.1632 16.9637 36.3432L20.5337 29.2332C20.8237 28.6432 20.7937 27.8632 20.2037 27.3032L17.8037 25.0332H21.9737C22.8837 25.0332 23.5837 24.3332 23.5837 23.4632V17.7232C23.5837 15.2732 21.6037 13.2732 19.1237 13.2732H14.4637V11.8932L14.9137 10.2832C15.0837 9.6632 14.9037 9.0332 14.4637 8.6532V6.2432C15.2337 5.1932 15.9937 3.7032 15.9937 2.6232C15.9937 1.0932 14.9337 0.0032 13.4137 0.0032C11.8637 0.0032 10.7837 1.0932 10.7837 2.6232C10.7837 3.8032 11.5537 5.3032 12.3337 6.2932V8.6832C12.1237 8.8632 11.9737 9.1232 11.8937 9.4032L10.4637 14.4132C10.1737 15.4532 10.8137 16.4332 11.9237 16.4332H12.3337V18.6532C9.9137 20.0532 9.6637 23.5132 12.0037 25.2232ZM24.8937 13.9332C26.6637 13.9332 28.1137 12.4832 28.1137 10.7032C28.1137 8.9232 26.6637 7.4932 24.8937 7.4932C23.1037 7.4932 21.6737 8.9232 21.6737 10.7032C21.6737 12.4832 23.1037 13.9332 24.8937 13.9332ZM16.3537 16.4332C16.4237 16.4332 16.4637 16.5432 16.3937 16.5832L14.4637 17.5732V16.4332ZM17.8537 22.0132L20.2937 20.8532C20.4137 20.7932 20.5637 20.8632 20.5637 21.0132V22.0132ZM9.7637 25.0632L8.6837 28.2832H1.6137C0.7237 28.2832 0.0037 29.0132 0.0037 29.8832C0.0037 30.7932 0.7237 31.5132 1.6137 31.5132H9.8137C10.4137 31.5132 11.0037 31.1432 11.2837 30.5932L12.7437 27.6332L11.1137 26.4532C10.5537 26.0432 10.1137 25.5832 9.7637 25.0632Z","geometry":{"width":28.109375,"height":37.219834150345314}}