{"path":"M23.4337 6.4488C25.1937 6.4488 26.6437 4.9888 26.6437 3.2288C26.6437 1.4588 25.1937 -0.0012 23.4337 -0.0012C21.6737 -0.0012 20.2037 1.4588 20.2037 3.2288C20.2037 4.9888 21.6737 6.4488 23.4337 6.4488ZM1.0537 10.5288H9.6637C8.5537 11.7688 8.6137 13.7588 9.8137 14.9588L12.2737 17.3888V18.8388L10.1137 16.6888C9.7037 16.2688 9.0237 16.2688 8.6237 16.6888C8.2137 17.0888 8.2337 17.7588 8.6237 18.1688L12.2737 21.8088V23.2288L6.4837 17.4488C6.0537 17.0188 5.3837 17.0188 4.9937 17.4488C4.5837 17.8388 4.5837 18.5088 4.9937 18.9188L20.2237 34.1688C21.1337 35.0788 22.1937 35.4488 23.3837 35.4488C23.9637 35.4488 24.4337 34.9688 24.4337 34.3888C24.4337 34.1288 24.3337 33.8888 24.1837 33.7188C25.0237 34.4088 25.9737 34.6988 27.0337 34.6988C27.6037 34.6988 28.0837 34.2188 28.0837 33.6288C28.0837 33.0588 27.6037 32.5788 27.0337 32.5788C26.1437 32.5788 25.8537 32.3988 25.1337 31.6888L19.2237 25.7888C19.4137 25.5288 19.5237 25.2088 19.5237 24.8688V18.0788C19.5237 17.6488 19.3637 17.2288 19.0737 16.9388L15.4537 13.3588L18.6637 10.1188C18.8237 9.9488 19.0537 9.9488 19.2137 10.1188L21.5237 12.4588C21.8037 12.7588 22.2437 12.9088 22.6437 12.9088H28.9037V25.1188C28.9037 25.6888 29.3837 26.1688 29.9537 26.1688C30.5437 26.1688 31.0237 25.6888 31.0237 25.1188V11.5488C31.0337 11.4888 31.0337 11.3888 31.0337 11.3088C31.0337 10.4288 30.3237 9.7088 29.4337 9.7088H23.3137L18.3037 4.6888C17.6537 4.0188 16.6837 3.6188 15.7337 3.6188H10.4137C8.8337 3.6188 8.3537 5.3888 9.3537 6.3888L11.4037 8.4188H1.0537C0.4737 8.4188 0.0037 8.8988 0.0037 9.4788C0.0037 10.0488 0.4737 10.5288 1.0537 10.5288ZM15.4737 17.9088L16.3137 18.7488V22.8888L15.4737 22.0388ZM23.3837 33.3288C22.4937 33.3288 22.2037 33.1588 21.4737 32.4388L15.1737 26.1288C15.3637 25.8688 15.4737 25.5388 15.4737 25.1988V25.0188L23.8737 33.4188C23.8937 33.4588 23.9437 33.4788 23.9637 33.5088C23.8037 33.3988 23.5937 33.3288 23.3837 33.3288Z","geometry":{"width":31.03515625,"height":35.451171875}}