{"path":"M3.4339 34.7448C4.3239 34.8948 5.1239 34.3348 5.3039 33.4148L6.6139 26.3048L11.9339 23.4048C12.1239 23.2948 12.3039 23.3348 12.3839 23.5248L15.1339 30.1448C15.3039 30.5448 15.6139 30.8348 15.9439 31.0048L22.3039 34.5348C23.2139 35.0448 24.1439 34.6448 24.5139 33.9348C24.9539 33.1648 24.6639 32.1448 23.8839 31.7148L18.0239 28.4648L14.0239 12.4848C13.7639 11.4448 12.8839 10.7048 11.7739 10.7048H3.4139L7.4539 2.1348C8.0439 0.8648 7.1339 0.0048 6.1839 0.0048C5.6439 0.0048 5.1039 0.2748 4.8539 0.9248L0.1239 13.1548C-0.1461 13.8648 0.0539 14.5148 0.5039 14.9848L4.0239 18.4948C4.6339 19.1148 5.6739 19.1148 6.2939 18.4948L7.8339 16.9548C7.9939 16.7848 8.2039 16.8148 8.2539 17.0348L9.0639 20.2748L4.1839 23.9348C3.7839 24.2448 3.6239 24.7048 3.5239 25.1248L2.1339 32.8448C1.9739 33.7148 2.5539 34.5748 3.4339 34.7448ZM11.2339 9.2948C13.0139 9.2948 14.4539 7.8448 14.4539 6.0748C14.4539 4.3048 13.0139 2.8548 11.2339 2.8548C9.4639 2.8548 8.0139 4.3048 8.0139 6.0748C8.0139 7.8448 9.4639 9.2948 11.2339 9.2948ZM6.5539 13.7948L5.1539 15.2048L3.7439 13.7948Z","geometry":{"width":24.71891433805817,"height":34.764532659493334}}