{"path":"M13.2437 6.4377C15.0237 6.4377 16.4637 4.9877 16.4637 3.2177C16.4637 1.4477 15.0237 -0.0023 13.2437 -0.0023C11.4737 -0.0023 10.0337 1.4477 10.0337 3.2177C10.0337 4.9877 11.4737 6.4377 13.2437 6.4377ZM0.5637 33.9377C1.2337 34.5077 2.2237 34.4677 2.8437 33.7877L7.8637 28.0577C8.1337 27.7277 8.3137 27.3577 8.3537 26.9177L8.9237 21.2777C8.9537 20.9877 9.2537 20.8877 9.4337 21.1077L13.0937 25.3377V32.7277C13.0937 33.6077 13.8237 34.3477 14.7137 34.3477C15.5837 34.3477 16.3337 33.6077 16.3337 32.7277V24.7977C16.3337 24.3477 16.1837 24.0477 15.9937 23.7777L11.7737 17.5777L13.8237 11.4277C13.9137 11.1577 14.0537 11.0877 14.3437 11.0877H23.4037C23.7637 11.9477 24.6137 12.5677 25.6037 12.5677C26.8937 12.5677 27.9437 11.5077 27.9437 10.1877C27.9437 8.8977 26.8937 7.8477 25.6237 7.8477C25.6037 7.8477 25.6037 7.8477 25.6037 7.8477H8.6537C7.4337 7.8477 6.4237 8.2077 5.4437 9.1877L2.6637 11.9777C1.6437 13.0177 2.2037 14.7277 3.6337 14.7277H6.0337L5.5337 16.2177C5.2337 17.1177 5.1037 18.0777 5.1037 18.9877V26.3077L0.4137 31.6677C-0.1963 32.3377 -0.1263 33.3477 0.5637 33.9377Z","geometry":{"width":27.945381020241218,"height":34.34375}}