{"path":"M5.9737 3.8273C7.0237 3.8273 7.9037 2.9773 7.9037 1.9173C7.9037 0.8473 7.0237 -0.0027 5.9737 -0.0027C4.8937 -0.0027 4.0637 0.8473 4.0637 1.9173C4.0637 2.9773 4.8937 3.8273 5.9737 3.8273ZM2.6237 31.4173L11.0737 33.5373C12.3837 33.8673 13.3037 32.8773 13.1137 31.6773L12.3437 26.4573H18.8137L23.9937 31.7173C24.6137 32.3373 25.6237 32.3373 26.2337 31.7173C26.8837 31.1173 26.8537 30.0773 26.2337 29.4673L20.7037 23.8973C20.3037 23.4973 20.0937 23.3673 19.4437 23.2973L13.4637 22.6773L11.9637 18.1673C11.8837 17.9073 12.0137 17.7373 12.2737 17.7973L23.3637 20.0173C24.1537 20.1673 25.0637 19.7273 25.2337 18.7573C25.3637 17.9073 24.8537 17.0773 23.9937 16.9073L8.6637 13.8473C7.3137 13.5773 6.6437 13.4073 6.0737 12.8373L3.1537 9.9573V3.4773C3.1537 2.5973 2.4637 1.8973 1.6037 1.8973C0.6837 1.8973 0.0037 2.5973 0.0037 3.4773V10.3873C0.0037 10.9873 0.0837 11.3773 0.5337 11.8373L3.8237 15.1173C4.4837 15.7873 4.5637 15.9973 4.7837 16.6773L9.1437 29.7873L3.3737 28.3273C2.5337 28.1073 1.6837 28.6473 1.4737 29.5073C1.2837 30.3373 1.7737 31.1973 2.6237 31.4173ZM10.3037 12.6973C12.0837 12.6973 13.5237 11.2473 13.5237 9.4773C13.5237 7.6973 12.0837 6.2573 10.3037 6.2573C8.5337 6.2573 7.0837 7.6973 7.0837 9.4773C7.0837 11.2473 8.5337 12.6973 10.3037 12.6973Z","geometry":{"width":26.708063527090168,"height":33.600955764100306}}