{"path":"M8.012 6.4351C9.792 6.4351 11.222 5.0051 11.222 3.2151C11.222 1.4451 9.792 -0.0049 8.012 -0.0049C6.232 -0.0049 4.782 1.4451 4.782 3.2151C4.782 5.0051 6.232 6.4351 8.012 6.4351ZM2.432 20.9551L4.752 19.5351V25.1651C5.742 24.7551 6.722 24.1551 7.952 23.7451L8.172 21.9251C8.192 21.7751 8.392 21.7551 8.452 21.8751L9.222 23.4351C9.642 23.3551 10.092 23.3151 10.592 23.3151C11.522 23.3151 12.252 23.4851 12.892 23.7651L11.212 19.3351V15.5751L32.222 2.6751C32.742 2.3651 32.882 1.7251 32.542 1.2151C32.252 0.7151 31.612 0.5651 31.112 0.8751L11.212 13.0851V10.8851C11.212 9.2451 10.052 7.8651 8.022 7.8651H7.352C6.202 7.8651 4.842 8.0251 3.632 9.2151L0.432 12.3851C-0.148 12.9751 -0.138 13.9751 0.432 14.5451L3.652 17.7151L1.312 19.1551C0.792 19.4651 0.652 20.1251 0.972 20.6351C1.282 21.1251 1.922 21.2751 2.432 20.9551ZM4.842 14.7551L3.562 13.4651L4.522 12.4951C4.642 12.3751 4.842 12.4551 4.842 12.6051ZM1.772 29.6851H3.292C7.192 29.6851 7.982 27.3851 10.442 27.3851C12.662 27.3851 13.682 29.6851 17.582 29.6851C21.492 29.6851 22.512 27.3851 24.732 27.3851C27.192 27.3851 27.972 29.6851 31.872 29.6851H33.402C33.942 29.6851 34.382 29.2351 34.382 28.6851C34.382 28.1351 33.942 27.6951 33.402 27.6951H31.872C29.322 27.6951 28.462 25.4051 24.732 25.4051C21.232 25.4051 20.142 27.6951 17.582 27.6951C15.042 27.6951 13.942 25.4051 10.442 25.4051C6.702 25.4051 5.852 27.6951 3.292 27.6951H1.772C1.232 27.6951 0.782 28.1351 0.782 28.6851C0.782 29.2351 1.232 29.6851 1.772 29.6851Z","geometry":{"width":34.38307171885551,"height":29.681640625}}