{"path":"M7.6037 38.8788C8.4237 38.8788 9.1237 38.1688 9.1237 37.3488V29.9988L9.6437 25.7988L10.1437 29.9988V37.3488C10.1437 38.1688 10.8537 38.8788 11.6737 38.8788C12.4937 38.8788 13.1937 38.1688 13.1937 37.3488V18.3088C13.1937 18.1188 13.3937 18.0988 13.4637 18.2388C14.9037 20.9088 15.9037 23.7388 16.3237 24.9688C16.5937 25.7488 17.4637 26.1788 18.2337 25.9088C18.8637 25.6988 19.2637 25.1388 19.2737 24.4988V13.7788C19.2737 5.1688 15.6937 -0.0012 9.6437 -0.0012C3.5937 -0.0012 0.0137 5.1688 0.0137 13.7788V24.3488C0.0037 24.3888 0.0037 24.4488 0.0037 24.4988C0.0037 25.1288 0.3937 25.6988 1.0237 25.9088C1.8037 26.1788 2.6837 25.7488 2.9537 24.9688C3.3637 23.7388 4.3737 20.9088 5.8137 18.2688C5.8937 18.0988 6.0837 18.1288 6.0837 18.3188V37.3488C6.0837 38.1688 6.7837 38.8788 7.6037 38.8788ZM9.6437 2.1088C14.3737 2.1088 17.1737 6.4988 17.1737 13.7788V18.9088C16.2437 16.9088 15.0637 14.7488 13.7837 13.2988C13.1537 12.5688 12.1837 12.1088 11.1437 12.1088H8.1337C7.0937 12.1088 6.1237 12.5688 5.4937 13.2988C4.2137 14.7488 3.0337 16.8988 2.1237 18.8988V13.7788C2.1237 6.4988 4.9037 2.1088 9.6437 2.1088ZM9.6437 10.8688C11.3937 10.8688 12.8237 9.4288 12.8237 7.6688C12.8237 5.9088 11.3937 4.4688 9.6437 4.4688C7.8637 4.4688 6.4437 5.9088 6.4437 7.6688C6.4437 9.4288 7.8637 10.8688 9.6437 10.8688Z","geometry":{"width":19.27734375,"height":38.8828125}}