{"path":"M13.1548 6.372C14.8948 6.372 16.3248 4.932 16.3248 3.172C16.3248 1.432 14.8948 0.002 13.1548 0.002C11.3948 0.002 9.9548 1.432 9.9548 3.172C9.9548 4.932 11.3948 6.372 13.1548 6.372ZM13.1548 19.662L16.4148 24.772L18.9248 31.732C19.2448 32.592 20.1048 32.882 20.7948 32.622C21.5548 32.362 21.9448 31.482 21.6748 30.732L19.1048 23.692L16.5648 16.722V10.402C16.5648 10.162 16.6748 9.952 16.9048 9.832L25.5348 5.232C26.2448 4.872 26.5248 3.982 26.1348 3.272C25.7448 2.542 24.8848 2.292 24.1748 2.662L15.8348 7.082C14.9248 7.562 14.0448 7.782 13.1548 7.782C12.2548 7.782 11.3848 7.562 10.4648 7.082L2.1348 2.662C1.4248 2.292 0.5548 2.542 0.1848 3.272C-0.2152 3.982 0.0548 4.872 0.7748 5.232L9.3948 9.832C9.6348 9.952 9.7348 10.162 9.7348 10.402V16.722L7.1948 23.692L4.6348 30.732C4.3648 31.482 4.7448 32.362 5.5048 32.622C6.2148 32.882 7.0748 32.592 7.3848 31.732L9.9048 24.772Z","geometry":{"width":26.31114603256323,"height":32.71327216802321}}