{"path":"M10.4365 0.3934C9.5065 -0.4266 8.2465 0.1034 8.2465 1.3334V3.6734H1.6165C0.6865 3.6734 0.0565 4.3534 0.0565 5.2334C0.0565 6.1034 0.6865 6.7934 1.6165 6.7934H8.2465V9.1034C8.2465 10.3834 9.5065 10.8834 10.4365 10.0734L14.8765 6.1534C15.4765 5.6134 15.4765 4.8334 14.8765 4.3034ZM24.2965 8.8834C26.5365 8.8834 28.3265 7.0334 28.3265 4.8734C28.3265 2.6334 26.5365 0.8134 24.2965 0.8134C22.0565 0.8134 20.2765 2.6334 20.2765 4.8734C20.2765 7.0634 22.0565 8.8834 24.2965 8.8834ZM0.5865 30.0734C1.4065 30.9334 2.7765 30.8634 3.7965 29.8134L10.0465 23.3534C10.2965 23.1134 10.4565 23.0734 10.7865 23.2134L15.4865 24.9634C18.6165 26.1534 21.9265 24.9234 23.4065 22.2434L26.3565 16.8634C27.6165 14.5734 27.1965 12.3034 25.0565 11.1234C22.9665 9.9634 20.8065 10.8234 19.5365 13.1334L15.4765 20.5034L12.0865 19.2634C10.2365 18.5634 8.6865 18.7934 7.1965 20.3434L0.7265 27.0634C-0.2635 28.0934 -0.1735 29.3234 0.5865 30.0734Z","geometry":{"width":28.32828540029392,"height":30.668310045523107}}