{"path":"M7.0037 6.4419C8.7637 6.4419 10.2137 4.9919 10.2137 3.2119C10.2137 1.4319 8.7637 0.0019 7.0037 0.0019C5.2237 0.0019 3.7737 1.4319 3.7737 3.2119C3.7737 4.9919 5.2237 6.4419 7.0037 6.4419ZM0.0037 19.3319C0.0037 20.1019 0.6137 20.7119 1.3837 20.7119C2.1437 20.7119 2.7637 20.1019 2.7637 19.3319V13.8919C2.7637 13.6719 2.9437 13.4819 3.1737 13.4819C3.3937 13.4819 3.5637 13.6719 3.5637 13.8919V30.4519C3.5637 31.2819 4.2337 31.9519 5.0737 31.9519C5.9037 31.9519 6.5937 31.2819 6.5937 30.4519V20.3419C6.5937 20.1119 6.7637 19.9319 7.0037 19.9319C7.2237 19.9319 7.4137 20.1119 7.4137 20.3419V30.4519C7.4137 31.2819 8.0837 31.9519 8.9137 31.9519C9.7437 31.9519 10.4137 31.2819 10.4137 30.4519V13.8919C10.4137 13.6719 10.5937 13.4819 10.8137 13.4819C11.0437 13.4819 11.2237 13.6719 11.2237 13.8919V19.3319C11.2237 20.1019 11.8437 20.7119 12.6037 20.7119C13.3737 20.7119 13.9837 20.1019 13.9837 19.3319V13.2519C13.9837 10.0519 11.5537 7.9319 8.0837 7.9319H5.9037C2.4337 7.9319 0.0037 10.0519 0.0037 13.2519Z","geometry":{"width":13.986328125,"height":31.951171875}}