{"path":"M14.7237 26.6094C15.4537 26.1594 16.2037 25.7894 16.9937 25.4894V20.2094C16.9937 20.0594 17.1137 19.9494 17.2637 19.9494H18.9737C19.8537 19.9494 20.5737 19.2294 20.5737 18.3494V10.5894L21.3737 9.7894V15.0594C21.3737 15.9594 22.0937 16.6394 22.9737 16.6394C23.8337 16.6394 24.5637 15.9594 24.5637 15.0594V6.5894L29.3237 1.8394C29.7537 1.4094 29.7537 0.7394 29.3237 0.3194C28.9037 -0.1106 28.2337 -0.1106 27.8037 0.3194L17.8737 10.2694C17.5437 10.5994 17.3737 11.0094 17.3737 11.5294V16.7494H12.4837C11.1337 16.7494 10.1837 17.7094 10.1837 19.0494V21.6194C11.8437 22.7994 13.3937 24.4094 14.7237 26.6094ZM13.0137 15.5894C14.7837 15.5894 16.2237 14.1494 16.2237 12.3594C16.2237 10.5994 14.7837 9.1494 13.0137 9.1494C11.2337 9.1494 9.7937 10.5994 9.7937 12.3594C9.7937 14.1494 11.2337 15.5894 13.0137 15.5894ZM1.0537 22.9594C5.2737 22.9594 9.8537 24.5194 12.5337 31.4394C12.8837 32.3494 13.9637 32.5294 14.5837 31.9094C17.6737 28.7994 21.1737 27.7894 26.3437 29.2494C26.9237 29.3994 27.3937 29.1494 27.6137 28.6094C28.6837 26.1894 30.7937 24.9994 33.4237 24.9994C34.0137 24.9994 34.4837 24.5194 34.4837 23.9394C34.4837 23.3594 34.0137 22.8794 33.4237 22.8794C30.4237 22.8794 27.5937 24.3294 26.0737 26.9894C21.1537 25.8294 17.2437 26.7994 14.0237 29.5494C10.8537 22.5594 5.4737 20.8394 1.0537 20.8394C0.4637 20.8394 0.0037 21.3194 0.0037 21.8894C0.0037 22.4894 0.4637 22.9594 1.0537 22.9594Z","geometry":{"width":34.48046875,"height":32.27483546366527}}