{"path":"M3.2237 6.4352C5.0037 6.4352 6.4437 4.9852 6.4437 3.2152C6.4437 1.4352 5.0037 -0.0048 3.2237 -0.0048C1.4537 -0.0048 0.0037 1.4352 0.0037 3.2152C0.0037 4.9852 1.4537 6.4352 3.2237 6.4352ZM1.7237 18.1552H7.5037L7.8037 18.4752C8.5437 19.1952 9.5337 19.5652 10.5037 19.5652C11.3037 19.5652 12.1037 19.3152 12.7837 18.8152L19.8237 13.5452L26.8137 9.3552C27.5637 8.8852 27.8037 7.9252 27.3737 7.1752C26.9037 6.4252 25.9537 6.1952 25.1937 6.6552L11.9737 14.5752L8.4037 11.0052H11.7137C12.5937 11.0052 13.3137 10.2952 13.3137 9.4152V5.3052C14.1537 4.9652 14.7537 4.1552 14.7537 3.1952C14.7537 1.9152 13.7037 0.9052 12.4437 0.9052C11.1837 0.9052 10.1537 1.8852 10.1337 3.1552C10.1337 3.1552 10.1337 3.1852 10.1337 3.1952V7.8452H3.1437C1.5037 7.8452 0.1537 9.1852 0.1537 10.8452V16.5852C0.1537 17.4452 0.8637 18.1552 1.7237 18.1552ZM3.1337 15.1452V13.9452C3.1337 13.7952 3.3037 13.7152 3.4437 13.8452L4.7337 15.1452ZM10.6937 33.8552C11.5137 33.9852 12.4037 33.4652 12.5737 32.5952L14.0037 25.4552C14.0437 25.2652 14.0437 25.0852 14.0237 24.8952L13.7637 19.9752C12.7137 20.7252 11.5937 21.0852 10.5037 21.0852C10.3337 21.0852 10.1737 21.0852 10.0037 21.0652L10.8137 25.1452L9.4437 31.9652C9.2737 32.8252 9.8437 33.6752 10.6937 33.8552Z","geometry":{"width":27.58731469369161,"height":33.87327756091711}}