{"path":"M21.1127 6.443C22.8927 6.443 24.3227 4.993 24.3227 3.223C24.3227 1.453 22.8927 0.003 21.1127 0.003C19.3327 0.003 17.9027 1.453 17.9027 3.223C17.9027 4.993 19.3327 6.443 21.1127 6.443ZM5.8527 21.283H13.9527L21.4127 22.343C24.3127 22.753 26.4327 21.463 26.4327 18.673V13.793C26.4327 13.613 26.6127 13.553 26.7327 13.673L27.9527 14.903V19.643C27.9527 20.553 28.7027 21.283 29.5727 21.283C30.4627 21.283 31.1927 20.553 31.1927 19.643V14.223C31.1927 13.793 31.0427 13.383 30.6927 13.053L27.1427 9.543C26.0627 8.473 24.6627 7.843 23.1327 7.843H9.2327C8.3527 7.843 7.6027 8.603 7.6027 9.473C7.6027 10.363 8.3327 11.083 9.2327 11.083H19.9227C20.2827 11.083 20.4927 11.323 20.4927 11.663V18.033H5.8527C4.9427 18.033 4.2127 18.753 4.2127 19.643C4.2127 20.553 4.9527 21.283 5.8527 21.283ZM1.4827 15.013C3.3827 16.903 5.5427 16.693 6.3727 15.883C7.1827 15.023 7.2527 13.033 5.3627 11.133C3.4527 9.233 1.4427 9.273 0.6027 10.133C-0.2273 10.963 -0.4173 13.083 1.4827 15.013ZM23.7127 33.703C24.3427 34.333 25.3527 34.333 25.9627 33.703C26.6227 33.083 26.5927 32.073 25.9627 31.433L21.3827 26.793L22.8727 23.913C22.3427 23.953 21.7827 23.923 21.2127 23.843L18.9627 23.533L17.8727 26.553C17.6527 27.143 17.7727 27.783 18.2527 28.263Z","geometry":{"width":31.18826938492072,"height":34.1728515625}}