{"path":"M19.3737 6.3047C21.1137 6.3047 22.5137 4.8947 22.5137 3.1547C22.5137 1.4047 21.1137 0.0047 19.3737 0.0047C17.6237 0.0047 16.2137 1.4047 16.2137 3.1547C16.2137 4.8947 17.6237 6.3047 19.3737 6.3047ZM10.6937 29.3447C16.7937 29.3447 21.2337 24.9547 21.2337 19.0547C21.2337 16.3947 20.1437 14.7647 17.7437 13.9447L15.5137 13.1947C15.1937 13.0847 15.1037 12.8647 15.3237 12.5547L16.7737 10.4547C17.9237 8.7947 17.5137 7.4147 15.7637 6.1947L10.4137 2.4447C9.8337 2.0547 9.0937 2.0247 8.4937 2.4247L3.5437 5.7547C1.6237 7.0447 3.4037 9.4047 5.1537 8.2147L9.2937 5.4147L12.1437 7.4147C12.6037 7.7347 12.6437 8.0647 12.3437 8.5047L10.0237 11.8647C8.7337 13.7447 9.7937 15.7047 11.7837 16.2647L17.3737 17.7847C18.1337 17.9947 18.4937 18.4847 18.4937 19.2247C18.4937 23.3347 15.1637 26.6047 10.6937 26.6047C6.0537 26.6047 2.7337 23.1847 2.7337 18.7347C2.7337 17.3047 3.0937 16.0347 3.7337 14.9247C4.6637 13.2747 2.2737 11.9047 1.2537 13.8347C0.4637 15.2747 0.0037 16.9247 0.0037 18.7347C0.0037 24.8147 4.4337 29.3447 10.6937 29.3447ZM21.3437 29.3447C22.2737 29.3447 22.9937 28.6147 22.9937 27.6847C22.9937 26.7547 22.2737 26.0347 21.3437 26.0347C20.4137 26.0347 19.6737 26.7547 19.6737 27.6847C19.6737 28.6147 20.4137 29.3447 21.3437 29.3447Z","geometry":{"width":22.99609375,"height":29.33984375}}