{"path":"M6.04 5.568C7.57 5.568 8.83 4.318 8.83 2.778C8.83 1.248 7.57 -0.002 6.04 -0.002C4.51 -0.002 3.27 1.248 3.27 2.778C3.27 4.318 4.51 5.568 6.04 5.568ZM36.08 5.568C37.61 5.568 38.86 4.318 38.86 2.778C38.86 1.248 37.61 -0.002 36.08 -0.002C34.54 -0.002 33.29 1.248 33.29 2.778C33.29 4.318 34.54 5.568 36.08 5.568ZM0 16.748C0 17.408 0.52 17.938 1.18 17.938C1.85 17.938 2.38 17.408 2.38 16.748V12.028C2.38 11.838 2.54 11.678 2.73 11.678C2.93 11.678 3.08 11.838 3.08 12.028V26.378C3.08 27.108 3.65 27.688 4.39 27.688C5.1 27.688 5.69 27.098 5.69 26.378V17.618C5.69 17.428 5.85 17.268 6.04 17.268C6.23 17.268 6.4 17.428 6.4 17.618V26.378C6.4 27.098 6.99 27.688 7.7 27.688C8.44 27.688 9.01 27.108 9.01 26.378V12.028C9.01 11.838 9.16 11.678 9.35 11.678C9.56 11.678 9.71 11.838 9.71 12.028V16.748C9.71 17.408 10.24 17.938 10.91 17.938C11.57 17.938 12.1 17.408 12.1 16.748V11.468C12.1 8.698 9.98 6.868 6.99 6.868H5.1C2.11 6.868 0 8.698 0 11.468ZM30.02 16.748C30.02 17.408 30.56 17.938 31.21 17.938C31.87 17.938 32.42 17.408 32.42 16.748V12.028C32.42 11.838 32.57 11.678 32.76 11.678C32.96 11.678 33.11 11.838 33.11 12.028V26.378C33.11 27.108 33.69 27.688 34.41 27.688C35.14 27.688 35.71 27.098 35.71 26.378V17.618C35.71 17.428 35.88 17.268 36.08 17.268C36.27 17.268 36.44 17.428 36.44 17.618V26.378C36.44 27.098 37.01 27.688 37.73 27.688C38.46 27.688 39.03 27.108 39.03 26.378V12.028C39.03 11.838 39.2 11.678 39.39 11.678C39.58 11.678 39.74 11.838 39.74 12.028V16.748C39.74 17.408 40.28 17.938 40.93 17.938C41.59 17.938 42.12 17.408 42.12 16.748V11.468C42.12 8.698 40.02 6.868 37.02 6.868H35.14C32.13 6.868 30.02 8.698 30.02 11.468ZM15.64 15.888C16.75 15.888 17.64 14.988 17.64 13.878C17.64 12.758 16.75 11.868 15.64 11.868C14.52 11.868 13.63 12.758 13.63 13.878C13.63 14.988 14.52 15.888 15.64 15.888ZM21.08 15.888C22.19 15.888 23.09 14.988 23.09 13.878C23.09 12.758 22.19 11.868 21.08 11.868C19.96 11.868 19.07 12.758 19.07 13.878C19.07 14.988 19.96 15.888 21.08 15.888ZM26.51 15.888C27.62 15.888 28.52 14.988 28.52 13.878C28.52 12.758 27.62 11.868 26.51 11.868C25.39 11.868 24.5 12.758 24.5 13.878C24.5 14.988 25.39 15.888 26.51 15.888Z","geometry":{"width":42.123046875,"height":27.685546875}}