{"path":"M2.0237 27.1546H21.5037L27.2437 21.4146C27.5037 21.1546 27.9137 21.1446 28.1937 21.4146L30.3637 23.5846L28.0237 25.9346C26.6237 27.3446 28.7637 29.4946 30.1737 28.0746L33.5737 24.6546C34.2037 24.0246 34.1937 23.1046 33.5737 22.5046L29.6137 18.5246C28.8037 17.7346 27.7437 17.2746 26.6237 17.2746H16.8937V1.1646C16.8937 -0.0354 15.1637 -0.5454 14.4137 0.7946L0.9437 25.0646C0.3237 26.1546 0.9537 27.1546 2.0237 27.1546ZM3.7837 25.0346C3.5837 25.0346 3.5437 24.8546 3.6137 24.7246L14.4737 5.1846C14.5637 5.0246 14.7837 5.0746 14.7837 5.2546V25.0346ZM25.6937 15.8446C27.4637 15.8446 28.9037 14.4146 28.9037 12.6346C28.9037 10.8546 27.4637 9.4146 25.6937 9.4146C23.9137 9.4146 22.4637 10.8546 22.4637 12.6346C22.4637 14.4146 23.9137 15.8446 25.6937 15.8446ZM19.4037 20.3346C19.6437 20.3346 19.7137 20.5646 19.5737 20.7146L16.8937 23.3946V20.3346ZM0.9937 33.3746H2.4437C6.3437 33.3746 7.1337 31.0846 9.5837 31.0846C12.0437 31.0846 12.8337 33.3746 16.7337 33.3746C20.6337 33.3746 21.4237 31.0846 23.8737 31.0846C26.3337 31.0846 27.1237 33.3746 31.0237 33.3746H32.4737C33.0337 33.3746 33.4737 32.9246 33.4737 32.3746C33.4737 31.8346 33.0337 31.3846 32.4737 31.3846H31.0237C28.4737 31.3846 27.6137 29.0946 23.8737 29.0946C20.1437 29.0946 19.2737 31.3846 16.7337 31.3846C14.1737 31.3846 13.3337 29.0946 9.5837 29.0946C5.8537 29.0946 4.9937 31.3846 2.4437 31.3846H0.9937C0.4337 31.3846 0.0037 31.8346 0.0037 32.3746C0.0037 32.9246 0.4337 33.3746 0.9937 33.3746Z","geometry":{"width":34.04469181856073,"height":33.376655443062695}}