{"path":"M6.1211 31.3333H12.7011C13.3011 31.3333 13.9011 31.0633 14.2211 30.4733L17.0611 25.2333C17.1511 25.0333 17.4311 25.0433 17.5011 25.2633L18.9011 29.0533L13.3311 32.7533C12.5911 33.2533 12.4011 34.2633 12.8911 35.0233C13.3811 35.7833 14.3911 35.9833 15.1411 35.4833L21.6011 31.1833C22.3011 30.7233 22.6411 29.9533 22.4311 29.1333L18.4911 13.4633C18.4011 13.0533 18.4811 12.8133 18.8111 12.6433L29.0111 7.5433C29.8111 7.1333 30.1311 6.1433 29.7311 5.3433C29.3211 4.5233 28.3511 4.1933 27.5511 4.6033L6.4811 15.1633L3.3011 11.9933C3.1711 11.8433 3.0211 11.7133 2.8711 11.6033L5.7511 6.5233C5.9011 6.5333 6.0711 6.5533 6.2211 6.5533C8.0411 6.5533 9.5011 5.1033 9.5011 3.2633C9.5011 1.4533 8.0411 0.0033 6.2211 0.0033C4.3911 0.0033 2.9411 1.4533 2.9411 3.2633C2.9411 4.1733 3.2911 4.9733 3.8711 5.5633L0.2011 11.9933C-0.1489 12.6233 -0.0289 13.3333 0.4911 13.8533L4.9911 18.2933C5.4111 18.7133 6.1811 18.9633 7.0011 18.5533L11.8811 16.1033C12.2111 15.9233 12.4911 16.0733 12.5611 16.3833L14.0111 22.2133L11.6611 28.0533H6.1211C5.2211 28.0533 4.4911 28.7833 4.4911 29.6933C4.4911 30.5933 5.2211 31.3333 6.1211 31.3333ZM6.2211 4.5633C5.4811 4.5633 4.9211 4.0033 4.9211 3.2633C4.9211 2.5433 5.4811 1.9833 6.2211 1.9833C6.9411 1.9833 7.5011 2.5433 7.5011 3.2633C7.5011 4.0033 6.9411 4.5633 6.2211 4.5633ZM13.7211 9.6533C15.4911 9.6533 16.9411 8.2133 16.9411 6.4433C16.9411 4.6733 15.4911 3.2233 13.7211 3.2233C11.9511 3.2233 10.5011 4.6733 10.5011 6.4433C10.5011 8.2133 11.9511 9.6533 13.7211 9.6533Z","geometry":{"width":29.9046292996234,"height":35.756353472846634}}