{"path":"M9.5922 6.3996C11.3722 6.3996 12.7922 4.9796 12.7922 3.1996C12.7922 1.4396 11.3722 -0.0004 9.5922 -0.0004C7.8322 -0.0004 6.3922 1.4396 6.3922 3.1996C6.3922 4.9796 7.8322 6.3996 9.5922 6.3996ZM9.5922 20.1496C10.0922 20.1496 10.2822 20.4696 10.6122 21.4696C11.0822 22.8896 12.4922 28.7696 12.9722 30.4996C13.2322 31.4296 13.7422 31.8296 14.4522 31.8296C15.4322 31.8296 16.0522 30.9396 15.7722 29.9696C15.6822 29.5996 13.6422 21.0696 13.3522 19.3096C13.1222 17.8996 13.0522 15.0796 13.0522 13.4896C13.0522 13.3196 13.2622 13.2496 13.3822 13.3996C14.4622 14.9596 16.2222 17.4496 16.6122 17.8796C17.0622 18.3996 17.8022 18.4996 18.4022 18.1596C19.1922 17.7296 19.3722 16.8896 19.0422 16.2796C18.9322 16.0796 18.7722 15.8596 18.6322 15.6696L14.9422 10.1996C13.8322 8.5496 12.4222 7.6996 9.5922 7.6996C6.7622 7.6996 5.3722 8.5496 4.2522 10.1996L0.5622 15.6696C0.4222 15.8596 0.2722 16.0796 0.1622 16.2796C-0.1778 16.8896 0.0122 17.7296 0.7922 18.1596C1.3922 18.4996 2.1322 18.3996 2.5922 17.8796C2.9622 17.4496 4.7322 14.9596 5.8222 13.3996C5.9222 13.2496 6.1522 13.3196 6.1522 13.5096C6.1422 15.0896 6.0822 17.8996 5.8522 19.3096C5.5522 21.0696 3.5222 29.5996 3.4122 29.9696C3.1422 30.9396 3.7622 31.8296 4.7422 31.8296C5.4522 31.8296 5.9622 31.4296 6.2222 30.4996C6.7022 28.7696 8.1222 22.8896 8.5822 21.4696C8.9122 20.4696 9.1022 20.1496 9.5922 20.1496Z","geometry":{"width":19.199507775031588,"height":31.828125}}