{"path":"M16.2558 6.4397C18.0258 6.4397 19.4658 4.9997 19.4658 3.2297C19.4658 1.4497 18.0258 -0.0003 16.2558 -0.0003C14.4758 -0.0003 13.0358 1.4497 13.0358 3.2297C13.0358 4.9997 14.4758 6.4397 16.2558 6.4397ZM10.7658 31.1597C17.0758 31.1597 21.3158 26.9697 21.3158 20.8797C21.3158 17.5997 19.7358 15.7397 16.8558 15.7397H14.9858C14.6758 15.7397 14.5058 15.5297 14.6258 15.1897L15.9258 11.2697C16.5358 9.4097 15.6358 7.7797 13.6258 7.2697L7.8158 5.8097C7.2658 5.6697 6.8458 5.7597 6.2958 6.0597L0.6558 9.2397C-0.0442 9.6397 -0.2042 10.6097 0.2858 11.2797C0.7458 11.9397 1.5558 12.0697 2.3058 11.6797L7.4758 8.9397L10.4858 9.7497C11.0458 9.8997 11.2458 10.2697 11.0558 10.7997L9.4858 15.2597C8.7358 17.3797 9.9458 19.2097 12.0558 19.2097H16.7858C17.8658 19.2097 18.5758 19.8397 18.5758 20.8797C18.5758 25.3197 15.4158 28.4197 10.7858 28.4197C5.9858 28.4197 2.8158 25.1697 2.8158 20.5497C2.8158 19.1297 3.1858 17.8597 3.8258 16.7497C4.7558 15.0897 2.3658 13.7297 1.3358 15.6497C0.5458 17.0897 0.0958 18.7397 0.0958 20.5497C0.0958 26.8397 4.3058 31.1597 10.7658 31.1597ZM21.4158 31.1597C22.3458 31.1597 23.0758 30.4297 23.0758 29.4997C23.0758 28.5697 22.3458 27.8497 21.4158 27.8497C20.5058 27.8497 19.7658 28.5697 19.7658 29.4997C19.7658 30.4297 20.5058 31.1597 21.4158 31.1597Z","geometry":{"width":23.074728307623232,"height":31.158203125}}