{"path":"M1.6607 19.5129L12.6807 30.5129C14.8807 32.7129 17.2807 32.7329 19.4907 30.5329L30.5207 19.4829C32.7207 17.2929 32.7207 14.8929 30.5007 12.6729L19.5007 1.6729C17.2807 -0.5471 14.8907 -0.5571 12.6907 1.6529L1.6407 12.6829C-0.5593 14.8929 -0.5393 17.2929 1.6607 19.5129ZM16.7607 10.2029C15.8207 10.2029 15.0307 9.4229 15.0307 8.4529C15.0307 7.4629 15.7907 6.6729 16.7607 6.6729C17.7607 6.6729 18.5607 7.4629 18.5607 8.4529C18.5607 9.4029 17.7407 10.2029 16.7607 10.2029ZM19.2007 24.1629C18.8307 24.1629 18.5607 23.9629 18.3807 23.5929L16.7407 20.3729C16.6307 20.1829 16.5607 20.0429 16.4007 19.8529L14.8607 17.9329C14.4107 17.3729 13.9607 16.7329 14.0307 15.8329L14.1807 14.1529C14.1907 13.9029 13.9807 13.7829 13.7707 13.9429L12.9407 14.6129L12.7707 16.5429C12.7307 17.1029 12.4007 17.4229 11.9207 17.3729C11.4207 17.3529 11.1007 16.9829 11.1607 16.4429L11.3107 14.6429C11.3607 14.0929 11.4907 13.7529 11.9007 13.4029L13.2807 12.2129C14.1507 11.4429 14.8807 10.9629 15.7407 10.9629C16.9607 10.9629 17.6907 11.8229 17.6107 13.1129L17.4607 15.1729C17.4107 15.9829 17.3007 16.4929 17.0107 17.2929L16.9107 17.5429L17.8207 18.8429C18.0107 19.1129 18.1607 19.3429 18.3407 19.7129L19.8807 22.7329C20.0007 22.9829 20.0507 23.1629 20.0507 23.3629C20.0507 23.8129 19.6807 24.1629 19.2007 24.1629ZM19.7207 15.7329C19.2407 15.7329 19.0107 15.6529 18.7507 15.3929L18.3107 14.9529L18.4607 12.8329L19.5907 14.1129H21.5907C22.1407 14.1129 22.4907 14.4329 22.4907 14.9329C22.4907 15.4229 22.1507 15.7329 21.5907 15.7329ZM11.9207 24.1629C11.4707 24.1629 11.1607 23.8329 11.1607 23.3829C11.1607 23.0629 11.3207 22.8329 11.5107 22.6129L13.7407 20.1129L14.1007 18.3629L15.4707 20.0829L15.3707 20.4629C15.3307 20.7229 15.2907 20.8129 15.0007 21.1229L12.5707 23.8729C12.4007 24.0629 12.1807 24.1629 11.9207 24.1629Z","geometry":{"width":32.16823278097361,"height":32.17337158969121}}