{"path":"M8.7138 15.2442C12.9638 15.2442 16.2838 11.7542 16.2838 7.6842C16.2838 3.4142 12.9438 0.0042 8.7138 0.0042C4.4838 0.0042 1.0638 3.4142 1.0638 7.6842C1.0638 11.7542 4.4838 15.2442 8.7138 15.2442ZM24.2938 8.3942C26.5338 8.3942 28.3238 6.5442 28.3238 4.3842C28.3238 2.1442 26.5338 0.3242 24.2938 0.3242C22.0538 0.3242 20.2738 2.1442 20.2738 4.3842C20.2738 6.5742 22.0538 8.3942 24.2938 8.3942ZM21.8038 23.5942C22.4338 23.0942 23.0938 22.3142 23.6438 21.3142L26.3638 16.3742C27.6138 14.0842 27.2238 11.7742 25.0638 10.6342C22.9738 9.4742 20.8038 10.3342 19.5338 12.6442L16.8338 17.5242ZM0.5838 29.5842C1.4038 30.4442 2.7738 30.3742 3.8038 29.3242L10.0538 22.8642C10.2838 22.6242 10.4438 22.5842 10.7838 22.7242L15.6938 24.5542C16.8738 25.0042 18.1438 24.9742 19.0838 24.7842L15.0938 19.8742L12.0838 18.7742C10.2438 18.0742 8.6838 18.3042 7.1938 19.8542L0.7238 26.5742C-0.2562 27.6042 -0.1762 28.8342 0.5838 29.5842ZM24.8838 29.6942C25.5838 29.1442 25.6438 28.3242 24.9938 27.5342L21.8038 23.5942C21.0138 24.1442 20.0938 24.5542 19.0838 24.7842L22.7938 29.3542C23.4338 30.1442 24.2238 30.2142 24.8838 29.6942Z","geometry":{"width":28.32828540029392,"height":30.179105875273223}}