{"path":"M11.7719 6.4423C13.5519 6.4423 14.9819 5.0023 14.9819 3.2123C14.9819 1.4523 13.5519 0.0023 11.7719 0.0023C9.9919 0.0023 8.5419 1.4523 8.5419 3.2123C8.5419 5.0023 9.9919 6.4423 11.7719 6.4423ZM14.9419 14.9323C15.6019 15.6023 16.8319 15.5623 17.3919 14.6523L20.8219 9.1723C22.0019 7.3023 19.2419 5.7823 18.1719 7.5223L15.7919 11.3323L13.9919 9.5323C12.0919 7.6123 9.9819 7.2423 7.1019 7.5623L2.0919 8.1223C1.3719 8.2023 0.8119 8.7923 0.7119 9.4723L0.0119 15.0123C-0.2481 16.9923 2.8319 17.5023 3.1219 15.3923L3.6519 11.1023L6.1519 10.8123C6.4419 10.7823 6.5819 10.9223 6.5419 11.2523L5.8719 16.6623C5.5419 19.3323 7.1019 20.9023 9.7219 20.7123L14.6819 20.3623L13.2119 25.7823C12.6219 27.8723 15.6719 28.6323 16.2119 26.5923L18.2519 19.0723C18.5419 18.0023 17.8119 17.0923 16.6419 17.0923H11.4819L12.1319 12.6623C12.1719 12.3423 12.3919 12.3423 12.5919 12.5623ZM7.2319 21.8923L6.9219 26.6023L4.2919 33.1923C3.7719 34.4923 4.7219 35.4123 5.7019 35.4123C6.3019 35.4123 6.9019 35.0823 7.2219 34.3023L9.9319 27.5223C9.9519 27.4123 9.9919 27.2923 10.0219 27.1623L10.7519 22.1723L9.8319 22.2323C8.8719 22.2823 8.0019 22.1723 7.2319 21.8923Z","geometry":{"width":21.110088085633016,"height":35.41015625}}