{"path":"M10.8037 6.4559C12.5637 6.4559 14.0137 4.9859 14.0137 3.2259C14.0137 1.4659 12.5637 -0.0041 10.8037 -0.0041C9.0237 -0.0041 7.5737 1.4659 7.5737 3.2259C7.5737 4.9859 9.0237 6.4559 10.8037 6.4559ZM12.5737 29.7359C13.1937 29.8859 14.2237 29.6859 14.5237 28.6859L16.5537 21.8859C16.7937 21.1059 16.4337 20.2459 15.5837 19.9459L10.1537 18.0759L10.7837 13.7659C10.8137 13.5659 11.0837 13.5259 11.1937 13.7259L12.2337 15.7659C12.5237 16.3259 13.0537 16.6259 13.6437 16.6259H19.3037C20.1537 16.6259 20.8937 15.9459 20.8937 15.0659C20.8937 14.2059 20.1637 13.4959 19.3037 13.4959H14.6137L12.8237 9.9259C12.2137 8.7059 11.1037 7.8359 9.7337 7.5759L8.9437 7.4059C7.4637 7.1359 6.2337 7.4559 5.3037 8.0359L0.7337 10.8859C0.3037 11.1659 0.0037 11.6759 0.0037 12.2259V17.8859C0.0037 18.7559 0.7237 19.4659 1.5837 19.4659C2.4437 19.4659 3.1537 18.7559 3.1537 17.8859V13.0959L4.8437 12.0459C4.9937 11.9459 5.1637 12.0559 5.1437 12.2459L4.5137 17.2159C4.2537 19.2759 4.9537 20.7159 7.3437 21.2859L13.0537 22.6159L11.5137 27.7959C11.2637 28.5859 11.5837 29.4659 12.5737 29.7359ZM2.1437 34.8059C2.7037 35.1759 3.7337 35.1959 4.3037 34.3459L8.4737 28.1359C8.6837 27.8359 8.7937 27.5659 8.8437 27.1959L9.3937 23.3559L6.9837 22.7759C6.6337 22.6959 6.2937 22.5859 5.9837 22.4659L5.7037 26.6159L1.6937 32.6259C1.2137 33.3459 1.3837 34.3259 2.1437 34.8059ZM8.3037 37.2459H12.7437C13.3337 37.2459 13.8237 36.7659 13.8237 36.1759V33.7259H17.2137C17.7837 33.7259 18.2537 33.2459 18.2537 32.6759V30.2159H21.6737C22.2537 30.2159 22.7237 29.7359 22.7237 29.1659V26.7059H26.0737C26.6437 26.7059 27.1437 26.2259 27.1437 25.6359C27.1437 25.0759 26.6437 24.5859 26.0737 24.5859H21.6737C21.0837 24.5859 20.6337 25.0759 20.6337 25.6359V28.0959H17.2137C16.6137 28.0959 16.1637 28.6059 16.1637 29.1659V31.6259H12.7437C12.1837 31.6259 11.7037 32.0859 11.7037 32.6759V35.1359H8.3037C7.6937 35.1359 7.2337 35.6059 7.2337 36.1759C7.2337 36.7459 7.6837 37.2459 8.3037 37.2459Z","geometry":{"width":27.138671875,"height":37.2421875}}