{"path":"M18.7454 6.4406C20.5254 6.4406 21.9754 4.9906 21.9754 3.2106C21.9754 1.4306 20.5254 0.0006 18.7454 0.0006C16.9654 0.0006 15.5354 1.4306 15.5354 3.2106C15.5354 4.9906 16.9654 6.4406 18.7454 6.4406ZM30.8954 11.0306C31.7854 11.0306 32.4954 10.3406 32.4954 9.4306C32.4954 8.5406 31.7854 7.8506 30.8954 7.8506H15.7954C14.3554 7.8506 13.0954 8.6006 12.4454 9.9306L6.1654 22.4906L2.7054 19.0406C2.0754 18.4006 1.0654 18.4306 0.4654 19.0406C-0.1646 19.6706 -0.1446 20.6706 0.4654 21.2906L5.5554 26.3906C6.2054 27.0606 7.2754 26.9606 7.8354 26.1506L12.0054 20.0706C12.1954 19.7806 12.5354 19.7406 12.7954 19.9506L17.8754 23.8306V30.9006C17.8754 31.7906 18.5854 32.4806 19.4554 32.4806C20.3554 32.4806 21.0554 31.7906 21.0554 30.9006V23.0206C21.0554 22.6106 20.8754 22.1906 20.5954 21.9206L15.6854 16.9906L18.3254 11.7306C18.5554 11.2506 18.9354 11.0306 19.4454 11.0306ZM30.3854 14.5106C30.3854 15.9806 32.0754 17.1706 34.1254 17.1706C36.1754 17.1706 37.8554 15.9806 37.8554 14.5106C37.8554 13.0106 36.1754 11.8506 34.1254 11.8506C32.0754 11.8506 30.3854 13.0106 30.3854 14.5106ZM21.6054 17.4706H27.3354C28.2254 17.4706 28.9154 16.7506 28.9154 15.8906C28.9154 15.0106 28.2254 14.2906 27.3354 14.2906H22.2554L20.5054 12.5506H19.8554C19.6854 12.5506 19.5754 12.6206 19.4954 12.7706L18.4054 14.9306L20.4954 16.9906C20.7954 17.2906 21.1954 17.4706 21.6054 17.4706Z","geometry":{"width":37.85914494356073,"height":32.484375}}