{"path":"M17.6137 6.4355C19.3737 6.4355 20.8237 4.9855 20.8237 3.2155C20.8237 1.4455 19.3737 -0.0045 17.6137 -0.0045C15.8337 -0.0045 14.3837 1.4455 14.3837 3.2155C14.3837 4.9855 15.8337 6.4355 17.6137 6.4355ZM12.6737 24.9655C13.3037 25.5755 14.2837 25.5755 14.9137 24.9655L20.7137 19.1555C21.6037 18.2655 21.0437 16.6255 19.7037 16.4855L13.1837 15.7955C12.8237 15.7655 12.7737 15.5355 12.9237 15.2955L15.2437 11.7955C15.4237 11.5255 15.7237 11.4555 16.0137 11.6655L20.1137 14.3855C20.3437 14.5355 20.6537 14.6455 20.9737 14.6455H27.4437C28.3037 14.6455 29.0237 13.9355 29.0237 13.0655C29.0237 12.1855 28.3037 11.4755 27.4437 11.4755H21.4337L8.9437 3.1155C8.6837 2.9655 8.3837 2.8455 8.0537 2.8455H1.5837C0.7237 2.8455 0.0037 3.5655 0.0037 4.4555C0.0037 5.3155 0.7237 6.0455 1.5837 6.0455H7.5837L9.8537 7.5355C10.1437 7.7255 10.2037 8.0355 10.0037 8.3255L6.6737 13.3255C5.0537 15.7455 6.4637 19.0055 9.5837 19.1655L15.8737 19.5055L12.6737 22.7055C12.0437 23.3355 12.0437 24.3355 12.6737 24.9655ZM27.2937 9.1055C27.2937 10.2155 28.9937 11.0555 31.0337 11.0555C33.0737 11.0555 34.7837 10.2155 34.7837 9.1055C34.7837 8.0155 33.0737 7.1655 31.0337 7.1655C28.9937 7.1655 27.2937 8.0155 27.2937 9.1055ZM7.2637 20.0855V24.5855L3.3237 29.1355C2.7637 29.8055 2.8137 30.8555 3.5037 31.4355C4.2837 32.0455 5.2637 31.8255 5.7537 31.2355L10.0737 26.2255C10.3337 25.9055 10.4037 25.5555 10.4637 25.2355L11.2137 20.7855L9.5037 20.6855C8.6637 20.6455 7.9137 20.4255 7.2637 20.0855Z","geometry":{"width":34.78125,"height":31.799943637798584}}