{"path":"M3.9637 0.0967C1.7537 0.0967 0.0037 1.8567 0.0037 4.1067C0.0037 5.7967 1.2137 7.6067 2.9137 8.5567V13.2867C2.9137 13.7967 3.1037 14.2467 3.5037 14.5667L7.4637 17.7167C7.9837 18.1267 8.6037 18.1167 9.2537 17.8467L13.6737 15.9967C14.1237 15.8067 14.3937 16.0367 14.4537 16.3767L16.6137 28.3067L10.6937 30.6667C9.8837 30.9867 9.4737 31.9167 9.7737 32.7367C10.1437 33.5767 11.0337 33.9367 11.8537 33.6067L18.9937 30.7467C19.6737 30.4767 20.0437 29.7767 19.9837 29.0967L19.5937 23.5467C19.5537 23.0667 20.0537 22.7767 20.4537 23.0367L24.6637 25.8667V32.1467C24.6637 33.0167 25.3737 33.7267 26.2537 33.7267C27.1237 33.7267 27.8337 33.0167 27.8337 32.1467V25.0167C27.8337 24.4467 27.5337 24.0267 27.1437 23.6967L21.6537 19.1667L20.5737 13.2867C20.4637 12.7067 20.5337 12.1667 20.8237 11.5967L25.4737 2.2967C25.8637 1.5167 25.5437 0.5467 24.7637 0.1667C23.9637 -0.2133 23.0137 0.0867 22.6237 0.8467L18.0437 10.0367C17.7437 10.6567 17.3237 11.0467 16.6537 11.3067L8.6637 14.6267L5.4937 12.0767C5.3437 11.9467 5.1837 11.8967 5.0137 11.8867V8.5767C6.7237 7.6067 7.9337 5.7967 7.9337 4.1067C7.9337 1.8567 6.1937 0.0967 3.9637 0.0967ZM3.9637 2.2067C5.0337 2.2067 5.8237 3.0267 5.8237 4.1467C5.8237 5.2567 5.0437 6.3767 3.9637 6.7667C2.8837 6.3767 2.1037 5.2567 2.1037 4.1467C2.1037 3.0267 2.8937 2.2067 3.9637 2.2067ZM13.6537 10.6767C15.4337 10.6767 16.8737 9.2267 16.8737 7.4667C16.8737 5.6867 15.4337 4.2367 13.6537 4.2367C11.8837 4.2367 10.4337 5.6867 10.4337 7.4667C10.4337 9.2267 11.8837 10.6767 13.6537 10.6767Z","geometry":{"width":27.8359375,"height":33.73039140273093}}