{"path":"M1.6037 35.9275H8.8637C9.8337 35.9275 10.2937 35.4375 10.4437 34.6075L11.6437 27.9475H17.0737L15.9837 34.0175C15.7737 35.1375 16.5337 35.8475 17.3537 35.9275C18.1137 35.9975 18.9937 35.6475 19.1637 34.6075L20.5737 26.7575C20.7837 25.5675 20.0737 24.8275 19.1937 24.7375L14.2437 24.1775L14.6737 19.5775C14.6837 19.3775 14.8337 19.2375 15.0237 19.2375H19.0337C19.9037 19.2375 20.6437 18.5175 20.6437 17.6275V9.6575C20.6437 8.9875 20.2337 8.3975 19.6337 8.1675C19.0337 7.9075 18.3337 8.0275 17.8737 8.5075L17.1037 9.2575L16.3537 8.5775C16.6837 8.0675 16.5537 7.4375 16.1037 7.0475L8.6537 0.3175C8.1437 -0.1525 7.3937 -0.0925 6.9137 0.4275L6.2337 1.2175C5.7837 1.7275 5.7937 2.4475 6.3437 2.9375L13.7537 9.6175C14.2237 10.0375 14.8337 10.0375 15.3037 9.6675L16.0337 10.3375L9.9137 16.4775C9.1837 17.1975 8.7137 18.1175 8.6137 19.2575L7.3837 32.7175H1.6037C0.6937 32.7175 0.0037 33.4175 0.0037 34.3175C0.0037 35.2075 0.6937 35.9275 1.6037 35.9275ZM8.4937 14.4175C10.2637 14.4175 11.7037 12.9775 11.7037 11.1875C11.7037 9.4175 10.2637 7.9875 8.4937 7.9875C6.7137 7.9875 5.2737 9.4175 5.2737 11.1875C5.2737 12.9775 6.7137 14.4175 8.4937 14.4175ZM17.5037 13.3375V16.0975H14.7337Z","geometry":{"width":20.64453125,"height":35.940384884281904}}