{"path":"M11.8546 26.6692C12.5346 27.1592 13.5646 27.0092 14.0646 26.3192L17.3346 21.7492L20.1346 22.2192L17.1846 26.6292C16.6946 27.3692 16.8546 28.4092 17.6346 28.8592C18.5246 29.3792 19.3946 29.0892 19.8546 28.4092L24.0446 22.0892C24.6446 21.1792 24.3246 19.7692 22.9946 19.4392L17.2346 18.0592C16.7846 17.9492 16.6346 17.5792 16.8846 17.1992L19.3146 13.5592C19.4446 13.3692 19.6546 13.3292 19.8546 13.4692L23.3746 15.8892C23.5646 16.0092 23.7846 16.0892 24.0046 16.1292L31.9246 17.5792C32.6846 17.7192 33.6346 17.2392 33.7846 16.2792C33.9146 15.4292 33.3546 14.5892 32.4946 14.4392L24.9246 13.0592L13.3846 5.1792L16.5646 2.8992C17.3046 2.3792 17.4546 1.3792 16.9546 0.6792C16.4346 -0.0408 15.4346 -0.2208 14.7246 0.2992L9.6746 3.8992C8.7646 4.5492 8.7446 5.8792 9.7046 6.5292L13.9846 9.4592C14.1646 9.5792 14.2046 9.8192 14.0846 9.9792L10.5146 15.1892C8.9546 17.4592 9.9146 20.5292 12.9846 21.0292L13.8046 21.1592L11.4646 24.4292C10.9446 25.1492 11.1046 26.1692 11.8546 26.6692ZM21.8346 8.3392C23.5946 8.3392 25.0446 6.8892 25.0446 5.1092C25.0446 3.3492 23.5946 1.8992 21.8346 1.8992C20.0546 1.8992 18.6046 3.3492 18.6046 5.1092C18.6046 6.8892 20.0546 8.3392 21.8346 8.3392ZM1.2446 28.9992C2.4046 28.9992 4.1446 28.5492 5.7246 27.5592C12.5346 31.6592 21.8146 34.7092 31.2146 34.7092C31.7846 34.7092 32.2646 34.2292 32.2646 33.6592C32.2646 33.0692 31.7846 32.5892 31.2146 32.5892C19.5346 32.5892 8.1446 27.7792 1.7746 22.0892C1.2546 21.6392 0.6646 21.7592 0.3146 22.1192C-0.0654 22.5292 -0.1654 23.1992 0.3946 23.6892C1.1046 24.3192 1.8746 24.9492 2.7046 25.5492C2.1746 26.1492 1.6646 26.5092 0.7546 27.0292C0.2046 27.3592 0.0346 27.8892 0.2046 28.3292C0.3246 28.6992 0.6946 28.9992 1.2446 28.9992Z","geometry":{"width":33.80200856672086,"height":34.71072216269161}}