{"path":"M8.9737 6.4347C10.7437 6.4347 12.1837 5.0047 12.1837 3.2247C12.1837 1.4347 10.7437 0.0047 8.9737 0.0047C7.1937 0.0047 5.7437 1.4347 5.7437 3.2247C5.7437 5.0047 7.1937 6.4347 8.9737 6.4347ZM1.3637 17.1947C0.7137 19.6347 2.2837 21.2047 4.1837 21.2047C4.7837 21.2047 5.4237 21.0547 6.0337 20.7247L13.6137 16.6947L21.9937 20.8947C23.1237 21.4547 24.0337 20.9847 24.3937 20.2647C24.7437 19.5547 24.5437 18.5547 23.4637 18.0147L14.6037 13.5747C13.9737 13.2447 13.2937 13.2447 12.6437 13.5247L7.2337 15.8547L8.2837 12.1647C8.4737 11.5147 9.0337 11.0747 9.7237 11.0747H21.7537C22.6437 11.0747 23.3537 10.3647 23.3537 9.4647C23.3537 8.5847 22.6437 7.8647 21.7537 7.8647H8.6637C5.7837 7.8647 3.4137 9.5247 2.7437 12.0347ZM1.0537 25.9447H25.7737C26.3637 25.9447 26.8237 25.4847 26.8237 24.8947C26.8237 24.3047 26.3637 23.8447 25.7737 23.8447H1.0537C0.4637 23.8447 0.0037 24.3047 0.0037 24.8947C0.0037 25.4847 0.4637 25.9447 1.0537 25.9447Z","geometry":{"width":26.82421875,"height":25.94921875}}