{"path":"M1.8338 12.6642C1.3238 13.1642 1.3238 13.9842 1.8338 14.4742C2.3338 14.9842 3.1538 14.9842 3.6638 14.4742L4.3038 13.8342C5.5538 14.7242 7.0638 15.2442 8.7138 15.2442C10.3538 15.2442 11.8538 14.7242 13.0738 13.8542L13.7038 14.4742C14.2038 14.9842 15.0238 14.9842 15.5138 14.4742C16.0238 13.9842 16.0238 13.1642 15.5138 12.6642L14.8938 12.0342C15.7638 10.7842 16.2838 9.2742 16.2838 7.6842C16.2838 6.0142 15.7738 4.4842 14.9038 3.2442L15.5138 2.6242C16.0238 2.1042 16.0238 1.2842 15.5138 0.7942C15.0238 0.2842 14.2038 0.2842 13.7038 0.7942L13.0938 1.3942C11.8638 0.5242 10.3638 0.0042 8.7138 0.0042C7.0638 0.0042 5.5338 0.5242 4.2838 1.4042L3.6638 0.7942C3.1538 0.2842 2.3338 0.2842 1.8338 0.7942C1.3238 1.2842 1.3238 2.1042 1.8338 2.6242L2.4638 3.2442C1.5838 4.4942 1.0638 6.0142 1.0638 7.6842C1.0638 9.2742 1.5838 10.7742 2.4738 12.0142ZM24.2938 8.3942C26.5338 8.3942 28.3238 6.5442 28.3238 4.3842C28.3238 2.1442 26.5338 0.3242 24.2938 0.3242C22.0538 0.3242 20.2738 2.1442 20.2738 4.3842C20.2738 6.5742 22.0538 8.3942 24.2938 8.3942ZM8.7138 2.5842C9.6438 2.5842 10.5038 2.8342 11.2238 3.2642L8.6838 5.8142L6.1538 3.2842C6.9038 2.8442 7.7838 2.5842 8.7138 2.5842ZM13.7038 7.6842C13.7038 8.5842 13.4538 9.4342 13.0338 10.1542L10.5038 7.6442L13.0338 5.1042C13.4538 5.8542 13.7038 6.7442 13.7038 7.6842ZM3.6538 7.6842C3.6538 6.7442 3.8938 5.8642 4.3338 5.1142L6.8538 7.6442L4.3338 10.1542C3.8938 9.4242 3.6538 8.5742 3.6538 7.6842ZM8.7138 12.6642C7.7938 12.6642 6.9138 12.4142 6.1638 11.9642L8.6838 9.4642L11.2138 11.9942C10.4738 12.4142 9.6238 12.6642 8.7138 12.6642ZM21.8038 23.5942C22.4338 23.0942 23.0938 22.3142 23.6438 21.3142L26.3638 16.3742C27.6138 14.0842 27.2238 11.7742 25.0638 10.6342C22.9738 9.4742 20.8038 10.3342 19.5338 12.6442L16.8338 17.5242ZM0.5838 29.5842C1.4038 30.4442 2.7738 30.3742 3.8038 29.3242L10.0538 22.8642C10.2838 22.6242 10.4438 22.5842 10.7838 22.7242L15.6938 24.5542C16.8738 25.0042 18.1438 24.9742 19.0838 24.7842L15.0938 19.8742L12.0838 18.7742C10.2438 18.0742 8.6838 18.3042 7.1938 19.8542L0.7238 26.5742C-0.2562 27.6042 -0.1762 28.8342 0.5838 29.5842ZM24.8838 29.6942C25.5838 29.1442 25.6438 28.3242 24.9938 27.5342L21.8038 23.5942C21.0138 24.1442 20.0938 24.5542 19.0838 24.7842L22.7938 29.3542C23.4338 30.1442 24.2238 30.2142 24.8838 29.6942Z","geometry":{"width":28.32828540029392,"height":30.179105875273223}}