{"path":"M8.3457 6.4298C10.1157 6.4298 11.5557 4.9898 11.5557 3.2098C11.5557 1.4398 10.1157 -0.0002 8.3457 -0.0002C6.5657 -0.0002 5.1257 1.4398 5.1257 3.2098C5.1257 4.9898 6.5657 6.4298 8.3457 6.4298ZM0.0057 1.5698L0.2657 6.5498C0.3157 7.4498 0.6757 8.0398 1.3557 8.5298L4.4357 10.7698C4.7857 11.0298 4.9257 11.2198 4.9257 11.7298V30.3698C4.9257 31.2098 5.5757 31.8698 6.4257 31.8698C7.2657 31.8698 7.9357 31.1998 7.9357 30.3698V20.3198C7.9357 20.0998 8.1257 19.9098 8.3457 19.9098C8.5757 19.9098 8.7557 20.0998 8.7557 20.3198V30.3698C8.7557 31.1998 9.4257 31.8698 10.2657 31.8698C11.1057 31.8698 11.7757 31.2098 11.7757 30.3698V13.8598C11.7757 13.6398 11.9557 13.4698 12.1657 13.4698C12.3857 13.4698 12.5757 13.6398 12.5757 13.8598V19.2998C12.5757 20.0698 13.1957 20.6998 13.9657 20.6998C14.7257 20.6998 15.3457 20.0698 15.3457 19.2998V13.2298C15.3457 10.0198 12.8957 7.8898 9.4357 7.8898H6.4257C5.6057 7.8898 5.1157 7.7498 4.4557 7.2698L3.0357 6.2598L2.7657 1.4398C2.7257 0.6698 2.0657 0.0498 1.3057 0.1098C0.5357 0.1798 -0.0343 0.8098 0.0057 1.5698Z","geometry":{"width":15.341910505310263,"height":31.869140625}}