{"path":"M4.8237 26.1377H21.1637V22.6177H5.2137C4.1137 22.6177 3.5237 22.0777 3.5237 20.9177V5.2377C3.5237 4.0777 4.1137 3.5277 5.2137 3.5277H27.4237C28.5237 3.5277 29.1037 4.0777 29.1037 5.2377V13.3677L32.6337 16.9077V4.7977C32.6337 1.6977 30.9437 -0.0023 27.8037 -0.0023H4.8237C1.7137 -0.0023 0.0037 1.6977 0.0037 4.7977V21.3377C0.0037 24.4477 1.7137 26.1377 4.8237 26.1377ZM7.6137 8.8777H22.1337C22.6537 8.8777 23.0537 8.4677 23.0537 7.9477C23.0537 7.4377 22.6537 7.0577 22.1337 7.0577H7.6137C7.0837 7.0577 6.7037 7.4377 6.7037 7.9477C6.7037 8.4677 7.0837 8.8777 7.6137 8.8777ZM22.9437 23.1377C22.9237 23.8477 23.7337 24.1077 24.2037 23.6077L25.9337 21.7977L27.9637 26.8477C28.1237 27.2477 28.4737 27.5077 28.9537 27.3277L30.3237 26.8277C30.8037 26.6377 30.8137 26.1277 30.6637 25.8277L28.4937 20.7977L31.0537 20.7777C31.7337 20.7977 32.0737 20.0677 31.5837 19.5777L24.2637 12.1577C23.8037 11.6877 23.1237 11.9677 23.1037 12.6177ZM7.6137 13.9877H16.0737C16.5937 13.9877 16.9937 13.5877 16.9937 13.0677C16.9937 12.5677 16.5937 12.1677 16.0737 12.1677H7.6137C7.0837 12.1677 6.7037 12.5677 6.7037 13.0677C6.7037 13.5877 7.0837 13.9877 7.6137 13.9877ZM7.6137 19.0977H19.0037C19.5237 19.0977 19.9037 18.7077 19.9037 18.1977C19.9037 17.6777 19.5237 17.2777 19.0037 17.2777H7.6137C7.0837 17.2777 6.7037 17.6777 6.7037 18.1977C6.7037 18.7077 7.0837 19.0977 7.6137 19.0977Z","geometry":{"width":32.634765625,"height":27.38706061846957}}