{"path":"M11.6657 27.672C11.9357 27.672 12.3157 27.562 12.6857 27.382C20.6057 23.422 23.3257 21.152 23.3257 16.252V6.312C23.3257 4.402 22.6957 3.622 21.0157 2.912C19.6857 2.362 14.8057 0.702 13.5657 0.302C12.9757 0.122 12.2457 0.002 11.6657 0.002C11.0757 0.002 10.3657 0.132 9.7757 0.302C8.5157 0.682 3.6357 2.362 2.3057 2.912C0.6457 3.612 -0.0043 4.402 -0.0043 6.312V16.252C-0.0043 21.152 2.8057 23.282 10.6457 27.382C11.0057 27.572 11.3857 27.672 11.6657 27.672ZM12.7957 7.332C12.7957 6.562 13.5657 6.272 14.1357 6.672L17.5457 8.972C18.0757 9.342 18.1057 10.032 17.5657 10.372L14.1457 12.692C13.5657 13.082 12.7957 12.792 12.7957 12.032V10.832H6.3257C5.7057 10.832 5.1857 10.312 5.1857 9.682C5.1857 9.052 5.7057 8.522 6.3257 8.522H12.7957ZM5.5657 17.582C5.0357 17.242 5.0557 16.532 5.5957 16.162L8.9957 13.872C9.5857 13.482 10.3357 13.772 10.3357 14.522V15.722H16.8057C17.4357 15.722 17.9557 16.242 17.9557 16.882C17.9557 17.502 17.4357 18.022 16.8057 18.022H10.3357V19.222C10.3357 19.992 9.5657 20.272 8.9857 19.882Z","geometry":{"width":23.32421875,"height":27.671875}}