{"path":"M1.8563 7.1936H32.7763C33.8563 7.1936 34.5863 6.4436 34.5863 5.3736V1.7936C34.5863 0.7336 33.8563 0.0036 32.7763 0.0036H1.8563C0.7963 0.0036 0.0563 0.7336 0.0563 1.7936V5.3736C0.0563 6.4436 0.7963 7.1936 1.8563 7.1936ZM1.7663 30.5936H32.8763C33.8563 30.5936 34.6463 29.8036 34.6463 28.8336C34.6463 27.8636 33.8563 27.0736 32.8763 27.0736H31.1263V9.0236H3.5163V27.0736H1.7663C0.7963 27.0736 -0.0037 27.8636 -0.0037 28.8336C-0.0037 29.8036 0.7963 30.5936 1.7663 30.5936ZM8.8963 27.0736V13.5736C8.8963 12.4036 9.6563 11.6636 10.8263 11.6636H23.8163C24.9763 11.6636 25.7263 12.4036 25.7263 13.5736V27.0736H23.4763V14.5336C23.4763 14.1536 23.2263 13.8936 22.8363 13.8936H11.7963C11.4063 13.8936 11.1563 14.1536 11.1563 14.5336V27.0736ZM17.1563 25.9536C15.0263 25.9536 13.5863 24.7036 13.5863 22.8136C13.5863 21.1736 14.3463 20.5636 14.3463 19.4436C14.3463 19.2736 14.3463 19.0436 14.3463 18.9336C14.3463 18.7436 14.4663 18.6336 14.6563 18.6336C15.0663 18.6336 15.5463 18.9736 15.8063 19.4836C15.8163 18.3436 15.2963 17.5936 14.7563 16.9136C14.4063 16.4436 14.6963 16.0736 15.3363 16.0736C17.7163 16.0736 21.2063 17.7736 21.2063 21.8736C21.2063 24.3036 19.6063 25.9536 17.1563 25.9536ZM17.2963 24.6736C18.4063 24.6736 18.9263 23.8736 18.9263 22.9536C18.9263 21.7636 18.0463 20.8036 17.3263 20.5636C17.4863 21.4236 17.3063 22.0536 17.0463 22.4236C16.9263 22.0936 16.7863 21.8636 16.5463 21.6936C16.4463 22.2736 15.8563 22.5736 15.8563 23.3836C15.8563 24.1536 16.4463 24.6736 17.2963 24.6736Z","geometry":{"width":34.64453125,"height":30.59765625}}