{"path":"M1.7663 30.5936H32.8763C33.8563 30.5936 34.6463 29.8036 34.6463 28.8336C34.6463 27.8636 33.8563 27.0736 32.8763 27.0736H31.1263V9.2236H32.7763C33.8363 9.2236 34.5763 8.4936 34.5763 7.4136V1.8036C34.5763 0.7336 33.8363 0.0036 32.7763 0.0036H1.8563C0.7763 0.0036 0.0363 0.7336 0.0363 1.8036V7.4136C0.0363 8.4936 0.7763 9.2236 1.8563 9.2236H3.5163V27.0736H1.7663C0.7963 27.0736 -0.0037 27.8636 -0.0037 28.8336C-0.0037 29.8036 0.7963 30.5936 1.7663 30.5936ZM3.6763 5.9336C3.4763 5.9336 3.3363 5.7936 3.3363 5.5936V3.6536C3.3363 3.4436 3.4763 3.2936 3.6763 3.2936H30.9563C31.1463 3.2936 31.2963 3.4436 31.2963 3.6536V5.5936C31.2963 5.7936 31.1463 5.9336 30.9563 5.9336ZM25.6163 13.0936C25.6163 11.9236 24.8663 11.1736 23.6963 11.1736H10.9363C9.7663 11.1736 9.0063 11.9236 9.0063 13.0936V27.0736H6.7963V9.2236H27.8363V27.0736H25.6163ZM11.2763 14.0636C11.2763 13.6736 11.5263 13.4236 11.9063 13.4236H22.7263C23.1163 13.4236 23.3663 13.6736 23.3663 14.0636V27.0736H11.2763ZM17.1463 25.9536C19.7563 25.9536 21.4463 24.2036 21.4463 21.5836C21.4463 17.2136 17.7463 15.4036 15.2063 15.4036C14.5063 15.4036 14.2063 15.8036 14.5763 16.2936C15.1463 17.0236 15.7063 17.8236 15.6963 19.0336C15.4063 18.4936 14.9163 18.1336 14.4663 18.1336C14.2763 18.1336 14.1363 18.2536 14.1363 18.4536C14.1363 18.5836 14.1363 18.8136 14.1363 18.9936C14.1363 20.2036 13.3263 20.8536 13.3263 22.6036C13.3263 24.6236 14.8663 25.9536 17.1463 25.9536ZM17.2963 24.5836C16.3763 24.5836 15.7463 24.0336 15.7463 23.2036C15.7463 22.3436 16.3763 22.0236 16.4763 21.4136C16.7363 21.5836 16.8963 21.8336 17.0363 22.1736C17.3063 21.7836 17.4863 21.1136 17.3263 20.1936C18.0863 20.4536 19.0163 21.4736 19.0163 22.7536C19.0163 23.7236 18.4563 24.5836 17.2963 24.5836Z","geometry":{"width":34.64453125,"height":30.59765625}}