{"path":"M11.8708 28.176C12.1408 28.176 12.5408 28.056 12.9108 27.876C20.9008 23.706 23.7508 21.536 23.7508 16.556V6.436C23.7508 4.486 23.0908 3.696 21.4008 2.966C20.0408 2.396 15.0708 0.726 13.7908 0.316C13.1908 0.126 12.4508 -0.004 11.8708 -0.004C11.2808 -0.004 10.5408 0.146 9.9408 0.316C8.6808 0.666 3.6908 2.406 2.3508 2.966C0.6408 3.696 0.0008 4.486 0.0008 6.436V16.556C0.0008 21.536 2.8308 23.696 10.8408 27.876C11.2008 28.056 11.5908 28.176 11.8708 28.176ZM11.8708 24.596C11.7208 24.596 11.5508 24.546 11.1808 24.326C5.0408 20.536 3.2508 19.676 3.2508 16.036V6.886C3.2508 6.376 3.3808 6.166 3.7608 6.006C5.6908 5.226 9.4508 3.996 10.8508 3.456C11.3208 3.306 11.5908 3.236 11.8708 3.236C12.1408 3.236 12.4108 3.306 12.8808 3.456C14.3008 3.996 18.0208 5.276 19.9708 6.006C20.3608 6.156 20.4808 6.376 20.4808 6.886V16.036C20.4808 19.746 18.5008 20.786 12.5508 24.326C12.1808 24.546 12.0308 24.596 11.8708 24.596ZM12.9308 7.776V8.946H6.7908C6.2108 8.946 5.7108 9.436 5.7108 10.026C5.7108 10.626 6.2108 11.116 6.7908 11.116H12.9308V12.266C12.9308 12.976 13.6708 13.266 14.2208 12.876L17.4708 10.696C17.9608 10.366 17.9508 9.696 17.4308 9.356L14.2008 7.196C13.6608 6.796 12.9308 7.086 12.9308 7.776ZM6.0708 17.526L9.3208 19.706C9.8808 20.086 10.5908 19.806 10.5908 19.086V17.936H16.7308C17.3408 17.936 17.8308 17.446 17.8308 16.856C17.8308 16.256 17.3408 15.766 16.7308 15.766H10.5908V14.616C10.5908 13.906 9.8808 13.646 9.3208 14.016L6.1108 16.176C5.5908 16.526 5.5808 17.196 6.0708 17.526Z","geometry":{"width":23.748046875,"height":28.177734375}}