{"path":"M4.8237 26.1377H21.3137C24.4437 26.1377 26.1437 24.4477 26.1437 21.3377V4.7977C26.1437 1.6977 24.4437 -0.0023 21.3137 -0.0023H4.8237C1.7137 -0.0023 0.0037 1.6977 0.0037 4.7977V21.3377C0.0037 24.4477 1.7137 26.1377 4.8237 26.1377ZM7.9937 20.5477C7.5237 20.5477 7.0937 20.1377 7.0937 19.6577V8.1177C7.0937 7.4077 7.4337 6.8777 8.1037 6.5877C8.6537 6.3477 9.1437 6.2177 10.2037 6.2177C12.7237 6.2177 14.3137 7.4377 16.5537 7.4377C17.6337 7.4377 18.2237 7.1477 18.6937 7.1477C19.3637 7.1477 19.7137 7.5177 19.7137 8.0977V14.8777C19.7137 15.6277 19.4037 16.1077 18.7137 16.4377C18.1537 16.6977 17.6537 16.7877 16.6137 16.7877C14.1937 16.7877 12.6437 15.5877 10.2537 15.5877C9.6237 15.5877 9.1437 15.7077 8.8737 15.8077V19.6577C8.8737 20.1677 8.5037 20.5477 7.9937 20.5477Z","geometry":{"width":26.140625,"height":26.140625}}