{"path":"M1.6558 27.5723C2.5558 27.5723 3.3058 26.8423 3.3058 25.9123V18.6523C3.7158 18.5223 4.6758 18.2223 6.0158 18.2223C10.8458 18.2223 14.4358 20.7423 19.2658 20.7423C21.3158 20.7423 22.5458 20.4223 23.6258 19.9223C24.6658 19.4323 25.1858 18.5123 25.1858 17.2123V3.9923C25.1858 2.8423 24.3858 2.0623 23.2458 2.0623C22.2958 2.0623 21.1258 2.5123 19.1658 2.5123C14.4958 2.5123 10.7458 0.0023 5.9158 0.0023C3.9358 0.0023 2.8058 0.2823 1.5858 0.8523C0.5758 1.3123 -0.0042 2.0223 -0.0042 3.2723V25.9123C-0.0042 26.8223 0.7558 27.5723 1.6558 27.5723ZM3.4558 11.6623V7.6923C3.7858 7.3823 4.6258 7.0023 6.0258 7.0023C6.4258 7.0023 7.2758 7.0523 7.9058 7.1523V3.5223C9.5158 3.7423 11.0358 4.2223 12.5958 4.6923V8.3023C14.0958 8.7923 15.8058 9.2023 17.2858 9.3823V5.7523C17.8558 5.8223 18.4458 5.8623 19.0458 5.8623C20.0958 5.8623 21.0258 5.7723 21.7258 5.5823V9.1923C21.1358 9.3523 20.1658 9.4923 19.0458 9.4923C18.6358 9.4923 18.0358 9.4723 17.2858 9.3823V13.3423C18.0758 13.4423 18.7758 13.4523 19.2958 13.4523C20.3458 13.4523 21.0858 13.3423 21.7258 13.1623V16.6623C21.4258 16.9823 20.5458 17.3523 19.1258 17.3523C18.5158 17.3523 17.9058 17.2823 17.2858 17.1823V13.3423C15.5958 13.1123 14.1458 12.7523 12.5958 12.2623V16.0123C11.1158 15.5723 9.5858 15.1523 7.9058 14.9723V11.1123C7.3858 11.0423 6.8358 10.9623 6.0258 10.9623C4.6258 10.9623 3.7858 11.3523 3.4558 11.6623ZM7.9058 11.1123C9.6158 11.3623 10.9358 11.7823 12.5958 12.2623V8.3023C11.0358 7.8523 9.6258 7.3923 7.9058 7.1523Z","geometry":{"width":25.18359375,"height":27.576171875}}