{"path":"M24.3279 25.955C24.7979 26.415 25.5479 26.385 25.9579 25.955C26.4079 25.485 26.4079 24.775 25.9579 24.325L1.9679 0.345C1.4979 -0.125 0.7579 -0.105 0.3279 0.345C-0.1121 0.785 -0.1021 1.535 0.3279 1.975ZM25.5179 21.205C25.7679 20.795 25.8779 20.295 25.8779 19.675V6.455C25.8779 5.305 25.0779 4.525 23.9379 4.525C22.9879 4.525 21.8179 4.975 19.8579 4.975C15.2679 4.975 11.4979 2.515 6.6979 2.465L10.6979 6.485C13.7079 7.095 16.3779 8.325 19.7379 8.325C20.7879 8.325 21.7179 8.235 22.4179 8.045V18.105ZM2.3479 30.035C3.2479 30.035 3.9979 29.305 3.9979 28.375V21.115C4.4079 20.985 5.3679 20.685 6.7079 20.685C11.1879 20.685 14.5279 22.845 18.9279 23.165L14.5679 18.785C12.0679 18.255 9.7879 17.325 6.8179 17.325C5.7479 17.325 4.7779 17.435 4.1479 17.655V8.465L0.7979 5.105C0.7179 5.265 0.6879 5.445 0.6879 5.705V28.375C0.6879 29.285 1.4479 30.035 2.3479 30.035Z","geometry":{"width":26.296162920614815,"height":30.03883748766683}}