{"path":"M32.1136 26.0051L17.8836 1.3551C17.2536 0.2751 16.3236 -0.0849 15.2136 0.0151C14.2836 0.1251 13.1136 0.5751 11.9636 1.2451C8.7236 3.1151 7.3036 6.1651 4.2936 7.9051C2.9836 8.6551 1.7736 8.9651 1.1336 9.3351C0.1136 9.9451 -0.3264 11.0251 0.2736 12.0851L5.7436 21.5651C6.3536 22.6251 7.3036 22.9851 8.4036 22.8751C9.3336 22.7951 10.5136 22.3251 11.6636 21.6551C14.9036 19.7751 16.3236 16.7251 19.3136 14.9951C20.0836 14.5651 20.7836 14.3051 21.2836 14.0951L29.1436 27.7151C29.6236 28.5451 30.6636 28.8451 31.5036 28.3551C32.3036 27.8751 32.5936 26.8151 32.1136 26.0051ZM25.9036 11.4951L27.8936 14.9151L28.3736 14.0951C28.8736 14.3051 29.5736 14.5651 30.3236 14.9951C33.3136 16.7251 34.7536 19.7751 37.9936 21.6551C39.1436 22.3251 40.3136 22.7951 41.2436 22.8751C42.3536 22.9851 43.3036 22.6251 43.9136 21.5651L49.3736 12.0851C49.9836 11.0251 49.5436 9.9451 48.5236 9.3351C47.8836 8.9651 46.6636 8.6551 45.3536 7.9051C42.3536 6.1651 40.9336 3.1151 37.6936 1.2451C36.5336 0.5751 35.3736 0.1251 34.4236 0.0151C33.3336 -0.0849 32.4036 0.2751 31.7736 1.3551ZM30.1236 11.0651L34.4136 3.6251C35.0436 3.6951 35.6736 4.0651 35.9536 4.2251C38.8836 5.8751 40.0436 8.8051 43.6436 10.8851C44.2136 11.1951 44.9436 11.6251 45.5536 11.8451L41.2636 19.2751C40.6436 19.2151 40.0136 18.8451 39.7336 18.6751C36.8036 17.0351 35.6436 14.0951 32.0436 12.0151C31.4736 11.7051 30.7436 11.2851 30.1236 11.0651ZM23.7336 22.1251L21.7536 18.6951L17.5236 26.0051C17.0636 26.8151 17.3536 27.8751 18.1536 28.3551C18.9936 28.8451 20.0336 28.5451 20.5036 27.7151Z","geometry":{"width":49.65159155558903,"height":28.594257677149123}}