{"path":"M1.6558 27.5723C2.5558 27.5723 3.3058 26.8423 3.3058 25.9123V18.6523C3.7158 18.5223 4.6758 18.2223 6.0158 18.2223C10.8458 18.2223 14.4358 20.7423 19.2658 20.7423C21.3158 20.7423 22.5458 20.4223 23.6258 19.9223C24.6658 19.4323 25.1858 18.5123 25.1858 17.2123V3.9923C25.1858 2.8423 24.3858 2.0623 23.2458 2.0623C22.2958 2.0623 21.1258 2.5123 19.1658 2.5123C14.4958 2.5123 10.7458 0.0023 5.9158 0.0023C3.9358 0.0023 2.8058 0.2823 1.5858 0.8523C0.5758 1.3123 -0.0042 2.0223 -0.0042 3.2723V25.9123C-0.0042 26.8223 0.7558 27.5723 1.6558 27.5723Z","geometry":{"width":25.18359375,"height":27.576171875}}