{"path":"M11.3327 30.6377C18.9327 30.6377 24.0127 25.5377 24.0127 17.8677C24.0127 5.2777 13.1827 -0.0023 5.7827 -0.0023C4.1827 -0.0023 3.1027 0.6577 3.1027 1.8577C3.1027 2.3277 3.3127 2.8177 3.6527 3.2277C5.4527 5.3977 6.8927 7.4477 6.9027 9.9577C6.9027 10.0577 6.9027 10.1677 6.8927 10.2777C5.9927 8.4377 4.7827 7.6577 3.6527 7.6577C2.8527 7.6577 2.3227 8.1777 2.3227 9.0677C2.3227 9.5977 2.4327 10.2177 2.4327 11.0077C2.4327 14.2577 0.0027 15.5677 0.0027 20.7977C0.0027 26.6977 4.5227 30.6377 11.3327 30.6377ZM11.4827 27.6577C6.4027 27.6577 2.9927 24.9077 2.9927 20.7977C2.9927 16.8477 5.1427 15.6677 5.1827 11.3877C5.7127 12.2777 6.0827 13.3577 6.3127 14.4877C6.4027 14.9977 6.7027 15.2877 7.1527 15.2877C8.6427 15.2877 9.5727 12.3077 9.5727 9.9377C9.5727 7.4277 8.6827 4.9177 7.1927 2.9977C15.6027 4.0077 20.9327 9.8977 20.9327 17.7877C20.9327 23.7077 17.1427 27.6577 11.4827 27.6577ZM11.7027 25.7877C14.6827 25.7877 16.3627 23.6677 16.3627 20.9577C16.3627 18.1677 14.7927 15.3977 11.9627 14.1477C11.7327 14.0577 11.5027 14.1877 11.5527 14.4777C11.8227 16.3777 11.6927 18.1277 11.0227 19.2877C10.7327 18.4277 10.3627 17.7777 9.8127 17.2377C9.5927 17.0577 9.3827 17.1877 9.3627 17.4077C9.1627 19.1677 7.5927 19.8477 7.5927 22.1077C7.5927 24.3077 9.2327 25.7877 11.7027 25.7877Z","geometry":{"width":24.0078125,"height":30.638671875}}