{"path":"M11.3327 30.6377C18.9327 30.6377 24.0127 25.5377 24.0127 17.8677C24.0127 5.2777 13.1827 -0.0023 5.7827 -0.0023C4.1827 -0.0023 3.1027 0.6577 3.1027 1.8577C3.1027 2.3277 3.3127 2.8177 3.6527 3.2277C5.4527 5.3977 6.8927 7.4477 6.9027 9.9577C6.9027 10.0577 6.9027 10.1677 6.8927 10.2777C5.9927 8.4377 4.7827 7.6577 3.6527 7.6577C2.8527 7.6577 2.3227 8.1777 2.3227 9.0677C2.3227 9.5977 2.4327 10.2177 2.4327 11.0077C2.4327 14.2577 0.0027 15.5677 0.0027 20.7977C0.0027 26.6977 4.5227 30.6377 11.3327 30.6377ZM11.6927 25.7877C9.1627 25.7877 7.4927 24.2777 7.4927 22.0277C7.4927 19.7177 9.0927 19.0277 9.3127 17.2277C9.3227 16.9977 9.5527 16.8577 9.7727 17.0477C10.3327 17.5977 10.7227 18.2777 11.0027 19.1377C11.6727 17.9477 11.8127 16.1777 11.5427 14.2277C11.4827 13.9477 11.7127 13.8077 11.9627 13.9077C14.8427 15.1777 16.4627 18.0077 16.4627 20.8477C16.4627 23.6277 14.7427 25.7877 11.6927 25.7877Z","geometry":{"width":24.0078125,"height":30.638671875}}