{"path":"M0.0037 4.2345H15.2037V3.2645C15.2037 1.1345 14.0537 0.0045 11.9937 0.0045H3.2137C1.1437 0.0045 0.0037 1.1345 0.0037 3.2645ZM6.0037 31.9745H9.2037C11.2637 31.9745 12.4137 30.8445 12.4137 28.7145V15.0645C12.4137 13.7645 12.6837 12.8545 13.1937 12.0845L14.0237 10.8045C14.7937 9.5945 15.2037 8.5845 15.2037 7.3645V6.3145H0.0037V7.3645C0.0037 8.5845 0.4137 9.5945 1.1737 10.8045L2.0137 12.0845C2.5137 12.8545 2.7937 13.7645 2.7937 15.0645V28.7145C2.7937 30.8445 3.9337 31.9745 6.0037 31.9745ZM7.6137 13.6045C8.8737 13.6045 9.6937 14.5045 9.6937 15.8345V19.6345C9.6937 20.9145 8.8737 21.8045 7.6137 21.8245C6.3337 21.8345 5.5137 20.9445 5.5137 19.6345V15.8345C5.5137 14.5045 6.3337 13.6045 7.6137 13.6045ZM7.6137 14.6945C6.9037 14.6945 6.3137 15.2745 6.3137 15.9845C6.3137 16.6645 6.9037 17.2545 7.6137 17.2545C8.3037 17.2545 8.8837 16.6645 8.8837 15.9845C8.8837 15.2745 8.3037 14.6945 7.6137 14.6945Z","geometry":{"width":15.203125,"height":31.978515625}}