{"path":"M10.8137 31.0913C17.5437 31.0913 21.6337 27.2213 21.6337 20.6213V8.5813C21.6337 6.0713 19.9837 4.4313 17.4737 4.4313H3.5237V1.7613C3.5237 0.7913 2.7337 0.0013 1.7637 0.0013C0.7937 0.0013 0.0037 0.7913 0.0037 1.7613V20.6213C0.0037 27.2213 4.0837 31.0913 10.8137 31.0913ZM10.8137 27.5913C6.3037 27.5913 3.5237 25.0713 3.5237 20.7813V7.9613H16.5537C17.5137 7.9613 18.1037 8.5213 18.1037 9.4613V20.7813C18.1037 25.0713 15.3137 27.5913 10.8137 27.5913ZM5.8837 18.3713H15.7637C16.4437 18.3713 16.8837 17.9513 16.8837 17.2513V10.2913C16.8837 9.6013 16.4437 9.1713 15.7637 9.1713H5.8837C5.1837 9.1713 4.7437 9.5813 4.7437 10.2913V17.2713C4.7437 17.9613 5.1837 18.3713 5.8837 18.3713ZM8.6637 25.2413H12.8837C13.4937 25.2413 14.0037 24.7313 14.0037 24.1313C14.0037 23.5113 13.4937 23.0113 12.8837 23.0113H8.6637C8.0637 23.0113 7.5637 23.5113 7.5637 24.1313C7.5637 24.7313 8.0637 25.2413 8.6637 25.2413Z","geometry":{"width":21.62890625,"height":31.08984375}}