{"path":"M4.8237 26.1377H21.3137C24.4437 26.1377 26.1437 24.4477 26.1437 21.3377V4.7977C26.1437 1.6977 24.4437 -0.0023 21.3137 -0.0023H4.8237C1.7137 -0.0023 0.0037 1.6977 0.0037 4.7977V21.3377C0.0037 24.4477 1.7137 26.1377 4.8237 26.1377ZM9.8437 19.6777C9.1337 19.6777 8.5737 19.5677 8.1937 19.3177C7.7537 19.0977 7.5337 18.7577 7.5337 18.3377C7.5337 17.7877 7.8637 17.4277 8.3937 17.3477C8.5537 17.3377 8.6937 17.3377 8.8437 17.3477C9.0637 17.3777 9.2437 17.4077 9.5537 17.4077C10.6237 17.4077 11.1537 16.8877 11.3437 15.7077L11.6737 13.7377H9.5437C8.9737 13.7377 8.6537 13.3877 8.6537 12.8877C8.6537 12.3577 8.9737 12.0177 9.5437 12.0177H11.9537L12.2537 10.1877C12.6637 7.6877 13.9737 6.5477 16.4637 6.5477C17.1737 6.5477 17.7237 6.6677 18.1137 6.9077C18.5537 7.1377 18.7837 7.4677 18.7837 7.8977C18.7837 8.4477 18.4437 8.8177 17.9137 8.8777C17.7437 8.8877 17.6137 8.8877 17.4637 8.8777C17.2437 8.8577 17.0637 8.8277 16.7437 8.8277C15.6937 8.8277 15.1637 9.3377 14.9537 10.4877L14.7237 12.0177H17.0237C17.6137 12.0177 17.9237 12.3577 17.9237 12.8877C17.9237 13.3877 17.6137 13.7377 17.0237 13.7377H14.4337L14.0637 16.0377C13.6437 18.5377 12.3337 19.6777 9.8437 19.6777Z","geometry":{"width":26.140625,"height":26.140625}}