{"path":"M3.7237 25.5405H13.8237V27.2305H11.7837C10.5137 27.2305 10.1037 28.3405 10.8937 29.2805L14.5237 33.6205C14.9937 34.1905 15.7937 34.1805 16.2537 33.6205L19.8637 29.2805C20.6137 28.3705 20.2237 27.2305 18.9937 27.2305H16.9237V25.5405H27.0037C29.2837 25.5405 30.7337 24.1005 30.7337 21.8605V17.3105C30.7337 15.0705 29.2837 13.6405 27.0037 13.6405H16.9137V11.8905H27.0037C29.2837 11.8905 30.7337 10.4605 30.7337 8.2205V3.6605C30.7337 1.4205 29.2837 0.0005 27.0037 0.0005H3.7237C1.4537 0.0005 0.0037 1.4205 0.0037 3.6605V8.2205C0.0037 10.4605 1.4537 11.8905 3.7237 11.8905H13.8237V13.6405H3.7237C1.4537 13.6405 0.0037 15.0705 0.0037 17.3105V21.8605C0.0037 24.1005 1.4537 25.5405 3.7237 25.5405ZM4.2837 8.5605C3.6937 8.5605 3.3337 8.1905 3.3337 7.5905V4.3105C3.3337 3.7005 3.6937 3.3205 4.2837 3.3205H26.4437C27.0337 3.3205 27.3937 3.7005 27.3937 4.3105V7.5905C27.3937 8.1905 27.0337 8.5605 26.4437 8.5605ZM4.2837 22.2005C3.6937 22.2005 3.3337 21.8305 3.3337 21.2305V17.9505C3.3337 17.3505 3.6937 16.9705 4.2837 16.9705H26.4437C27.0337 16.9705 27.3937 17.3505 27.3937 17.9505V21.2305C27.3937 21.8305 27.0337 22.2005 26.4437 22.2005Z","geometry":{"width":30.734375,"height":34.04469317588426}}