{"path":"M21.2627 27.1673C28.7127 27.1673 34.8327 21.0373 34.8327 13.5773C34.8327 6.1273 28.7127 -0.0027 21.2427 -0.0027C13.7927 -0.0027 7.6827 6.1273 7.6827 13.5773C7.6827 21.0373 13.7927 27.1673 21.2627 27.1673ZM42.5227 13.5773C42.5227 9.1173 41.0527 4.9073 38.5027 1.5073C37.8527 0.6573 36.7527 0.5873 35.9427 1.2573C35.1327 1.9373 35.1127 2.9573 35.7427 3.8173C37.7627 6.5873 38.9127 9.9673 38.9127 13.5773C38.9127 17.1873 37.7627 20.5773 35.7427 23.3373C35.1227 24.1873 35.1527 25.2273 35.9427 25.8773C36.7627 26.5473 37.8727 26.4973 38.5127 25.6473C41.0527 22.2473 42.5227 18.0473 42.5227 13.5773ZM0.0027 13.5773C0.0027 18.0473 1.4627 22.2473 4.0027 25.6473C4.6527 26.4973 5.7727 26.5473 6.5727 25.8773C7.3727 25.2273 7.3927 24.1873 6.7827 23.3373C4.7627 20.5773 3.6127 17.1873 3.6127 13.5773C3.6127 9.9673 4.7627 6.5873 6.7827 3.8173C7.4127 2.9573 7.3827 1.9373 6.5727 1.2573C5.7727 0.5873 4.6627 0.6573 4.0227 1.5073C1.4627 4.9073 0.0027 9.1173 0.0027 13.5773ZM25.6527 16.3473C25.1827 15.9173 24.8427 15.8973 24.3627 16.3473C23.6127 17.1073 22.4727 17.5673 21.2427 17.5673C20.0127 17.5673 18.8827 17.1073 18.1327 16.3473C17.6627 15.8973 17.3227 15.9173 16.8427 16.3473C16.0627 17.1273 14.9527 17.5673 13.7527 17.5673C13.1127 17.5673 12.5127 17.4473 11.9627 17.2273C11.5227 16.0873 11.2827 14.8773 11.2827 13.5773C11.2827 8.0573 15.7227 3.5973 21.2427 3.5973C26.7727 3.5973 31.2427 8.0573 31.2427 13.5773C31.2427 14.8573 31.0127 16.0873 30.5727 17.2173C30.0127 17.4473 29.3927 17.5673 28.7527 17.5673C27.5527 17.5673 26.4327 17.1273 25.6527 16.3473Z","geometry":{"width":42.51953125,"height":27.166015625}}