{"path":"M29.3837 14.8921H30.5837C31.1037 14.8921 31.5237 14.5421 31.6337 14.0421L31.9537 12.7521C32.0837 12.7121 32.2337 12.6621 32.3737 12.5921L33.4837 13.2721C33.9337 13.5521 34.4537 13.5221 34.8537 13.1221L35.6837 12.2921C36.0437 11.9221 36.0837 11.3921 35.7937 10.9221L35.1237 9.8021C35.2037 9.6821 35.2437 9.5521 35.3037 9.4221L36.5837 9.1021C37.1037 8.9821 37.4337 8.5721 37.4337 8.0521V6.8621C37.4337 6.3421 37.0937 5.9321 36.5837 5.8121L35.3137 5.5121C35.2637 5.3621 35.1937 5.2221 35.1537 5.1121L35.8337 3.9621C36.1037 3.5321 36.0637 2.9621 35.6937 2.6121L34.8337 1.7821C34.4837 1.4221 33.9637 1.3421 33.5237 1.6121L32.3737 2.3221C32.2237 2.2421 32.0837 2.2021 31.9537 2.1421L31.6337 0.8521C31.5137 0.3421 31.1037 0.0021 30.5837 0.0021H29.3837C28.8437 0.0021 28.4337 0.3421 28.3137 0.8621L28.0137 2.1321C27.8537 2.1921 27.7137 2.2421 27.5737 2.3221L26.4237 1.6121C26.0337 1.3521 25.4837 1.4221 25.1337 1.7821L24.2837 2.6121C23.9137 2.9621 23.8437 3.5121 24.1137 3.9621L24.8137 5.1121C24.7637 5.2221 24.7037 5.3721 24.6337 5.5121L23.3837 5.8121C22.8637 5.9521 22.5337 6.3621 22.5337 6.8621V8.0521C22.5337 8.5721 22.8737 8.9821 23.3837 9.1021L24.6637 9.4221C24.7237 9.5521 24.7737 9.6821 24.8237 9.8021L24.1537 10.9221C23.8837 11.3921 23.9237 11.9221 24.2837 12.2921L25.1137 13.1221C25.4837 13.5121 26.0137 13.5321 26.4737 13.2721L27.5937 12.5921C27.7437 12.6621 27.8737 12.7121 28.0137 12.7521L28.3137 14.0421C28.4337 14.5421 28.8437 14.8921 29.3837 14.8921ZM0.0037 9.5521H21.1137C20.9137 8.9121 20.8037 8.2321 20.8037 7.5221C20.8037 6.0521 21.1537 4.5621 21.8037 3.2721H14.9937C13.9437 3.2721 13.3037 3.0221 12.4237 2.3521L11.7437 1.8021C10.6737 0.9721 9.9537 0.7021 8.3837 0.7021H4.5637C1.7337 0.7021 0.0037 2.4021 0.0037 5.4921ZM29.9837 9.6921C28.7537 9.6921 27.7537 8.6821 27.7537 7.4521C27.7537 6.2221 28.7537 5.2121 29.9837 5.1921C31.2037 5.1921 32.2237 6.2221 32.2237 7.4521C32.2237 8.6821 31.2037 9.6921 29.9837 9.6921ZM4.8237 26.9621H27.2337C30.1337 26.9621 31.8237 25.2521 31.8237 22.1621V16.5021C31.2637 16.6421 30.6837 16.6921 30.1037 16.6921C26.6337 16.6921 23.5737 14.7821 22.0437 11.8221H0.0037V22.1621C0.0037 25.2621 1.7137 26.9621 4.8237 26.9621Z","geometry":{"width":37.43359375,"height":26.9609375}}