{"path":"M4.8237 26.2648H27.2337C30.1337 26.2648 31.8237 24.5548 31.8237 21.4648V7.3648C31.8237 4.2648 30.1237 2.5748 27.0037 2.5748H14.9937C13.9437 2.5748 13.3037 2.3248 12.4237 1.6548L11.7437 1.1048C10.6737 0.2748 9.9537 0.0048 8.3837 0.0048H4.5637C1.7337 0.0048 0.0037 1.7048 0.0037 4.7948V21.4648C0.0037 24.5648 1.7137 26.2648 4.8237 26.2648ZM3.5237 5.2048C3.5237 4.1248 4.1737 3.5248 5.2537 3.5248H7.4337C8.4937 3.5248 9.1037 3.7548 9.9937 4.4448L10.6737 5.0048C11.7437 5.8248 12.4837 6.0948 14.0437 6.0948H26.6237C27.7137 6.0948 28.3037 6.6348 28.3037 7.7948V8.6248H3.5237ZM5.2137 22.7348C4.1137 22.7348 3.5237 22.1848 3.5237 21.0248V11.5248H28.3037V21.0448C28.3037 22.1848 27.7137 22.7348 26.6237 22.7348Z","geometry":{"width":31.828125,"height":26.263671875}}