{"path":"M22.5813 22.5751C28.0213 17.1351 29.9413 9.3951 28.1713 3.4551C27.6513 1.7551 27.0513 1.1451 25.3613 0.6351C19.4113 -1.1249 11.6613 0.7851 6.2213 6.2251C0.7713 11.6651 -1.1287 19.4251 0.6413 25.3551C1.1413 27.0551 1.7613 27.6651 3.4413 28.1751C9.3913 29.9351 17.1413 28.0251 22.5813 22.5751ZM24.3013 3.5351C25.0013 3.7151 25.1013 3.8051 25.2513 4.4351C25.7013 6.2051 25.8513 7.9951 25.6813 9.7651L19.0413 3.1251C20.7913 2.9651 22.5513 3.0951 24.3013 3.5351ZM20.4213 20.4351C18.3313 22.5351 15.9413 24.0451 13.4313 24.8951L3.9013 15.3751C4.7713 12.8751 6.2613 10.4851 8.3813 8.3751C10.4813 6.2651 12.8613 4.7651 15.3613 3.9151L24.8913 13.4351C24.0313 15.9451 22.5313 18.3251 20.4213 20.4351ZM8.5813 17.1951L11.6013 20.2151C11.9213 20.5251 12.4213 20.5251 12.7413 20.2151C13.0513 19.8951 13.0513 19.3951 12.7413 19.0751L11.7913 18.1351L12.5313 17.3951L13.4913 18.3451C13.7913 18.6551 14.3113 18.6551 14.6113 18.3451C14.9213 18.0451 14.9213 17.5251 14.6113 17.2051L13.6713 16.2651L14.4013 15.5251L15.3613 16.4651C15.6813 16.7651 16.1813 16.7651 16.5013 16.4651C16.8013 16.1551 16.8013 15.6351 16.5013 15.3351L15.5413 14.3751L16.3113 13.6251L17.2513 14.5651C17.5613 14.8851 18.0713 14.8851 18.3813 14.5651C18.7013 14.2551 18.7013 13.7651 18.3813 13.4451L17.4313 12.4851L18.1813 11.7551L19.1213 12.6951C19.4413 13.0051 19.9413 13.0051 20.2613 12.6951C20.5713 12.3951 20.5713 11.8751 20.2613 11.5651L17.2313 8.5351C16.9213 8.2251 16.4113 8.2251 16.1113 8.5351C15.8013 8.8551 15.8013 9.3751 16.1113 9.6751L17.0613 10.6151L16.3113 11.3651L15.3613 10.4251C15.0513 10.1151 14.5413 10.1151 14.2313 10.4251C13.9113 10.7251 13.9113 11.2451 14.2313 11.5651L15.1713 12.5051L14.4213 13.2551L13.4613 12.3151C13.1613 11.9951 12.6413 11.9951 12.3313 12.3151C12.0313 12.6251 12.0313 13.1351 12.3313 13.4451L13.2813 14.3951L12.5513 15.1251L11.6013 14.1851C11.2913 13.8751 10.7713 13.8751 10.4513 14.1851C10.1513 14.4951 10.1513 15.0051 10.4513 15.3051L11.4113 16.2651L10.6713 17.0151L9.7213 16.0551C9.4013 15.7551 8.8913 15.7551 8.5813 16.0551C8.2713 16.3751 8.2713 16.8751 8.5813 17.1951ZM4.4413 25.2451C3.8013 25.0951 3.7113 25.0151 3.5213 24.3051C3.0813 22.5651 2.9513 20.7851 3.1113 19.0351L9.7613 25.6851C7.9913 25.8451 6.2013 25.7151 4.4413 25.2451Z","geometry":{"width":28.81000116688745,"height":28.80799705982241}}