{"path":"M28.0859 3.4106C27.5759 1.7406 26.9759 1.1406 25.2959 0.6206C22.9859 -0.0594 20.4059 -0.1694 17.8059 0.2506L28.4559 10.9006C28.8959 8.3006 28.7659 5.7206 28.0859 3.4106ZM22.5059 22.5106C24.8059 20.2106 26.4859 17.4906 27.5159 14.6706L14.0359 1.2106C11.2159 2.2306 8.5059 3.9006 6.1959 6.2106C3.8959 8.5106 2.2359 11.2306 1.2059 14.0306L14.6759 27.5106C17.4859 26.4906 20.1959 24.8206 22.5059 22.5106ZM12.6059 20.5006C12.2659 20.8306 11.7359 20.8306 11.4059 20.5006L8.2059 17.3006C7.8959 16.9706 7.8759 16.4406 8.2059 16.1106C8.5459 15.7706 9.0959 15.7706 9.4059 16.1006L10.4059 17.1106L11.1859 16.3106L10.1859 15.3206C9.8659 14.9906 9.8659 14.4506 10.1859 14.1306C10.5359 13.7806 11.0759 13.7806 11.3959 14.1106L12.3859 15.1206L13.1659 14.3306L12.1759 13.3306C11.8459 13.0106 11.8259 12.4906 12.1759 12.1406C12.4959 11.8206 13.0459 11.8206 13.3659 12.1306L14.3759 13.1406L15.1659 12.3406L14.1559 11.3406C13.8359 11.0206 13.8359 10.4806 14.1559 10.1606C14.4959 9.8206 15.0259 9.8206 15.3559 10.1506L16.3559 11.1506L17.1459 10.3706L16.1359 9.3706C15.8259 9.0406 15.8059 8.5106 16.1359 8.1806C16.4759 7.8506 17.0159 7.8506 17.3359 8.1706L20.5359 11.3606C20.8659 11.6906 20.8659 12.2406 20.5359 12.5506C20.1959 12.9006 19.6659 12.8806 19.3359 12.5506L18.3359 11.5606L17.5559 12.3406L18.5559 13.3306C18.8859 13.6806 18.8859 14.2106 18.5559 14.5406C18.2159 14.8806 17.6859 14.8606 17.3559 14.5406L16.3559 13.5406L15.5659 14.3306L16.5559 15.3306C16.9059 15.6606 16.8859 16.2006 16.5559 16.5306C16.2359 16.8606 15.6959 16.8706 15.3759 16.5306L14.3759 15.5306L13.5759 16.3106L14.5759 17.3106C14.9159 17.6406 14.9159 18.1906 14.5759 18.5206C14.2459 18.8406 13.7159 18.8406 13.3859 18.5206L12.3859 17.5206L11.6159 18.3006L12.6059 19.2906C12.9359 19.6206 12.9359 20.1706 12.6059 20.5006ZM3.4059 28.1006C5.7159 28.7806 8.3059 28.8906 10.8959 28.4706L0.2459 17.8206C-0.1741 20.4206 -0.0641 23.0006 0.6159 25.3106C1.1259 26.9806 1.7259 27.5806 3.4059 28.1006Z","geometry":{"width":28.711324906231106,"height":28.71904844051099}}