{"path":"M5.2235 33.2615C6.5235 33.2615 7.3135 32.5115 7.3035 31.2915L7.0235 15.5615C7.0135 14.8715 7.1735 14.5915 7.6835 14.3515C9.6535 13.4515 10.5535 12.4815 10.4135 9.7215L10.0035 1.3815C9.9635 0.6515 9.5735 0.2315 8.9035 0.2315C8.2435 0.2315 7.8635 0.6815 7.8735 1.4115L7.9835 9.4715C7.9835 10.0115 7.6835 10.3215 7.2335 10.3215C6.7535 10.3215 6.4535 10.0315 6.4435 9.5115L6.3035 1.1315C6.2735 0.4415 5.8835 0.0015 5.2235 0.0015C4.5635 0.0015 4.1535 0.4415 4.1435 1.1315L3.9935 9.5115C3.9935 10.0215 3.6735 10.3215 3.2035 10.3215C2.7435 10.3215 2.4435 10.0115 2.4435 9.4715L2.5735 1.4115C2.5735 0.6815 2.1835 0.2315 1.5335 0.2315C0.8735 0.2315 0.4635 0.6715 0.4235 1.3815L0.0135 9.7215C-0.1265 12.4815 0.7835 13.4515 2.7435 14.3515C3.2535 14.5915 3.4135 14.8715 3.4135 15.5615L3.1335 31.2915C3.1035 32.5215 3.9235 33.2615 5.2235 33.2615ZM16.3935 20.8615L16.1635 31.2515C16.1335 32.5215 16.9535 33.2615 18.2335 33.2615C19.5635 33.2615 20.3435 32.5515 20.3435 31.3315V1.1315C20.3435 0.4115 19.8835 0.0015 19.2635 0.0015C18.7135 0.0015 18.3335 0.3015 17.8535 0.9615C15.5835 4.1415 13.9035 10.5915 13.9035 16.0215V16.8715C13.9035 17.9115 14.2335 18.5815 15.1235 19.1815L15.7135 19.5615C16.2235 19.9315 16.4235 20.2615 16.3935 20.8615Z","geometry":{"width":20.343562330769185,"height":33.263671875}}