{"path":"M2.0954 23.792C3.2854 23.792 4.1654 22.932 4.1654 21.762V2.012C4.1654 0.862 3.2854 0.002 2.0954 0.002C0.8854 0.002 -0.0046 0.862 -0.0046 2.012V21.762C-0.0046 22.932 0.8854 23.792 2.0954 23.792ZM10.5954 23.312C11.2654 23.312 11.8654 23.132 12.5254 22.762L26.6454 14.492C27.7654 13.832 28.4654 13.012 28.4654 11.882C28.4654 10.742 27.7954 9.982 26.6454 9.312L12.5254 1.022C11.8654 0.652 11.2654 0.482 10.5854 0.482C9.1854 0.482 8.0154 1.522 8.0154 3.402V20.382C8.0154 22.262 9.2054 23.312 10.5954 23.312ZM11.7354 19.182C11.5954 19.182 11.4954 19.102 11.4954 18.932V4.852C11.4954 4.692 11.5954 4.612 11.7354 4.612C11.7954 4.612 11.8654 4.622 11.9754 4.672L23.8554 11.652C23.9854 11.702 24.0354 11.762 24.0354 11.882C24.0354 12.002 23.9654 12.072 23.8554 12.142L11.9754 19.112C11.8854 19.152 11.7954 19.182 11.7354 19.182Z","geometry":{"width":28.46484375,"height":23.7890625}}