{"path":"M2.5837 23.312C3.2537 23.312 3.8537 23.132 4.5137 22.762L18.6337 14.492C19.5537 13.942 20.1837 13.302 20.3837 12.472V21.762C20.3837 22.932 21.2737 23.792 22.4637 23.792C23.6537 23.792 24.5437 22.932 24.5437 21.762V2.012C24.5437 0.862 23.6537 0.002 22.4637 0.002C21.2737 0.002 20.3837 0.862 20.3837 2.012V11.282C20.1837 10.462 19.5637 9.862 18.6337 9.312L4.5137 1.022C3.8437 0.652 3.2537 0.482 2.5737 0.482C1.1637 0.482 0.0037 1.522 0.0037 3.402V20.382C0.0037 22.262 1.1937 23.312 2.5837 23.312ZM3.7237 19.182C3.5837 19.182 3.4837 19.102 3.4837 18.932V4.852C3.4837 4.692 3.5837 4.612 3.7237 4.612C3.7837 4.612 3.8537 4.622 3.9537 4.672L15.8437 11.652C15.9737 11.702 16.0237 11.762 16.0237 11.882C16.0237 12.002 15.9537 12.072 15.8437 12.142L3.9537 19.112C3.8737 19.152 3.7837 19.182 3.7237 19.182Z","geometry":{"width":24.541015625,"height":23.7890625}}