{"path":"M2.5837 23.0652C3.2537 23.0652 3.8537 22.8852 4.5137 22.5052L18.6337 14.2352C19.5537 13.6952 20.1837 13.0552 20.3837 12.2252V20.1252C20.3837 22.0152 21.5637 23.0652 22.9737 23.0652C23.6437 23.0652 24.2437 22.8852 24.8837 22.5052L39.0237 14.2352C39.9237 13.6952 40.5637 13.0552 40.7737 12.2252V21.3052C40.7737 22.7452 41.4837 23.4852 42.9537 23.4852H46.3237C47.7737 23.4852 48.5237 22.7452 48.5237 21.3052V2.2052C48.5237 0.7552 47.7737 -0.0048 46.3237 -0.0048H42.9537C41.5037 -0.0048 40.7737 0.7552 40.7737 2.2052V11.0352C40.5637 10.2152 39.9537 9.5952 39.0237 9.0552L24.8837 0.7752C24.2237 0.4052 23.6237 0.2352 22.9537 0.2352C21.5437 0.2352 20.3837 1.2752 20.3837 3.1552V11.0352C20.1837 10.2152 19.5637 9.5952 18.6337 9.0552L4.5137 0.7752C3.8437 0.4052 3.2537 0.2352 2.5737 0.2352C1.1637 0.2352 0.0037 1.2752 0.0037 3.1552V20.1252C0.0037 22.0152 1.1937 23.0652 2.5837 23.0652Z","geometry":{"width":48.521484375,"height":23.48828125}}