{"path":"M2.5837 22.8291C3.2537 22.8291 3.8537 22.6591 4.5137 22.2691L18.6337 13.9991C19.5537 13.4691 20.1837 12.8291 20.3837 11.9891V19.8891C20.3837 21.7791 21.5737 22.8291 22.9737 22.8291C23.6437 22.8291 24.2437 22.6591 24.8937 22.2691L39.0237 13.9991C40.1437 13.3391 40.8337 12.5191 40.8337 11.3991C40.8337 10.2691 40.1637 9.4991 39.0237 8.8191L24.8937 0.5491C24.2437 0.1791 23.6437 -0.0009 22.9537 -0.0009C21.5437 -0.0009 20.3837 1.0391 20.3837 2.9291V10.7991C20.1837 9.9791 19.5637 9.3691 18.6337 8.8191L4.5137 0.5491C3.8537 0.1791 3.2537 -0.0009 2.5737 -0.0009C1.1737 -0.0009 0.0037 1.0391 0.0037 2.9291V19.8891C0.0037 21.7791 1.1937 22.8291 2.5837 22.8291Z","geometry":{"width":40.837890625,"height":22.83203125}}