{"path":"M2.5837 22.8291C3.2537 22.8291 3.8537 22.6591 4.5137 22.2691L18.6337 13.9991C19.5537 13.4691 20.1837 12.8291 20.3837 11.9891V19.8891C20.3837 21.7791 21.5737 22.8291 22.9737 22.8291C23.6437 22.8291 24.2437 22.6591 24.8937 22.2691L39.0237 13.9991C40.1437 13.3391 40.8337 12.5191 40.8337 11.3991C40.8337 10.2691 40.1637 9.4991 39.0237 8.8191L24.8937 0.5491C24.2437 0.1791 23.6437 -0.0009 22.9537 -0.0009C21.5437 -0.0009 20.3837 1.0391 20.3837 2.9291V10.7991C20.1837 9.9791 19.5637 9.3691 18.6337 8.8191L4.5137 0.5491C3.8537 0.1791 3.2537 -0.0009 2.5737 -0.0009C1.1737 -0.0009 0.0037 1.0391 0.0037 2.9291V19.8891C0.0037 21.7791 1.1937 22.8291 2.5837 22.8291ZM3.7237 18.6991C3.5837 18.6991 3.4837 18.6191 3.4837 18.4391V4.3791C3.4837 4.2091 3.5837 4.1191 3.7237 4.1191C3.7837 4.1191 3.8737 4.1391 3.9637 4.1991L15.8437 11.1591C15.9737 11.2291 16.0237 11.2791 16.0237 11.3991C16.0237 11.5291 15.9537 11.5891 15.8437 11.6591L3.9637 18.6391C3.8737 18.6791 3.7837 18.6991 3.7237 18.6991ZM24.1037 18.6991C23.9637 18.6991 23.8737 18.6191 23.8737 18.4391V4.3791C23.8737 4.2091 23.9637 4.1191 24.1037 4.1191C24.1737 4.1191 24.2437 4.1391 24.3337 4.1991L36.2337 11.1591C36.3537 11.2291 36.4037 11.2791 36.4037 11.3991C36.4037 11.5291 36.3437 11.5891 36.2337 11.6591L24.3337 18.6391C24.2537 18.6791 24.1737 18.6991 24.1037 18.6991Z","geometry":{"width":40.837890625,"height":22.83203125}}