{"path":"M2.5837 23.1552C3.2537 23.1552 3.8537 22.9952 4.5137 22.6152L18.6337 14.3452C19.5537 13.8052 20.1837 13.1652 20.3837 12.3352V21.3052C20.3837 22.7452 21.0937 23.4852 22.5737 23.4852H25.9337C27.3937 23.4852 28.1337 22.7452 28.1337 21.3052V2.2052C28.1337 0.7552 27.3937 -0.0048 25.9337 -0.0048H22.5737C21.1237 -0.0048 20.3837 0.7552 20.3837 2.2052V11.1252C20.1837 10.3252 19.5637 9.7052 18.6337 9.1552L4.5137 0.8852C3.8437 0.5052 3.2537 0.3252 2.5737 0.3252C1.1637 0.3252 0.0037 1.3852 0.0037 3.2652V20.2352C0.0037 22.1052 1.1937 23.1552 2.5837 23.1552Z","geometry":{"width":28.13671875,"height":23.48828125}}