{"path":"M5.5596 23.4852C7.0396 23.4852 7.7496 22.7452 7.7496 21.3052V2.2052C7.7496 0.7552 7.0096 -0.0048 5.5596 -0.0048H2.1996C0.7396 -0.0048 -0.0004 0.7552 -0.0004 2.2052V21.3052C-0.0004 22.7452 0.7396 23.4852 2.1996 23.4852ZM14.1596 23.1552C14.8496 23.1552 15.4496 22.9952 16.0896 22.6152L30.2196 14.3452C31.3396 13.6852 32.0296 12.8652 32.0296 11.7352C32.0296 10.5952 31.3596 9.8252 30.2196 9.1552L16.0896 0.8852C15.4396 0.5052 14.8296 0.3252 14.1496 0.3252C12.7596 0.3252 11.5796 1.3852 11.5796 3.2652V20.2352C11.5796 22.1052 12.7696 23.1552 14.1596 23.1552Z","geometry":{"width":32.033203125,"height":23.48828125}}