{"path":"M17.7327 29.8334C27.9027 29.8334 35.6327 22.8434 37.7227 13.5034C38.0327 12.1134 37.0827 10.9934 35.6127 10.9934H24.0327C24.0627 10.7334 24.0727 10.4734 24.0727 10.2234C24.0727 4.4034 19.4327 0.0034 13.2527 0.0034C5.7727 0.0034 0.0027 5.8834 0.0027 13.7134C0.0027 23.1734 7.2427 29.8334 17.7327 29.8334ZM8.1927 4.6634C9.4327 3.9234 10.8827 3.4634 12.4327 3.3334V7.0134C11.9927 7.1734 11.5827 7.4134 11.1927 7.6934ZM14.6027 6.6834V3.4034C16.1427 3.6534 17.4827 4.2834 18.5227 5.1934L16.3827 7.1734C15.8427 6.9034 15.2427 6.7434 14.6027 6.6834ZM3.6327 10.8734C4.1327 8.9434 5.1127 7.2634 6.4427 5.9834L9.7627 9.3234C9.4927 9.7934 9.2827 10.3134 9.1627 10.8734ZM11.5627 12.1034C11.5627 10.4134 12.6427 9.1334 14.2227 9.1334C15.4927 9.1334 16.2027 9.8734 16.2027 10.7734C16.2027 11.5134 15.7527 12.0034 15.1327 12.0034C14.7227 12.0034 14.5427 11.8234 14.3327 11.6334C14.1827 11.4734 13.9727 11.3434 13.6127 11.3434C13.0727 11.3434 12.6227 11.7834 12.6227 12.4434C12.6227 13.3534 13.4927 14.5234 15.1327 14.5234C17.0927 14.5234 18.6627 13.0834 18.6627 10.8534C18.6627 10.0334 18.4327 9.2734 18.0027 8.6234L19.9027 6.8734C20.4527 7.8634 20.7627 8.9934 20.7627 10.2234C20.7627 13.7434 18.3627 15.8434 15.7127 15.8434C13.4027 15.8434 11.5627 14.3034 11.5627 12.1034ZM3.2927 13.7134C3.2927 13.4834 3.2927 13.2434 3.3127 13.0334H9.0627C9.1727 13.9634 9.4927 14.8234 9.9527 15.5834L5.1427 20.3934C3.9527 18.4934 3.2927 16.2334 3.2927 13.7134ZM21.6927 16.3234C22.2627 15.7134 22.7227 15.0134 23.0627 14.3034H34.1127C32.9927 17.8234 30.9627 20.8134 28.2827 22.9234ZM6.4827 22.1334L11.3927 17.2134C12.2327 17.9134 13.2727 18.4034 14.4327 18.6334V26.2534C11.1427 25.6734 8.4127 24.2234 6.4827 22.1334ZM17.7327 26.5234C17.3527 26.5234 16.9827 26.5234 16.5927 26.4934V18.7334C17.9327 18.6334 19.0727 18.2534 20.0127 17.6934L26.4827 24.1834C23.9527 25.6934 21.0027 26.5234 17.7327 26.5234Z","geometry":{"width":37.780564189716756,"height":29.83203125}}