{"path":"M4.8237 26.1377H21.3137C24.4437 26.1377 26.1437 24.4477 26.1437 21.3377V4.7977C26.1437 1.6977 24.4437 -0.0023 21.3137 -0.0023H4.8237C1.7137 -0.0023 0.0037 1.6977 0.0037 4.7977V21.3377C0.0037 24.4477 1.7137 26.1377 4.8237 26.1377ZM5.2137 22.6177C4.1137 22.6177 3.5237 22.0777 3.5237 20.9177V5.2377C3.5237 4.0777 4.1137 3.5277 5.2137 3.5277H20.9337C22.0237 3.5277 22.6137 4.0777 22.6137 5.2377V20.9177C22.6137 22.0777 22.0237 22.6177 20.9337 22.6177ZM11.0237 19.6077C11.8137 19.6077 12.3437 19.0677 12.3437 18.3077V17.4977H14.9737C15.3537 17.4977 15.6037 17.2577 15.6037 16.8977C15.6037 16.5577 15.3537 16.2977 14.9737 16.2977H12.3437V14.3577H16.0537C16.7337 14.3577 17.2137 13.9177 17.2137 13.2477C17.2137 12.5777 16.7337 12.1377 16.0537 12.1377H12.3437V9.3377H16.4337C17.1437 9.3377 17.6337 8.8777 17.6337 8.1877C17.6337 7.5077 17.1437 7.0377 16.4337 7.0377H11.0037C10.1737 7.0377 9.6837 7.5577 9.6837 8.4177V16.2977H8.6237C8.2537 16.2977 8.0137 16.5577 8.0137 16.8977C8.0137 17.2577 8.2537 17.4977 8.6237 17.4977H9.6837V18.3077C9.6837 19.0877 10.2137 19.6077 11.0237 19.6077Z","geometry":{"width":26.140625,"height":26.140625}}