{"path":"M0.0037 13.6648C0.0037 21.4448 7.2837 26.6348 18.1937 26.6348C29.1337 26.6348 36.4237 21.4548 36.4237 13.6648C36.4237 12.8748 36.0437 12.1148 35.3237 11.4448L42.8037 6.3948C46.7137 3.7548 42.7537 -2.5952 37.7437 1.1548L28.0937 8.4048C25.3037 7.8248 21.9437 7.5148 18.1937 7.5148C7.5437 7.5148 0.0037 10.1348 0.0037 13.6648ZM3.1837 13.6648C3.1837 12.3248 11.1737 10.5348 18.1937 10.5348C25.2337 10.5348 33.2237 12.3148 33.2237 13.6648C33.2237 14.5348 29.7637 15.6048 25.2837 16.2048C24.7437 13.8248 22.5537 12.2448 19.9337 12.2448C18.1837 12.2448 16.5537 12.9848 15.5337 14.1948C15.1037 14.0748 14.7137 14.0348 14.2437 14.0348C12.5537 14.0348 11.0437 14.8548 10.2837 16.0848C6.2037 15.4648 3.1837 14.4748 3.1837 13.6648Z","geometry":{"width":44.389198477176606,"height":26.63871036856837}}