{"path":"M0.0037 29.8638C0.0037 30.7338 0.7137 31.4638 1.5737 31.4638H22.0837C22.9537 31.4638 23.6837 30.7338 23.6837 29.8638C23.6837 28.9938 22.9537 28.2738 22.0837 28.2738H21.3437V18.7338H21.7237C22.1737 18.7338 22.4737 18.9938 22.4737 19.4838V23.9538C22.4737 26.0338 23.7937 27.3438 25.8637 27.3438C27.9437 27.3438 29.2537 26.0338 29.2537 23.9538V7.1138C29.2537 6.2237 29.0137 5.4838 28.5737 4.7738L26.7037 1.7338C25.8037 0.2737 23.6537 1.5138 24.5837 3.0338L26.0137 5.3738C26.2337 5.7037 26.2137 6.1137 25.9737 6.4438L24.3237 8.7338C23.6637 9.6538 23.7337 10.5838 24.4637 11.4338L26.7537 14.0938V23.9538C26.7537 24.5038 26.4137 24.8438 25.8637 24.8438C25.3037 24.8438 24.9637 24.5038 24.9637 23.9538V19.4838C24.9637 17.4738 23.7037 16.2238 21.7237 16.2238H21.3437V3.8538C21.3437 1.3837 19.9637 0.0038 17.4837 0.0038H6.1837C3.6937 0.0038 2.3337 1.3837 2.3337 3.8538V28.2738H1.5737C0.7237 28.2738 0.0037 28.9938 0.0037 29.8638ZM6.8037 15.2338C5.9037 15.2338 5.3337 14.7138 5.3337 13.8938V4.3438C5.3337 3.5238 5.8937 3.0038 6.8037 3.0038H16.8537C17.7737 3.0038 18.3437 3.5238 18.3437 4.3438V13.8938C18.3437 14.7138 17.7637 15.2338 16.8537 15.2338Z","geometry":{"width":29.2578125,"height":31.458984375}}