{"path":"M5.5737 25.9894C7.8637 25.9894 9.4237 25.0994 10.7637 23.6794L13.1137 21.1094C13.4537 20.7494 13.7237 20.5794 14.1637 20.5794H26.8237C27.2737 20.5794 27.5337 20.7494 27.8737 21.1094L30.2437 23.6794C31.5837 25.0994 33.1237 25.9894 35.4237 25.9894C38.6537 25.9894 40.9837 23.8894 40.9837 20.3394C40.9837 18.8094 40.6837 17.0894 40.1237 15.2294C39.2637 12.3694 37.8037 8.5494 36.4037 5.6194C35.2237 3.0994 34.4937 1.7194 31.3237 1.0094C28.5837 0.3994 24.9137 -0.0006 20.4937 -0.0006C16.0737 -0.0006 12.4037 0.3994 9.6837 1.0094C6.5037 1.7194 5.7737 3.0994 4.5837 5.6194C3.1837 8.5494 1.7237 12.3694 0.8637 15.2294C0.3137 17.0894 0.0037 18.8094 0.0037 20.3394C0.0037 23.8894 2.3337 25.9894 5.5737 25.9894ZM9.1837 10.4594C9.1837 9.6294 9.7337 9.0794 10.6137 9.0794H12.6637V7.1394C12.6637 6.2494 13.2037 5.6694 14.0637 5.6694C14.9137 5.6694 15.4737 6.2494 15.4737 7.1394V9.0794H17.3937C18.3337 9.0794 18.9037 9.6294 18.9037 10.4594C18.9037 11.3194 18.3337 11.8494 17.3937 11.8494H15.4737V13.8094C15.4737 14.6994 14.9137 15.2594 14.0637 15.2594C13.2037 15.2594 12.6637 14.6994 12.6637 13.8094V11.8494H10.6137C9.7337 11.8494 9.1837 11.3194 9.1837 10.4594ZM26.9037 8.2994C26.9037 7.1094 27.8337 6.1794 29.0237 6.1794C30.2137 6.1794 31.1437 7.1094 31.1437 8.2994C31.1437 9.4994 30.2137 10.3994 29.0237 10.3994C27.8337 10.3994 26.9037 9.4994 26.9037 8.2994ZM22.7737 12.4994C22.7737 11.3094 23.7237 10.3794 24.8937 10.3794C26.1037 10.3794 27.0137 11.3094 27.0137 12.4994C27.0137 13.6894 26.1037 14.5994 24.8937 14.5994C23.7237 14.5994 22.7737 13.6894 22.7737 12.4994Z","geometry":{"width":40.98828125,"height":25.990234375}}