{"path":"M0.0037 20.3394C0.0037 23.8894 2.3337 25.9894 5.5737 25.9894C7.6937 25.9894 9.4237 25.0994 10.7637 23.6794L13.1137 21.1094C13.4537 20.7494 13.7237 20.5794 14.1637 20.5794H26.8237C27.2737 20.5794 27.5337 20.7494 27.8737 21.1094L30.2437 23.6794C31.5837 25.0994 33.2937 25.9894 35.4237 25.9894C38.6537 25.9894 40.9837 23.8894 40.9837 20.3394C40.9837 18.8094 40.6837 17.0894 40.1237 15.2294C39.2637 12.3694 37.8037 8.5494 36.4037 5.6194C35.2237 3.0994 34.4937 1.7194 31.3237 1.0094C28.5837 0.3994 24.9137 -0.0006 20.4937 -0.0006C16.0737 -0.0006 12.4037 0.3994 9.6837 1.0094C6.5037 1.7194 5.7737 3.0994 4.5837 5.6194C3.1837 8.5494 1.7237 12.3694 0.8637 15.2294C0.3137 17.0894 0.0037 18.8094 0.0037 20.3394ZM3.2937 20.1694C3.2937 19.3894 3.4737 18.4394 3.8737 17.0794C4.8137 13.8594 6.3837 9.7894 7.7537 6.8194C8.3937 5.4094 8.7537 4.7194 10.1337 4.3994C12.7037 3.7894 16.2137 3.4194 20.4937 3.4194C24.7837 3.4194 28.2837 3.7894 30.8537 4.3994C32.2337 4.7194 32.5937 5.4094 33.2337 6.8194C34.6137 9.7894 36.1637 13.8594 37.1237 17.0794C37.5337 18.4394 37.6937 19.3894 37.6937 20.1694C37.6937 21.7094 36.6137 22.6394 35.2037 22.6394C34.3137 22.6394 33.4037 22.1894 32.6437 21.3694L29.6437 18.2294C28.9537 17.4894 28.4137 17.1594 27.3437 17.1594H13.6437C12.5737 17.1594 12.0337 17.4894 11.3437 18.2294L8.3537 21.3694C7.6037 22.1894 6.6837 22.6394 5.7837 22.6394C4.3737 22.6394 3.2937 21.7094 3.2937 20.1694ZM9.1837 10.4594C9.1837 11.3194 9.7337 11.8494 10.6137 11.8494H12.6637V13.8094C12.6637 14.6994 13.2037 15.2594 14.0637 15.2594C14.9137 15.2594 15.4737 14.6994 15.4737 13.8094V11.8494H17.3937C18.3337 11.8494 18.9037 11.3194 18.9037 10.4594C18.9037 9.6294 18.3337 9.0794 17.3937 9.0794H15.4737V7.1394C15.4737 6.2494 14.9137 5.6694 14.0637 5.6694C13.2037 5.6694 12.6637 6.2494 12.6637 7.1394V9.0794H10.6137C9.7337 9.0794 9.1837 9.6294 9.1837 10.4594ZM29.0937 10.3994C30.2937 10.3994 31.2137 9.4994 31.2137 8.2994C31.2137 7.1094 30.2937 6.1794 29.0937 6.1794C27.9137 6.1794 26.9837 7.1094 26.9837 8.2994C26.9837 9.4994 27.9137 10.3994 29.0937 10.3994ZM24.9737 14.5994C26.1637 14.5994 27.0837 13.6894 27.0837 12.4994C27.0837 11.3094 26.1637 10.3794 24.9737 10.3794C23.7937 10.3794 22.8637 11.3094 22.8637 12.4994C22.8637 13.6894 23.7937 14.5994 24.9737 14.5994Z","geometry":{"width":40.98828125,"height":25.990234375}}