{"path":"M13.7127 29.8845H16.1827C17.1727 29.8845 17.9327 29.2845 18.1427 28.3245L18.8027 25.5945C19.1527 25.4745 19.4927 25.3345 19.8127 25.1845L22.1927 26.6645C23.0127 27.1645 23.9927 27.0745 24.6627 26.4045L26.4127 24.6545C27.0927 23.9645 27.1927 22.9545 26.6427 22.1445L25.2127 19.7845C25.3427 19.4645 25.4827 19.1445 25.5927 18.8145L28.3427 18.1545C29.3027 17.9545 29.9027 17.1845 29.9027 16.2045V13.7645C29.9027 12.7945 29.3027 12.0345 28.3427 11.8145L25.6227 11.1745C25.5027 10.8045 25.3627 10.4545 25.2227 10.1745L26.6827 7.7645C27.2027 6.9345 27.1427 5.9445 26.4327 5.2745L24.6527 3.5245C23.9627 2.9145 23.0927 2.7845 22.2627 3.2445L19.8127 4.7445C19.5127 4.5945 19.1727 4.4545 18.8027 4.3245L18.1427 1.5545C17.9327 0.6045 17.1727 0.0045 16.1827 0.0045H13.7127C12.7127 0.0045 11.9627 0.6045 11.7627 1.5745L11.1027 4.3045C10.7327 4.4345 10.3727 4.5645 10.0627 4.7345L7.6327 3.2445C6.7927 2.7845 5.9327 2.8845 5.2327 3.5245L3.4627 5.2745C2.7627 5.9445 2.6827 6.9345 3.2127 7.7645L4.6627 10.1745C4.5227 10.4545 4.3927 10.8045 4.2627 11.1745L1.5427 11.8145C0.6027 12.0345 0.0027 12.7945 0.0027 13.7645V16.2045C0.0027 17.1845 0.6027 17.9545 1.5427 18.1545L4.2927 18.8145C4.4027 19.1445 4.5427 19.4645 4.6927 19.7845L3.2427 22.1445C2.7027 22.9545 2.8027 23.9645 3.4827 24.6545L5.2227 26.4045C5.9027 27.0745 6.8927 27.1645 7.6927 26.6645L10.0727 25.1845C10.3927 25.3345 10.7327 25.4745 11.1027 25.5945L11.7627 28.3245C11.9627 29.2845 12.7127 29.8845 13.7127 29.8845ZM14.9427 19.6645C12.3627 19.6645 10.2427 17.5245 10.2427 14.9345C10.2427 12.3545 12.3627 10.2445 14.9427 10.2445C17.5427 10.2445 19.6627 12.3545 19.6627 14.9345C19.6627 17.5245 17.5427 19.6645 14.9427 19.6645Z","geometry":{"width":29.900390625,"height":29.88671875}}