{"path":"M5.8637 29.695H21.5837C24.2037 29.695 25.6737 28.245 25.6737 25.665V17.825H25.7337C26.8937 17.375 27.4637 16.285 27.4637 14.645V11.385C27.4637 9.215 26.2537 7.885 24.1137 7.885H22.3937C23.1337 7.105 23.5837 6.085 23.5837 4.895C23.5837 2.055 21.2837 -0.005 18.4537 -0.005C16.2837 -0.005 14.3737 1.285 13.7237 3.565C13.0937 1.285 11.1837 -0.005 8.9937 -0.005C6.1637 -0.005 3.8837 2.055 3.8837 4.895C3.8837 6.085 4.3337 7.105 5.0737 7.885H3.3537C1.2537 7.885 0.0037 9.215 0.0037 11.385V14.645C0.0037 16.285 0.5737 17.375 1.7337 17.825H1.7937V25.665C1.7937 28.245 3.2637 29.695 5.8637 29.695ZM12.1437 7.885H10.2137C8.2137 7.885 7.0837 6.825 7.0837 5.375C7.0837 3.995 7.9837 3.085 9.4037 3.085C10.9137 3.085 12.1437 4.385 12.1437 6.165ZM15.3137 7.885V6.165C15.3137 4.385 16.5537 3.085 18.0437 3.085C19.4837 3.085 20.3837 3.995 20.3837 5.375C20.3837 6.825 19.2537 7.885 17.2537 7.885ZM12.0737 15.085H4.3237C3.7337 15.085 3.4637 14.805 3.4637 14.205V11.815C3.4637 11.225 3.7337 10.935 4.3237 10.935H12.0737ZM15.3937 15.085V10.935H23.1437C23.7437 10.935 24.0037 11.225 24.0037 11.815V14.275C24.0037 14.875 23.7437 15.085 23.1437 15.085ZM12.0737 26.575H6.7637C5.7837 26.575 5.2337 25.995 5.2337 25.065V18.145H12.0737ZM15.3937 26.575V18.145H22.2337V25.065C22.2337 25.995 21.6737 26.575 20.6837 26.575Z","geometry":{"width":27.466796875,"height":29.6953125}}