{"path":"M17.5037 6.547V-0.003H27.9137C31.0337 -0.003 32.7437 1.707 32.7437 4.797V11.487H22.7237C24.1537 10.667 25.0837 9.287 25.0837 7.667C25.0837 5.637 23.5437 4.057 21.4537 4.057C19.7937 4.057 18.3937 5.007 17.5037 6.547ZM0.0037 11.487V4.797C0.0037 1.697 1.7137 -0.003 4.8237 -0.003H15.2437V6.547C14.3737 5.007 12.9637 4.057 11.3037 4.057C9.2137 4.057 7.6537 5.637 7.6537 7.667C7.6537 9.287 8.6037 10.667 10.0237 11.487ZM14.6737 11.357C12.2337 11.357 10.1837 9.627 10.1837 8.057C10.1837 7.167 10.7437 6.607 11.6237 6.607C13.4237 6.607 14.9837 8.707 14.9837 11.017V11.357ZM18.0837 11.357H17.7637V11.017C17.7637 8.707 19.3337 6.607 21.1337 6.607C22.0137 6.607 22.5737 7.167 22.5737 8.057C22.5737 9.627 20.5237 11.357 18.0837 11.357ZM32.7437 19.397C32.7437 22.507 31.0337 24.197 27.9137 24.197H17.5037V15.097H17.6137C18.5637 17.797 21.3437 19.977 23.4437 20.317C24.5537 20.497 25.1837 19.677 25.1837 18.867C25.1837 18.037 24.6637 17.497 23.7337 17.297C22.0137 16.997 19.8137 15.057 19.0337 13.587L32.7437 13.607ZM4.8237 24.197C1.7137 24.197 0.0037 22.507 0.0037 19.397V13.607L13.7137 13.587C12.9437 15.057 10.7337 16.967 9.0237 17.297C8.0837 17.517 7.5737 18.037 7.5737 18.867C7.5737 19.677 8.2037 20.497 9.2937 20.317C11.4137 19.977 14.1937 17.797 15.1437 15.097H15.2437V24.197Z","geometry":{"width":32.744140625,"height":24.19921875}}