{"path":"M5.4437 19.7466C5.4437 22.1866 7.0237 24.2966 9.6537 25.7766V26.2866C8.7937 26.5666 8.2537 27.3166 8.2537 28.3466V32.1466C8.2537 33.4466 9.1237 34.3066 10.4137 34.3066H11.2837C12.5737 34.3066 13.4437 33.4466 13.4437 32.1466V28.3466C13.4437 27.9066 13.3437 27.5066 13.1537 27.1766C15.0137 27.6966 17.1337 27.9866 19.4037 27.9866C27.3937 27.9866 33.3637 24.4866 33.3637 19.7466V14.0566L37.0737 12.3566C38.1737 11.8566 38.8137 10.8866 38.8137 9.7866C38.8137 8.7066 38.1737 7.7266 37.0737 7.2166L23.4737 1.0166C21.9137 0.2966 20.6437 -0.0134 19.4037 -0.0034C18.1737 -0.0134 16.8937 0.2966 15.3437 1.0166L1.7337 7.2166C0.6337 7.7266 0.0037 8.7066 0.0037 9.7866C0.0037 10.8866 0.6337 11.8566 1.7337 12.3566L5.4437 14.0566ZM19.4037 16.1066C18.5937 16.1066 17.8137 15.8866 16.7037 15.3766L13.4837 13.9166L17.9637 11.6166C18.4137 11.7566 18.9237 11.8266 19.4437 11.8266C21.1337 11.8266 22.7637 11.0066 22.7637 9.7866C22.7637 8.5866 21.1337 7.7966 19.4437 7.7966C17.7337 7.7966 16.0937 8.5966 16.0937 9.7866C16.0937 9.8866 16.1037 9.9766 16.1237 10.0666L10.8937 12.7466L5.1637 10.1466C4.9937 10.0466 4.8937 9.9366 4.8937 9.7866C4.8937 9.6366 4.9937 9.5266 5.1637 9.4466L16.7037 4.1966C17.8137 3.6966 18.5937 3.4866 19.4037 3.4866C20.2237 3.4866 20.9837 3.6966 22.1037 4.1966L33.6337 9.4466C33.8237 9.5266 33.9037 9.6366 33.9037 9.7866C33.9037 9.9366 33.8237 10.0466 33.6337 10.1466L22.1037 15.3766C20.9837 15.8866 20.2237 16.1066 19.4037 16.1066ZM8.7537 19.7466V15.5566L9.6537 15.9666V21.7966C9.0637 21.1666 8.7537 20.4566 8.7537 19.7466ZM19.4037 19.5766C20.6437 19.6066 21.9137 19.2766 23.4737 18.5666L30.0637 15.5566V19.7466C30.0637 22.3966 25.7137 24.8266 19.4037 24.8266C16.4437 24.8266 13.9037 24.2966 12.0537 23.4466V17.0766L15.3437 18.5666C16.8937 19.2766 18.1737 19.6066 19.4037 19.5766Z","geometry":{"width":38.814453125,"height":34.30316100497494}}