{"path":"M36.1437 7.0548L22.8137 0.9748C21.3437 0.3048 20.0937 -0.0152 18.9037 0.0048C17.7237 -0.0152 16.4837 0.3048 14.9937 0.9748L1.6837 7.0548C0.6037 7.5448 0.0037 8.4448 0.0037 9.4448C0.0037 10.4448 0.6037 11.3648 1.6837 11.8248L6.4437 13.9448L15.6537 9.6648C15.6137 9.5948 15.6037 9.5248 15.6037 9.4448C15.6037 8.2548 17.2237 7.4548 18.9337 7.4548C20.6437 7.4548 22.2537 8.2448 22.2537 9.4448C22.2537 10.6648 20.6437 11.4848 18.9337 11.4848C18.4037 11.4848 17.8737 11.4048 17.3937 11.2548L8.9137 15.1448L14.9937 17.9248C16.4837 18.6048 17.7237 18.9048 18.9037 18.8948C20.0937 18.9048 21.3437 18.6048 22.8137 17.9248L36.1437 11.8248C37.2137 11.3348 37.8137 10.4448 37.8137 9.4448C37.8137 8.4448 37.2137 7.5448 36.1437 7.0548ZM8.8837 17.5648V25.1148C11.3937 26.5948 14.9037 27.4848 18.9037 27.4848C26.9037 27.4848 32.8637 23.9848 32.8637 19.4648V15.7648L23.7437 19.9448C22.0137 20.7448 20.3937 21.1348 18.9037 21.1248C17.4137 21.1348 15.8137 20.7448 14.0637 19.9448ZM4.9537 15.7748V19.4648C4.9537 20.6548 5.4937 21.9748 6.4837 23.1048V16.4748ZM5.0837 28.3248V31.8048C5.0837 33.1048 5.9437 33.9648 7.2437 33.9648H8.1037C9.4037 33.9648 10.2637 33.1048 10.2637 31.8048V28.3248C10.2637 27.3048 9.7437 26.5548 8.8837 26.2748V25.1148C7.9037 24.5248 7.0937 23.8548 6.4837 23.1048V26.2748C5.6237 26.5548 5.0837 27.3048 5.0837 28.3248Z","geometry":{"width":37.81640625,"height":33.96136449916624}}