{"path":"M4.8237 26.1377H21.3137C24.4437 26.1377 26.1437 24.4477 26.1437 21.3377V4.7977C26.1437 1.6977 24.4437 -0.0023 21.3137 -0.0023H4.8237C1.7137 -0.0023 0.0037 1.6977 0.0037 4.7977V21.3377C0.0037 24.4477 1.7137 26.1377 4.8237 26.1377ZM5.2137 22.6177C4.1137 22.6177 3.5237 22.0777 3.5237 20.9177V5.2377C3.5237 4.0777 4.1137 3.5277 5.2137 3.5277H20.9337C22.0237 3.5277 22.6137 4.0777 22.6137 5.2377V20.9177C22.6137 22.0777 22.0237 22.6177 20.9337 22.6177ZM9.7937 18.4877C10.1137 18.4877 10.3937 18.4177 10.6637 18.2777L18.1937 14.5077C18.8637 14.1777 19.2137 13.7577 19.2137 13.0977C19.2137 12.4377 18.8637 11.9677 18.1937 11.6377L10.6637 7.7777C10.3737 7.6277 10.1137 7.5777 9.7737 7.5777C8.9237 7.5777 8.3137 8.1877 8.3137 9.0377C8.3137 9.7477 8.6537 10.1677 9.5037 10.5277L14.8337 12.9877V13.1077L9.5037 15.5277C8.6437 15.8777 8.3137 16.2977 8.3137 17.0077C8.3137 17.8677 8.9237 18.4877 9.7937 18.4877Z","geometry":{"width":26.140625,"height":26.140625}}