{"path":"M4.8237 26.1377H21.3137C24.4437 26.1377 26.1437 24.4477 26.1437 21.3377V4.7977C26.1437 1.6977 24.4437 -0.0023 21.3137 -0.0023H4.8237C1.7137 -0.0023 0.0037 1.6977 0.0037 4.7977V21.3377C0.0037 24.4477 1.7137 26.1377 4.8237 26.1377ZM9.6837 18.7877C8.7637 18.7877 8.0937 18.1277 8.0937 17.2177C8.0937 16.4477 8.4537 15.9977 9.3637 15.6277L14.9537 13.1077V12.9877L9.3637 10.4177C8.4637 10.0477 8.0937 9.5977 8.0937 8.8277C8.0937 7.9277 8.7537 7.2777 9.6537 7.2777C10.0237 7.2777 10.2937 7.3377 10.5937 7.4877L18.5437 11.5377C19.2537 11.9077 19.6037 12.3977 19.6037 13.0977C19.6037 13.8077 19.2537 14.2477 18.5437 14.5877L10.5937 18.5677C10.2937 18.7177 10.0237 18.7877 9.6837 18.7877Z","geometry":{"width":26.140625,"height":26.140625}}