{"path":"M3.3037 29.3073L18.9037 32.0673C22.1437 32.6273 24.2137 30.7373 24.2137 27.2273V10.4973C24.2137 8.8573 23.8137 7.6873 22.9837 6.8573V4.5573C22.9837 1.1873 20.6437 -0.5227 16.8437 0.1473L2.8737 2.6073C1.1337 2.8373 0.0037 4.1873 0.0037 6.1873V25.4773C0.0037 27.5873 1.1637 28.9273 3.3037 29.3073ZM19.3637 5.3073L12.4437 4.0973L17.8037 3.1773C18.9537 2.9873 19.7037 3.4373 19.7037 4.3973V5.3773C19.5937 5.3573 19.4737 5.3373 19.3637 5.3073ZM4.5537 25.7873C3.9537 25.6873 3.6937 25.2973 3.6937 24.7373V7.3173C3.6937 6.6673 4.1037 6.3373 4.7837 6.4473L19.0037 8.9473C20.0037 9.1273 20.5237 9.5673 20.5237 10.4673V26.9173C20.5237 27.9673 19.8937 28.5173 18.8837 28.3173ZM5.3037 12.7173C5.3037 14.1073 7.4637 14.1073 7.4637 12.8073V11.1373C7.4637 10.8573 7.6337 10.7373 7.9337 10.7973L9.4237 11.0573C10.8237 11.2973 11.1337 9.1973 9.8837 8.9773L7.0537 8.4673C5.9737 8.2873 5.3037 8.7873 5.3037 9.8273ZM16.7437 14.5773C16.7437 15.9773 18.9037 16.0873 18.9037 14.5773V12.4473C18.9037 11.1173 18.2937 10.4473 16.7237 10.1773L15.2737 9.9173C13.7637 9.6473 13.4237 11.7473 14.8937 12.0073L15.9937 12.2173C16.6237 12.3273 16.7437 12.6373 16.7437 13.0673ZM7.4637 20.2973C7.4637 18.8973 5.3037 18.7773 5.3037 20.2973V22.4273C5.3037 23.7573 5.9237 24.4273 7.4737 24.6973L8.9437 24.9573C10.4437 25.2173 10.7837 23.1073 9.3137 22.8573L8.2137 22.6573C7.5837 22.5473 7.4637 22.2373 7.4637 21.8173ZM18.9037 22.1373C18.9037 20.7773 16.7437 20.7773 16.7437 22.0773V23.7373C16.7437 24.0173 16.5837 24.1373 16.2837 24.0873L14.7937 23.8273C13.3837 23.5673 13.0737 25.6873 14.3237 25.8973L17.1537 26.3973C18.2337 26.5873 18.9037 26.0973 18.9037 25.0373Z","geometry":{"width":24.212890625,"height":32.16493446119105}}