{"path":"M4.8237 26.1377H21.3137C24.4437 26.1377 26.1437 24.4477 26.1437 21.3377V4.7977C26.1437 1.6977 24.4437 -0.0023 21.3137 -0.0023H4.8237C1.7137 -0.0023 0.0037 1.6977 0.0037 4.7977V21.3377C0.0037 24.4477 1.7137 26.1377 4.8237 26.1377ZM13.3537 21.0777C12.9837 21.0777 12.7137 20.8177 12.7137 20.4377V19.6077C9.5337 19.3077 7.5637 17.0077 7.5637 13.1677C7.5637 9.3277 9.5337 6.9177 12.7137 6.6477V5.6977C12.7137 5.3177 12.9837 5.0577 13.3537 5.0577C13.7137 5.0577 13.9837 5.3177 13.9837 5.6977V6.6277C15.9037 6.8077 17.5937 7.8777 18.1837 9.3677C18.2837 9.6077 18.3337 9.8577 18.3337 10.1277C18.3337 10.8677 17.8437 11.3177 17.1737 11.3177C16.5137 11.3177 16.2437 11.0577 15.9237 10.5377C15.5137 9.7077 14.8037 9.1477 13.9837 9.0377V12.4977H17.3337C18.1937 12.4977 18.7537 13.0177 18.7537 13.8077V14.2777C18.7537 17.2977 17.0637 19.4177 13.9837 19.6177V20.4377C13.9837 20.8177 13.7137 21.0777 13.3537 21.0777ZM12.7137 17.2777V9.0477C11.2337 9.3677 10.4037 10.8677 10.4037 13.1377C10.4037 15.3977 11.2537 16.9277 12.7137 17.2777ZM13.9837 17.3077C15.2137 17.1277 15.9237 16.1577 15.9237 14.8377V14.6177H13.9837Z","geometry":{"width":26.140625,"height":26.140625}}