{"path":"M4.8237 26.1377H21.3137C24.4437 26.1377 26.1437 24.4477 26.1437 21.3377V4.7977C26.1437 1.6977 24.4437 -0.0023 21.3137 -0.0023H4.8237C1.7137 -0.0023 0.0037 1.6977 0.0037 4.7977V21.3377C0.0037 24.4477 1.7137 26.1377 4.8237 26.1377ZM5.2137 22.6177C4.1137 22.6177 3.5237 22.0777 3.5237 20.9177V5.2377C3.5237 4.0777 4.1137 3.5277 5.2137 3.5277H20.9337C22.0237 3.5277 22.6137 4.0777 22.6137 5.2377V20.9177C22.6137 22.0777 22.0237 22.6177 20.9337 22.6177ZM9.0937 19.3177C10.1837 19.3177 10.8237 18.6077 10.8237 17.4077V14.2177H15.3237V17.4077C15.3237 18.6077 15.9537 19.3177 17.0337 19.3177C18.1337 19.3177 18.7737 18.6077 18.7737 17.4077V8.5977C18.7737 7.3977 18.1337 6.6877 17.0337 6.6877C15.9537 6.6877 15.3237 7.3977 15.3237 8.5977V11.6177H10.8237V8.5977C10.8237 7.3977 10.1837 6.6877 9.0937 6.6877C8.0137 6.6877 7.3737 7.3977 7.3737 8.5977V17.4077C7.3737 18.6077 8.0137 19.3177 9.0937 19.3177Z","geometry":{"width":26.140625,"height":26.140625}}