{"path":"M0.9918 30.0963L3.6318 32.7563C5.0518 34.1763 6.8018 34.0763 8.2818 32.4363L23.1118 16.0363C23.5218 16.1263 23.9518 16.1163 24.4418 16.0063L25.6218 15.7763L26.2318 16.4063L26.1618 17.0563C26.0818 17.8263 26.3718 18.5063 27.1318 19.2563L28.2118 20.3263C29.1018 21.1963 30.2418 21.2463 31.0718 20.4063L35.2418 16.2263C36.0918 15.3763 36.0518 14.2563 35.1718 13.3763L34.0918 12.2863C33.3518 11.5363 32.6718 11.2463 31.9018 11.3163L31.2318 11.3863L30.6318 10.7963L30.9118 9.5663C31.1418 8.4563 30.8718 7.6763 29.7718 6.5863L26.9018 3.7263C22.0618 -1.1137 15.2018 -1.1837 10.8418 3.1763C10.1418 3.8663 10.1018 4.8063 10.4718 5.4963C10.8818 6.2063 11.7518 6.6763 12.8718 6.3963C14.9218 5.8763 16.8518 5.9063 18.5918 6.9563L17.8918 8.7063C17.6418 9.3363 17.5618 9.8763 17.6418 10.3963L1.2818 25.4563C-0.3182 26.9163 -0.4282 28.6663 0.9918 30.0963ZM14.1318 3.9063C17.3618 1.9263 21.5418 2.5563 24.3918 5.4063L27.6418 8.6363C27.9818 8.9763 28.0418 9.2663 27.9518 9.7463L27.5718 11.7363L29.9218 14.0763L31.2918 14.0063C31.5818 14.0063 31.6718 14.0363 31.8918 14.2463L32.3818 14.7363L29.5318 17.5863L29.0318 17.0963C28.8318 16.8963 28.7918 16.7863 28.8018 16.4963L28.8718 15.1463L26.5318 12.7963L24.4918 13.1163C24.0318 13.2063 23.7718 13.1663 23.4318 12.8163L21.0518 10.4363C20.6918 10.0963 20.6018 9.7963 20.7918 9.3163L22.0318 6.3663C19.8218 4.1763 16.9518 3.3963 14.2118 4.0863C14.0618 4.1263 13.9918 3.9963 14.1318 3.9063ZM5.1618 29.9063L3.8218 28.5563C3.4018 28.1363 3.4818 27.8163 3.8618 27.4763L19.3418 12.8163L20.7618 14.2563L6.2618 29.8863C5.9118 30.2463 5.6018 30.3363 5.1618 29.9063Z","geometry":{"width":35.854892175538055,"height":33.7494876237119}}