{"path":"M18.4829 26.2389C24.5429 24.0289 26.6629 18.9489 24.3229 12.5289L23.3429 9.8189C22.4529 7.3989 20.6729 6.1889 19.1929 6.7289C18.8029 6.8689 18.6529 7.1989 18.7829 7.5889L19.1929 8.7089C19.3629 9.1689 19.2329 9.4689 18.9929 9.5589C18.7029 9.6589 18.4129 9.5089 18.2529 9.0589L17.9929 8.3189C17.4429 6.8289 16.0929 6.1589 14.7629 6.6489C14.1129 6.8789 13.8929 7.3189 14.0929 7.8889L14.6529 9.4389C14.8229 9.8889 14.7129 10.1889 14.4529 10.2889C14.1629 10.3789 13.8729 10.2489 13.7129 9.7789L13.1929 8.3589C12.6029 6.7289 11.3329 6.1889 9.9829 6.6789C9.3529 6.8989 9.1229 7.3489 9.3129 7.9089L10.4329 10.9789C10.5929 11.4189 10.4729 11.7389 10.2229 11.8189C9.9429 11.9289 9.6529 11.7789 9.4929 11.3289L5.8629 1.3589C5.4729 0.2489 4.4529 -0.2411 3.4729 0.1189C2.4429 0.4789 1.9929 1.5089 2.4029 2.6189L7.6029 16.9189C7.7129 17.1989 7.6029 17.4089 7.4229 17.4789C7.2629 17.5289 7.0829 17.4889 6.8929 17.2689L3.4429 13.5489C2.8529 12.9089 2.1429 12.6089 1.3129 12.9289C0.2329 13.3089 -0.2471 14.3089 0.1229 15.2989C0.2429 15.6289 0.4129 15.9189 0.5929 16.1389L5.4029 22.0389C9.3429 26.8689 13.8229 27.9389 18.4829 26.2389Z","geometry":{"width":25.251785959288767,"height":26.99481584089735}}