{"path":"M26.1527 27.8555C32.4327 25.5555 34.8627 20.2255 32.4327 13.5555L31.1427 10.0255C29.9827 6.8455 27.6427 5.4455 24.9527 6.3255C24.1827 5.4855 23.0127 5.2255 21.8227 5.6555C21.4927 5.7755 21.2027 5.9355 20.9327 6.1255C20.0827 5.2155 18.9527 4.9155 17.7627 5.3455C17.5927 5.4055 17.4327 5.5055 17.2827 5.6055L16.1227 2.4155C15.3827 0.4155 13.5727 -0.4645 11.6727 0.2355C9.7227 0.9455 8.8627 2.7955 9.5827 4.7855L12.9627 14.0755C12.9927 14.1555 12.9727 14.2055 12.9227 14.2355C12.8827 14.2555 12.8427 14.2355 12.7927 14.1955L11.9127 13.2555C11.0627 12.5555 10.0527 12.3955 9.0827 12.7455C7.4227 13.3455 6.5527 14.9055 7.1827 16.6455C7.3527 17.1455 7.6727 17.6955 8.0427 18.1355L12.7827 23.8255C16.5327 28.3055 21.1227 29.6855 26.1527 27.8555ZM25.1727 24.9255C21.4627 26.2655 18.1727 25.4055 15.0827 21.8555L10.2427 16.3455C10.1327 16.2155 10.0727 16.1255 10.0127 15.9755C9.9027 15.6555 10.0227 15.3155 10.4027 15.1755C10.6827 15.0855 10.9227 15.1755 11.1527 15.4155L14.5727 18.7055C15.1527 19.2555 15.7527 19.3255 16.2927 19.1355C17.0127 18.8755 17.4027 18.1155 17.0927 17.2555L12.1527 3.6655C12.0127 3.2855 12.1827 2.9155 12.5527 2.7755C12.9327 2.6455 13.2927 2.8255 13.4427 3.2055L16.8327 12.5255C17.0527 13.1555 17.7627 13.4555 18.3927 13.2355C19.0127 13.0055 19.3427 12.3255 19.1127 11.6955L17.9527 8.4655C18.1027 8.3455 18.2927 8.2355 18.4827 8.1655C18.9127 8.0155 19.3027 8.1955 19.4727 8.6455L20.6027 11.7755C20.8327 12.4055 21.5227 12.6955 22.1327 12.4755C22.7527 12.2555 23.0827 11.5855 22.8627 10.9555L22.0527 8.7555C22.2027 8.6455 22.3927 8.5255 22.5827 8.4555C23.0227 8.3055 23.4227 8.4955 23.5827 8.9455L24.3227 10.9955C24.5527 11.6355 25.2627 11.9355 25.8927 11.7055C26.5127 11.4855 26.8627 10.8055 26.6227 10.1455L26.2627 9.1655C27.1227 8.8455 27.8527 9.4255 28.3727 10.8455L29.6227 14.3055C31.4627 19.3455 29.7727 23.2455 25.1727 24.9255ZM6.8127 3.6555C2.6527 6.2355 0.0027 10.9555 0.0027 16.6055C0.0027 17.2855 0.5627 17.8455 1.2127 17.8355C1.8627 17.8155 2.3627 17.2955 2.3827 16.6455C2.4927 11.9255 4.4427 8.1555 7.6527 5.9755Z","geometry":{"width":33.35897529621651,"height":28.64031301671858}}