{"path":"M10.7827 -0.0043C4.1027 -0.0043 0.0027 4.1857 0.0027 11.2757V15.0557C0.0027 18.4257 1.7227 20.5357 4.5527 20.6457C4.9927 21.6957 6.0027 22.3357 7.2627 22.3357C7.6127 22.3357 7.9427 22.2857 8.2727 22.1857C8.7527 23.3357 9.7227 24.0057 10.9827 24.0057C11.1527 24.0057 11.3327 23.9957 11.5227 23.9357V27.3257C11.5227 29.4657 12.9227 30.8957 14.9427 30.8957C17.0327 30.8957 18.4727 29.4657 18.4727 27.3257V17.4557C18.4727 17.3757 18.5027 17.3257 18.5627 17.3257C18.6027 17.3257 18.6327 17.3457 18.6627 17.4057L19.1827 18.5957C19.7427 19.5257 20.6327 20.0457 21.6727 20.0457C23.4327 20.0457 24.7827 18.8657 24.7827 17.0257C24.7827 16.4757 24.6827 15.8557 24.4827 15.3157L21.9727 8.3557C19.9927 2.8757 16.1427 -0.0143 10.7827 -0.0043ZM10.7027 3.0857C14.6527 3.0857 17.4427 5.0357 19.1427 9.4157L21.8027 16.2557C21.8627 16.4057 21.8927 16.5157 21.8927 16.6757C21.8927 17.0057 21.6527 17.2957 21.2627 17.2957C20.9627 17.2957 20.7627 17.1157 20.6327 16.8157L18.5427 12.5557C18.1927 11.8357 17.6527 11.5657 17.0627 11.5657C16.3127 11.5657 15.6827 12.1357 15.6827 13.0557L15.6727 27.5057C15.6727 27.9157 15.3927 28.2057 15.0027 28.2057C14.6027 28.2057 14.3127 27.9157 14.3127 27.5057V17.5957C14.3127 16.9257 13.7527 16.3957 13.0827 16.3957C12.4327 16.3957 11.8627 16.9257 11.8627 17.5957V21.0157C11.6927 21.0857 11.4727 21.1257 11.2627 21.1257C10.8127 21.1257 10.5027 20.8057 10.5027 20.3257V17.0057C10.5027 16.3257 9.9527 15.8157 9.2927 15.8157C8.6527 15.8157 8.1027 16.3257 8.1027 17.0057V19.3457C7.9327 19.3957 7.7127 19.4457 7.5027 19.4457C7.0527 19.4457 6.7427 19.1257 6.7427 18.6457V16.4657C6.7427 15.7757 6.1827 15.2557 5.5127 15.2557C4.8527 15.2557 4.2927 15.7757 4.2927 16.4657V17.5257C3.3727 17.5257 2.9027 16.7357 2.9027 15.2157V11.5357C2.9027 6.1657 5.8127 3.0857 10.7027 3.0857Z","geometry":{"width":24.787109375,"height":30.898485871429}}