{"path":"M10.1727 0.003C3.7227 0.003 0.0027 4.043 0.0027 10.883V13.763C0.0027 16.333 1.2627 18.083 2.8327 18.083C3.2527 18.083 3.5027 17.833 3.5027 17.413V16.213C3.5027 15.733 3.7227 15.503 3.9927 15.503C4.2927 15.503 4.5127 15.733 4.5127 16.213V16.993C4.5127 18.593 5.5527 19.683 6.9727 19.683C7.6727 19.683 8.0227 19.343 8.0227 18.733V17.093C8.0227 16.593 8.2327 16.363 8.5027 16.363C8.8227 16.363 9.0227 16.593 9.0227 17.093V18.603C9.0227 20.343 10.0227 21.283 11.4727 21.283C12.1427 21.283 12.5227 20.943 12.5227 20.343V17.093C12.5227 16.613 12.7427 16.363 13.0027 16.363C13.3027 16.363 13.5227 16.593 13.5227 17.093V27.683C13.5227 28.863 14.3027 29.683 15.3427 29.683C16.4427 29.683 17.2127 28.873 17.2127 27.683V12.483C17.2127 12.163 17.3727 12.003 17.5727 12.003C17.7427 12.003 17.8927 12.113 18.0027 12.383L19.9727 17.063C20.3027 17.853 20.8627 18.393 21.7527 18.393C22.9027 18.393 23.6927 17.613 23.6927 16.553C23.6927 16.203 23.6227 15.873 23.5327 15.613L21.0227 8.413C18.9927 2.533 15.1327 0.003 10.1727 0.003Z","geometry":{"width":23.693359375,"height":29.681640625}}