{"path":"M31.6809 14.3323C31.6909 8.8623 28.7509 4.9123 23.1009 2.8823L15.9709 0.3123C15.4209 0.0923 14.7809 0.0023 14.2309 0.0023C12.3309 0.0023 11.1409 1.3923 11.1409 3.1823C11.1409 4.2523 11.6609 5.1523 12.6309 5.7323L13.8909 6.2723C13.9309 6.3023 13.9609 6.3323 13.9609 6.3823C13.9609 6.4423 13.9009 6.4823 13.8209 6.4823H3.6509C1.4609 6.4823 0.0009 7.9423 0.0009 10.0723C0.0009 12.1423 1.4609 13.5723 3.6509 13.5723H7.1609C7.1109 13.7723 7.0809 13.9623 7.0809 14.1523C7.0809 15.4323 7.7809 16.4323 8.9509 16.9223C8.8609 17.2523 8.8009 17.5923 8.8009 17.9523C8.8009 19.2523 9.4609 20.2923 10.5409 20.7223C10.6409 23.6223 12.8009 25.3923 16.2709 25.3923H20.1209C27.3809 25.3923 31.6809 21.1823 31.6809 14.3323ZM28.5509 14.4223C28.5509 19.4523 25.3709 22.4523 19.8509 22.4523H16.1009C14.5309 22.4523 13.7109 21.9423 13.7109 21.0023H14.8109C15.5209 21.0023 16.0509 20.4223 16.0509 19.7523C16.0509 19.0823 15.5209 18.5023 14.8109 18.5023H12.5609C12.0709 18.5023 11.7409 18.1823 11.7409 17.7023C11.7409 17.5023 11.7809 17.2723 11.8509 17.0723H14.2609C14.9409 17.0723 15.4609 16.5323 15.4609 15.8623C15.4609 15.2023 14.9409 14.6423 14.2609 14.6423H10.8509C10.3509 14.6423 10.0209 14.3123 10.0209 13.8523C10.0209 13.6423 10.0609 13.4123 10.1309 13.2223H13.6609C14.3409 13.2223 14.8909 12.6623 14.8909 11.9923C14.8909 11.3023 14.3409 10.7323 13.6609 10.7323H3.4709C3.0509 10.7323 2.7509 10.4423 2.7509 10.0223C2.7509 9.6123 3.0509 9.3223 3.4709 9.3223L18.3109 9.3123C19.2409 9.3123 19.8209 8.6723 19.8209 7.9023C19.8209 7.3123 19.5409 6.7523 18.8109 6.3823L14.4409 4.2523C14.1209 4.1123 13.9309 3.9123 13.9309 3.6123C13.9309 3.1823 14.2309 2.9423 14.5709 2.9423C14.7409 2.9423 14.8609 2.9623 15.0109 3.0323L22.0209 5.7523C26.5509 7.4923 28.5509 10.3723 28.5509 14.4223Z","geometry":{"width":31.677781849841097,"height":25.388671875}}