{"path":"M0.0028 14.3323C0.0028 21.1823 4.2928 25.3923 11.5528 25.3923H15.4128C18.8828 25.3923 21.0428 23.6223 21.1328 20.7223C22.2128 20.2923 22.8728 19.2523 22.8728 17.9523C22.8728 17.5923 22.8228 17.2523 22.7228 16.9223C23.9028 16.4323 24.5928 15.4323 24.5928 14.1523C24.5928 13.9623 24.5728 13.7723 24.5128 13.5723H28.0228C30.2128 13.5723 31.6828 12.1423 31.6828 10.0723C31.6828 7.9423 30.2128 6.4823 28.0228 6.4823H17.8528C17.7728 6.4823 17.7228 6.4423 17.7228 6.3823C17.7228 6.3323 17.7428 6.3023 17.7828 6.2723L19.0428 5.7323C20.0128 5.1523 20.5328 4.2523 20.5328 3.1823C20.5328 1.3923 19.3428 0.0023 17.4428 0.0023C16.9028 0.0023 16.2528 0.0923 15.7128 0.3123L8.5628 2.8823C2.9228 4.9123 -0.0172 8.8623 0.0028 14.3323ZM3.1328 14.4223C3.1328 10.3723 5.1228 7.4923 9.6528 5.7523L16.6628 3.0323C16.8128 2.9623 16.9428 2.9423 17.1028 2.9423C17.4428 2.9423 17.7428 3.1823 17.7428 3.6123C17.7428 3.9123 17.5528 4.1023 17.2428 4.2523L12.8628 6.3823C12.1228 6.7523 11.8528 7.3123 11.8528 7.9023C11.8528 8.6723 12.4428 9.3223 13.3728 9.3223H28.2028C28.6328 9.3223 28.9328 9.6123 28.9328 10.0223C28.9328 10.4423 28.6328 10.7323 28.2028 10.7323H18.0228C17.3328 10.7323 16.7928 11.3023 16.7928 11.9923C16.7928 12.6623 17.3328 13.2223 18.0228 13.2223H21.5428C21.6128 13.4123 21.6528 13.6423 21.6528 13.8523C21.6528 14.3123 21.3328 14.6423 20.8228 14.6423H17.4228C16.7328 14.6423 16.2128 15.2023 16.2128 15.8623C16.2128 16.5323 16.7328 17.0723 17.4228 17.0723H19.8228C19.8928 17.2723 19.9228 17.5023 19.9228 17.7023C19.9228 18.1823 19.6028 18.5023 19.1128 18.5023H16.8728C16.1628 18.5023 15.6228 19.0823 15.6228 19.7523C15.6228 20.4223 16.1628 21.0023 16.8728 21.0023H17.9628C17.9628 21.9423 17.1428 22.4523 15.5628 22.4523H11.8228C6.3028 22.4523 3.1328 19.4523 3.1328 14.4223Z","geometry":{"width":31.677781850010724,"height":25.388671875}}