{"path":"M8.1227 -0.0042C3.6327 -0.0042 0.0027 3.6058 0.0027 8.0758C0.0027 9.7458 0.5727 11.5758 1.5027 12.8658C1.8427 13.3458 2.2927 13.5458 2.7227 13.5458C3.7827 13.5458 4.5527 12.3858 3.8127 11.3658C3.1727 10.4758 2.7327 9.2958 2.7327 8.0758C2.7327 5.1258 5.1427 2.7358 8.1027 2.7358C10.7827 2.7358 13.0527 4.7458 13.3827 7.4258C13.3827 7.4958 13.4027 7.5558 13.4127 7.6558C13.5327 8.3858 13.9627 8.8458 14.6927 8.8458C15.5127 8.8458 16.0827 8.2958 16.1027 7.5458C16.1027 7.4058 16.0927 7.1658 16.0627 6.9758C15.5327 2.9358 12.1027 -0.0042 8.1227 -0.0042ZM21.6127 32.8958C27.9027 30.5958 30.3227 25.2658 27.9027 18.5958L26.6227 15.0658C25.4527 11.8858 23.1227 10.4858 20.4127 11.3658C19.6427 10.5258 18.4827 10.2658 17.2927 10.6958C16.9627 10.8158 16.6627 10.9758 16.4027 11.1658C15.5427 10.2558 14.4127 9.9558 13.2327 10.3858C13.0527 10.4458 12.8927 10.5458 12.7427 10.6458L11.5827 7.4558C10.8527 5.4558 9.0527 4.5758 7.1527 5.2758C5.1827 5.9858 4.3227 7.8358 5.0627 9.8258L8.4327 19.1158C8.4627 19.1958 8.4527 19.2458 8.3927 19.2758C8.3527 19.2958 8.3127 19.2758 8.2727 19.2358L7.3727 18.2958C6.5227 17.5958 5.5227 17.4358 4.5427 17.7858C2.8827 18.3858 2.0127 19.9458 2.6527 21.6858C2.8327 22.1858 3.1427 22.7358 3.5127 23.1758L8.2627 28.8658C11.9927 33.3458 16.5927 34.7258 21.6127 32.8958ZM20.6427 29.9658C16.9427 31.3058 13.6427 30.4458 10.5427 26.8958L5.7127 21.3858C5.6027 21.2558 5.5327 21.1658 5.4827 21.0158C5.3727 20.6958 5.4927 20.3558 5.8827 20.2158C6.1527 20.1258 6.4027 20.2158 6.6127 20.4558L10.0327 23.7458C10.6227 24.2958 11.2227 24.3658 11.7727 24.1758C12.4727 23.9158 12.8827 23.1558 12.5627 22.2958L7.6327 8.7058C7.4927 8.3258 7.6427 7.9558 8.0227 7.8158C8.3927 7.6858 8.7627 7.8658 8.9027 8.2458L12.2927 17.5658C12.5227 18.1958 13.2327 18.4958 13.8627 18.2758C14.4827 18.0458 14.8227 17.3658 14.5927 16.7358L13.4127 13.5058C13.5627 13.3858 13.7627 13.2758 13.9427 13.2058C14.3827 13.0558 14.7827 13.2358 14.9427 13.6858L16.0827 16.8158C16.3127 17.4458 16.9927 17.7358 17.6127 17.5158C18.2127 17.2958 18.5527 16.6258 18.3227 15.9958L17.5227 13.7958C17.6827 13.6858 17.8727 13.5658 18.0627 13.4958C18.4827 13.3458 18.8827 13.5358 19.0427 13.9858L19.7927 16.0358C20.0327 16.6758 20.7427 16.9758 21.3727 16.7458C21.9827 16.5258 22.3227 15.8458 22.0927 15.1858L21.7227 14.2058C22.5827 13.8858 23.3227 14.4658 23.8427 15.8858L25.1027 19.3458C26.9327 24.3858 25.2527 28.2858 20.6427 29.9658Z","geometry":{"width":28.827535580867163,"height":33.68057035924027}}