{"path":"M25.1427 26.2389C31.2027 24.0289 33.3227 18.9489 30.9827 12.5289L29.9927 9.8189C29.1027 7.3989 27.3327 6.1889 25.8527 6.7289C25.4527 6.8689 25.3027 7.1989 25.4427 7.5889L25.8527 8.7089C26.0127 9.1689 25.8927 9.4689 25.6527 9.5589C25.3627 9.6589 25.0727 9.5089 24.9127 9.0589L24.6527 8.3189C24.1027 6.8289 22.7527 6.1589 21.4227 6.6489C20.7627 6.8789 20.5527 7.3189 20.7527 7.8889L21.3127 9.4389C21.4827 9.8889 21.3727 10.1889 21.1127 10.2889C20.8227 10.3789 20.5327 10.2489 20.3727 9.7789L19.8527 8.3589C19.2627 6.7289 17.9927 6.1889 16.6427 6.6789C16.0127 6.8989 15.7727 7.3489 15.9827 7.9089L17.0927 10.9789C17.2527 11.4189 17.1327 11.7389 16.8827 11.8189C16.5927 11.9289 16.3127 11.7789 16.1427 11.3289L12.5227 1.3589C12.1227 0.2489 11.1127 -0.2411 10.1327 0.1189C9.1027 0.4789 8.6527 1.5089 9.0627 2.6189L14.2627 16.9189C14.3727 17.1989 14.2627 17.4089 14.0827 17.4789C13.9227 17.5289 13.7427 17.4889 13.5527 17.2689L10.1027 13.5489C9.5127 12.9089 8.8027 12.6089 7.9727 12.9289C6.8927 13.3089 6.4127 14.3089 6.7827 15.2989C6.9027 15.6289 7.0727 15.9189 7.2427 16.1389L12.0627 22.0389C15.9927 26.8689 20.4827 27.9389 25.1427 26.2389ZM6.8127 2.8489C2.6527 5.4289 0.0027 10.1489 0.0027 15.7989C0.0027 16.4789 0.5627 17.0389 1.2127 17.0289C1.8627 17.0089 2.3627 16.4889 2.3827 15.8389C2.4927 11.1189 4.4427 7.3489 7.6527 5.1689Z","geometry":{"width":31.90980064636672,"height":26.99481584089735}}