{"path":"M37.4727 32.6723C37.9127 32.2223 37.9227 31.4923 37.4727 31.0423L6.7527 0.3423C6.3027 -0.1177 5.5627 -0.1177 5.1127 0.3423C4.6727 0.7623 4.6727 1.5323 5.1127 1.9623L35.8427 32.6723C36.3027 33.1123 37.0327 33.1223 37.4727 32.6723ZM21.2427 2.8923C18.6927 2.8923 16.2727 3.6323 14.2327 4.8923L16.8727 7.5323C18.1827 6.8723 19.6727 6.4923 21.2427 6.4923C26.7727 6.4923 31.2427 10.9523 31.2427 16.4723C31.2427 18.0523 30.8527 19.5523 30.2027 20.8423L32.8427 23.5023C34.0927 21.4623 34.8327 19.0423 34.8327 16.4723C34.8327 9.0223 28.7127 2.8923 21.2427 2.8923ZM38.2627 28.8623C41.1427 25.1123 42.5227 20.9023 42.5227 16.4723C42.5227 12.0123 41.0527 7.8123 38.5127 4.4123C37.8727 3.5623 36.7627 3.4923 35.9427 4.1623C35.1527 4.8323 35.1227 5.8623 35.7427 6.7223C37.7627 9.4823 38.9127 12.8623 38.9127 16.4723C38.9127 20.0523 37.8327 23.2623 35.7127 26.3023ZM6.5727 28.7723C7.3727 28.1223 7.3927 27.0823 6.7827 26.2323C4.7627 23.4723 3.6127 20.0823 3.6127 16.4723C3.6127 12.8923 4.7027 9.6623 6.8127 6.6323L4.2627 4.0823C1.3627 7.8723 0.0027 12.0823 0.0027 16.4723C0.0027 20.9423 1.4627 25.1423 4.0027 28.5423C4.6527 29.3923 5.7727 29.4423 6.5727 28.7723ZM22.4227 12.9723V9.6523C22.4227 9.1723 22.0527 8.7923 21.5927 8.7923C21.0827 8.7923 20.7127 9.1723 20.7127 9.6523V11.2623ZM20.2027 10.7523V9.8723C20.2027 9.4723 19.9227 9.1523 19.5927 9.1023C19.3427 9.0523 19.1127 9.1123 18.9627 9.2623L18.9127 9.4623ZM21.2627 30.0623C23.8327 30.0623 26.2527 29.3123 28.3027 28.0523L25.6527 25.4023C24.3327 26.0723 22.8427 26.4523 21.2627 26.4523C15.7327 26.4523 11.2827 22.0123 11.2827 16.4723C11.2827 14.9023 11.6627 13.3923 12.3327 12.0823L9.6827 9.4423C8.4227 11.4823 7.6827 13.9023 7.6827 16.4723C7.6827 23.9323 13.7927 30.0623 21.2627 30.0623ZM24.6527 15.2023V10.5923C24.6527 10.1123 24.2627 9.7323 23.7727 9.7323C23.2927 9.7323 22.9327 10.1323 22.9327 10.5923V13.4723ZM27.2527 17.7823L27.7227 16.1823C27.9227 15.6123 27.6627 15.1423 27.2327 14.9923C26.7927 14.8623 26.3327 15.0523 26.1127 15.5323L25.7727 16.3223ZM21.2627 24.0623C22.1727 24.0623 22.9827 23.8923 23.6527 23.5123L16.2727 16.1423V19.0723C16.2727 22.1723 18.4027 24.0623 21.2627 24.0623Z","geometry":{"width":42.51953125,"height":33.00563495109249}}