{"path":"M11.7179 31.0888C15.6279 31.0888 18.3379 29.5888 20.2979 26.5888C22.0279 24.2988 23.1279 20.6888 23.7779 18.6088C24.2679 17.0888 24.9079 15.1588 25.0279 14.3288C25.1579 13.3888 24.6179 12.6288 23.7379 12.4988C22.6979 12.3288 21.9879 12.9088 21.4379 14.0388L19.5079 18.3188C19.3479 18.6788 19.1979 18.7988 19.0079 18.7988C18.7979 18.7988 18.6079 18.6788 18.6479 18.2788L20.1079 3.6888C20.2079 2.6388 19.4579 1.9588 18.5279 1.8888C17.5779 1.8088 16.7879 2.3688 16.6679 3.2788L15.1479 14.5788C14.8379 14.4688 14.4879 14.3688 14.1179 14.2888V1.6988C14.1179 0.7388 13.3679 -0.0012 12.3679 -0.0012C11.3779 -0.0012 10.6179 0.7388 10.6179 1.6988V14.1488C10.2679 14.1788 9.9079 14.2188 9.5679 14.2688L8.3079 2.8888C8.1979 1.9288 7.4179 1.3388 6.4679 1.4088C5.5379 1.4588 4.7279 2.1888 4.8379 3.2588L6.0679 15.2288C5.6979 15.3788 5.3579 15.5688 5.0279 15.7588L3.4279 6.7988C3.2579 5.8088 2.5279 5.3088 1.5979 5.3588C0.6779 5.4288 -0.1121 6.1488 0.0079 7.2888L1.5279 20.9688C2.2379 27.2788 5.9479 31.0888 11.7179 31.0888Z","geometry":{"width":25.049738798392482,"height":31.08984375}}