{"path":"M24.0537 1.7873C22.6137 0.3573 20.7037 -0.0027 17.9537 -0.0027H7.8637C5.1237 -0.0027 3.2037 0.3673 1.7737 1.7873C0.3537 3.2173 0.0037 5.0973 0.0037 7.8573V17.9373C0.0037 20.7173 0.3437 22.6173 1.7737 24.0373C3.2037 25.4573 5.1237 25.8273 7.8737 25.8273H17.9537C20.7037 25.8273 22.6237 25.4573 24.0537 24.0373C25.4737 22.6173 25.8237 20.7173 25.8237 17.9373V7.8773C25.8237 5.0973 25.4737 3.1973 24.0537 1.7873ZM7.3537 15.5173V8.0773C7.3537 7.5373 7.7837 7.1273 8.3237 7.1273C8.8437 7.1273 9.2537 7.5373 9.2537 8.0773V12.6873C9.4337 12.5873 9.5937 12.4973 9.8037 12.4173V5.7373C9.8037 5.2073 10.2237 4.7973 10.7437 4.7973C11.2937 4.7973 11.7037 5.2073 11.7037 5.7373V11.8773C11.8937 11.8573 12.0837 11.8373 12.2637 11.8173V5.1273C12.2637 4.5973 12.6737 4.1873 13.2237 4.1873C13.7537 4.1873 14.1637 4.5973 14.1637 5.1273V11.8973C14.3437 11.9473 14.5337 12.0073 14.6937 12.0473V6.1673C14.6937 5.6473 15.1037 5.2073 15.6537 5.2073C16.1837 5.2073 16.5937 5.6373 16.5937 6.1673V14.1073C16.5937 14.3173 16.6637 14.3973 16.7937 14.3973C16.8837 14.3973 16.9637 14.3273 17.0537 14.1373L18.1037 11.8173C18.3937 11.1873 18.7837 10.8873 19.3437 10.9473C19.8337 11.0173 20.1237 11.4173 20.0737 11.9173C20.0137 12.3573 19.6637 13.3673 19.4137 14.1773C19.0437 15.3673 18.4737 17.2373 17.5637 18.4673C16.4737 20.2373 14.9537 21.0173 12.8637 21.0173C9.7037 21.0173 7.3537 18.9173 7.3537 15.5173Z","geometry":{"width":25.826171875,"height":25.826171875}}