{"path":"M22.3273 9.7895C22.4073 4.1695 17.8373 0.0695 10.9673 0.0195L8.9873 -0.0005C7.1673 -0.0105 5.6873 0.1195 4.8173 0.3295C3.4173 0.6695 2.3373 1.5895 2.3373 3.0195C2.3373 3.5395 2.4473 3.9495 2.6073 4.2695C2.6973 4.3995 2.6673 4.4995 2.5573 4.5495C1.5773 5.0695 0.9173 5.9595 0.9173 7.0995C0.9173 7.7295 1.0973 8.3095 1.3973 8.7695C1.4873 8.9195 1.4673 9.0395 1.3173 9.1495C0.6273 9.5995 0.1773 10.4695 0.1773 11.4595C0.1773 12.1995 0.3973 12.9095 0.7473 13.3195C0.8873 13.4495 0.8773 13.5595 0.7273 13.6895C0.2473 14.1095 -0.0027 14.8495 -0.0027 15.6695C-0.0027 17.2695 1.2473 18.5395 2.8473 18.5395H7.9973C9.1573 18.5395 9.8873 19.0995 9.8873 19.9895C9.8873 21.8595 7.4273 25.4595 7.4273 28.1395C7.4273 29.6295 8.4073 30.5995 9.7473 30.5995C10.8573 30.5995 11.4673 29.9295 12.1573 28.6195C14.3273 24.4195 17.1973 20.9895 19.4173 18.0495C21.4073 15.4095 22.2673 13.1795 22.3273 9.7895ZM29.6773 9.6695C29.6773 5.0695 26.8473 1.3995 23.1073 1.3995H20.7673C23.2873 3.4495 24.5573 6.4295 24.4973 9.8195C24.4473 13.2895 23.3773 15.8695 21.8773 17.9895H23.6373C27.0673 17.9895 29.6773 14.3695 29.6773 9.6695Z","geometry":{"width":29.681640625,"height":30.598596274119437}}