{"path":"M13.5227 29.6804C19.9627 29.6804 23.6927 25.6304 23.6927 18.8004V15.9304C23.6927 13.3404 22.4327 11.5904 20.8627 11.5904C20.4427 11.5904 20.1827 11.8504 20.1827 12.2604V13.4704C20.1827 13.9404 19.9627 14.1904 19.6827 14.1904C19.3827 14.1904 19.1827 13.9404 19.1827 13.4704V12.6904C19.1827 11.1004 18.1427 10.0104 16.7227 10.0104C16.0227 10.0104 15.6727 10.3404 15.6727 10.9504V12.5904C15.6727 13.0804 15.4627 13.3204 15.1927 13.3204C14.8727 13.3204 14.6527 13.0804 14.6527 12.5904V11.0704C14.6527 9.3504 13.6627 8.3904 12.2227 8.3904C11.5527 8.3904 11.1727 8.7404 11.1727 9.3404V12.5904C11.1727 13.0704 10.9527 13.3204 10.6927 13.3204C10.3927 13.3204 10.1727 13.0804 10.1727 12.5904V2.0004C10.1727 0.8204 9.3927 0.0004 8.3527 0.0004C7.2427 0.0004 6.4827 0.8104 6.4827 2.0004V17.2004C6.4827 17.5104 6.3127 17.6804 6.1227 17.6804C5.9427 17.6804 5.7927 17.5704 5.6827 17.2904L3.7227 12.6304C3.3727 11.8304 2.8127 11.3104 1.9427 11.3104C0.7927 11.3104 0.0027 12.0704 0.0027 13.1204C0.0027 13.4804 0.0527 13.8104 0.1527 14.0704L2.6527 21.2704C4.7027 27.1704 8.5427 29.6804 13.5227 29.6804Z","geometry":{"width":23.693359375,"height":29.681640625}}