{"path":"M4.8237 26.1377H21.3137C24.4437 26.1377 26.1437 24.4477 26.1437 21.3377V4.7977C26.1437 1.6977 24.4437 -0.0023 21.3137 -0.0023H4.8237C1.7137 -0.0023 0.0037 1.6977 0.0037 4.7977V21.3377C0.0037 24.4477 1.7137 26.1377 4.8237 26.1377ZM7.3537 15.6677V8.2277C7.3537 7.6877 7.7837 7.2777 8.3237 7.2777C8.8437 7.2777 9.2537 7.6877 9.2537 8.2277V12.8377C9.4337 12.7377 9.5937 12.6477 9.8037 12.5677V5.8877C9.8037 5.3577 10.2237 4.9477 10.7437 4.9477C11.2937 4.9477 11.7037 5.3577 11.7037 5.8877V12.0277C11.8937 12.0077 12.0837 11.9877 12.2637 11.9677V5.2777C12.2637 4.7477 12.6737 4.3377 13.2237 4.3377C13.7537 4.3377 14.1637 4.7477 14.1637 5.2777V12.0477C14.3437 12.0977 14.5337 12.1577 14.6937 12.1977V6.3177C14.6937 5.7977 15.1037 5.3577 15.6537 5.3577C16.1837 5.3577 16.5937 5.7877 16.5937 6.3177V14.2577C16.5937 14.4677 16.6637 14.5477 16.7937 14.5477C16.8837 14.5477 16.9637 14.4777 17.0537 14.2877L18.1037 11.9677C18.3937 11.3377 18.7837 11.0377 19.3437 11.0977C19.8337 11.1677 20.1237 11.5677 20.0737 12.0677C20.0137 12.5077 19.6637 13.5177 19.4137 14.3277C19.0437 15.5177 18.4737 17.3877 17.5637 18.6177C16.4737 20.3877 14.9537 21.1677 12.8637 21.1677C9.7037 21.1677 7.3537 19.0677 7.3537 15.6677Z","geometry":{"width":26.140625,"height":26.140625}}