{"path":"M0.0037 18.9252C0.0037 21.9752 1.6537 23.7252 4.8237 23.7252H5.2137V11.9252C5.2137 7.5852 7.9037 4.9052 12.2637 4.9052H23.7037V4.7852C23.7037 1.7052 21.9937 -0.0048 18.8837 -0.0048H4.8237C1.7137 -0.0048 0.0037 1.6952 0.0037 4.7952ZM12.2637 30.5152H25.9937C29.1037 30.5152 30.8137 28.8252 30.8137 25.7152V11.9252C30.8137 8.8152 29.1037 7.1252 25.9937 7.1252H12.2637C9.1337 7.1252 7.4237 8.8152 7.4237 11.9252V25.7152C7.4237 28.8252 9.1337 30.5152 12.2637 30.5152ZM14.0037 21.1352V14.4952C14.0037 13.9952 14.3737 13.6352 14.8637 13.6352C15.3237 13.6352 15.6937 13.9952 15.6937 14.4952V18.6252C15.8637 18.5252 15.9937 18.4252 16.1837 18.3752V12.4052C16.1837 11.9352 16.5537 11.5552 17.0237 11.5552C17.5137 11.5552 17.8837 11.9352 17.8837 12.4052V17.8952C18.0437 17.8652 18.2137 17.8552 18.3937 17.8452V11.8552C18.3937 11.3752 18.7437 11.0052 19.2337 11.0052C19.7037 11.0052 20.0837 11.3752 20.0837 11.8552V17.9052C20.2437 17.9652 20.4137 18.0052 20.5637 18.0452V12.7852C20.5637 12.3052 20.9137 11.9352 21.4137 11.9352C21.8737 11.9352 22.2537 12.2952 22.2537 12.7852V19.8952C22.2537 20.0552 22.3137 20.1252 22.4337 20.1252C22.5337 20.1252 22.5837 20.0752 22.6537 19.9052L23.6137 17.8252C23.8737 17.2652 24.2137 16.9952 24.7037 17.0452C25.1437 17.1052 25.4137 17.4752 25.3437 17.9252C25.2937 18.3352 24.9937 19.2352 24.7737 19.9652C24.4337 20.9952 23.9237 22.6952 23.1337 23.8052C22.1337 25.3652 20.7937 26.0552 18.9237 26.0552C16.1037 26.0552 14.0037 24.1852 14.0037 21.1352Z","geometry":{"width":30.81640625,"height":30.515625}}