{"path":"M0.0023 20.9688C0.0023 27.2788 4.4123 31.0888 10.1823 31.0888C14.0923 31.0888 16.8023 29.5888 18.7723 26.5888C20.4923 24.2988 21.6023 20.6888 22.2423 18.6088C22.7323 17.0888 23.3823 15.1588 23.4923 14.3288C23.6223 13.3888 23.0923 12.6288 22.2023 12.4988C21.1623 12.3288 20.4423 12.9088 19.9023 14.0388L17.9823 18.3188C17.8123 18.6788 17.6623 18.7988 17.4723 18.7988C17.2723 18.7988 17.1123 18.6788 17.1123 18.2788V3.6488C17.1123 2.6388 16.3623 1.8888 15.3623 1.8888C14.3723 1.8888 13.6123 2.6488 13.6123 3.6488V14.5788C13.2923 14.4688 12.9623 14.3688 12.5923 14.2888V1.7488C12.5923 0.7488 11.8423 -0.0012 10.8423 -0.0012C9.8423 -0.0012 9.0923 0.7488 9.0923 1.7488V14.1488C8.7323 14.1788 8.3823 14.2188 8.0223 14.2688V2.8688C8.0223 1.8688 7.2723 1.1088 6.2923 1.1088C5.2923 1.1088 4.5423 1.8688 4.5423 2.8688V15.2288C4.1723 15.3788 3.8323 15.5688 3.5023 15.7588V7.1388C3.5023 6.1388 2.7523 5.3888 1.7623 5.3888C0.7623 5.3888 0.0023 6.1388 0.0023 7.1388Z","geometry":{"width":23.509554301054436,"height":31.08984375}}