{"path":"M22.4237 29.3413C23.3837 29.3413 24.3637 28.8613 26.1637 28.8613C28.0137 28.8613 28.5737 29.3413 29.9537 29.3413C31.9637 29.3413 33.1437 28.4813 33.1437 26.9513C33.1437 24.5813 30.8437 22.6013 26.6337 22.6013C24.4437 22.6013 23.5437 22.9713 22.2737 23.2113L20.6737 19.7013C19.0837 16.3013 16.2237 14.5213 12.9637 14.5213H11.2937C10.5937 14.5213 10.1737 14.1813 10.1737 13.5313C10.1737 12.4913 11.4437 12.2413 12.8337 12.2413C17.1037 12.2413 20.5737 14.4213 22.6437 19.0313L23.5537 21.0913C24.4737 20.9213 25.4737 20.8313 26.4937 20.8313C27.3037 20.8313 28.0937 20.8813 28.9037 21.0713C29.7737 20.5913 30.7637 20.0813 31.8137 19.5613C33.4137 20.6013 35.1237 21.5913 37.7737 21.5913C41.0037 21.5913 42.7837 20.4813 42.7837 16.8013C42.7837 12.4313 39.7737 8.6713 34.9637 8.8612L31.6637 4.0613C29.7537 1.2413 27.1137 0.0012 24.5937 0.0012C22.5537 0.0012 19.0737 1.1212 19.0737 2.7213C19.0737 3.7613 21.3537 5.3212 23.0937 6.4513L30.7437 11.4313C30.1437 11.9613 29.6637 12.3013 28.8237 12.3013C27.6437 12.3013 26.3437 11.4713 24.8437 10.6512C20.4437 7.9112 17.5037 5.7013 12.7737 5.7013C8.2737 5.7013 4.4937 8.1713 2.6237 13.6813C1.1237 13.6413 0.0037 14.5913 0.0037 15.9813C0.0037 17.5313 1.2537 18.5213 3.0037 18.5013C5.1037 21.9013 8.0837 23.1013 12.3337 23.1013C12.5637 23.1013 12.8137 23.1013 13.0737 23.0913L18.7437 27.8613C20.1237 29.0813 21.2837 29.3413 22.4237 29.3413ZM36.6937 16.3413C35.9437 16.3413 35.3437 15.7113 35.3437 14.9713C35.3437 14.2213 35.9537 13.5613 36.7137 13.5613C37.4637 13.5613 38.0637 14.1813 38.0637 14.9013C38.0637 15.6813 37.4437 16.3413 36.6937 16.3413ZM11.6737 30.4713C14.1737 30.4713 15.8037 30.0213 17.1437 29.1313L12.9837 25.6313C12.7937 25.6513 12.5737 25.6613 12.3137 25.6613C11.6737 25.6613 10.4437 25.4413 9.2937 25.4413C7.7937 25.4413 6.8537 26.2513 6.8537 27.4513C6.8537 29.2613 8.7537 30.4713 11.6737 30.4713Z","geometry":{"width":42.779296875,"height":30.474609375}}