{"path":"M4.1409 26.6991H25.1809C27.6809 26.6991 29.3309 24.8191 29.3309 22.5591C29.3309 21.8591 29.1509 21.1391 28.7609 20.4691L18.2409 2.0791C17.4309 0.6991 16.0609 -0.0009 14.6709 -0.0009C13.2609 -0.0009 11.8809 0.7091 11.0909 2.0791L0.5609 20.4791C0.1809 21.1491 0.0009 21.8591 0.0009 22.5591C0.0009 24.8191 1.6409 26.6991 4.1409 26.6991ZM4.7709 23.3691C4.0909 23.3691 3.6509 22.8191 3.6509 22.2191C3.6509 22.0291 3.6909 21.7791 3.8009 21.5891L13.7009 4.1691C13.9009 3.8191 14.3009 3.6591 14.6709 3.6591C15.0409 3.6591 15.4109 3.8191 15.6109 4.1791L25.5209 21.5991C25.6309 21.8091 25.6709 22.0391 25.6709 22.2191C25.6709 22.8191 25.2409 23.3691 24.5509 23.3691ZM7.6309 21.2291H21.6809C22.2309 21.2291 22.5409 20.6891 22.2709 20.2091L15.2409 7.8591C14.9709 7.3691 14.3409 7.3691 14.0709 7.8591L7.0409 20.2091C6.7509 20.6991 7.0909 21.2291 7.6309 21.2291ZM10.5909 18.9791C10.4709 18.9791 10.4009 18.8691 10.4709 18.7391L14.5309 11.6091C14.6009 11.4991 14.7409 11.4991 14.7909 11.6091L18.8709 18.7391C18.9309 18.8691 18.8709 18.9791 18.7409 18.9791Z","geometry":{"width":29.326171875,"height":26.701171875}}