{"path":"M1.4537 16.8738C0.6537 16.8738 0.0037 17.5438 0.0037 18.3238C0.0037 19.1238 0.6537 19.7738 1.4537 19.7738H6.1937C5.9837 21.1438 5.4537 22.3238 4.6037 23.1638C3.0937 24.6538 5.1137 26.6538 6.6437 25.2838C8.1337 23.9338 9.0237 21.9938 9.2937 19.7738H12.2537C12.0437 18.8038 11.8937 17.8338 11.8037 16.8938H9.3137C9.2137 16.0438 9.0537 15.1838 8.7937 14.3238H11.6337C11.6237 13.7638 11.6237 11.9838 11.6337 11.4238H7.7337C7.4337 10.5638 7.2337 9.7038 7.1237 8.8638H11.8037C11.8937 8.0238 12.0737 6.7438 12.2537 5.9838H7.1237C7.3237 4.6038 7.8637 3.4238 8.7137 2.5738C10.2237 1.0738 8.2037 -0.9062 6.6537 0.4538C5.1637 1.8138 4.2837 3.7538 4.0237 5.9838H1.4537C0.6537 5.9838 0.0037 6.6238 0.0037 7.4138C0.0037 8.2238 0.6537 8.8538 1.4537 8.8538L4.0037 8.8638C4.1037 9.7038 4.2837 10.5638 4.5237 11.4238H1.4537C0.6537 11.4238 0.0037 12.0938 0.0037 12.8738C0.0037 13.6638 0.6537 14.3238 1.4537 14.3238H5.5737C5.8837 15.1838 6.0837 16.0438 6.2037 16.8938ZM13.8337 12.8738C13.8037 15.4838 14.0137 18.0938 14.7837 20.7738C15.6837 23.8538 17.4137 24.9838 21.0437 24.9838H21.8437C30.3537 24.9838 37.7437 19.4238 37.7437 12.8738C37.7437 6.3238 30.3537 0.7438 21.8437 0.7438H21.0437C17.4337 0.7438 15.7137 1.8938 14.7837 4.9538C14.0137 7.6338 13.8037 10.2638 13.8337 12.8738Z","geometry":{"width":37.748046875,"height":25.74360098450892}}