{"path":"M0.0037 15.5155C0.0037 19.7155 1.2137 24.3755 3.2837 27.9755C3.7637 28.8355 4.7437 29.0755 5.6337 28.6055L5.6837 28.5755C6.4237 29.5555 7.6437 29.9255 9.0137 29.5055C10.7337 28.9455 11.4937 27.3955 10.9337 25.6755L8.9437 19.5055C8.3937 17.8055 6.8737 17.0355 5.1437 17.5655C4.5137 17.7755 4.0237 18.1155 3.6637 18.5355C3.5137 17.5255 3.4337 16.5155 3.4337 15.5155C3.4337 8.2555 7.8737 3.4355 14.5437 3.4355C21.2237 3.4355 25.6737 8.2555 25.6737 15.5155C25.6737 16.5155 25.5937 17.5255 25.4437 18.5355C25.0837 18.1155 24.5937 17.7855 23.9637 17.5655C22.2337 17.0355 20.7137 17.8055 20.1537 19.5055L18.1737 25.6755C17.6137 27.4155 18.3737 28.9455 20.0937 29.5055C21.4537 29.9255 22.6637 29.5555 23.4037 28.5755C23.4337 28.5855 23.4437 28.5855 23.4737 28.6055C24.3537 29.0755 25.3337 28.8355 25.8237 27.9755C27.8737 24.3755 29.1037 19.7155 29.1037 15.5155C29.1037 6.1955 23.2937 -0.0045 14.5437 -0.0045C5.7937 -0.0045 0.0037 6.1955 0.0037 15.5155Z","geometry":{"width":29.107421875,"height":29.67735728945783}}