{"path":"M14.0637 12.0187C14.0537 14.5887 14.2437 17.1987 14.9937 19.8387C15.9037 22.8987 17.6137 24.0387 21.2037 24.0387H22.0137C30.4637 24.0387 37.7637 18.5087 37.7637 12.0187C37.7637 5.5187 30.4637 -0.0013 22.0137 -0.0013H21.2037C17.6237 -0.0013 15.9237 1.1487 14.9937 4.1987C14.2437 6.8487 14.0537 9.4487 14.0637 12.0187ZM1.2537 6.2887C0.4237 6.5087 0.0037 7.1187 0.0037 7.8187C0.0037 8.7787 0.7837 9.4087 1.8037 9.1287L11.9637 6.4087C12.0737 5.4387 12.4537 4.1287 12.7537 3.2087ZM17.3637 12.0187C17.3637 9.1987 17.5937 7.1687 18.1737 5.1287C18.5837 3.7587 19.3337 3.3087 21.2037 3.3087H22.0137C28.5437 3.3087 34.4637 7.4087 34.4637 12.0187C34.4637 16.6287 28.5437 20.7287 22.0137 20.7287H21.2037C19.3137 20.7287 18.5837 20.2787 18.1737 18.9187C17.5937 16.8687 17.3637 14.8387 17.3637 12.0187ZM1.2537 11.5687C0.4337 11.7887 0.0137 12.3987 0.0137 13.0887C0.0137 14.0587 0.8237 14.6787 1.8837 14.3987L11.5437 11.8087C11.5437 10.7987 11.5837 9.8987 11.6637 8.7787ZM1.2537 16.8587C0.4337 17.0787 0.0137 17.6787 0.0137 18.3587C0.0137 19.3487 0.8037 19.9587 1.8837 19.6787L11.8437 17.0187C11.7037 16.0487 11.6237 15.0687 11.5837 14.0987ZM1.2537 22.1487C0.4337 22.3687 0.0137 22.9687 0.0137 23.6487C0.0137 24.6387 0.8037 25.2487 1.8737 24.9787L13.0737 21.9687C12.7137 21.1487 12.4137 20.1287 12.2237 19.2087Z","geometry":{"width":37.76171875,"height":25.043648823177033}}