{"path":"M25.7974 27.3999C26.2474 27.8499 26.9874 27.8499 27.4274 27.3999C27.8674 26.9399 27.8774 26.2199 27.4274 25.7799L1.9674 0.3399C1.5174 -0.1101 0.7774 -0.1101 0.3274 0.3399C-0.1126 0.7799 -0.1126 1.5299 0.3274 1.9699ZM24.9774 20.7399C27.8674 17.5099 29.5474 14.1099 29.5474 10.6899C29.5474 5.3199 25.8174 1.7099 21.2574 1.7099C18.5374 1.7099 16.5174 2.8999 15.3174 4.6199C14.1274 2.8999 12.0974 1.7099 9.3774 1.7099C8.3674 1.7099 7.3974 1.8799 6.4774 2.2399L9.6374 5.3999C9.8074 5.3399 9.9674 5.3299 10.1474 5.3299C12.1774 5.3299 13.4074 6.6999 14.2074 7.8199C14.5874 8.3799 14.8974 8.6099 15.3174 8.6099C15.7374 8.6099 16.0074 8.3799 16.4374 7.8199C17.3174 6.6299 18.5074 5.3199 20.7974 5.3199C23.6674 5.3199 25.8174 7.4899 25.8174 10.6499C25.8174 13.0399 24.4974 15.6399 22.3674 18.1299ZM20.5774 24.8199L17.9874 22.2399C17.2174 22.8599 16.3774 23.4599 15.5274 24.0299C15.4374 24.0899 15.3674 24.1399 15.3174 24.1399C15.2674 24.1399 15.2074 24.0899 15.1074 24.0299C9.2874 20.1599 4.8274 15.0599 4.8274 10.6499C4.8274 10.1499 4.9174 9.6999 5.0874 9.3199L2.0774 6.3099C1.4474 7.5699 1.0974 9.0499 1.0974 10.6899C1.0974 16.5499 6.0274 22.3999 13.5474 27.3099C14.1774 27.7199 14.8574 28.1199 15.3174 28.1199C15.7774 28.1199 16.4574 27.7199 17.0874 27.3099C18.3174 26.5099 19.4974 25.6699 20.5774 24.8199Z","geometry":{"width":29.544921875,"height":28.11962890625}}