{"path":"M4.8237 26.1377H21.3137C24.4437 26.1377 26.1437 24.4477 26.1437 21.3377V4.7977C26.1437 1.6977 24.4437 -0.0023 21.3137 -0.0023H4.8237C1.7137 -0.0023 0.0037 1.6977 0.0037 4.7977V21.3377C0.0037 24.4477 1.7137 26.1377 4.8237 26.1377ZM5.2137 22.6177C4.1137 22.6177 3.5237 22.0777 3.5237 20.9177V5.2377C3.5237 4.0777 4.1137 3.5277 5.2137 3.5277H20.9337C22.0237 3.5277 22.6137 4.0777 22.6137 5.2377V20.9177C22.6137 22.0777 22.0237 22.6177 20.9337 22.6177ZM7.7237 5.6877C6.7137 5.6877 5.9037 6.4977 5.9037 7.6377C5.9037 9.5277 8.0237 10.9877 8.8737 11.5477C8.9937 11.6377 9.1337 11.7077 9.2437 11.7077C9.3637 11.7077 9.5037 11.6177 9.6137 11.5477C10.4737 11.0577 12.5737 9.5277 12.5737 7.6377C12.5737 6.4977 11.7837 5.6877 10.7437 5.6877C10.0637 5.6877 9.5337 6.0977 9.2437 6.6177C8.9537 6.0977 8.4337 5.6877 7.7237 5.6877ZM6.8337 15.7077H19.2537C19.7737 15.7077 20.1537 15.3077 20.1537 14.7977C20.1537 14.2877 19.7737 13.8877 19.2537 13.8877H6.8337C6.3037 13.8877 5.9037 14.2877 5.9037 14.7977C5.9037 15.3077 6.3037 15.7077 6.8337 15.7077ZM6.8337 19.9177H16.1637C16.6837 19.9177 17.0737 19.5377 17.0737 19.0277C17.0737 18.5077 16.6837 18.1177 16.1637 18.1177H6.8337C6.3037 18.1177 5.9037 18.5077 5.9037 19.0277C5.9037 19.5377 6.3037 19.9177 6.8337 19.9177Z","geometry":{"width":26.140625,"height":26.140625}}