{"path":"M4.8237 26.1377H21.3137C24.4437 26.1377 26.1437 24.4477 26.1437 21.3377V4.7977C26.1437 1.6977 24.4437 -0.0023 21.3137 -0.0023H4.8237C1.7137 -0.0023 0.0037 1.6977 0.0037 4.7977V21.3377C0.0037 24.4477 1.7137 26.1377 4.8237 26.1377ZM6.8537 4.2977C7.6037 4.2977 8.1437 4.7277 8.4337 5.2477C8.7237 4.7277 9.2837 4.2977 10.0037 4.2977C11.0837 4.2977 11.9037 5.1277 11.9037 6.3477C11.9037 8.3077 9.6937 9.9077 8.8137 10.4077C8.7137 10.4677 8.5537 10.5577 8.4337 10.5577C8.3237 10.5577 8.1737 10.4877 8.0537 10.4077C7.1937 9.8277 4.9537 8.3077 4.9537 6.3477C4.9537 5.1277 5.7937 4.2977 6.8537 4.2977ZM5.9337 16.6377C5.3737 16.6377 4.9537 16.2177 4.9537 15.6677C4.9537 15.1477 5.3737 14.7377 5.9337 14.7377H19.1037C19.6437 14.7377 20.0537 15.1477 20.0537 15.6677C20.0537 16.2177 19.6437 16.6377 19.1037 16.6377ZM5.9337 21.3577C5.3737 21.3577 4.9537 20.9277 4.9537 20.4077C4.9537 19.8677 5.3737 19.4377 5.9337 19.4377H15.9037C16.4437 19.4377 16.8537 19.8677 16.8537 20.4077C16.8537 20.9277 16.4437 21.3577 15.9037 21.3577Z","geometry":{"width":26.140625,"height":26.140625}}