{"path":"M4.8237 26.1377H27.8037C30.9437 26.1377 32.6337 24.4477 32.6337 21.3377V4.7977C32.6337 1.6977 30.9437 -0.0023 27.8037 -0.0023H4.8237C1.7137 -0.0023 0.0037 1.6977 0.0037 4.7977V21.3377C0.0037 24.4477 1.7137 26.1377 4.8237 26.1377ZM13.0037 6.9677C14.5637 6.9677 15.6937 7.8777 16.3237 8.9777C16.9437 7.8777 18.0737 6.9677 19.6337 6.9677C21.9037 6.9677 23.6537 8.7177 23.6537 11.2677C23.6537 15.4377 18.9537 18.7177 17.1337 19.8477C16.8837 19.9877 16.5737 20.1977 16.3337 20.1977C16.1037 20.1977 15.7537 19.9877 15.5037 19.8477C13.6837 18.7177 8.9837 15.4377 8.9837 11.2677C8.9837 8.7177 10.7337 6.9677 13.0037 6.9677Z","geometry":{"width":32.634765625,"height":26.140625}}