{"path":"M4.8237 26.1377H21.3137C24.4437 26.1377 26.1437 24.4477 26.1437 21.3377V4.7977C26.1437 1.6977 24.4437 -0.0023 21.3137 -0.0023H4.8237C1.7137 -0.0023 0.0037 1.6977 0.0037 4.7977V21.3377C0.0037 24.4477 1.7137 26.1377 4.8237 26.1377ZM5.2137 22.6177C4.1137 22.6177 3.5237 22.0777 3.5237 20.9177V5.2377C3.5237 4.0777 4.1137 3.5277 5.2137 3.5277H20.9337C22.0237 3.5277 22.6137 4.0777 22.6137 5.2377V20.9177C22.6137 22.0777 22.0237 22.6177 20.9337 22.6177ZM9.9437 7.2877C7.7937 7.2877 6.1237 8.9577 6.1237 11.3577C6.1237 15.3077 10.5537 18.4277 12.3137 19.5277C12.5537 19.6577 12.8837 19.8377 13.0937 19.8377C13.3337 19.8377 13.6337 19.6577 13.8637 19.5277C15.6137 18.4177 20.0537 15.3077 20.0537 11.3577C20.0537 8.9577 18.3937 7.2877 16.2237 7.2877C14.7637 7.2877 13.6837 8.1477 13.0837 9.1877C12.4937 8.1477 11.4137 7.2877 9.9437 7.2877Z","geometry":{"width":26.140625,"height":26.140625}}