{"path":"M4.8237 26.1377H27.8037C30.9437 26.1377 32.6337 24.4477 32.6337 21.3377V4.7977C32.6337 1.6977 30.9437 -0.0023 27.8037 -0.0023H4.8237C1.7137 -0.0023 0.0037 1.6977 0.0037 4.7977V21.3377C0.0037 24.4477 1.7137 26.1377 4.8237 26.1377ZM5.2137 22.6177C4.1137 22.6177 3.5237 22.0777 3.5237 20.9177V5.2177C3.5237 4.0577 4.1137 3.5277 5.2137 3.5277H27.4237C28.5237 3.5277 29.1037 4.0577 29.1037 5.2177V20.9177C29.1037 22.0777 28.5237 22.6177 27.4237 22.6177ZM13.1937 7.2977C11.0337 7.2977 9.3637 8.9577 9.3637 11.3777C9.3637 15.3277 13.8037 18.4477 15.5537 19.5277C15.8037 19.6577 16.1337 19.8477 16.3537 19.8477C16.5737 19.8477 16.8737 19.6577 17.1037 19.5277C18.8537 18.4277 23.2937 15.3277 23.2937 11.3777C23.2937 8.9577 21.6337 7.2977 19.4837 7.2977C18.0037 7.2977 16.9237 8.1577 16.3337 9.1977C15.7337 8.1577 14.6737 7.2977 13.1937 7.2977Z","geometry":{"width":32.634765625,"height":26.140625}}