{"path":"M4.8237 26.1377H21.3137C24.4437 26.1377 26.1437 24.4477 26.1437 21.3377V4.7977C26.1437 1.6977 24.4437 -0.0023 21.3137 -0.0023H4.8237C1.7137 -0.0023 0.0037 1.6977 0.0037 4.7977V21.3377C0.0037 24.4477 1.7137 26.1377 4.8237 26.1377ZM9.8337 6.9577C11.4037 6.9577 12.5237 7.8577 13.1537 8.9677C13.7637 7.8577 14.9137 6.9577 16.4637 6.9577C18.7337 6.9577 20.4837 8.7077 20.4837 11.2477C20.4837 15.4177 15.7737 18.7077 13.9737 19.8377C13.7137 19.9777 13.3937 20.1677 13.1637 20.1677C12.9337 20.1677 12.5937 19.9777 12.3337 19.8377C10.5137 18.7077 5.8237 15.4177 5.8237 11.2477C5.8237 8.7077 7.5737 6.9577 9.8337 6.9577Z","geometry":{"width":26.140625,"height":26.140625}}