{"path":"M0.0037 23.4058C0.0037 27.6858 2.5537 30.2158 6.7237 30.2158C9.8437 30.2158 12.1237 28.7158 13.5737 25.9858L14.7637 23.7858C17.1337 19.3758 22.0837 17.9758 22.0837 11.1458C22.0837 4.4658 17.6937 -0.0042 11.1137 -0.0042C4.4537 -0.0042 0.0037 4.5158 0.0037 11.2558ZM2.9937 23.3358V11.2558C2.9937 6.2858 6.2337 2.9958 11.1137 2.9958C15.9137 2.9958 19.1037 6.2658 19.1037 11.1458C19.1037 16.7058 14.6937 17.6758 12.0137 22.6158L10.9737 24.4958C10.0537 26.2458 8.7937 27.1958 6.8637 27.1958C4.4437 27.1958 2.9937 25.7458 2.9937 23.3358ZM4.9037 19.4158C4.9037 20.7958 5.9837 21.7658 7.6037 21.7658C9.7337 21.7558 11.1837 20.1358 11.1837 17.9558C11.1837 14.2158 7.3437 13.5658 7.3537 10.6958C7.3537 8.7058 8.8637 7.3158 11.1037 7.3158C13.4537 7.3158 14.9937 8.8358 14.9937 11.1458C14.9937 11.8158 15.5437 12.3558 16.2237 12.3558C16.8837 12.3558 17.4337 11.8158 17.4337 11.1458C17.4337 7.3858 14.9037 4.8858 11.1037 4.8858C7.3937 4.8858 4.9037 7.3158 4.9037 10.6958C4.9037 13.7158 7.4137 14.6458 7.4137 15.8558C7.4137 17.2358 4.9037 17.0258 4.9037 19.4158Z","geometry":{"width":22.080078125,"height":30.21484375}}