{"path":"M20.364 19.9073C22.924 19.9073 26.004 20.7973 28.284 21.9173C29.104 22.3173 30.004 22.2073 30.584 21.4673L40.004 9.4873C41.134 8.0573 40.944 6.4573 39.524 5.3273C35.534 2.2173 28.034 -0.0027 20.364 -0.0027C12.714 -0.0027 5.204 2.2173 1.214 5.3273C-0.206 6.4573 -0.396 8.0573 0.734 9.4873L10.154 21.4673C10.734 22.2073 11.644 22.3173 12.464 21.9173C14.734 20.7973 17.814 19.9073 20.364 19.9073ZM21.324 6.1473C20.914 5.2873 19.824 5.2873 19.424 6.1473L17.174 11.1173L15.324 7.1773C14.884 6.2473 13.654 6.2373 13.194 7.2173L11.874 10.0373H5.374L4.034 8.3573C3.844 8.0973 3.884 7.8373 4.144 7.6573C8.554 4.8973 14.344 3.2773 20.364 3.2773C26.394 3.2773 32.184 4.8973 36.594 7.6573C36.874 7.8373 36.894 8.0773 36.704 8.3573L35.384 10.0373H28.874L27.544 7.2173C27.094 6.2373 25.854 6.2473 25.414 7.1773L23.564 11.1173ZM20.364 16.6273C17.894 16.6273 14.964 17.2773 12.394 18.3373C12.124 18.4473 11.964 18.4173 11.754 18.1573L7.294 12.4973H12.644C13.164 12.4973 13.474 12.2373 13.694 11.7573L14.254 10.5273L16.224 14.7673C16.594 15.5873 17.714 15.5873 18.114 14.7373L20.364 9.7773L22.634 14.7373C23.034 15.5873 24.144 15.5873 24.524 14.7673L26.484 10.5273L27.044 11.7573C27.264 12.2373 27.574 12.4973 28.104 12.4973H33.454L28.994 18.1473C28.794 18.4173 28.624 18.4573 28.354 18.3373C25.774 17.2773 22.844 16.6273 20.364 16.6273Z","geometry":{"width":40.737450175992336,"height":22.142162385002532}}