{"path":"M1.3127 18.1885H3.4827C3.7427 20.9285 4.8127 23.4385 6.4627 25.4385L4.9527 26.9585C4.4427 27.4785 4.4327 28.2985 4.9527 28.8185C5.4727 29.3385 6.2727 29.3285 6.8127 28.8085L8.3127 27.2985C10.3227 28.9585 12.8227 30.0385 15.5727 30.2985V32.4385C15.5727 33.1685 16.1427 33.7585 16.8727 33.7585C17.6127 33.7585 18.1827 33.1685 18.1827 32.4385V30.2985C20.9427 30.0385 23.4427 28.9585 25.4527 27.2885L26.9627 28.7885C27.4827 29.3285 28.3027 29.3285 28.8027 28.8085C29.3227 28.2885 29.3227 27.4785 28.8027 26.9585L27.3027 25.4385C28.9427 23.4385 30.0127 20.9485 30.2727 18.1885H32.4427C33.1727 18.1885 33.7527 17.6085 33.7527 16.8885C33.7527 16.1485 33.1727 15.5685 32.4427 15.5685H30.2727C30.0127 12.8285 28.9427 10.3185 27.3027 8.3085L28.8027 6.7985C29.3227 6.2785 29.3427 5.4585 28.8227 4.9485C28.3027 4.4185 27.4927 4.4285 26.9627 4.9485L25.4427 6.4485C23.4327 4.8085 20.9327 3.7285 18.1827 3.4685V1.3085C18.1827 0.5785 17.6127 -0.0015 16.8727 -0.0015C16.1427 -0.0015 15.5727 0.5785 15.5727 1.3085V3.4685C12.8227 3.7285 10.3227 4.8085 8.3127 6.4685L6.7927 4.9485C6.2727 4.4285 5.4527 4.4185 4.9327 4.9385C4.4327 5.4585 4.4327 6.2585 4.9527 6.7985L6.4627 8.3085C4.8227 10.3185 3.7427 12.8285 3.4827 15.5685H1.3127C0.5927 15.5685 0.0027 16.1485 0.0027 16.8885C0.0027 17.6085 0.5927 18.1885 1.3127 18.1885ZM10.7227 8.8685C12.0827 7.8085 13.7527 7.0785 15.5727 6.8485V13.7285ZM18.1827 6.8485C20.0027 7.0785 21.6727 7.8085 23.0327 8.8685L18.1827 13.7285ZM6.9727 15.5685C7.1927 13.7685 7.8727 12.1085 8.9027 10.7485L13.7427 15.5685ZM20.0327 15.5685L24.8527 10.7485C25.8827 12.1285 26.5627 13.7685 26.7827 15.5685ZM6.9727 18.1885H13.7227L8.9027 23.0085C7.8727 21.6385 7.1927 19.9885 6.9727 18.1885ZM20.0327 18.1885H26.7827C26.5627 19.9885 25.8827 21.6385 24.8527 23.0085ZM18.1827 20.0185L23.0327 24.8785C21.6727 25.9585 20.0127 26.6885 18.1827 26.9185ZM10.7227 24.8785L15.5727 20.0385V26.9185C13.7527 26.6885 12.0827 25.9585 10.7227 24.8785Z","geometry":{"width":33.755859375,"height":33.755859375}}