{"path":"M2.1737 24.493L11.7737 29.723C13.4937 30.673 15.1637 30.683 16.8937 29.723L26.4937 24.493C27.9737 23.683 28.6737 22.773 28.6737 20.803V9.463C28.6737 7.583 27.9437 6.653 26.5537 5.893L17.1437 0.743C15.3437 -0.257 13.3137 -0.237 11.5237 0.743L2.1037 5.893C0.7237 6.653 0.0037 7.583 0.0037 9.463V20.803C0.0037 22.773 0.6937 23.683 2.1737 24.493ZM3.4637 15.223V10.083C3.4637 9.523 3.6637 9.193 4.2337 8.883L13.0837 4.013C13.9337 3.543 14.7237 3.533 15.5837 4.013L24.4337 8.883C25.0037 9.193 25.2137 9.523 25.2137 10.083V15.223Z","geometry":{"width":28.669921875,"height":30.440447747764242}}