{"path":"M2.1437 24.4269L11.7437 29.6669C13.4837 30.6069 15.1237 30.6069 16.8437 29.6669L26.4437 24.4269C27.9037 23.6269 28.5837 22.7269 28.5837 20.7669V9.4369C28.5837 7.5769 27.8737 6.6569 26.5137 5.9069L17.0937 0.7369C15.3037 -0.2431 13.3037 -0.2431 11.4937 0.7369L2.0937 5.9069C0.7137 6.6569 0.0037 7.5769 0.0037 9.4369V20.7669C0.0037 22.7269 0.6837 23.6269 2.1437 24.4269Z","geometry":{"width":28.587890625,"height":30.37548828125}}