{"path":"M2.1737 24.5033L11.7737 29.7333C13.4937 30.6833 15.1637 30.6933 16.8937 29.7333L26.4937 24.5033C27.9737 23.6933 28.6737 22.7833 28.6737 20.8133V9.4733C28.6737 7.5933 27.9437 6.6633 26.5537 5.9033L17.1437 0.7533C15.3437 -0.2567 13.3137 -0.2467 11.5237 0.7533L2.1037 5.9033C0.7237 6.6633 0.0037 7.5933 0.0037 9.4733V20.8133C0.0037 22.7833 0.6937 23.6933 2.1737 24.5033ZM4.2837 21.5533C3.6637 21.2033 3.4637 20.8833 3.4637 20.2933V10.0933C3.4637 9.5333 3.6637 9.2033 4.2337 8.8933L13.0837 4.0233C13.9337 3.5533 14.7237 3.5433 15.5837 4.0233L24.4337 8.8933C25.0037 9.2033 25.2137 9.5333 25.2137 10.0933V20.2933C25.2137 20.8833 25.0037 21.2033 24.3937 21.5533L15.5837 26.4333C14.7137 26.9033 13.9437 26.8933 13.0837 26.4333Z","geometry":{"width":28.669921875,"height":30.450701533756387}}