{"path":"M26.4937 24.5033C27.9737 23.6933 28.6737 22.7833 28.6737 20.8133V9.4733C28.6737 7.5933 27.9437 6.6633 26.5537 5.9033L17.1437 0.7533C15.3537 -0.2467 13.3337 -0.2567 11.5237 0.7533L2.1037 5.9033C0.7237 6.6633 0.0037 7.5933 0.0037 9.4733V20.8133C0.0037 22.7833 0.6937 23.6933 2.1737 24.5033L11.7737 29.7333C13.5037 30.6933 15.1737 30.6833 16.8937 29.7333ZM14.3237 3.6633V26.7833C13.9337 26.7833 13.5237 26.6733 13.0837 26.4333L4.2837 21.5533C3.6637 21.2033 3.4637 20.8833 3.4637 20.2933V10.0933C3.4637 9.5333 3.6637 9.2033 4.2337 8.8933L13.0837 4.0233C13.5037 3.7933 13.9137 3.6633 14.3237 3.6633Z","geometry":{"width":28.669921875,"height":30.450701533756394}}