{"path":"M4.2537 24.8269H9.8037C9.5437 23.8669 9.3937 22.5969 9.3537 21.6669H4.6337C3.6337 21.6669 3.1537 21.1669 3.1537 20.2069V4.6169C3.1537 3.6769 3.6337 3.1569 4.6337 3.1569H15.1737C16.1737 3.1569 16.6537 3.6769 16.6537 4.6169V8.2569C17.6137 7.8169 18.6637 7.4969 19.8137 7.2469V4.2769C19.8137 1.5269 18.2937 -0.0031 15.5537 -0.0031H4.2537C1.5137 -0.0031 0.0037 1.5269 0.0037 4.2769V20.5669C0.0037 23.3069 1.5137 24.8269 4.2537 24.8269ZM9.9137 9.9169C11.3737 9.9169 12.5937 8.7069 12.5937 7.2369C12.5937 5.7669 11.3937 4.5669 9.9137 4.5669C8.4337 4.5669 7.2337 5.7669 7.2337 7.2369C7.2337 8.7069 8.4337 9.9169 9.9137 9.9169ZM9.9137 8.2969C9.3137 8.2969 8.8337 7.8369 8.8337 7.2369C8.8337 6.6469 9.3137 6.1669 9.9137 6.1669C10.5037 6.1669 10.9737 6.6469 10.9737 7.2369C10.9737 7.8369 10.5037 8.2969 9.9137 8.2969ZM24.6737 12.2369C28.1237 12.2369 30.6437 11.6069 30.6437 10.6069C30.6437 9.5869 28.1337 8.9669 24.6737 8.9669C21.2637 8.9669 18.7537 9.5869 18.7537 10.6069C18.7537 11.6069 21.2737 12.2369 24.6737 12.2369ZM5.3037 15.8769C5.3037 18.1969 7.0437 20.1269 9.2937 20.4169C9.3137 19.5369 9.4237 18.3169 9.6137 17.4269C8.8337 17.3269 8.2537 16.6669 8.2537 15.8569C8.2537 14.9469 8.9937 14.2069 9.9137 14.2069C10.1337 14.2069 10.3637 14.2569 10.5637 14.3869C10.9737 13.4569 11.4737 12.5869 12.0437 11.7969C11.3337 11.4569 10.6537 11.2669 9.9137 11.2669C7.3737 11.2669 5.3037 13.3269 5.3037 15.8769ZM24.6737 33.2069C29.4537 33.2069 31.5937 32.5669 33.5937 30.7069C36.3437 28.2069 37.9537 24.5569 37.9537 20.7269C37.9537 17.6769 36.9237 14.7569 35.0637 12.4569C34.3437 11.5269 33.3137 11.3469 32.2637 12.0069C30.5537 13.1669 28.3137 13.8769 24.6737 13.8769C21.0437 13.8769 18.8037 13.1669 17.0937 12.0069C16.0337 11.3469 15.0137 11.5069 14.2837 12.4569C12.4237 14.7569 11.4037 17.6769 11.4037 20.7269C11.4037 24.5569 13.0037 28.2069 15.7537 30.7069C17.7437 32.5669 19.9037 33.2069 24.6737 33.2069ZM24.6737 29.6669C20.8537 29.6669 19.4537 29.3269 18.1537 28.0969C16.0937 26.2069 14.9437 23.5569 14.9437 20.7269C14.9437 19.1169 15.3137 17.5669 16.3137 15.8169C18.4137 16.8669 21.2337 17.4269 24.6737 17.4269C28.1237 17.4269 30.9437 16.8669 33.0337 15.8169C34.0437 17.5569 34.4137 19.1169 34.4137 20.7269C34.4137 23.5569 33.2537 26.2069 31.1837 28.0969C29.8837 29.3269 28.5037 29.6669 24.6737 29.6669Z","geometry":{"width":37.953125,"height":33.208984375}}