{"path":"M3.6637 24.8269H9.7737C9.4737 23.6769 9.2937 22.3769 9.2737 21.1269C6.7637 20.8669 4.8537 18.7869 4.8537 16.2969C4.8537 13.5869 7.0537 11.4069 9.7437 11.4069C10.5237 11.4069 11.2537 11.5769 11.9337 11.9169C13.8937 9.1769 16.6937 7.8769 19.8137 7.2369V3.6769C19.8137 1.3269 18.4937 -0.0031 16.1437 -0.0031H3.6637C1.3137 -0.0031 0.0037 1.3269 0.0037 3.6769V21.1469C0.0037 23.5169 1.3137 24.8269 3.6637 24.8269ZM9.7437 9.3769C8.1737 9.3669 6.8937 8.0969 6.8937 6.5169C6.8937 4.9669 8.1737 3.6769 9.7437 3.6769C11.3237 3.6769 12.6037 4.9669 12.6037 6.5169C12.6037 8.0969 11.3037 9.3669 9.7437 9.3769ZM9.7437 7.6569C10.3737 7.6569 10.8837 7.1369 10.8837 6.5169C10.8837 5.9069 10.3737 5.3969 9.7437 5.3969C9.1237 5.3969 8.6137 5.9069 8.6137 6.5169C8.6137 7.1369 9.1237 7.6569 9.7437 7.6569ZM24.6737 12.2369C28.1237 12.2369 30.6437 11.6069 30.6437 10.6069C30.6437 9.5869 28.1337 8.9669 24.6737 8.9669C21.2637 8.9669 18.7537 9.5869 18.7537 10.6069C18.7537 11.6069 21.2737 12.2369 24.6737 12.2369ZM24.6737 33.0169C29.3837 33.0169 31.5037 32.4169 33.4737 30.5669C36.1937 28.0969 37.7637 24.4969 37.7637 20.7269C37.7637 17.7469 36.7637 14.8469 34.8037 12.4169C34.1237 11.5369 33.3737 11.5269 32.5637 12.0469C30.6537 13.3869 28.3237 14.0669 24.6737 14.0669C21.0137 14.0669 18.6937 13.3869 16.7737 12.0469C15.9837 11.5269 15.2137 11.5369 14.5437 12.4169C12.5737 14.8469 11.5937 17.7469 11.5937 20.7269C11.5937 24.4969 13.1637 28.0969 15.8737 30.5669C17.8537 32.4169 19.9737 33.0169 24.6737 33.0169ZM8.0137 16.2869C8.0137 17.1469 8.6437 17.8369 9.4837 17.9969C9.6537 16.8169 9.9837 15.7069 10.4337 14.6669C10.2137 14.5869 9.9937 14.5369 9.7437 14.5369C8.7937 14.5369 8.0137 15.3169 8.0137 16.2869Z","geometry":{"width":37.76171875,"height":33.017578125}}