{"path":"M4.2537 24.8269H9.4337V21.6669H4.6337C3.6337 21.6669 3.1537 21.1669 3.1537 20.2069V4.6169C3.1537 3.6769 3.6337 3.1569 4.6337 3.1569H14.3137C14.5437 3.1569 14.6937 3.2369 14.7937 3.3769C14.8437 3.4069 14.8437 3.4569 14.8737 3.5269C15.9037 2.9369 17.1037 2.5069 18.4837 2.1969C18.4437 2.0669 18.4037 1.9369 18.3437 1.8569C17.7037 0.6569 16.4637 -0.0031 14.6937 -0.0031H4.2537C1.5137 -0.0031 0.0037 1.5269 0.0037 4.2769V20.5669C0.0037 23.3069 1.5137 24.8369 4.2537 24.8269ZM23.3937 7.2469C27.0737 7.2469 29.9137 6.5469 29.9137 5.4369C29.9137 4.3169 27.0737 3.6469 23.3937 3.6469C19.7837 3.6469 16.9537 4.3169 16.9537 5.4369C16.9537 6.5469 19.7937 7.2469 23.3937 7.2469ZM7.1937 7.2469C7.1937 8.7269 8.3437 9.8969 9.8337 9.9369C9.9837 9.3269 10.1537 8.7369 10.3737 8.1869C10.2437 8.2869 10.0737 8.3269 9.8937 8.3269C9.2937 8.3269 8.8037 7.8469 8.8037 7.2469C8.8037 6.6469 9.3137 6.1569 9.8937 6.1569C10.4637 6.1569 10.9137 6.6069 10.9237 7.1269C11.2337 6.5869 11.5837 6.0969 11.9937 5.6369C11.5637 4.9669 10.8037 4.5069 9.9137 4.5069C8.3937 4.5269 7.1937 5.7169 7.1937 7.2469ZM23.4337 33.3369C31.5437 33.3369 35.2037 30.4469 35.2037 23.9769V13.0669C35.2037 10.9069 34.7437 8.9569 33.8237 7.6169C33.4037 6.9869 32.5937 6.8269 31.7837 7.2569C30.0237 8.3669 26.9237 9.1169 23.4337 9.1169C19.9437 9.1169 16.8437 8.3669 15.0837 7.2569C14.2737 6.8269 13.4637 6.9869 13.0437 7.6169C12.1137 8.9569 11.6637 10.9069 11.6637 13.0669V23.9769C11.6637 30.4469 15.3137 33.3369 23.4337 33.3369ZM23.4337 29.8569C17.4837 29.8569 15.1337 28.0169 15.1337 23.7769V13.1369C15.1337 12.4669 15.2437 11.8269 15.5137 11.2769C17.4637 12.2369 20.3137 12.6969 23.4337 12.6969C26.5337 12.6969 29.4037 12.2369 31.3537 11.2769C31.6137 11.8269 31.7237 12.4669 31.7237 13.1369V23.7769C31.7237 28.0169 29.3837 29.8569 23.4337 29.8569ZM5.0137 15.8569C5.0137 18.3469 6.9737 20.4269 9.4337 20.4369V17.4869C8.6437 17.4469 7.9437 16.7769 7.9437 15.8569C7.9437 15.0369 8.5437 14.3169 9.4337 14.2369C9.4337 12.8469 9.4737 12.0869 9.5837 11.2969C7.0237 11.2569 5.0137 13.3269 5.0137 15.8569Z","geometry":{"width":35.205078125,"height":33.33203125}}