{"path":"M11.2937 18.3316V17.3516H31.6737V18.3316C31.6737 19.2916 32.3337 19.9516 33.2937 19.9516H38.2537C39.2137 19.9516 39.8637 19.2916 39.8637 18.3316V17.1416C41.8737 16.6216 42.9537 15.0616 42.9537 12.6216V4.7316C42.9537 1.6716 41.2737 0.0016 38.2037 0.0016H4.7737C1.6937 0.0016 0.0037 1.6716 0.0037 4.7316V12.6216C0.0037 15.0616 1.0837 16.6216 3.0937 17.1416V18.3316C3.0937 19.2916 3.7437 19.9516 4.7137 19.9516H9.6637C10.6337 19.9516 11.2937 19.2916 11.2937 18.3316ZM8.2337 11.8816C6.4537 11.8816 5.0037 10.4416 5.0037 8.6516C5.0037 6.8816 6.4537 5.4416 8.2337 5.4416C10.0037 5.4416 11.4337 6.8816 11.4337 8.6516C11.4337 10.4416 10.0037 11.8816 8.2337 11.8816ZM34.7237 11.8816C32.9637 11.8816 31.5237 10.4416 31.5237 8.6516C31.5237 6.8816 32.9637 5.4416 34.7237 5.4416C36.5137 5.4416 37.9537 6.8816 37.9537 8.6516C37.9537 10.4416 36.5137 11.8816 34.7237 11.8816ZM15.6637 11.7316C14.8937 11.7316 14.3937 11.2416 14.3937 10.4616V6.8916C14.3937 6.1116 14.8937 5.6216 15.6637 5.6216H27.2937C28.0637 5.6216 28.5737 6.1116 28.5737 6.8916V10.4616C28.5737 11.2416 28.0637 11.7316 27.2937 11.7316Z","geometry":{"width":42.95703125,"height":19.947265625}}