{"path":"M11.2937 18.3316V17.3516H31.6737V18.3316C31.6737 19.2916 32.3337 19.9516 33.2937 19.9516H38.2537C39.2137 19.9516 39.8637 19.2916 39.8637 18.3316V17.1416C41.8737 16.6216 42.9537 15.0616 42.9537 12.6216V4.7316C42.9537 1.6716 41.2737 0.0016 38.2037 0.0016H4.7737C1.6937 0.0016 0.0037 1.6716 0.0037 4.7316V12.6216C0.0037 15.0616 1.0837 16.6216 3.0937 17.1416V18.3316C3.0937 19.2916 3.7437 19.9516 4.7137 19.9516H9.6637C10.6337 19.9516 11.2937 19.2916 11.2937 18.3316ZM4.9737 14.0516C4.0737 14.0516 3.5237 13.5216 3.5237 12.6316V4.7216C3.5237 3.8316 4.0737 3.2816 4.9737 3.2816H37.9837C38.8837 3.2816 39.4337 3.8316 39.4337 4.7216V12.6316C39.4337 13.5216 38.8837 14.0516 37.9837 14.0516ZM9.2137 11.7016C10.9137 11.7016 12.2637 10.3516 12.2637 8.6516C12.2637 6.9716 10.9137 5.6016 9.2137 5.6016C7.5337 5.6016 6.1637 6.9716 6.1637 8.6516C6.1637 10.3516 7.5337 11.7016 9.2137 11.7016ZM33.7437 11.7016C35.4337 11.7016 36.7937 10.3516 36.7937 8.6516C36.7937 6.9716 35.4337 5.6016 33.7437 5.6016C32.0637 5.6016 30.7037 6.9716 30.7037 8.6516C30.7037 10.3516 32.0637 11.7016 33.7437 11.7016ZM15.9737 11.5816H27.0037C27.7237 11.5816 28.2037 11.1016 28.2037 10.3816V6.9716C28.2037 6.2516 27.7237 5.7716 27.0037 5.7716H15.9737C15.2337 5.7716 14.7637 6.2516 14.7637 6.9716V10.3816C14.7637 11.1016 15.2337 11.5816 15.9737 11.5816Z","geometry":{"width":42.95703125,"height":19.947265625}}