{"path":"M0.0037 4.6098V25.1798C0.0037 28.1598 1.6237 29.7898 4.5837 29.7898H18.4037C21.3737 29.7898 22.9837 28.1598 22.9837 25.1798V4.6098C22.9837 1.6298 21.3737 -0.0002 18.4037 -0.0002H4.5837C1.6237 -0.0002 0.0037 1.6298 0.0037 4.6098ZM3.5237 4.9898C3.5237 4.0198 3.9937 3.5298 4.9937 3.5298H17.9937C19.0037 3.5298 19.4537 4.0198 19.4537 4.9898V24.7998C19.4537 25.7698 19.0037 26.2598 17.9937 26.2598H4.9937C3.9937 26.2598 3.5237 25.7698 3.5237 24.7998ZM11.4837 11.8098C13.3037 11.8098 14.7637 10.3798 14.7537 8.5598C14.7237 6.7498 13.3037 5.3298 11.4837 5.3198C9.6837 5.2998 8.2437 6.7398 8.2437 8.5598C8.2437 10.3798 9.6837 11.8098 11.4837 11.8098ZM11.4937 9.7998C10.8037 9.7998 10.2537 9.2398 10.2537 8.5598C10.2537 7.8498 10.8037 7.3098 11.4937 7.3098C12.1637 7.3098 12.7437 7.8798 12.7437 8.5598C12.7437 9.2398 12.1837 9.7998 11.4937 9.7998ZM11.4937 24.4198C14.4937 24.4198 16.9137 22.0098 16.9137 18.9998C16.9137 15.9698 14.4937 13.5898 11.4937 13.5798C8.4937 13.5598 6.0737 15.9698 6.0737 18.9998C6.0737 22.0098 8.4937 24.4198 11.4937 24.4198ZM11.4937 20.9298C10.4337 20.9298 9.5537 20.0598 9.5537 18.9998C9.5537 17.8798 10.4137 17.0498 11.4937 17.0498C12.5737 17.0498 13.4237 17.8798 13.4237 18.9998C13.4237 20.0598 12.5737 20.9298 11.4937 20.9298Z","geometry":{"width":22.982421875,"height":29.791015625}}