{"path":"M2.0737 25.1188H4.0737C4.5637 25.1188 4.7137 25.0288 5.0137 24.7987L5.9337 24.0888C6.5237 24.5788 7.3037 24.6688 8.0937 24.3388L12.5937 22.4188C12.9337 22.2688 13.1537 22.1388 13.3937 21.8788L26.7537 8.5688C28.1337 7.2087 28.1337 5.5087 26.7737 4.1288L23.6637 1.0287C22.3037 -0.3412 20.6037 -0.3412 19.2337 1.0287L5.8837 14.3188C5.6237 14.5788 5.4837 14.7788 5.3337 15.1388L3.4037 19.6288C3.0637 20.4288 3.1437 21.2088 3.6537 21.8088L1.5737 23.9488C1.1237 24.4188 1.3237 25.1188 2.0737 25.1188ZM20.9837 3.2688C21.2837 2.9488 21.6137 2.9488 21.9037 3.2587L24.5437 5.8888C24.8437 6.1887 24.8237 6.5188 24.5137 6.8188L23.8037 7.5287L20.2637 3.9788ZM8.7737 15.4188L18.4837 5.7587L22.0237 9.3088L12.3137 18.9787ZM7.7137 21.4488C7.4937 21.5288 7.3237 21.5288 7.1337 21.3388L6.3837 20.5888C6.1937 20.3988 6.1937 20.2388 6.2937 20.0188L7.3437 17.5688L10.1737 20.3988ZM1.3537 29.9388H27.7437C28.4937 29.9388 29.0937 29.2888 29.0937 28.5488C29.0937 27.7988 28.4937 27.1688 27.7437 27.1688H1.3537C0.6037 27.1688 0.0037 27.8088 0.0037 28.5488C0.0037 29.2888 0.6137 29.9388 1.3537 29.9388Z","geometry":{"width":29.09375,"height":29.94140625}}