{"path":"M14.9527 23.3132C23.3427 23.3132 29.9427 19.4832 29.9427 14.6532V7.0532C29.9427 7.0232 29.9427 7.0132 29.9427 6.9832C29.9427 2.9932 23.2827 0.0032 14.9527 0.0032C6.6327 0.0032 0.0027 2.9932 0.0027 6.9832C0.0027 7.0132 0.0027 7.0232 0.0027 7.0532V14.6532C0.0027 19.4832 6.5727 23.3132 14.9527 23.3132ZM14.9527 10.8532C8.2427 10.8532 3.2627 9.0932 3.2627 6.9832C3.2627 4.9632 8.2427 3.2932 14.9527 3.2932C21.6727 3.2932 26.6427 4.9632 26.6427 6.9832C26.6427 9.0932 21.6727 10.8532 14.9527 10.8532ZM14.9527 14.1532C19.7027 14.1532 23.9127 13.1532 26.6427 11.5432V14.6532C26.6427 17.6232 22.3427 20.0132 14.9527 20.0132C7.5727 20.0132 3.2627 17.6232 3.2627 14.6532V11.5232C6.0027 13.1532 10.2027 14.1532 14.9527 14.1532Z","geometry":{"width":29.94140625,"height":23.310546875}}