{"path":"M14.9527 13.9832C23.2827 13.9832 29.9427 10.9232 29.9427 6.9032C29.9427 2.9932 23.2827 0.0032 14.9527 0.0032C6.6327 0.0032 0.0027 2.9932 0.0027 6.9032C0.0027 10.9232 6.6327 13.9832 14.9527 13.9832ZM14.9527 23.3132C23.3427 23.3132 29.9427 19.4832 29.9427 14.6532V11.4332C27.0027 14.3732 21.2627 16.0532 14.9527 16.0532C8.6727 16.0532 2.9227 14.3732 0.0027 11.4332V14.6532C0.0027 19.4832 6.5727 23.3132 14.9527 23.3132Z","geometry":{"width":29.94140625,"height":23.310546875}}