{"path":"M21.2627 27.1673C28.7127 27.1673 34.8327 21.0373 34.8327 13.5773C34.8327 6.1273 28.7127 -0.0027 21.2427 -0.0027C13.7927 -0.0027 7.6827 6.1273 7.6827 13.5773C7.6827 21.0373 13.7927 27.1673 21.2627 27.1673ZM42.5227 13.5773C42.5227 9.1173 41.0527 4.9073 38.5027 1.5073C37.8527 0.6573 36.7527 0.5873 35.9427 1.2573C35.1327 1.9373 35.1127 2.9573 35.7427 3.8173C37.7627 6.5873 38.9127 9.9673 38.9127 13.5773C38.9127 17.1873 37.7627 20.5773 35.7427 23.3373C35.1227 24.1873 35.1527 25.2273 35.9427 25.8773C36.7627 26.5473 37.8727 26.4973 38.5127 25.6473C41.0527 22.2473 42.5227 18.0473 42.5227 13.5773ZM0.0027 13.5773C0.0027 18.0473 1.4627 22.2473 4.0027 25.6473C4.6527 26.4973 5.7727 26.5473 6.5727 25.8773C7.3727 25.2273 7.3927 24.1873 6.7827 23.3373C4.7627 20.5773 3.6127 17.1873 3.6127 13.5773C3.6127 9.9673 4.7627 6.5873 6.7827 3.8173C7.4127 2.9573 7.3827 1.9373 6.5727 1.2573C5.7727 0.5873 4.6627 0.6573 4.0227 1.5073C1.4627 4.9073 0.0027 9.1173 0.0027 13.5773ZM21.2627 23.5573C15.7327 23.5573 11.2827 19.1173 11.2827 13.5773C11.2827 8.0573 15.7227 3.5973 21.2427 3.5973C26.7727 3.5973 31.2427 8.0573 31.2427 13.5773C31.2527 19.1173 26.7827 23.5573 21.2627 23.5573ZM17.3527 19.6873C18.4127 19.6873 19.0427 19.0073 19.0427 17.8273V14.7073H23.4427V17.8273C23.4427 19.0073 24.0627 19.6873 25.1327 19.6873C26.1927 19.6873 26.8227 19.0073 26.8227 17.8273V9.2173C26.8227 8.0373 26.1927 7.3373 25.1327 7.3373C24.0627 7.3373 23.4427 8.0373 23.4427 9.2173V12.1673H19.0427V9.2173C19.0427 8.0373 18.4127 7.3373 17.3527 7.3373C16.2927 7.3373 15.6727 8.0373 15.6727 9.2173V17.8273C15.6727 19.0073 16.2927 19.6873 17.3527 19.6873Z","geometry":{"width":42.51953125,"height":27.166015625}}