{"path":"M14.3837 3.5798C18.1937 3.5798 20.9637 2.8998 20.9637 1.7898C20.9637 0.6698 18.2137 -0.0002 14.3837 -0.0002C10.6137 -0.0002 7.8637 0.6698 7.8637 1.7898C7.8637 2.8998 10.6237 3.5798 14.3837 3.5798ZM14.3837 26.4298C19.5537 26.4298 21.8737 25.7598 24.0537 23.7498C27.0337 21.0098 28.7637 17.0798 28.7637 12.9298C28.7637 9.6798 27.7037 6.4798 25.6337 3.9398C24.8737 2.9398 23.8337 2.8798 22.8337 3.5098C20.9137 4.8098 18.3337 5.5898 14.3837 5.5898C10.4137 5.5898 7.8437 4.8098 5.9337 3.5098C4.9337 2.8798 3.8837 2.9398 3.1337 3.9398C1.0637 6.4798 0.0037 9.6798 0.0037 12.9298C0.0037 17.0798 1.7337 21.0098 4.7137 23.7498C6.8937 25.7598 9.2137 26.4298 14.3837 26.4298ZM14.3837 22.9398C10.1037 22.9398 8.5337 22.5498 7.0837 21.1798C4.7737 19.0698 3.4837 16.1098 3.4837 12.9298C3.4837 11.0498 3.9237 9.2598 5.1237 7.2498C7.5237 8.4898 10.7237 9.0598 14.3837 9.0598C18.0337 9.0598 21.2437 8.4898 23.6237 7.2498C24.8437 9.2598 25.2837 11.0498 25.2837 12.9298C25.2837 16.1098 23.9937 19.0698 21.6837 21.1798C20.2237 22.5498 18.6637 22.9398 14.3837 22.9398Z","geometry":{"width":28.765625,"height":26.427734375}}