{"path":"M11.7437 3.5814C15.4637 3.5814 18.2537 2.9014 18.2537 1.7914C18.2537 0.6714 15.4737 0.0014 11.7437 0.0014C8.0637 0.0014 5.2937 0.6714 5.2937 1.7914C5.2937 2.9014 8.0837 3.5814 11.7437 3.5814ZM11.7737 29.6814C19.8937 29.6814 23.5437 26.7814 23.5437 20.3314V9.4014C23.5437 7.2614 23.0937 5.2914 22.1637 3.9614C21.7337 3.3214 20.9337 3.1714 20.1237 3.6114C18.3637 4.7214 15.2537 5.4714 11.7737 5.4714C8.2837 5.4714 5.1837 4.7214 3.4137 3.6114C2.6137 3.1714 1.8037 3.3214 1.3837 3.9614C0.4537 5.2914 0.0037 7.2614 0.0037 9.4014V20.3314C0.0037 26.7814 3.6537 29.6814 11.7737 29.6814ZM11.7737 26.1914C5.8237 26.1914 3.4837 24.3614 3.4837 20.1214V9.4714C3.4837 8.8014 3.5837 8.1714 3.8537 7.6314C5.7937 8.5814 8.6637 9.0514 11.7737 9.0514C14.8737 9.0514 17.7437 8.5814 19.6837 7.6314C19.9637 8.1714 20.0537 8.8014 20.0537 9.4714V20.1214C20.0537 24.3614 17.7237 26.1914 11.7737 26.1914Z","geometry":{"width":23.54296875,"height":29.681640625}}