{"path":"M13.0737 3.2498C16.5337 3.2498 19.0337 2.6298 19.0337 1.6098C19.0337 0.5998 16.5337 -0.0002 13.0737 -0.0002C9.6637 -0.0002 7.1637 0.5998 7.1637 1.6098C7.1637 2.6298 9.6837 3.2498 13.0737 3.2498ZM0.0037 11.7398C0.0037 15.4998 1.5737 19.0998 4.2937 21.5698C5.2337 22.4498 6.2037 23.0398 7.5337 23.4098C7.0537 21.8298 6.8037 20.1798 6.8037 18.4998C6.8037 14.5498 8.1937 10.7898 10.6337 7.8798C11.6437 6.7098 12.6437 5.7798 13.7237 5.0598C13.5037 5.0698 13.2937 5.0898 13.0337 5.0898C9.3837 5.0898 7.0637 4.3798 5.1837 3.0598C4.3737 2.5398 3.6237 2.5598 2.9537 3.4298C0.9837 5.8698 0.0037 8.7598 0.0037 11.7398ZM23.4037 9.1498C27.2337 9.1498 29.9937 8.4598 29.9937 7.3598C29.9937 6.2298 27.2337 5.5798 23.4037 5.5798C19.6437 5.5798 16.8837 6.2298 16.8837 7.3598C16.8837 8.4598 19.6437 9.1498 23.4037 9.1498ZM23.4037 32.0098C28.5737 32.0098 30.9137 31.3398 33.0737 29.3098C36.0637 26.5898 37.7937 22.6398 37.7937 18.4998C37.7937 15.2398 36.7237 12.0598 34.5537 9.3498C33.8137 8.3898 32.9637 8.3698 32.0837 8.9598C29.9937 10.4198 27.3737 11.1698 23.4037 11.1698C19.4537 11.1698 16.8337 10.4198 14.7237 8.9598C13.8537 8.3698 13.0137 8.3898 12.2737 9.3498C10.0937 12.0598 9.0237 15.2398 9.0237 18.4998C9.0237 22.6398 10.7637 26.5898 13.7437 29.3098C15.9137 31.3398 18.2337 32.0098 23.4037 32.0098Z","geometry":{"width":37.7890625,"height":32.005859375}}