{"path":"M10.6537 3.243C14.0437 3.243 16.5537 2.623 16.5537 1.623C16.5537 0.603 14.0537 0.003 10.6537 0.003C7.3237 0.003 4.8137 0.603 4.8137 1.623C4.8137 2.623 7.3237 3.243 10.6537 3.243ZM0.0037 18.433C0.0037 24.063 3.0737 26.703 9.8837 26.883L9.8737 23.693C5.0437 23.543 3.1737 21.873 3.1737 18.253V8.603C3.1737 7.983 3.2637 7.423 3.5137 6.933C5.0437 7.713 7.5037 8.193 10.6537 8.193C13.8037 8.193 16.2537 7.713 17.8037 6.933C17.9537 7.173 18.0237 7.453 18.0437 7.743C18.0737 8.043 18.0837 8.323 18.1137 8.613C18.8937 8.573 19.5537 8.573 21.2837 8.573C21.2837 8.273 21.2637 7.943 21.2437 7.683C21.1637 6.153 20.7537 4.633 20.0437 3.593C19.6637 3.023 18.9237 2.873 18.1937 3.263C16.5937 4.283 13.7837 4.953 10.6537 4.953C7.5237 4.953 4.7037 4.283 3.1137 3.263C2.3837 2.873 1.6437 3.023 1.2537 3.593C0.4237 4.803 0.0037 6.573 0.0037 8.533ZM18.3037 32.973H28.1137C30.2737 32.973 31.8037 32.693 32.9237 31.553C34.0537 30.433 34.3337 28.933 34.3337 26.743V17.003C34.3337 14.833 34.0537 13.313 32.9237 12.213C31.8037 11.073 30.2737 10.803 28.1137 10.803H18.2937C16.1637 10.803 14.6337 11.073 13.4937 12.213C12.3737 13.333 12.1037 14.833 12.1037 16.993V26.743C12.1037 28.933 12.3737 30.433 13.4937 31.553C14.6337 32.693 16.1437 32.973 18.3037 32.973ZM18.4537 19.553C18.4337 18.733 19.0737 17.983 19.9237 17.923C19.9837 18.693 19.3037 19.633 18.4537 19.553ZM24.2837 18.443V19.713H25.3037V20.563H24.2837V23.513C24.2837 24.003 24.5037 24.183 24.9537 24.183C25.0437 24.183 25.2337 24.183 25.2837 24.163V25.043C25.1937 25.063 24.9537 25.103 24.7037 25.103C23.6137 25.103 23.1837 24.703 23.1837 23.653V20.563H22.4337V19.713H23.1837V18.443ZM21.3937 23.233C21.2337 23.763 20.8737 24.433 20.3937 24.873C20.2437 24.993 20.0437 25.103 19.7837 25.103C19.5537 25.103 19.4037 24.993 19.1837 24.933C19.0337 24.893 18.8537 24.803 18.6237 24.803C18.1037 24.803 17.8737 25.113 17.4337 25.113C17.1437 25.113 16.8937 24.933 16.5837 24.573C15.9737 23.903 15.5537 22.823 15.5537 21.893C15.5537 21.333 15.7137 20.783 16.0637 20.343C16.3537 19.943 16.8337 19.733 17.3937 19.733C17.9137 19.733 18.2237 20.043 18.4837 20.043C18.8137 20.043 19.1837 19.713 19.8537 19.713C20.4137 19.713 20.9037 19.943 21.2037 20.413C20.8037 20.643 20.6437 20.943 20.5637 21.193C20.4237 21.543 20.3937 21.953 20.5637 22.383C20.7137 22.763 20.9737 23.033 21.3937 23.233ZM28.9337 25.043H27.7637L25.8137 19.713H26.9737L28.3537 24.003L29.6637 19.713H30.8537Z","geometry":{"width":34.330078125,"height":32.9765625}}