{"path":"M11.1937 3.4266C14.7137 3.4266 17.4137 2.7766 17.4137 1.7066C17.4137 0.6466 14.7237 -0.0034 11.1937 -0.0034C7.7537 -0.0034 5.0337 0.6466 5.0337 1.7066C5.0337 2.7766 7.7637 3.4266 11.1937 3.4266ZM0.0037 19.3966C0.0037 25.6666 3.6137 28.1466 10.6337 28.3266C10.2037 27.2466 9.8937 26.1366 9.7337 25.0066C5.1237 24.7066 3.2637 22.9166 3.2637 19.2266V9.0666C3.2637 8.3966 3.3737 7.7666 3.6537 7.2166C5.6237 8.1766 8.5037 8.6166 11.1937 8.6166C13.9137 8.6166 16.8037 8.1766 18.7737 7.2166C18.9737 7.5366 19.1237 8.1066 19.1237 8.5266V8.6566C20.1437 8.3766 21.2337 8.1766 22.3937 8.0666C22.2837 6.3466 21.8337 4.8366 21.0837 3.7566C20.6837 3.1766 19.9337 3.0166 19.1637 3.4466C17.5137 4.4966 14.5237 5.2366 11.1937 5.2366C7.9037 5.2366 4.9037 4.4966 3.2537 3.4466C2.4837 3.0166 1.7337 3.1766 1.3437 3.7566C0.4537 5.0466 0.0037 6.9066 0.0037 8.9966ZM24.6737 13.4566C28.1237 13.4566 30.6437 12.8266 30.6437 11.8166C30.6437 10.7966 28.1337 10.1866 24.6737 10.1866C21.2637 10.1866 18.7537 10.7966 18.7537 11.8166C18.7537 12.8266 21.2737 13.4566 24.6737 13.4566ZM24.6737 34.4266C29.4537 34.4266 31.5937 33.7866 33.5937 31.9266C36.3437 29.4266 37.9537 25.7666 37.9537 21.9466C37.9537 18.8966 36.9237 15.9566 35.0637 13.6566C34.3437 12.7266 33.3137 12.5666 32.2637 13.2066C30.5537 14.3866 28.3137 15.0966 24.6737 15.0966C21.0437 15.0966 18.8037 14.3866 17.0937 13.2066C16.0337 12.5666 15.0137 12.7266 14.2837 13.6566C12.4237 15.9566 11.4037 18.8966 11.4037 21.9466C11.4037 25.7666 13.0037 29.4266 15.7537 31.9266C17.7437 33.7866 19.9037 34.4266 24.6737 34.4266ZM24.6737 30.8666C20.8537 30.8666 19.4537 30.5466 18.1537 29.3166C16.0937 27.4266 14.9437 24.7766 14.9437 21.9466C14.9437 20.3266 15.3137 18.7866 16.3137 17.0366C18.4137 18.0866 21.2337 18.6466 24.6737 18.6466C28.1237 18.6466 30.9437 18.0866 33.0337 17.0166C34.0437 18.7666 34.4137 20.3266 34.4137 21.9466C34.4137 24.7766 33.2537 27.4266 31.1837 29.3166C29.8837 30.5466 28.5037 30.8666 24.6737 30.8666Z","geometry":{"width":37.953125,"height":34.42578125}}