{"path":"M11.1937 3.4356C14.7137 3.4356 17.4137 2.7756 17.4137 1.7256C17.4137 0.6556 14.7237 -0.0044 11.1937 -0.0044C7.7537 -0.0044 5.0337 0.6556 5.0337 1.7256C5.0337 2.7756 7.7637 3.4356 11.1937 3.4356ZM0.0037 19.4156C0.0037 25.6756 3.5937 28.1456 10.6337 28.3256C9.6937 26.3756 9.1837 24.1856 9.1837 21.9556C9.1837 13.7356 13.9437 8.7756 22.3937 8.0656C22.2837 6.3556 21.8337 4.8556 21.0837 3.7756C20.6837 3.1756 19.9337 3.0356 19.1637 3.4456C17.5137 4.4956 14.5237 5.2356 11.1937 5.2356C7.9037 5.2356 4.9037 4.4956 3.2537 3.4456C2.4837 3.0356 1.7337 3.1756 1.3437 3.7756C0.4537 5.0456 0.0037 6.9056 0.0037 8.9956ZM24.6737 13.4956C28.1237 13.4956 30.6437 12.8656 30.6437 11.8656C30.6437 10.8456 28.1337 10.2256 24.6737 10.2256C21.2637 10.2256 18.7537 10.8456 18.7537 11.8656C18.7537 12.8656 21.2737 13.4956 24.6737 13.4956ZM24.6737 34.2756C29.3837 34.2756 31.5037 33.6756 33.4737 31.8256C36.1937 29.3556 37.7637 25.7556 37.7637 21.9856C37.7637 19.0056 36.7637 16.1056 34.8037 13.6756C34.1237 12.7956 33.3737 12.7856 32.5637 13.3056C30.6537 14.6456 28.3237 15.3256 24.6737 15.3256C21.0137 15.3256 18.6937 14.6456 16.7737 13.3056C15.9837 12.7856 15.2137 12.7956 14.5437 13.6756C12.5737 16.1056 11.5937 19.0056 11.5937 21.9856C11.5937 25.7556 13.1637 29.3556 15.8737 31.8256C17.8537 33.6756 19.9737 34.2756 24.6737 34.2756Z","geometry":{"width":37.76171875,"height":34.275390625}}