{"path":"M13.0737 3.2498C16.5437 3.2498 19.0537 2.6398 19.0537 1.6098C19.0537 0.5998 16.5437 -0.0002 13.0737 -0.0002C9.6837 -0.0002 7.1737 0.5998 7.1737 1.6098C7.1737 2.6398 9.6837 3.2498 13.0737 3.2498ZM0.0037 11.7598C0.0037 15.5198 1.5737 19.1098 4.2937 21.5898C5.2237 22.4598 6.2037 23.0498 7.5437 23.4298C7.1537 22.0898 6.9737 20.8198 6.9637 19.3898C6.5337 19.1798 6.1837 18.9198 5.8337 18.5798C4.1337 16.7498 3.1737 14.3298 3.1737 11.7598C3.1737 9.9898 3.6237 8.2998 4.7537 6.5798C6.2337 7.4598 8.2037 7.9298 10.5637 8.1098C11.4337 6.9998 12.6237 5.8098 13.7037 5.0598C13.5037 5.0898 13.2937 5.0898 13.0537 5.0898C9.5937 5.0898 7.2337 4.4298 5.4037 3.1898C4.4937 2.6098 3.5437 2.6698 2.8437 3.5698C0.9837 5.8698 0.0037 8.7598 0.0037 11.7598ZM23.4037 9.1498C27.2337 9.1498 29.9937 8.4598 29.9937 7.3598C29.9937 6.2298 27.2337 5.5798 23.4037 5.5798C19.6437 5.5798 16.8837 6.2298 16.8837 7.3598C16.8837 8.4598 19.6437 9.1498 23.4037 9.1498ZM23.4037 32.0098C28.5737 32.0098 30.8937 31.3398 33.0737 29.3098C36.0537 26.5898 37.7937 22.6398 37.7937 18.4998C37.7937 15.2398 36.7237 12.0598 34.6537 9.5198C33.9037 8.5198 32.8537 8.4498 31.8537 9.0798C29.9437 10.3798 27.3737 11.1698 23.4037 11.1698C19.4537 11.1698 16.8737 10.3798 14.9537 9.0798C13.9637 8.4498 12.9237 8.5198 12.1537 9.5198C10.0937 12.0598 9.0237 15.2398 9.0237 18.4998C9.0237 22.6398 10.7637 26.5898 13.7437 29.3098C15.9137 31.3398 18.2337 32.0098 23.4037 32.0098ZM23.4037 28.5198C19.1237 28.5198 17.5637 28.1198 16.1037 26.7598C13.7937 24.6398 12.5137 21.6698 12.5137 18.4998C12.5137 16.6298 12.9437 14.8298 14.1637 12.8098C16.5437 14.0698 19.7537 14.6398 23.4037 14.6398C27.0737 14.6398 30.2737 14.0698 32.6637 12.8098C33.8637 14.8298 34.3037 16.6298 34.3037 18.4998C34.3037 21.6698 33.0137 24.6398 30.7037 26.7598C29.2537 28.1198 27.6837 28.5198 23.4037 28.5198Z","geometry":{"width":37.7890625,"height":32.005859375}}