{"path":"M4.1737 26.6313C4.1737 28.8313 5.5237 30.1613 7.8337 30.1613H26.6837C28.9937 30.1613 30.3537 28.8313 30.3537 26.6313V13.8213L32.0237 15.2213C32.3337 15.4813 32.6637 15.6313 33.1237 15.6313C33.9237 15.6313 34.5037 15.0913 34.5037 14.2913C34.5037 13.8013 34.2937 13.4113 33.8837 13.0713L30.3537 10.1013V3.6913C30.3537 3.0513 29.9437 2.6413 29.3037 2.6413H26.7837C26.1537 2.6413 25.7137 3.0513 25.7137 3.6913V6.2213L19.2237 0.7513C18.0337 -0.2487 16.4837 -0.2587 15.3037 0.7513L0.6337 13.0713C0.2237 13.4113 0.0037 13.8013 0.0037 14.2913C0.0037 15.0913 0.5837 15.6313 1.3837 15.6313C1.8437 15.6313 2.1837 15.4813 2.4837 15.2213L4.1737 13.8113ZM8.6037 27.3313C7.5237 27.3313 7.0237 26.8213 7.0237 25.7713V11.4213L16.7437 3.2813C17.0637 3.0113 17.4437 3.0113 17.7737 3.2813L27.4937 11.4313V25.7713C27.4937 26.8213 27.0037 27.3313 25.9237 27.3313ZM8.7937 23.4913C8.7937 24.9013 9.5137 25.5713 11.0337 25.5713H23.4837C25.0037 25.5713 25.7337 24.9013 25.7337 23.4913V12.3113L18.3237 6.0713C17.6537 5.5213 16.8537 5.5213 16.2037 6.0713L8.7937 12.3113ZM11.6437 21.8313V13.6713L16.7637 9.3813C17.0337 9.1513 17.4637 9.1313 17.7637 9.3813L22.8737 13.6713V21.8313C22.8737 22.4213 22.5537 22.7413 21.9737 22.7413H12.5537C11.9637 22.7413 11.6437 22.4213 11.6437 21.8313ZM13.3937 19.4313C13.3937 20.4413 13.9637 20.9913 15.0437 20.9913H19.4837C20.5537 20.9913 21.1137 20.4413 21.1137 19.4313V14.5313L18.2137 12.0913C17.5937 11.5713 16.9237 11.5513 16.2937 12.0913L13.3937 14.5313ZM16.2137 17.9213V15.8313L16.9937 15.1813C17.1437 15.0513 17.3737 15.0513 17.5237 15.1813L18.3037 15.8313V17.9213C18.3037 18.1313 18.2137 18.2213 18.0037 18.2213H16.5037C16.3137 18.2213 16.2137 18.1313 16.2137 17.9213Z","geometry":{"width":34.5078125,"height":30.161873953481294}}