{"path":"M10.6537 3.2542C13.9737 3.2542 16.5537 2.6342 16.5537 1.6242C16.5537 0.6142 13.9837 0.0042 10.6537 0.0042C7.3837 0.0042 4.8137 0.6142 4.8137 1.6242C4.8137 2.6342 7.3837 3.2542 10.6537 3.2542ZM0.0037 18.4342C0.0037 23.9842 2.9837 26.6142 9.5137 26.8942C9.3637 26.0042 9.3237 25.3342 9.3137 23.7042C4.9337 23.4442 3.1737 21.7342 3.1737 18.2542V8.6142C3.1737 7.9942 3.2637 7.4242 3.5137 6.9342C5.0837 7.7642 7.5337 8.1742 10.2237 8.1942C10.6937 6.8542 11.3637 5.6742 12.1137 4.9042C11.8537 4.9242 11.2837 4.9642 10.6737 4.9642C7.5237 4.9642 4.7037 4.2842 3.1137 3.2842C2.3837 2.8742 1.6437 3.0242 1.2537 3.5942C0.4237 4.8142 0.0037 6.5942 0.0037 8.5442ZM23.2537 7.2742C26.9337 7.2742 29.7737 6.5742 29.7737 5.4642C29.7737 4.3442 26.9337 3.6742 23.2537 3.6742C19.6437 3.6742 16.8137 4.3442 16.8137 5.4642C16.8137 6.5742 19.6637 7.2742 23.2537 7.2742ZM23.2937 33.3642C31.4037 33.3642 35.0637 30.4742 35.0637 24.0042V13.0942C35.0637 10.9342 34.6037 8.9842 33.6837 7.6442C33.2637 7.0142 32.4537 6.8542 31.6537 7.2842C29.8837 8.3942 26.7837 9.1442 23.2937 9.1442C19.8137 9.1442 16.7037 8.3942 14.9437 7.2842C14.1337 6.8542 13.3337 7.0142 12.9037 7.6442C11.9737 8.9842 11.5237 10.9342 11.5237 13.0942V24.0042C11.5237 30.4742 15.1737 33.3642 23.2937 33.3642ZM23.2937 29.8842C17.3537 29.8842 14.9937 28.0442 14.9937 23.8042V13.1642C14.9937 12.4942 15.1037 11.8542 15.3837 11.3042C17.3237 12.2642 20.1837 12.7242 23.2937 12.7242C26.4037 12.7242 29.2737 12.2642 31.2137 11.3042C31.4737 11.8542 31.5837 12.4942 31.5837 13.1642V23.8042C31.5837 28.0442 29.2437 29.8842 23.2937 29.8842Z","geometry":{"width":35.068359375,"height":33.359375}}