{"path":"M16.0355 26.0404H21.5355C23.1855 26.0404 24.2155 25.0604 24.2155 23.3504V23.1204C24.2155 19.6104 20.5855 16.0504 19.0155 14.4804C18.1255 13.5904 18.0855 12.4704 19.0155 11.5404C20.5855 9.9804 24.2155 6.4404 24.2155 2.9104V2.7104C24.2155 0.9804 23.1855 0.0004 21.5355 0.0004H10.0255C8.3655 0.0004 7.3455 0.9804 7.3455 2.7104V2.9104C7.3455 6.4404 10.9555 9.9804 12.5355 11.5404C13.4255 12.4304 13.4655 13.5504 12.5355 14.4804C12.2955 14.7104 12.0155 15.0004 11.7155 15.3104C12.9755 16.0104 14.0655 17.0804 14.8755 18.2204L14.9555 18.1604C15.0955 17.9804 15.1255 17.8704 15.1255 17.5004V12.1304C15.1255 11.3704 14.9555 10.9404 14.4055 10.4304C13.6155 9.7504 12.4855 8.7404 11.7155 7.8704C11.3155 7.4204 11.4755 6.8104 12.1255 6.8104H19.4155C20.0655 6.8104 20.2355 7.4204 19.8255 7.8704C19.0755 8.7404 17.9255 9.7504 17.1455 10.4304C16.5955 10.9404 16.4155 11.3704 16.4155 12.1304V17.5004C16.4155 18.0304 16.4855 18.0904 16.8055 18.4204L20.6355 22.1804C21.0955 22.6404 20.8755 23.4304 20.1955 23.4304H16.4455C16.4355 24.3404 16.3155 25.1804 16.0355 26.0404ZM7.2055 30.5704C11.1155 30.5704 14.3955 27.2904 14.3955 23.3504C14.3955 19.4104 11.1455 16.1704 7.2055 16.1704C3.2555 16.1704 -0.0045 19.4304 -0.0045 23.3504C-0.0045 27.3004 3.2555 30.5704 7.2055 30.5704ZM7.2055 28.0104C6.5355 28.0104 6.0955 27.5804 6.0955 26.9304V24.4604H3.6455C3.0055 24.4604 2.5555 24.0204 2.5555 23.3604C2.5455 22.7104 2.9955 22.2704 3.6455 22.2704H6.0955V19.8204C6.0955 19.1804 6.5355 18.7404 7.2055 18.7304C7.8655 18.7204 8.2955 19.1704 8.2955 19.8204V22.2704H10.7555C11.4055 22.2704 11.8355 22.7104 11.8355 23.3604C11.8355 24.0204 11.4055 24.4604 10.7555 24.4604H8.2955V26.9304C8.2955 27.5804 7.8655 28.0104 7.2055 28.0104Z","geometry":{"width":24.212890625,"height":30.5703125}}