{"path":"M2.6837 26.0404H14.1937C15.8437 26.0404 16.8737 25.0604 16.8737 23.3504V23.1204C16.8737 19.6104 13.2437 16.0504 11.6737 14.4804C10.7837 13.5904 10.7437 12.4704 11.6737 11.5404C13.2437 9.9804 16.8737 6.4404 16.8737 2.9104V2.7104C16.8737 0.9804 15.8437 0.0004 14.1937 0.0004H2.6837C1.0237 0.0004 0.0037 0.9804 0.0037 2.7104V2.9104C0.0037 6.4404 3.6137 9.9804 5.1937 11.5404C6.0837 12.4304 6.1237 13.5504 5.1937 14.4804C3.6137 16.0504 0.0037 19.6104 0.0037 23.1204V23.3504C0.0037 25.0604 1.0237 26.0404 2.6837 26.0404ZM4.0037 23.4304C3.3337 23.4304 3.1037 22.6404 3.5837 22.1804L7.5737 18.2404C8.1237 17.6804 8.7337 17.6804 9.2837 18.2404L13.2937 22.1804C13.7537 22.6404 13.5337 23.4304 12.8537 23.4304Z","geometry":{"width":16.87109375,"height":26.044921875}}