{"path":"M2.6837 26.0404H14.1937C15.8437 26.0404 16.8737 25.0604 16.8737 23.3504V23.1204C16.8737 19.6104 13.2437 16.0504 11.6737 14.4804C10.7837 13.5904 10.7437 12.4704 11.6737 11.5404C13.2437 9.9804 16.8737 6.4404 16.8737 2.9104V2.7104C16.8737 0.9804 15.8437 0.0004 14.1937 0.0004H2.6837C1.0237 0.0004 0.0037 0.9804 0.0037 2.7104V2.9104C0.0037 6.4404 3.6137 9.9804 5.1937 11.5404C6.1237 12.4704 6.0837 13.5904 5.1937 14.4804C3.6137 16.0504 0.0037 19.6104 0.0037 23.1204V23.3504C0.0037 25.0604 1.0237 26.0404 2.6837 26.0404ZM9.7437 10.5404C8.8137 11.3904 8.0537 11.3904 7.1237 10.5404C6.2637 9.7904 3.7837 7.1804 2.6937 5.5204C2.2937 4.9504 2.4437 4.3704 3.0937 4.3704H13.7837C14.4237 4.3704 14.5637 4.9504 14.1737 5.5204C13.0837 7.1804 10.5937 9.7904 9.7437 10.5404Z","geometry":{"width":16.87109375,"height":26.044921875}}