{"path":"M0.0037 14.2952C0.0037 15.2552 0.6937 15.9752 1.7937 15.9752C2.2937 15.9752 2.7937 15.7352 3.2037 15.3752L16.5937 4.1552C17.0737 3.7252 17.6137 3.7252 18.1137 4.1552L31.4837 15.3752C31.8937 15.7352 32.3937 15.9752 32.8837 15.9752C33.9337 15.9752 34.6737 15.3252 34.6737 14.3152C34.6737 13.7652 34.4237 13.2452 33.9637 12.8652L30.1037 9.6052V3.6352C30.1037 2.9952 29.6837 2.5852 29.0537 2.5852H26.5337C25.8937 2.5852 25.4737 2.9952 25.4737 3.6352V5.7252L19.7437 0.9152C18.2937 -0.3048 16.4037 -0.3048 14.9537 0.9152L0.7137 12.8752C0.2437 13.2552 0.0037 13.7952 0.0037 14.2952ZM4.7037 26.7352C4.7037 28.8152 6.0837 30.1152 8.2737 30.1152H26.4037C28.5837 30.1152 29.9737 28.8152 29.9737 26.7352V17.0452L18.2237 7.1852C17.6637 6.7052 17.0037 6.7252 16.4637 7.1852L4.7037 17.0452ZM21.0137 26.5852H13.6437V18.0052C13.6437 17.3452 14.0837 16.9252 14.7337 16.9252H19.9437C20.6037 16.9252 21.0137 17.3452 21.0137 18.0052Z","geometry":{"width":34.671875,"height":30.11572265625}}