{"path":"M4.8937 6.5264H21.5637C20.5637 5.0264 19.4737 3.5164 18.3337 2.0064C17.3637 0.7364 16.7237 -0.0036 14.9437 -0.0036H11.5137C9.7337 -0.0036 9.1037 0.7364 8.1337 2.0064C6.9837 3.5164 5.8937 5.0264 4.8937 6.5264ZM13.2437 14.3164C15.0237 14.3164 16.5137 15.3764 17.1037 16.9264H26.4237C26.0737 14.7064 25.0037 12.2264 23.5037 9.5964H2.9537C1.4537 12.2264 0.3837 14.7064 0.0437 16.9264H9.3937C9.9837 15.3764 11.4737 14.3164 13.2437 14.3164ZM13.2437 20.1664C14.2037 20.1664 14.9537 19.4164 14.9537 18.4564C14.9537 17.5164 14.2037 16.7464 13.2437 16.7464C12.3037 16.7464 11.5537 17.5164 11.5537 18.4564C11.5537 19.4164 12.3037 20.1664 13.2437 20.1664ZM9.8437 27.8664H16.6137C22.5837 27.8664 25.9037 24.9964 26.4537 20.0164H17.1037C16.5137 21.5364 15.0237 22.5964 13.2437 22.5964C11.4837 22.5964 9.9937 21.5364 9.3937 20.0164H0.0037C0.5437 24.9964 3.8837 27.8664 9.8437 27.8664Z","geometry":{"width":26.455078125,"height":27.86328125}}