{"path":"M9.9437 27.8664H16.6937C23.2537 27.8664 26.6337 24.4164 26.6337 18.4664C26.6337 13.8064 22.8837 7.9264 18.4137 2.0064C17.4437 0.7364 16.8137 -0.0036 15.0237 -0.0036H11.6037C9.8337 -0.0036 9.1837 0.7364 8.2137 2.0064C3.7437 7.9264 0.0037 13.8064 0.0037 18.4664C0.0037 24.4164 3.3737 27.8664 9.9437 27.8664ZM10.8537 3.7164C11.1137 3.3664 11.3637 3.2164 11.8137 3.2164H14.8237C15.2837 3.2164 15.5137 3.3664 15.7737 3.7164C16.5937 4.8264 17.3637 5.8764 18.0637 6.8764H8.5737C9.2837 5.8764 10.0337 4.8264 10.8537 3.7164ZM13.3337 14.0864C11.6337 14.0864 10.2237 15.0964 9.6637 16.5564H3.4437C3.9137 14.6164 5.0037 12.3864 6.6537 9.7764H19.9837C21.6337 12.3864 22.7337 14.6164 23.1837 16.5564H16.9837C16.4237 15.0964 15.0137 14.0864 13.3337 14.0864ZM13.3337 19.6064C12.4237 19.6064 11.7137 18.8964 11.7137 17.9964C11.7137 17.0864 12.4237 16.3764 13.3337 16.3764C14.2337 16.3764 14.9437 17.0864 14.9437 17.9964C14.9437 18.8964 14.2337 19.6064 13.3337 19.6064ZM13.3337 21.9164C14.9937 21.9164 16.4037 20.9064 16.9837 19.4364H23.3837C23.0537 22.8364 20.9337 24.6464 16.6937 24.6464H9.9437C5.7037 24.6464 3.5837 22.8364 3.2537 19.4364H9.6837C10.2437 20.9064 11.6437 21.9164 13.3337 21.9164Z","geometry":{"width":26.6328125,"height":27.86328125}}