{"path":"M11.3937 2.547C12.0837 2.547 12.6637 1.957 12.6637 1.267C12.6637 0.577 12.0837 -0.003 11.3937 -0.003C10.6937 -0.003 10.1137 0.577 10.1137 1.267C10.1137 1.957 10.6737 2.547 11.3937 2.547ZM4.9337 3.557C5.4937 3.157 5.6337 2.347 5.2537 1.777C4.8537 1.227 4.0637 1.067 3.4737 1.477C2.9137 1.857 2.7437 2.677 3.1437 3.237C3.5537 3.817 4.3737 3.967 4.9337 3.557ZM17.8237 3.557C18.4037 3.967 19.1937 3.817 19.6237 3.237C20.0137 2.677 19.8537 1.857 19.2937 1.477C18.7037 1.067 17.9237 1.227 17.5237 1.777C17.1337 2.347 17.2637 3.157 17.8237 3.557ZM11.3937 7.057C12.2737 7.057 13.0137 6.317 13.0137 5.427C13.0137 4.537 12.2737 3.797 11.3937 3.797C10.5037 3.797 9.7737 4.537 9.7737 5.427C9.7737 6.317 10.5037 7.057 11.3937 7.057ZM7.5637 7.277C8.3037 6.777 8.4737 5.767 7.9737 5.017C7.4637 4.297 6.4637 4.127 5.7237 4.617C4.9937 5.117 4.7837 6.157 5.3337 6.887C5.8337 7.617 6.8337 7.807 7.5637 7.277ZM15.2037 7.277C15.9237 7.807 16.9137 7.617 17.4437 6.887C17.9737 6.157 17.7737 5.117 17.0537 4.617C16.2937 4.127 15.3037 4.297 14.7937 5.017C14.2837 5.767 14.4637 6.777 15.2037 7.277ZM8.4637 32.337H14.2837C19.8337 32.337 22.7337 29.367 22.7337 24.327C22.7337 20.367 19.4937 15.417 15.7537 10.447C14.9437 9.397 14.3737 8.727 12.7937 8.727H9.9437C8.3637 8.727 7.7937 9.397 6.9837 10.447C3.2437 15.417 0.0037 20.367 0.0037 24.327C0.0037 29.367 2.8937 32.337 8.4637 32.337ZM9.4237 12.047C9.6237 11.787 9.7637 11.707 10.1037 11.707H12.6337C12.9737 11.707 13.1137 11.787 13.3137 12.047C13.9337 12.897 14.5237 13.697 15.0537 14.467H7.6837C8.2137 13.697 8.8037 12.897 9.4237 12.047ZM11.3937 20.497C9.9437 20.497 8.7337 21.337 8.2137 22.577H3.2237C3.6337 21.027 4.5437 19.247 5.8537 17.187H16.8837C18.1937 19.247 19.1037 21.027 19.5137 22.577H14.5337C14.0137 21.337 12.8137 20.497 11.3937 20.497ZM11.3937 25.117C10.6737 25.117 10.1837 24.607 10.1837 23.917C10.1837 23.247 10.6737 22.727 11.3937 22.727C12.0737 22.727 12.5737 23.247 12.5737 23.917C12.5737 24.607 12.0737 25.117 11.3937 25.117ZM11.3937 27.357C12.7937 27.357 14.0037 26.527 14.5237 25.297H19.7037C19.3837 27.957 17.6937 29.357 14.2837 29.357H8.4637C5.0437 29.357 3.3537 27.957 3.0337 25.297H8.2337C8.7537 26.527 9.9437 27.357 11.3937 27.357Z","geometry":{"width":22.736328125,"height":32.333984375}}