{"path":"M11.3437 2.547C12.0537 2.547 12.6337 1.957 12.6337 1.267C12.6337 0.577 12.0437 -0.003 11.3437 -0.003C10.6537 -0.003 10.0937 0.577 10.0937 1.267C10.0937 1.957 10.6537 2.547 11.3437 2.547ZM4.9037 3.557C5.4737 3.157 5.6037 2.347 5.2137 1.777C4.8137 1.227 4.0337 1.067 3.4437 1.477C2.8837 1.857 2.7037 2.677 3.1137 3.237C3.5237 3.817 4.3337 3.967 4.9037 3.557ZM17.8037 3.557C18.3737 3.967 19.1637 3.817 19.5937 3.237C19.9837 2.677 19.8237 1.857 19.2637 1.477C18.6737 1.067 17.8837 1.227 17.4837 1.777C17.1037 2.347 17.2237 3.157 17.8037 3.557ZM11.3437 7.057C12.2537 7.057 12.9737 6.317 12.9737 5.427C12.9737 4.537 12.2537 3.797 11.3437 3.797C10.4637 3.797 9.7337 4.537 9.7337 5.427C9.7337 6.317 10.4637 7.057 11.3437 7.057ZM7.5337 7.277C8.2737 6.777 8.4537 5.767 7.9437 5.017C7.4337 4.297 6.4437 4.127 5.6837 4.617C4.9637 5.117 4.7537 6.157 5.2937 6.887C5.8137 7.617 6.8037 7.807 7.5337 7.277ZM15.1737 7.277C15.9037 7.807 16.8837 7.617 17.4037 6.887C17.9337 6.157 17.7437 5.117 17.0037 4.617C16.2537 4.127 15.2737 4.297 14.7637 5.017C14.2437 5.767 14.4337 6.777 15.1737 7.277ZM4.2237 14.237H18.4437C17.6637 13.087 16.7237 11.767 15.7237 10.447C14.9137 9.397 14.3437 8.727 12.7737 8.727H9.9137C8.3437 8.727 7.7637 9.397 6.9637 10.447C5.9637 11.767 5.0137 13.087 4.2237 14.237ZM0.1737 22.577H8.1937C8.7137 21.337 9.9137 20.497 11.3437 20.497C12.7837 20.497 13.9737 21.337 14.4937 22.577H22.5037C22.1737 20.907 21.3537 19.047 20.1437 16.937H2.5337C1.3137 19.047 0.5037 20.907 0.1737 22.577ZM11.3437 25.167C12.0537 25.167 12.5937 24.637 12.5937 23.917C12.5937 23.217 12.0537 22.677 11.3437 22.677C10.6237 22.677 10.1037 23.217 10.1037 23.917C10.1037 24.637 10.6237 25.167 11.3437 25.167ZM8.4237 32.337H14.2437C19.4437 32.337 22.3137 29.737 22.6837 25.297H14.4737C13.9637 26.507 12.7537 27.357 11.3437 27.357C9.9137 27.357 8.7237 26.507 8.2037 25.297H0.0037C0.3737 29.737 3.2237 32.337 8.4237 32.337Z","geometry":{"width":22.681640625,"height":32.333984375}}