{"path":"M4.8237 26.1377H21.3137C24.4437 26.1377 26.1437 24.4477 26.1437 21.3377V4.7977C26.1437 1.6977 24.4437 -0.0023 21.3137 -0.0023H4.8237C1.7137 -0.0023 0.0037 1.6977 0.0037 4.7977V21.3377C0.0037 24.4477 1.7137 26.1377 4.8237 26.1377ZM13.1537 19.6577C11.9337 19.6577 11.2537 18.8577 11.2537 17.5377V8.4677C11.2537 7.1477 11.9337 6.3477 13.1537 6.3477C14.3737 6.3477 15.0537 7.1377 15.0537 8.4677V17.5377C15.0537 18.8677 14.3737 19.6577 13.1537 19.6577Z","geometry":{"width":26.140625,"height":26.140625}}