{"path":"M0.0027 16.84C0.0027 20.69 3.1627 23.78 7.8227 23.78H16.2027V29.33C16.2027 30.15 16.9027 30.88 17.7827 30.88C18.6627 30.88 19.3627 30.15 19.3627 29.33V23.78H28.6827C32.9327 23.78 35.8227 21.26 35.8227 17.58C35.8227 14.52 34.1627 11.96 31.3927 10.87C31.3727 4.55 26.8127 0 20.8627 0C17.3227 0 14.4627 1.72 12.6227 4.33C9.1327 3.57 5.3727 6.12 5.1427 10.02C1.9527 10.65 0.0027 13.48 0.0027 16.84ZM16.2027 22.8V16.19L16.3427 14.18L15.7327 15.12L13.9727 16.99C13.7027 17.28 13.3327 17.45 12.9327 17.45C12.2127 17.45 11.5627 16.9 11.5627 16.13C11.5627 15.72 11.7127 15.44 11.9927 15.16L16.5327 10.8C16.9427 10.4 17.3527 10.25 17.7827 10.25C18.2127 10.25 18.6227 10.4 19.0327 10.8L23.5727 15.16C23.8427 15.44 23.9927 15.72 23.9927 16.13C23.9927 16.9 23.3427 17.45 22.6227 17.45C22.2327 17.45 21.8627 17.28 21.5927 16.99L19.8227 15.12L19.2227 14.18L19.3627 16.19V22.8C19.3627 23.68 18.6527 24.38 17.7827 24.38C16.9127 24.38 16.2027 23.68 16.2027 22.8Z","geometry":{"width":35.8203125,"height":30.884765625}}