{"path":"M4.8237 26.1377H21.3137C24.4437 26.1377 26.1437 24.4477 26.1437 21.3377V4.7977C26.1437 1.6977 24.4437 -0.0023 21.3137 -0.0023H4.8237C1.7137 -0.0023 0.0037 1.6977 0.0037 4.7977V21.3377C0.0037 24.4477 1.7137 26.1377 4.8237 26.1377ZM5.2137 22.6177C4.1137 22.6177 3.5237 22.0777 3.5237 20.9177V5.2377C3.5237 4.0777 4.1137 3.5277 5.2137 3.5277H20.9337C22.0237 3.5277 22.6137 4.0777 22.6137 5.2377V20.9177C22.6137 22.0777 22.0237 22.6177 20.9337 22.6177ZM8.3937 17.8877H18.2637C19.8537 17.8877 21.0837 16.6077 21.0837 14.9977C21.0837 13.6577 20.1937 12.6477 19.0737 12.2877C19.0837 12.0677 19.0737 11.8677 19.0437 11.6577C18.8637 9.1777 16.8337 7.2177 14.2037 7.2177C12.6837 7.2177 11.2537 7.9277 10.3937 9.0777C10.0937 9.0377 9.7737 9.0477 9.5137 9.1077C8.3537 9.2577 7.4137 10.1477 7.1937 11.3477C5.9437 11.8677 5.0837 13.0477 5.0837 14.5877C5.0837 16.6277 6.5237 17.8877 8.3937 17.8877Z","geometry":{"width":26.140625,"height":26.140625}}