{"path":"M21.9027 20.25V23.78H28.6127C33.0127 23.78 35.8227 21.22 35.8227 17.51C35.8227 14.4 34.1627 11.94 31.3927 10.87C31.3727 4.55 26.8127 0 20.8627 0C17.3227 0 14.4627 1.72 12.6227 4.33C9.1327 3.57 5.3727 6.12 5.1427 10.02C1.9527 10.65 0.0027 13.37 0.0027 16.76C0.0027 20.64 3.0127 23.78 7.6727 23.78H13.6327V20.25H7.6827C5.1027 20.25 3.6127 18.62 3.6127 16.64C3.6127 14.15 5.3427 12.59 7.9727 12.59C8.1927 12.59 8.2827 12.48 8.2727 12.26C8.0427 8.39 10.7827 6.86 13.9327 7.75C14.1127 7.81 14.2427 7.77 14.3327 7.6C15.6127 5.2 17.6327 3.53 20.8227 3.53C24.8527 3.53 27.8127 6.71 28.0127 10.55C28.0527 11.43 27.9827 12.33 27.9027 13.02C27.8727 13.23 27.9627 13.34 28.1627 13.37C30.6927 13.74 32.2227 15.03 32.2227 17.19C32.2227 19.02 31.0227 20.25 28.4627 20.25ZM17.7627 30.39C18.6527 30.39 19.3427 29.67 19.3427 28.83V16.57L19.1227 14.3L19.9227 15.35L21.5727 17.04C21.8427 17.32 22.2127 17.49 22.6027 17.49C23.3227 17.49 23.9827 16.94 23.9827 16.17C23.9827 15.76 23.8327 15.48 23.5527 15.2L19.0127 10.92C18.5927 10.53 18.1927 10.36 17.7627 10.36C17.3327 10.36 16.9427 10.53 16.5127 10.92L11.9727 15.2C11.7027 15.48 11.5527 15.76 11.5527 16.17C11.5527 16.94 12.1927 17.49 12.9227 17.49C13.3127 17.49 13.6827 17.32 13.9627 17.04L15.6027 15.35L16.4027 14.29L16.1827 16.57V28.83C16.1827 29.67 16.8827 30.39 17.7627 30.39Z","geometry":{"width":35.8203125,"height":30.392578125}}