{"path":"M4.8237 26.1377H21.3137C24.4437 26.1377 26.1437 24.4477 26.1437 21.3377V4.7977C26.1437 1.6977 24.4437 -0.0023 21.3137 -0.0023H4.8237C1.7137 -0.0023 0.0037 1.6977 0.0037 4.7977V21.3377C0.0037 24.4477 1.7137 26.1377 4.8237 26.1377ZM8.1237 18.2977C6.0837 18.2977 4.5537 16.9277 4.5537 14.7477C4.5537 13.0677 5.4737 11.7977 6.8237 11.2477C7.0537 9.9577 8.0637 8.9977 9.3137 8.8277C9.5937 8.7677 9.9237 8.7677 10.2637 8.7877C11.2137 7.5577 12.7237 6.7977 14.3837 6.7977C17.2037 6.7977 19.3837 8.8977 19.5937 11.5777C19.6237 11.7977 19.6337 12.0177 19.6237 12.2477C20.8237 12.6477 21.7837 13.7277 21.7837 15.1877C21.7837 16.9277 20.4537 18.2977 18.7437 18.2977Z","geometry":{"width":26.140625,"height":26.140625}}