{"path":"M7.8227 23.78H15.8027V15.39C15.8027 14.31 16.7027 13.44 17.7827 13.44C18.8527 13.44 19.7527 14.31 19.7527 15.39V23.78H28.6827C32.9327 23.78 35.8227 21.26 35.8227 17.58C35.8227 14.52 34.1627 11.96 31.3927 10.87C31.3727 4.55 26.8127 0 20.8627 0C17.3227 0 14.4627 1.72 12.6227 4.33C9.1327 3.57 5.3727 6.12 5.1427 10.02C1.9527 10.65 0.0027 13.48 0.0027 16.84C0.0027 20.69 3.1627 23.78 7.8227 23.78ZM17.7827 32.51C18.2127 32.51 18.6227 32.38 19.0327 31.96L23.5727 27.6C23.8427 27.33 23.9927 27.04 23.9927 26.65C23.9927 25.87 23.3427 25.32 22.6227 25.32C22.2327 25.32 21.8627 25.48 21.5927 25.77L19.9427 27.54L19.1427 28.59L19.3627 26.59V23.37C19.3627 22.53 18.6627 21.81 17.7827 21.81C16.9027 21.81 16.2027 22.53 16.2027 23.37V26.59L16.4227 28.59L15.6127 27.54L13.9727 25.77C13.7027 25.48 13.3327 25.32 12.9327 25.32C12.2127 25.32 11.5627 25.87 11.5627 26.65C11.5627 27.04 11.7127 27.33 11.9927 27.6L16.5327 31.96C16.9427 32.38 17.3527 32.51 17.7827 32.51Z","geometry":{"width":35.8203125,"height":32.51171875}}