{"path":"M27.7927 25.1431C32.2627 25.1431 35.8227 21.8331 35.8227 17.7031C35.8227 14.7431 34.1627 12.0131 31.3927 10.8731C31.3727 4.5531 26.8127 0.0031 20.8627 0.0031C17.3227 0.0031 14.4627 1.7231 12.6227 4.3331C8.9827 3.5031 5.3727 6.1231 5.1427 10.0231C1.9527 10.6731 0.0027 13.5731 0.0027 17.1131C0.0027 21.5031 3.8427 25.1431 8.7927 25.1431Z","geometry":{"width":35.8203125,"height":25.142578125}}