{"path":"M1.6037 26.2398C2.4837 26.2398 3.2137 25.5498 3.2137 24.6598V1.5698C3.2137 0.6998 2.4737 -0.0002 1.6037 -0.0002C0.7637 -0.0002 0.0037 0.6998 0.0037 1.5698V24.6598C0.0037 25.5398 0.7337 26.2398 1.6037 26.2398ZM8.5837 26.2398C9.4737 26.2398 10.2037 25.5498 10.2037 24.6598V1.5698C10.2037 0.6998 9.4637 -0.0002 8.5837 -0.0002C7.7537 -0.0002 6.9837 0.6998 6.9837 1.5698V24.6598C6.9837 25.5398 7.7237 26.2398 8.5837 26.2398ZM15.5737 26.2398C16.4637 26.2398 17.1737 25.5498 17.1737 24.6598V1.5698C17.1737 0.6998 16.4337 -0.0002 15.5737 -0.0002C14.7237 -0.0002 13.9637 0.6998 13.9637 1.5698V24.6598C13.9637 25.5398 14.7137 26.2398 15.5737 26.2398ZM24.2837 17.8598L29.3937 14.4398C30.3237 13.8098 30.2837 12.5098 29.3937 11.8898L24.2837 8.4098C23.1037 7.6198 21.8637 8.0498 21.8637 9.4698V16.8198C21.8637 18.1798 23.1637 18.6098 24.2837 17.8598Z","geometry":{"width":30.076502727742252,"height":26.236328125}}