{"path":"M1.08 8.3538H10.83C10.51 10.4838 8.89 11.6938 5.87 11.6938H2.32C0.92 11.6938 0.16 12.6337 0.16 13.7038C0.16 14.3238 0.41 14.9738 0.96 15.5038L9.68 23.9237C12.15 26.3638 15.18 23.1737 12.95 21.0138L6.55 14.9538H7.49C12.74 14.9538 15.18 11.5938 15.48 8.3538H18.07C18.53 8.3538 18.89 7.9938 18.89 7.5338C18.89 7.0838 18.54 6.7238 18.07 6.7238H15.46C15.27 4.5437 14.36 2.7237 12.82 1.6238H18.07C18.54 1.6238 18.89 1.2737 18.89 0.8238C18.89 0.3538 18.53 0.0038 18.07 0.0038H1.67C0.75 0.0038 0 0.7638 0 1.6838C0 2.6137 0.75 3.3637 1.67 3.3637H5.93C8.83 3.3637 10.5 4.6238 10.81 6.7238H1.08C0.63 6.7238 0.26 7.0838 0.26 7.5338C0.26 7.9938 0.63 8.3538 1.08 8.3538Z","geometry":{"width":18.89453125,"height":24.80150207788468}}