{"path":"M4.8237 26.1377H21.3137C24.4437 26.1377 26.1437 24.4477 26.1437 21.3377V4.7977C26.1437 1.6977 24.4437 -0.0023 21.3137 -0.0023H4.8237C1.7137 -0.0023 0.0037 1.6977 0.0037 4.7977V21.3377C0.0037 24.4477 1.7137 26.1377 4.8237 26.1377ZM5.2137 22.6177C4.1137 22.6177 3.5237 22.0777 3.5237 20.9177V5.2377C3.5237 4.0777 4.1137 3.5277 5.2137 3.5277H20.9337C22.0237 3.5277 22.6137 4.0777 22.6137 5.2377V20.9177C22.6137 22.0777 22.0237 22.6177 20.9337 22.6177ZM14.0637 19.6577C14.6937 19.6577 15.3237 19.1577 15.3237 18.4577C15.3237 18.1177 15.1637 17.7977 14.8437 17.4977L11.9937 14.8077L12.2537 14.7777C14.5837 14.5877 15.7537 13.1677 16.0137 11.6377H17.3037C17.6637 11.6377 17.9137 11.3777 17.9137 11.0377C17.9137 10.6777 17.6637 10.4277 17.3037 10.4277H16.0237C15.9437 9.7777 15.7337 9.2177 15.3837 8.7377H17.2837C17.6237 8.7377 17.8737 8.4777 17.8737 8.1377C17.8737 7.7977 17.6237 7.5377 17.2837 7.5377H14.4737C13.9337 7.3277 13.2937 7.2077 12.5937 7.2077H9.2737C8.6837 7.2077 8.2437 7.6277 8.2437 8.2177C8.2437 8.7777 8.6837 9.2177 9.2737 9.2177H11.3237C12.4237 9.2177 13.1437 9.6677 13.3537 10.4277H9.0237C8.6837 10.4277 8.4337 10.6777 8.4337 11.0377C8.4337 11.3777 8.6837 11.6377 9.0237 11.6377H13.3737C13.1637 12.4377 12.4437 12.8677 11.2337 12.8677H9.5537C8.8337 12.8677 8.3037 13.2477 8.3037 13.9877C8.3037 14.5477 8.5037 14.7977 8.9837 15.2677L12.9837 19.1277C13.3737 19.4977 13.6837 19.6577 14.0637 19.6577Z","geometry":{"width":26.140625,"height":26.140625}}