{"path":"M4.8237 26.1377H21.3137C24.4437 26.1377 26.1437 24.4477 26.1437 21.3377V4.7977C26.1437 1.6977 24.4437 -0.0023 21.3137 -0.0023H4.8237C1.7137 -0.0023 0.0037 1.6977 0.0037 4.7977V21.3377C0.0037 24.4477 1.7137 26.1377 4.8237 26.1377ZM14.1937 20.0177C13.7837 20.0177 13.4537 19.8477 13.0337 19.4377L8.8337 15.4077C8.3137 14.8977 8.1237 14.6377 8.1237 14.0577C8.1237 13.2577 8.6837 12.8477 9.4437 12.8477H11.2137C12.4737 12.8477 13.2237 12.4177 13.4537 11.5777H8.8737C8.5137 11.5777 8.2437 11.2977 8.2437 10.9377C8.2437 10.5677 8.5137 10.2977 8.8737 10.2977H13.4437C13.1937 9.4877 12.4537 9.0277 11.2937 9.0277H9.1437C8.5137 9.0277 8.0537 8.5577 8.0537 7.9677C8.0537 7.3577 8.5137 6.9077 9.1437 6.9077H12.6337C13.3837 6.9077 14.0537 7.0277 14.6437 7.2577H17.5937C17.9637 7.2577 18.2237 7.5177 18.2237 7.8777C18.2237 8.2477 17.9637 8.5177 17.5937 8.5177H15.6037C15.9737 9.0277 16.1737 9.6077 16.2737 10.2977H17.6337C18.0037 10.2977 18.2537 10.5677 18.2537 10.9377C18.2537 11.2977 18.0037 11.5777 17.6337 11.5777H16.2437C15.9937 13.1777 14.7637 14.6677 12.3037 14.8877L12.0337 14.8977L15.0237 17.7177C15.3437 18.0377 15.5137 18.3877 15.5137 18.7477C15.5137 19.4777 14.8437 20.0177 14.1937 20.0177Z","geometry":{"width":26.140625,"height":26.140625}}