{"path":"M8.3037 29.7795C8.9237 29.7795 9.4237 29.5195 10.1737 28.8295L15.3537 24.2295H23.8437C28.0237 24.2295 30.5437 21.6795 30.5437 17.5395V6.6995C30.5437 2.5395 28.0237 -0.0005 23.8437 -0.0005H6.7037C2.5137 -0.0005 0.0037 2.5395 0.0037 6.6995V17.5395C0.0037 21.6795 2.6837 24.2295 6.4637 24.2295H6.8537V28.1595C6.8537 29.1495 7.3937 29.7795 8.3037 29.7795ZM15.2737 8.0795C14.1737 8.0795 13.2937 7.1795 13.2937 6.1095C13.2937 4.9895 14.1737 4.1195 15.2737 4.1195C16.3537 4.1195 17.2437 4.9895 17.2437 6.1095C17.2437 7.1795 16.3537 8.0795 15.2737 8.0795ZM12.8937 19.3295C12.1937 19.3295 11.6437 18.8495 11.6437 18.1295C11.6437 17.4595 12.1937 16.9395 12.8937 16.9395H14.3537V12.3095H13.1437C12.4437 12.3095 11.9037 11.8095 11.9037 11.0895C11.9037 10.4295 12.4437 9.8995 13.1437 9.8995H15.7237C16.6137 9.8995 17.0737 10.5095 17.0737 11.4595V16.9395H18.2637C18.9637 16.9395 19.5137 17.4595 19.5137 18.1295C19.5137 18.8495 18.9637 19.3295 18.2637 19.3295Z","geometry":{"width":30.54296875,"height":29.77734375}}