{"path":"M4.8237 26.1377H21.3137C24.4437 26.1377 26.1437 24.4477 26.1437 21.3377V4.7977C26.1437 1.6977 24.4437 -0.0023 21.3137 -0.0023H4.8237C1.7137 -0.0023 0.0037 1.6977 0.0037 4.7977V21.3377C0.0037 24.4477 1.7137 26.1377 4.8237 26.1377ZM5.2137 22.6177C4.1137 22.6177 3.5237 22.0777 3.5237 20.9177V5.2377C3.5237 4.0777 4.1137 3.5277 5.2137 3.5277H20.9337C22.0237 3.5277 22.6137 4.0777 22.6137 5.2377V20.9177C22.6137 22.0777 22.0237 22.6177 20.9337 22.6177ZM13.0737 9.0277C14.1637 9.0277 15.0237 8.1377 15.0237 7.0677C15.0237 5.9577 14.1637 5.0877 13.0737 5.0877C12.0037 5.0877 11.1037 5.9577 11.1037 7.0677C11.1037 8.1377 12.0037 9.0277 13.0737 9.0277ZM10.6937 20.3477H16.0937C16.7737 20.3477 17.3037 19.8477 17.3037 19.1377C17.3037 18.4977 16.7737 17.9777 16.0937 17.9777H14.8737V12.3977C14.8737 11.4677 14.4137 10.8677 13.5337 10.8677H10.9537C10.2637 10.8677 9.7237 11.3877 9.7237 12.0477C9.7237 12.7577 10.2637 13.2377 10.9537 13.2377H12.1937V17.9777H10.6937C10.0037 17.9777 9.4737 18.4977 9.4737 19.1377C9.4737 19.8477 10.0037 20.3477 10.6937 20.3477Z","geometry":{"width":26.140625,"height":26.140625}}