{"path":"M3.6738 2.5968C3.6738 4.0368 4.8138 5.1768 6.2438 5.1768C7.7138 5.1768 8.8338 4.0368 8.8338 2.5968C8.8338 1.1468 7.7138 -0.0032 6.2438 -0.0032C4.8138 -0.0032 3.6738 1.1468 3.6738 2.5968ZM0.0038 20.4268C0.0138 21.6668 0.8638 22.4368 2.2038 22.4368H10.6238C11.9638 22.4368 12.8138 21.6668 12.8238 20.4268C12.8538 19.1568 11.9938 18.3568 10.6238 18.3568H8.8738V9.7368C8.8738 8.4668 8.0538 7.6968 6.7938 7.6968H2.5738C1.2038 7.6968 0.3538 8.4768 0.3738 9.7568C0.3838 10.9968 1.2338 11.7668 2.5738 11.7668H4.6338V18.3568H2.2038C0.8338 18.3568 -0.0162 19.1568 0.0038 20.4268Z","geometry":{"width":12.825014092224293,"height":22.435546875}}