{"path":"M5.9737 10.4411H26.8637C28.3837 10.4411 29.7537 10.7911 30.9237 11.4011L27.4137 3.4911C26.4237 1.2611 24.5237 0.0011 21.9337 0.0011H10.9237C8.3237 0.0011 6.4437 1.2611 5.4437 3.4911L1.9437 11.3911C3.1037 10.7911 4.4737 10.4411 5.9737 10.4411ZM5.9737 24.5311H26.8637C30.4237 24.5311 32.8437 22.1211 32.8437 18.5911C32.8437 15.0711 30.4237 12.6611 26.8637 12.6611H5.9737C2.4237 12.6611 0.0037 15.0711 0.0037 18.5911C0.0037 22.1211 2.4237 24.5311 5.9737 24.5311ZM12.1437 19.9211V17.2811C12.1437 16.7511 12.5737 16.3211 13.1237 16.3211C13.6537 16.3211 14.0837 16.7511 14.0837 17.2811V19.9211C14.0837 20.4711 13.6537 20.8911 13.1237 20.8911C12.5737 20.8911 12.1437 20.4711 12.1437 19.9211ZM15.4637 19.9211V17.2811C15.4637 16.7511 15.8837 16.3211 16.4337 16.3211C16.9637 16.3211 17.4037 16.7511 17.4037 17.2811V19.9211C17.4037 20.4711 16.9637 20.8911 16.4337 20.8911C15.8837 20.8911 15.4637 20.4711 15.4637 19.9211ZM18.7737 19.9211V17.2811C18.7737 16.7511 19.1937 16.3211 19.7537 16.3211C20.2737 16.3211 20.7137 16.7511 20.7137 17.2811V19.9211C20.7137 20.4711 20.2737 20.8911 19.7537 20.8911C19.1937 20.8911 18.7737 20.4711 18.7737 19.9211ZM22.0837 19.9211V17.2811C22.0837 16.7511 22.5137 16.3211 23.0537 16.3211C23.5837 16.3211 24.0237 16.7511 24.0237 17.2811V19.9211C24.0237 20.4711 23.5837 20.8911 23.0537 20.8911C22.5137 20.8911 22.0837 20.4711 22.0837 19.9211ZM25.4037 19.9211V17.2811C25.4037 16.7511 25.8237 16.3211 26.3737 16.3211C26.9037 16.3211 27.3337 16.7511 27.3337 17.2811V19.9211C27.3337 20.4711 26.9037 20.8911 26.3737 20.8911C25.8237 20.8911 25.4037 20.4711 25.4037 19.9211Z","geometry":{"width":32.83984375,"height":24.52734375}}