{"path":"M0.0037 17.9341C0.0037 21.9141 2.8737 24.7741 7.0537 24.7741H26.9837C31.1737 24.7741 34.0437 21.9141 34.0437 17.9341C34.0437 16.6941 33.6837 15.5841 33.2637 14.6041L28.4537 3.6541C27.4237 1.2941 25.4437 0.0041 22.7237 0.0041H11.3337C8.6137 0.0041 6.6337 1.2941 5.6037 3.6541L0.8637 14.4641C0.4137 15.4941 0.0037 16.6241 0.0037 17.9341ZM5.7237 11.2941L8.6937 4.3441C9.0937 3.3541 10.0337 2.8141 11.2537 2.8141H22.8137C24.0237 2.8141 24.9637 3.3541 25.3737 4.3441L28.3237 11.2941C27.9037 11.1741 27.4637 11.1041 26.9837 11.1041H7.0537C6.5937 11.1041 6.1437 11.1741 5.7237 11.2941ZM3.2937 17.9341C3.2937 15.8741 4.7837 14.3841 7.0537 14.3841H26.9837C29.2537 14.3841 30.7637 15.8741 30.7637 17.9341C30.7637 20.1541 29.2537 21.4941 26.9837 21.4941H7.0537C4.7837 21.4941 3.2937 20.0041 3.2937 17.9341ZM12.9637 19.1941C12.9637 19.7141 13.3737 20.1141 13.8737 20.1141C14.3837 20.1141 14.7937 19.7141 14.7937 19.1941V16.6941C14.7937 16.1841 14.3837 15.7741 13.8737 15.7741C13.3737 15.7741 12.9637 16.1841 12.9637 16.6941ZM16.1037 19.1941C16.1037 19.7141 16.5037 20.1141 17.0237 20.1141C17.5237 20.1141 17.9237 19.7141 17.9237 19.1941V16.6941C17.9237 16.1841 17.5237 15.7741 17.0237 15.7741C16.5037 15.7741 16.1037 16.1841 16.1037 16.6941ZM19.2337 19.1941C19.2337 19.7141 19.6437 20.1141 20.1637 20.1141C20.6537 20.1141 21.0637 19.7141 21.0637 19.1941V16.6941C21.0637 16.1841 20.6537 15.7741 20.1637 15.7741C19.6437 15.7741 19.2337 16.1841 19.2337 16.6941ZM22.3837 19.1941C22.3837 19.7141 22.7937 20.1141 23.3137 20.1141C23.8037 20.1141 24.2137 19.7141 24.2137 19.1941V16.6941C24.2137 16.1841 23.8037 15.7741 23.3137 15.7741C22.7937 15.7741 22.3837 16.1841 22.3837 16.6941ZM25.5237 19.1941C25.5237 19.7141 25.9337 20.1141 26.4437 20.1141C26.9437 20.1141 27.3537 19.7141 27.3537 19.1941V16.6941C27.3537 16.1841 26.9437 15.7741 26.4437 15.7741C25.9337 15.7741 25.5237 16.1841 25.5237 16.6941Z","geometry":{"width":34.04296875,"height":24.7734375}}