{"path":"M32.0837 31.4407C32.5437 31.8907 33.2737 31.8807 33.7137 31.4407C34.1537 30.9907 34.1637 30.2707 33.7137 29.8107L4.2537 0.3407C3.8037 -0.1093 3.0637 -0.1093 2.6137 0.3407C2.1737 0.7807 2.1737 1.5307 2.6137 1.9607ZM12.8637 6.3407H28.0937C29.1737 6.3407 29.7737 6.8707 29.7737 8.0307V8.3107C30.9837 8.3107 32.1437 8.3107 33.3037 8.3107V7.6107C33.3037 4.5107 31.6137 2.8107 28.4737 2.8107H9.3537ZM4.8437 28.9507H26.9837L23.4637 25.4307H5.2237C4.1137 25.4307 3.5437 24.8907 3.5437 23.7307V8.0507C3.5437 7.1707 3.8737 6.6707 4.5137 6.4607L1.7337 3.6907C0.6037 4.4707 0.0037 5.7907 0.0037 7.6107V24.1507C0.0037 27.2607 1.7237 28.9507 4.8437 28.9507ZM24.1437 17.6207L26.5237 20.0007V13.2807C26.5237 12.8107 26.7737 12.5507 27.2437 12.5507H33.2337C33.7037 12.5507 33.9637 12.8207 33.9637 13.3007V25.7107C33.9637 26.1807 33.7237 26.4407 33.2937 26.4607H32.9937L35.0837 28.5607H35.1137C35.8937 28.1607 36.3237 27.3707 36.3237 26.3007V12.7207C36.3237 11.0707 35.3137 10.0607 33.6637 10.0607H26.9037C25.2137 10.0607 24.1437 11.0707 24.1437 12.7107ZM29.1737 14.5607H31.2837C31.6737 14.5607 31.9737 14.2607 31.9737 13.8707C31.9737 13.4807 31.6637 13.1907 31.2837 13.1907H29.1737C28.7837 13.1907 28.4737 13.4807 28.4737 13.8707C28.4737 14.2607 28.7837 14.5607 29.1737 14.5607ZM11.3337 24.2807H22.1237L20.6337 22.7907H11.3337C10.9137 22.7907 10.5937 23.0907 10.5937 23.5407C10.5937 23.9907 10.9137 24.2807 11.3337 24.2807Z","geometry":{"width":36.326171875,"height":31.775166201092485}}