{"path":"M5.2237 22.6177C4.1137 22.6177 3.5437 22.0777 3.5437 20.9177V5.2377C3.5437 4.0777 4.1137 3.5277 5.2137 3.5277H28.0937C29.1937 3.5277 29.7737 4.0777 29.7737 5.2377V12.3077C30.9537 12.2177 32.2137 12.3977 33.3037 12.8477V4.7977C33.3037 1.6977 31.6137 -0.0023 28.4737 -0.0023H4.8237C1.7137 -0.0023 0.0037 1.6977 0.0037 4.7977V21.3377C0.0037 24.4477 1.7237 26.1377 4.8437 26.1377H22.2137C21.5637 25.0977 21.1337 23.8977 21.0137 22.6177ZM30.2037 28.7277C34.1137 28.7277 37.3937 25.4477 37.3937 21.5177C37.3937 17.5777 34.1437 14.3277 30.2037 14.3277C26.2537 14.3277 22.9937 17.5777 22.9937 21.5177C22.9937 25.4577 26.2537 28.7277 30.2037 28.7277ZM27.7637 24.2777V18.7577C27.7637 18.0577 28.4637 17.7277 29.0537 18.0977L33.5137 20.8077C34.1137 21.1777 34.1237 21.8977 33.5737 22.2277L29.0537 24.9377C28.4637 25.2977 27.7637 24.9777 27.7637 24.2777ZM11.3337 19.9777C10.9137 19.9777 10.5937 20.2777 10.5937 20.7277C10.5937 21.1777 10.9137 21.4677 11.3337 21.4677H20.9637C20.9637 21.0577 21.0237 20.4077 21.1137 19.9777Z","geometry":{"width":37.392578125,"height":28.724609375}}