{"path":"M5.7237 22.6177V3.5277H27.5737V12.5777C28.4137 12.3277 29.2837 12.1977 30.1837 12.1977C31.2837 12.1977 32.3437 12.4177 33.3037 12.7877V4.7977C33.3037 1.6977 31.6137 -0.0023 28.4737 -0.0023H4.8237C1.7137 -0.0023 0.0037 1.6977 0.0037 4.7977V21.3377C0.0037 24.4477 1.7237 26.1377 4.8437 26.1377H22.2537C21.5837 25.1177 21.1537 23.8977 21.0137 22.6177ZM3.0337 13.9677C2.5437 13.9677 2.1437 13.5577 2.1337 13.0577C2.1337 12.5677 2.5437 12.1677 3.0337 12.1677C3.5437 12.1677 3.9337 12.5677 3.9337 13.0577C3.9337 13.5577 3.5437 13.9577 3.0337 13.9677ZM30.2037 28.6577C34.1137 28.6577 37.3937 25.3877 37.3937 21.4477C37.3937 17.5177 34.1437 14.2577 30.2037 14.2577C26.2537 14.2577 22.9937 17.5177 22.9937 21.4477C22.9937 25.3977 26.2537 28.6577 30.2037 28.6577ZM27.7637 24.2177V18.6877C27.7637 17.9877 28.4637 17.6777 29.0537 18.0377L33.5137 20.7377C34.1137 21.1077 34.1237 21.8377 33.5737 22.1577L29.0537 24.8677C28.4637 25.2277 27.7637 24.9077 27.7637 24.2177Z","geometry":{"width":37.392578125,"height":28.65625}}