{"path":"M3.5237 26.8106V5.7106H21.1237V17.6006C21.6137 17.5006 22.1237 17.4606 22.6437 17.4606C23.3337 17.4606 24.0037 17.5506 24.6537 17.7206V4.4606C24.6537 1.7106 22.8837 0.0006 20.0937 0.0006H4.5537C1.7537 0.0006 0.0037 1.7106 0.0037 4.4606V28.0706C0.0037 30.8206 1.7537 32.5206 4.5537 32.5206H15.4937C14.1237 30.8806 13.4537 29.0006 13.3937 26.8106ZM12.3337 3.9406C11.8237 3.9406 11.4337 3.5406 11.4337 3.0306C11.4337 2.5406 11.8237 2.1506 12.3337 2.1506C12.8237 2.1506 13.2237 2.5406 13.2237 3.0306C13.2237 3.5406 12.8237 3.9406 12.3337 3.9406ZM22.6537 33.9106C26.5737 33.9106 29.8437 30.6406 29.8437 26.7006C29.8437 22.7606 26.5937 19.5106 22.6537 19.5106C18.7037 19.5106 15.4537 22.7606 15.4537 26.7006C15.4537 30.6506 18.7037 33.9106 22.6537 33.9106ZM20.2337 29.4606V23.9406C20.2337 23.2406 20.9137 22.9306 21.5037 23.2806L25.9637 25.9906C26.5637 26.3706 26.5937 27.0806 26.0337 27.4106L21.5037 30.1206C20.9137 30.4906 20.2337 30.1606 20.2337 29.4606Z","geometry":{"width":29.845703125,"height":33.90625}}