{"path":"M4.8437 26.1377H28.4737C31.6137 26.1377 33.3037 24.4277 33.3037 21.3377V4.7977C33.3037 1.6977 31.6137 -0.0023 28.4737 -0.0023H4.8237C1.7137 -0.0023 0.0037 1.6977 0.0037 4.7977V21.3377C0.0037 24.4477 1.7237 26.1377 4.8437 26.1377ZM5.7237 22.6177V3.5277H27.5737V22.6177ZM30.2237 14.4777C29.4637 14.4777 28.8337 13.8477 28.8337 13.0577C28.8337 12.2777 29.4637 11.6477 30.2437 11.6477C31.0337 11.6477 31.6537 12.2777 31.6537 13.0577C31.6537 13.8477 31.0337 14.4777 30.2237 14.4777ZM3.0337 13.9677C2.5437 13.9677 2.1437 13.5577 2.1337 13.0577C2.1337 12.5677 2.5437 12.1677 3.0337 12.1677C3.5437 12.1677 3.9337 12.5677 3.9337 13.0577C3.9337 13.5577 3.5437 13.9577 3.0337 13.9677Z","geometry":{"width":33.3046875,"height":26.140625}}