{"path":"M4.8437 26.1377H28.4737C31.6137 26.1377 33.3037 24.4277 33.3037 21.3377V4.7977C33.3037 1.6977 31.6137 -0.0023 28.4737 -0.0023H4.8237C1.7137 -0.0023 0.0037 1.6977 0.0037 4.7977V21.3377C0.0037 24.4477 1.7237 26.1377 4.8437 26.1377ZM5.2237 22.6177C4.1137 22.6177 3.5437 22.0777 3.5437 20.9177V5.2377C3.5437 4.0777 4.1137 3.5277 5.2137 3.5277H28.0937C29.1937 3.5277 29.7737 4.0777 29.7737 5.2377V20.9177C29.7737 22.0777 29.1937 22.6177 28.0937 22.6177ZM11.3337 21.4677H21.9737C22.4037 21.4677 22.7137 21.1777 22.7137 20.7277C22.7137 20.2777 22.4037 19.9777 21.9737 19.9777H11.3337C10.9137 19.9777 10.5937 20.2777 10.5937 20.7277C10.5937 21.1777 10.9137 21.4677 11.3337 21.4677Z","geometry":{"width":33.3046875,"height":26.140625}}