{"path":"M4.3102 31.6131H16.1502C18.6302 31.6131 20.2902 29.9531 20.2902 27.4631V4.1531C20.2902 1.6631 18.6302 0.0031 16.1502 0.0031H4.3102C1.7202 0.0031 0.0002 1.6631 0.0002 4.1531V27.4631C0.0002 29.9531 1.7202 31.6131 4.3102 31.6131ZM5.0702 27.8731C4.1002 27.8731 3.5302 27.3431 3.5302 26.3831V5.2331C3.5302 4.2831 4.1002 3.7431 5.0702 3.7431H15.2202C16.1902 3.7431 16.7602 4.2931 16.7602 5.2531V26.3731C16.7602 27.3331 16.1902 27.8731 15.2202 27.8731H12.5002V27.3731C12.5002 26.7431 12.0902 26.3031 11.4402 26.3031H8.8502C8.2002 26.3031 7.7902 26.7431 7.7902 27.3731V27.8731Z","geometry":{"width":20.2890625,"height":31.609375}}