{"path":"M3.5302 25.5831V6.0431H16.7602V16.6631C17.2502 16.5731 17.7702 16.5331 18.2902 16.5331C18.9802 16.5331 19.6602 16.6231 20.2902 16.7931V4.1531C20.2902 1.6631 18.6302 0.0031 16.1502 0.0031H4.3102C1.7202 0.0031 0.0002 1.6631 0.0002 4.1531V27.4831C0.0002 29.9531 1.7202 31.6231 4.3102 31.6231H11.1602C9.7302 29.9531 8.9802 27.8231 9.0602 25.5831ZM7.0502 3.1331C7.0502 2.7031 7.3402 2.4331 7.7502 2.4331H12.5402C12.9502 2.4331 13.2302 2.7031 13.2302 3.1331C13.2302 3.5431 12.9502 3.8131 12.5402 3.8131H7.7502C7.3402 3.8131 7.0502 3.5431 7.0502 3.1331ZM18.2902 32.9731C22.2202 32.9731 25.5002 29.7131 25.5002 25.7731C25.5002 21.8331 22.2402 18.5831 18.2902 18.5831C14.3602 18.5831 11.1002 21.8331 11.1002 25.7731C11.1002 29.7231 14.3602 32.9731 18.2902 32.9731ZM15.8702 28.5331V23.0131C15.8702 22.3131 16.5702 21.9931 17.1602 22.3531L21.6202 25.0631C22.2202 25.4331 22.2302 26.1531 21.6702 26.4831L17.1602 29.1931C16.5702 29.5431 15.8702 29.2331 15.8702 28.5331Z","geometry":{"width":25.498046875,"height":32.9765625}}