{"path":"M20.0912 18.2831L23.6112 21.8231V4.1531C23.6112 1.6631 21.9612 0.0031 19.4712 0.0031H7.6312C5.9612 0.0031 4.6412 0.6831 4.0112 1.9031L3.9112 2.0931L6.8912 5.1031L6.9312 4.8831C7.0212 4.1431 7.5512 3.7431 8.4012 3.7431H10.2612C10.4712 3.7431 10.6012 3.8531 10.6012 4.0731V4.4931C10.6012 5.1431 11.0112 5.5731 11.6512 5.5731H15.2912C15.9312 5.5731 16.3412 5.1431 16.3412 4.4931V4.0731C16.3412 3.8531 16.4612 3.7431 16.6812 3.7431H18.5412C19.5112 3.7431 20.0912 4.2931 20.0912 5.2531ZM24.9512 29.0131C25.4012 29.4531 26.1412 29.4631 26.5812 29.0131C27.0212 28.5631 27.0312 27.8331 26.5812 27.3831L1.9612 2.7731C1.5212 2.3331 0.7812 2.3231 0.3212 2.7731C-0.1088 3.2131 -0.1088 3.9631 0.3212 4.4031ZM7.6312 31.6131H19.4712C20.9912 31.6131 22.1612 30.9931 22.8212 29.9031C22.8812 29.8331 22.9312 29.7331 22.9712 29.6631L20.0012 26.6431C19.9812 26.7131 19.9812 26.7731 19.9612 26.8331C19.8312 27.5031 19.3212 27.8731 18.5412 27.8731H8.4012C7.4312 27.8731 6.8512 27.3431 6.8512 26.3831V13.5331L3.3212 10.0031V27.4631C3.3212 29.9531 5.0512 31.6131 7.6312 31.6131ZM10.4312 26.6831H16.5012C16.9612 26.6831 17.2812 26.3831 17.2812 25.9131C17.2812 25.4431 16.9612 25.1331 16.5012 25.1331H10.4312C10.0012 25.1331 9.6512 25.4431 9.6512 25.9131C9.6512 26.3831 10.0012 26.6831 10.4312 26.6831Z","geometry":{"width":26.91481463859249,"height":31.609375}}