{"path":"M4.3102 31.6131H16.1502C18.6302 31.6131 20.2902 29.9531 20.2902 27.4631V4.1531C20.2902 1.6631 18.6302 0.0031 16.1502 0.0031H4.3102C1.7202 0.0031 0.0002 1.6631 0.0002 4.1531V27.4631C0.0002 29.9531 1.7202 31.6131 4.3102 31.6131ZM5.0702 27.8731C4.1002 27.8731 3.5302 27.3431 3.5302 26.3831V5.2331C3.5302 4.2831 4.1002 3.7431 5.0702 3.7431H6.9302C7.1502 3.7431 7.2702 3.8531 7.2702 4.0731V4.4931C7.2702 5.1431 7.7002 5.5731 8.3302 5.5731H11.9802C12.6102 5.5731 13.0302 5.1431 13.0302 4.4931V4.0731C13.0302 3.8531 13.1402 3.7431 13.3602 3.7431H15.2302C16.1902 3.7431 16.7602 4.2931 16.7602 5.2531V26.3731C16.7602 27.3331 16.1902 27.8731 15.2302 27.8731ZM7.1202 26.6831H13.1802C13.6302 26.6831 13.9602 26.3831 13.9602 25.9131C13.9602 25.4431 13.6302 25.1331 13.1802 25.1331H7.1202C6.6702 25.1331 6.3402 25.4431 6.3402 25.9131C6.3402 26.3831 6.6702 26.6831 7.1202 26.6831Z","geometry":{"width":20.2890625,"height":31.609375}}