{"path":"M18.4127 31.6131H30.2527C32.7427 31.6131 34.4027 29.9531 34.4027 27.4631V4.1531C34.4027 1.6631 32.7427 0.0031 30.2527 0.0031H18.4127C15.8327 0.0031 14.0927 1.6631 14.0927 4.1531V27.4631C14.0927 29.9531 15.8327 31.6131 18.4127 31.6131ZM19.1827 27.8731C18.2127 27.8731 17.6327 27.3431 17.6327 26.3831V5.2331C17.6327 4.2831 18.2127 3.7431 19.1827 3.7431H29.3227C30.2927 3.7431 30.8727 4.2931 30.8727 5.2531V26.3731C30.8727 27.3331 30.2927 27.8731 29.3227 27.8731ZM22.4227 7.3031H26.0827C26.7727 7.3031 27.2927 6.7831 27.2927 6.0931C27.2927 5.4131 26.7727 4.8931 26.0827 4.8931H22.4227C21.7427 4.8931 21.2227 5.4131 21.2227 6.0931C21.2227 6.7831 21.7227 7.3031 22.4227 7.3031ZM5.6627 25.1531C6.1827 24.5431 6.0127 23.7731 5.4427 23.1431C3.7627 21.2731 2.8127 18.6731 2.8127 15.8331C2.8127 13.0031 3.7427 10.3931 5.4427 8.5331C6.0327 7.8931 6.1827 7.1231 5.6627 6.5031C5.1127 5.8531 4.1427 5.7731 3.3927 6.5731C1.2627 8.8631 0.0027 12.2631 0.0027 15.8331C0.0027 19.4031 1.1627 22.7531 3.3927 25.1031C4.1727 25.8931 5.1127 25.8231 5.6627 25.1531ZM42.8327 25.1531C43.3827 25.8231 44.3427 25.8931 45.1027 25.1031C47.3427 22.7531 48.5127 19.4031 48.5127 15.8331C48.5127 12.2631 47.2527 8.8631 45.1027 6.5731C44.3527 5.7731 43.3927 5.8531 42.8327 6.5031C42.3127 7.1231 42.4827 7.8931 43.0527 8.5331C44.7627 10.4031 45.6927 13.0031 45.6927 15.8331C45.6927 18.6731 44.7527 21.2731 43.0527 23.1431C42.4927 23.7731 42.3327 24.5431 42.8327 25.1531ZM38.5727 21.2031C39.1027 21.8731 40.1427 21.9031 40.8427 21.1231C41.9727 19.8131 42.6027 17.8831 42.6027 15.8331C42.6027 13.7631 41.9727 11.8431 40.8427 10.5231C40.1427 9.7431 39.1027 9.7931 38.5727 10.4631C38.0927 11.0631 38.2627 11.7831 38.7327 12.4431C39.3727 13.2931 39.7827 14.6031 39.7827 15.8331C39.7827 17.0531 39.3727 18.3731 38.7327 19.2131C38.2527 19.8631 38.0927 20.6031 38.5727 21.2031ZM9.9427 21.2031C10.4227 20.6031 10.2427 19.8631 9.7727 19.2131C9.1327 18.3731 8.7227 17.0531 8.7227 15.8331C8.7227 14.6031 9.1327 13.2931 9.7727 12.4431C10.2427 11.7831 10.4227 11.0631 9.9427 10.4631C9.4027 9.7931 8.3627 9.7431 7.6727 10.5231C6.5227 11.8431 5.9027 13.7631 5.9027 15.8331C5.9027 17.8831 6.5227 19.8131 7.6727 21.1231C8.3627 21.9031 9.4027 21.8731 9.9427 21.2031ZM21.2227 26.6831H27.2927C27.7427 26.6831 28.0727 26.3831 28.0727 25.9131C28.0727 25.4431 27.7427 25.1331 27.2927 25.1331H21.2227C20.7627 25.1331 20.4427 25.4431 20.4427 25.9131C20.4427 26.3831 20.7627 26.6831 21.2227 26.6831Z","geometry":{"width":48.5078125,"height":31.609375}}