{"path":"M4.3102 31.6131H16.1502C18.6302 31.6131 20.2902 29.9531 20.2902 27.4631V4.1531C20.2902 1.6631 18.6302 0.0031 16.1502 0.0031H4.3102C1.7202 0.0031 0.0002 1.6631 0.0002 4.1531V27.4631C0.0002 29.9531 1.7202 31.6131 4.3102 31.6131ZM5.0702 27.8731C4.1002 27.8731 3.5302 27.3431 3.5302 26.3831V5.2331C3.5302 4.2831 4.1002 3.7431 5.0702 3.7431H15.2202C16.1902 3.7431 16.7602 4.2931 16.7602 5.2531V26.3731C16.7602 27.3331 16.1902 27.8731 15.2202 27.8731ZM8.3102 7.3031H11.9802C12.6602 7.3031 13.1802 6.7831 13.1802 6.0931C13.1802 5.4131 12.6602 4.8931 11.9802 4.8931H8.3102C7.6302 4.8931 7.1102 5.4131 7.1102 6.0931C7.1102 6.7831 7.6202 7.3031 8.3102 7.3031ZM7.1102 26.6831H13.1802C13.6302 26.6831 13.9602 26.3831 13.9602 25.9131C13.9602 25.4431 13.6302 25.1331 13.1802 25.1331H7.1102C6.6702 25.1331 6.3302 25.4431 6.3302 25.9131C6.3302 26.3831 6.6702 26.6831 7.1102 26.6831Z","geometry":{"width":20.2890625,"height":31.609375}}