{"path":"M31.6237 15.983V4.143C31.6237 1.653 29.9537 0.003 27.4637 0.003H4.1737C1.6637 0.003 0.0037 1.653 0.0037 4.143V15.983C0.0037 18.563 1.6637 20.293 4.1537 20.293H27.4637C29.9537 20.293 31.6237 18.563 31.6237 15.983ZM27.8737 15.213C27.8737 16.183 27.3437 16.763 26.3837 16.763H5.2337C4.2837 16.763 3.7437 16.183 3.7437 15.213V13.353C3.7437 13.143 3.8737 13.013 4.0837 13.013H4.4937C5.1437 13.013 5.5737 12.603 5.5737 11.963V8.323C5.5737 7.683 5.1437 7.263 4.4937 7.263H4.0837C3.8737 7.263 3.7437 7.153 3.7437 6.933V5.073C3.7437 4.103 4.3037 3.523 5.2537 3.523H26.3837C27.3337 3.523 27.8737 4.103 27.8737 5.073ZM12.2237 15.583H19.4037C19.8537 15.583 20.1837 15.273 20.1837 14.793C20.1837 14.333 19.8537 14.013 19.4037 14.013H12.2237C11.7737 14.013 11.4437 14.333 11.4437 14.793C11.4437 15.273 11.7737 15.583 12.2237 15.583Z","geometry":{"width":31.623046875,"height":20.2890625}}