{"path":"M27.4637 20.2883C29.9537 20.2883 31.6237 18.5483 31.6237 15.9683V4.1383C31.6237 1.6583 29.9537 -0.0017 27.4637 -0.0017H4.1537C1.6637 -0.0017 0.0037 1.6583 0.0037 4.1383V15.9683C0.0037 18.5483 1.6637 20.2883 4.1437 20.2883ZM25.5837 16.7583H6.0437V3.5283H25.5837ZM3.1137 13.2383C2.6937 13.2383 2.4237 12.9383 2.4237 12.5383V7.7383C2.4237 7.3383 2.6937 7.0383 3.1137 7.0383C3.5437 7.0383 3.8037 7.3383 3.8037 7.7383V12.5383C3.8037 12.9383 3.5437 13.2383 3.1137 13.2383ZM29.8137 10.1283C29.8137 10.9083 29.1937 11.5483 28.3937 11.5483C27.6137 11.5483 26.9837 10.9083 26.9837 10.1283C26.9837 9.3483 27.6137 8.7183 28.3937 8.7183C29.1937 8.7183 29.8137 9.3483 29.8137 10.1283Z","geometry":{"width":31.623046875,"height":20.2890625}}