{"path":"M3.7599 19.5131V27.4631C3.7599 29.9531 5.4799 31.6131 8.0699 31.6131H19.9099C22.3899 31.6131 24.0499 29.9531 24.0499 27.4631V4.1531C24.0499 1.6631 22.3899 0.0031 19.9099 0.0031H8.0699C5.4799 0.0031 3.7599 1.6631 3.7599 4.1531V12.1531H7.2899V5.2331C7.2899 4.2831 7.8599 3.7431 8.8299 3.7431H18.9799C19.9499 3.7431 20.5199 4.2931 20.5199 5.2531V26.3731C20.5199 27.3331 19.9499 27.8731 18.9799 27.8731H8.8299C7.8599 27.8731 7.2899 27.3431 7.2899 26.3831V19.5131ZM1.4499 17.2831H10.5399L12.7399 17.1431L10.5699 19.0031L9.8699 19.7331C9.6299 19.9931 9.4299 20.3731 9.4299 20.7531C9.4299 21.5631 10.0199 22.1331 10.8299 22.1331C11.2199 22.1331 11.5699 21.9931 11.8299 21.7431L16.4499 17.1331C16.8599 16.7231 17.0599 16.2731 17.0599 15.8231C17.0599 15.3831 16.8599 14.9131 16.4499 14.5231L11.8299 9.9131C11.5699 9.6531 11.2199 9.5131 10.8299 9.5131C10.0199 9.5131 9.4299 10.0931 9.4299 10.8831C9.4299 11.2831 9.6099 11.6531 9.8699 11.9131L10.5699 12.6331L12.7399 14.4931L10.5399 14.3731H1.4499C0.5999 14.3731 -0.0001 15.0231 -0.0001 15.8231C-0.0001 16.6231 0.5999 17.2831 1.4499 17.2831Z","geometry":{"width":24.048828125,"height":31.609375}}