{"path":"M0.0002 27.4831C0.0002 29.9531 1.7202 31.6231 4.3102 31.6231H16.1502C18.6302 31.6231 20.2902 29.9531 20.2902 27.4631V4.1531C20.2902 1.6631 18.6302 0.0031 16.1502 0.0031H4.3102C1.7202 0.0031 0.0002 1.6631 0.0002 4.1531ZM10.1602 3.9831C9.6202 3.9831 9.1902 3.5531 9.1902 3.0031C9.1902 2.4731 9.6202 2.0631 10.1602 2.0631C10.6902 2.0631 11.1202 2.4731 11.1202 3.0031C11.1202 3.5531 10.6902 3.9831 10.1602 3.9831ZM3.5302 25.5831V6.0431H16.7602V25.5831ZM10.1602 29.8331C9.3702 29.8331 8.7402 29.1931 8.7402 28.4131C8.7402 27.6331 9.3702 27.0031 10.1602 27.0031C10.9402 27.0031 11.5702 27.6331 11.5702 28.4131C11.5702 29.1931 10.9402 29.8331 10.1602 29.8331Z","geometry":{"width":20.2890625,"height":31.623046875}}