{"path":"M27.4637 20.2935C29.9537 20.2935 31.6237 18.5635 31.6237 15.9835V4.1435C31.6237 1.6535 29.9537 0.0035 27.4637 0.0035H4.1537C1.6637 0.0035 0.0037 1.6535 0.0037 4.1435V15.9835C0.0037 18.5635 1.6637 20.2935 4.1437 20.2935ZM25.5837 16.7635H6.0437V3.5235H25.5837ZM29.8137 10.1335C29.8137 10.9235 29.1937 11.5535 28.3937 11.5535C27.6137 11.5535 26.9837 10.9235 26.9837 10.1335C26.9837 9.3535 27.6137 8.7235 28.3937 8.7235C29.1937 8.7235 29.8137 9.3535 29.8137 10.1335ZM3.9737 10.1335C3.9737 10.6635 3.5437 11.1035 3.0037 11.1035C2.4737 11.1035 2.0537 10.6635 2.0537 10.1335C2.0537 9.5935 2.4737 9.1735 3.0037 9.1735C3.5437 9.1735 3.9737 9.5935 3.9737 10.1335Z","geometry":{"width":31.623046875,"height":20.2890625}}