{"path":"M23.6361 21.8331V4.1531C23.6361 1.6631 21.9661 0.0031 19.4861 0.0031H7.6461C5.9061 0.0031 4.5761 0.7631 3.9061 2.0531V2.0931L7.9061 6.1131V6.0431H20.1161V18.3031ZM13.4961 3.9831C12.9561 3.9831 12.5261 3.5531 12.5261 3.0031C12.5261 2.4731 12.9561 2.0631 13.4961 2.0631C14.0261 2.0631 14.4561 2.4731 14.4561 3.0031C14.4561 3.5531 14.0261 3.9831 13.4961 3.9831ZM24.9661 29.0131C25.4161 29.4531 26.1561 29.4631 26.5961 29.0131C27.0261 28.5631 27.0461 27.8331 26.5961 27.3831L1.9661 2.7731C1.5161 2.3331 0.7761 2.3231 0.3261 2.7731C-0.1139 3.2131 -0.1139 3.9631 0.3261 4.4031ZM7.6461 31.6231H19.4861C21.1061 31.6231 22.3561 30.9131 22.9961 29.6931V29.6631L18.8561 25.5231V25.5831H6.8661V13.5531L3.3361 10.0231V27.4831C3.3361 29.9531 5.0561 31.6231 7.6461 31.6231ZM13.4961 29.8331C12.7061 29.8331 12.0761 29.1931 12.0761 28.4131C12.0761 27.6331 12.7061 27.0031 13.4961 27.0031C14.2761 27.0031 14.9061 27.6331 14.9061 28.4131C14.9061 29.1931 14.2761 29.8331 13.4961 29.8331Z","geometry":{"width":26.925068544842485,"height":31.623046875}}