{"path":"M4.3237 31.6231H12.9237C15.4337 31.6231 17.0737 29.9831 17.0737 27.4631V4.1531C17.0737 1.6531 15.4337 0.0031 12.9237 0.0031H4.3237C1.7137 0.0031 0.0037 1.6531 0.0037 4.1531V27.4831C0.0037 29.9831 1.7137 31.6231 4.3237 31.6231ZM5.0737 27.8931C4.1137 27.8931 3.5237 27.3431 3.5237 26.3831V5.2331C3.5237 4.2931 4.1137 3.7431 5.0737 3.7431H12.0037C12.9437 3.7431 13.5537 4.3031 13.5537 5.2531V26.3831C13.5537 27.3331 12.9437 27.8931 12.0037 27.8931ZM8.5337 14.7231C10.8237 14.7231 12.7037 12.8531 12.7037 10.5431C12.7037 8.2431 10.8237 6.3731 8.5337 6.3731C6.2337 6.3731 4.3737 8.2431 4.3737 10.5431C4.3737 12.8531 6.2337 14.7231 8.5337 14.7231ZM8.5337 12.6231C7.3837 12.6231 6.4637 11.7031 6.4637 10.5431C6.4637 9.3831 7.3837 8.4631 8.5337 8.4631C9.6937 8.4631 10.6237 9.3831 10.6237 10.5431C10.6237 11.7031 9.6937 12.6231 8.5337 12.6231Z","geometry":{"width":17.076171875,"height":31.623046875}}