{"path":"M0.0037 17.0238C0.0037 19.4038 1.4937 20.9638 3.7637 20.9638H22.6537C24.9237 20.9638 26.4137 19.4038 26.4137 17.0238V3.9237C26.4137 1.5538 24.9237 0.0038 22.6537 0.0038H3.7637C1.4937 0.0038 0.0037 1.5538 0.0037 3.9237ZM3.7337 16.2738V4.6938C3.7337 3.9737 4.1737 3.5238 4.8437 3.5238H21.5737C22.2437 3.5238 22.6837 3.9737 22.6837 4.8538V16.2738C22.6837 16.9838 22.2437 17.4338 21.5737 17.4338H4.8437C4.1737 17.4338 3.7337 16.9838 3.7337 16.2738ZM15.5437 15.9438C18.5637 15.9438 21.0137 13.4938 21.0137 10.4738C21.0137 7.4538 18.5637 4.9938 15.5437 4.9938C12.5237 4.9938 10.0937 7.4538 10.0937 10.4738C10.0937 13.4938 12.5237 15.9438 15.5437 15.9438ZM15.5437 13.3538C13.9437 13.3538 12.6737 12.0838 12.6737 10.4738C12.6737 8.8638 13.9437 7.5838 15.5437 7.5838C17.1537 7.5838 18.4337 8.8638 18.4337 10.4738C18.4337 12.0838 17.1537 13.3538 15.5437 13.3538Z","geometry":{"width":26.4140625,"height":20.958984375}}