{"path":"M0.0037 16.8854C0.0037 19.2454 1.4937 20.8054 3.7637 20.8054H18.7537C21.0237 20.8054 22.5137 19.2454 22.5137 16.8854V3.9354C22.5137 1.5554 21.0037 -0.0046 18.7537 -0.0046H3.7637C1.4937 -0.0046 0.0037 1.5554 0.0037 3.9354ZM3.7337 16.1154V4.6854C3.7337 3.9754 4.1737 3.5254 4.8437 3.5254H17.6737C18.3437 3.5254 18.7837 3.9754 18.7837 4.8554V16.1154C18.7837 16.8254 18.3437 17.2854 17.6737 17.2854H4.8437C4.1737 17.2854 3.7337 16.8254 3.7337 16.1154ZM11.2537 15.8754C14.2737 15.8754 16.7337 13.4254 16.7337 10.4054C16.7337 7.3854 14.2737 4.9254 11.2537 4.9254C8.2337 4.9254 5.7937 7.3854 5.7937 10.4054C5.7937 13.4254 8.2337 15.8754 11.2537 15.8754ZM11.2637 13.2854C9.6537 13.2854 8.3837 12.0154 8.3837 10.4054C8.3837 8.7954 9.6537 7.5154 11.2637 7.5154C12.8837 7.5154 14.1537 8.7954 14.1537 10.4054C14.1537 12.0154 12.8837 13.2854 11.2637 13.2854Z","geometry":{"width":22.517578125,"height":20.80859375}}