{"path":"M1.7637 20.1773H10.6737C11.7337 20.1773 12.4437 19.5773 12.4437 18.5373C12.4437 17.5273 11.7437 16.9273 10.6937 16.9273H8.3437L11.2837 3.2373H13.6337C14.6737 3.2373 15.3837 2.6373 15.3837 1.6173C15.3837 0.5973 14.6937 -0.0027 13.6337 -0.0027H4.7037C3.6537 -0.0027 2.9537 0.5973 2.9537 1.6173C2.9537 2.6373 3.6637 3.2373 4.7137 3.2373H7.0537L4.1137 16.9273H1.7637C0.6937 16.9273 0.0037 17.5273 0.0037 18.5373C0.0037 19.5773 0.7237 20.1773 1.7637 20.1773Z","geometry":{"width":15.380859375,"height":20.1796875}}