{"path":"M4.8237 23.7052H7.1137V25.7152C7.1137 28.8252 8.8137 30.5152 11.9337 30.5152H25.9937C29.1237 30.5152 30.8137 28.8252 30.8137 25.7152V11.5952C30.8137 8.4852 29.1237 6.8052 25.9937 6.8052H23.7037V4.7952C23.7037 1.6952 22.0137 -0.0048 18.8837 -0.0048H4.8237C1.7137 -0.0048 0.0037 1.6952 0.0037 4.7952V18.9252C0.0037 22.0152 1.7137 23.7052 4.8237 23.7052ZM5.2137 20.1752C4.1137 20.1752 3.5237 19.6452 3.5237 18.4852V5.2352C3.5237 4.0752 4.1137 3.5252 5.2137 3.5252H18.4937C19.6037 3.5252 20.1837 4.0752 20.1837 5.2352V18.4852C20.1837 19.6452 19.6037 20.1752 18.4937 20.1752ZM11.2837 18.1952C14.2637 18.1952 15.9837 16.5752 15.9837 13.6952V7.3952C15.9837 6.2252 15.3537 5.4952 14.2737 5.4952C13.1837 5.4952 12.5637 6.2252 12.5637 7.3952V13.6052C12.5637 14.7552 12.1037 15.3252 11.2537 15.3252C10.5237 15.3252 10.0637 14.9752 9.8337 14.3152C9.5837 13.5752 9.0937 13.2252 8.2537 13.2252C7.3437 13.2252 6.7137 13.8452 6.7137 14.7552C6.7137 15.0252 6.7537 15.2952 6.8337 15.5452C7.3437 17.1552 9.0637 18.1952 11.2837 18.1952ZM12.3137 26.9852C11.2237 26.9852 10.6337 26.4452 10.6337 25.2752V23.7052H18.8837C22.0137 23.7052 23.7037 22.0252 23.7037 18.9252V10.3352H25.6037C26.7137 10.3352 27.2937 10.8652 27.2937 12.0352V25.2752C27.2937 26.4452 26.7137 26.9852 25.6037 26.9852Z","geometry":{"width":30.81640625,"height":30.515625}}