{"path":"M4.8237 26.1377H21.3137C24.4437 26.1377 26.1437 24.4477 26.1437 21.3377V4.7977C26.1437 1.6977 24.4437 -0.0023 21.3137 -0.0023H4.8237C1.7137 -0.0023 0.0037 1.6977 0.0037 4.7977V21.3377C0.0037 24.4477 1.7137 26.1377 4.8237 26.1377ZM12.5737 19.4977C10.3037 19.4977 8.5737 18.4477 8.0637 16.8177C7.9737 16.5577 7.9337 16.2977 7.9337 16.0077C7.9337 15.0777 8.5537 14.4677 9.5037 14.4477C10.3337 14.4477 10.8237 14.8177 11.0837 15.5677C11.3237 16.2277 11.8137 16.5977 12.5337 16.5977C13.3937 16.5977 13.8937 16.0077 13.8937 14.8377V8.5077C13.8937 7.3177 14.5037 6.5777 15.6137 6.5777C16.7237 6.5777 17.3537 7.2977 17.3537 8.5077V14.9277C17.3537 17.8577 15.6037 19.4977 12.5737 19.4977Z","geometry":{"width":26.140625,"height":26.140625}}