{"path":"M4.8237 26.1377H21.3137C24.4437 26.1377 26.1437 24.4477 26.1437 21.3377V4.7977C26.1437 1.6977 24.4437 -0.0023 21.3137 -0.0023H4.8237C1.7137 -0.0023 0.0037 1.6977 0.0037 4.7977V21.3377C0.0037 24.4477 1.7137 26.1377 4.8237 26.1377ZM5.2137 22.6177C4.1137 22.6177 3.5237 22.0777 3.5237 20.9177V5.2377C3.5237 4.0777 4.1137 3.5277 5.2137 3.5277H20.9337C22.0237 3.5277 22.6137 4.0777 22.6137 5.2377V20.9177C22.6137 22.0777 22.0237 22.6177 20.9337 22.6177ZM12.4937 19.3877C15.4737 19.3877 17.2037 17.7577 17.2037 14.8977V8.5977C17.2037 7.4077 16.5737 6.6877 15.4937 6.6877C14.3937 6.6877 13.7837 7.4277 13.7837 8.5977V14.8077C13.7837 15.9377 13.3137 16.5177 12.4737 16.5177C11.7437 16.5177 11.2837 16.1577 11.0437 15.5177C10.7837 14.7677 10.3037 14.4077 9.4737 14.4077C8.5537 14.4277 7.9337 15.0377 7.9337 15.9577C7.9337 16.2277 7.9737 16.4877 8.0537 16.7377C8.5537 18.3477 10.2637 19.3877 12.4937 19.3877Z","geometry":{"width":26.140625,"height":26.140625}}