{"path":"M2.3337 21.0774C3.7837 21.0774 4.6937 20.2174 4.6937 18.7974V14.7674L6.7037 12.5074L12.3437 19.7174C13.0537 20.7174 13.6337 21.0774 14.5437 21.0774C15.9037 21.0774 16.8537 20.2074 16.8537 18.9874C16.8537 18.3074 16.6837 17.8674 16.1037 17.0874L10.0637 9.4074L15.4537 3.6274C16.0337 2.9574 16.2437 2.4974 16.2437 1.9374C16.2437 0.8474 15.3837 -0.0026 14.2837 -0.0026C13.5637 -0.0026 13.0137 0.2874 12.4537 0.9574L4.8137 9.5474H4.6937V2.2874C4.6937 0.8574 3.7837 -0.0026 2.3337 -0.0026C0.8737 -0.0026 0.0037 0.8574 0.0037 2.2874V18.7974C0.0037 20.2174 0.8737 21.0774 2.3337 21.0774Z","geometry":{"width":16.857421875,"height":21.08203125}}