{"path":"M4.8237 26.1377H21.3137C24.4437 26.1377 26.1437 24.4477 26.1437 21.3377V4.7977C26.1437 1.6977 24.4437 -0.0023 21.3137 -0.0023H4.8237C1.7137 -0.0023 0.0037 1.6977 0.0037 4.7977V21.3377C0.0037 24.4477 1.7137 26.1377 4.8237 26.1377ZM9.3837 19.5277C8.2837 19.5277 7.6537 18.8277 7.6537 17.6077V8.3977C7.6537 7.1677 8.2837 6.4677 9.3837 6.4677C10.4737 6.4677 11.1037 7.1777 11.1037 8.3977V12.0677H11.2137L15.4937 7.2577C15.9737 6.6977 16.3337 6.4677 16.9137 6.4677C17.8037 6.4677 18.5137 7.0977 18.5137 7.8877C18.5137 8.3577 18.3937 8.6677 18.0037 9.0877L14.9937 12.3777L18.2837 16.7477C18.5837 17.1877 18.7137 17.5177 18.7137 17.9677C18.7137 18.8677 18.0237 19.5277 17.0637 19.5277C16.4337 19.5277 16.0237 19.2777 15.5537 18.6777L12.4737 14.4677L11.1037 15.9677V17.6877C11.1037 18.8577 10.4437 19.5277 9.3837 19.5277Z","geometry":{"width":26.140625,"height":26.140625}}