{"path":"M0.5045 8.3167C-0.1255 9.0367 -0.2055 10.0367 0.4745 10.7167L4.7045 14.9467C5.3845 15.6267 6.4445 15.5967 7.1245 14.9267L8.9745 13.0867L11.7845 15.8967C12.4545 16.5667 13.5245 16.5667 14.2045 15.8967L16.7245 13.3867C18.6245 17.0067 21.7145 19.0267 25.3245 19.0267C30.5745 19.0267 34.8045 14.7767 34.8045 9.5167C34.8045 4.2267 30.5945 -0.0033 25.3245 -0.0033C21.6145 -0.0033 18.2845 2.0967 16.7045 5.4267H3.9945C3.4445 5.4267 2.8145 5.6067 2.4245 6.0667ZM3.3645 9.5167L4.7845 8.0767H18.8445C19.4445 5.1167 22.1245 2.8667 25.3245 2.8667C28.9745 2.8667 31.9245 5.8367 31.9245 9.5167C31.9245 13.1967 28.9745 16.1367 25.3245 16.1367C22.1445 16.1367 19.4445 13.8767 18.7745 10.4967H15.5045L12.9845 13.0167L10.3945 10.3767H7.5745L5.9345 12.0567ZM25.6045 9.5167C25.6045 10.7367 26.6045 11.7167 27.8045 11.7167C29.0245 11.7167 30.0145 10.7367 30.0145 9.5167C30.0145 8.2867 29.0445 7.3167 27.8045 7.3167C26.6045 7.3167 25.6045 8.2967 25.6045 9.5167Z","geometry":{"width":34.809446274427394,"height":19.03125}}