{"path":"M27.8337 20.863C28.6337 21.343 29.6137 21.153 30.1437 20.343C31.9737 17.633 33.0137 14.163 33.0137 10.553C33.0137 6.943 31.9737 3.473 30.1437 0.783C29.6137 -0.027 28.6337 -0.217 27.8337 0.263C26.9337 0.783 26.8237 1.863 27.4437 2.833C28.8337 4.993 29.6237 7.713 29.6237 10.553C29.6237 13.393 28.8237 16.123 27.4437 18.293C26.8337 19.263 26.9337 20.343 27.8337 20.863ZM9.2837 1.253C4.1137 1.253 0.0037 5.383 0.0037 10.523C0.0037 14.233 2.1337 17.553 5.5237 19.033V31.893C5.5237 32.383 5.6837 32.863 6.0737 33.223L8.5737 35.543C8.9937 35.943 9.7437 35.993 10.2437 35.503L14.5337 31.223C15.0637 30.683 15.0537 29.863 14.5237 29.313L12.3637 27.163L15.5137 24.003C16.0337 23.473 16.0337 22.653 15.4937 22.103L12.5537 19.143C16.4237 17.323 18.5637 14.193 18.5637 10.523C18.5637 5.403 14.4337 1.253 9.2837 1.253ZM21.6737 17.043C22.4337 17.543 23.4037 17.353 23.9137 16.633C25.1037 15.013 25.8037 12.833 25.8037 10.553C25.8037 8.273 25.1037 6.113 23.9137 4.473C23.4037 3.763 22.4337 3.583 21.6737 4.073C20.8237 4.593 20.6337 5.623 21.3237 6.743C22.0237 7.793 22.4037 9.143 22.4037 10.553C22.4037 11.973 22.0137 13.313 21.3237 14.373C20.6337 15.503 20.8237 16.513 21.6737 17.043ZM9.2837 9.463C8.0237 9.463 7.0037 8.433 7.0037 7.163C7.0037 5.893 8.0137 4.883 9.2837 4.883C10.5537 4.883 11.5837 5.903 11.5837 7.163C11.5837 8.433 10.5537 9.463 9.2837 9.463Z","geometry":{"width":33.017578125,"height":35.858768227379606}}