{"path":"M8.3137 34.3174C9.0337 34.9474 10.0337 35.0174 10.7237 34.3274L14.9437 30.1074C15.6237 29.4174 15.6037 28.3674 14.9337 27.6874L13.0837 25.8374L15.9037 23.0274C16.5737 22.3574 16.5737 21.2874 15.9037 20.6074L13.3837 18.0874C17.0037 16.1874 19.0337 13.0974 19.0337 9.4874C19.0337 4.2374 14.7837 -0.0026 9.5137 -0.0026C4.2237 -0.0026 0.0037 4.2274 0.0037 9.4874C0.0037 13.2074 2.0937 16.5474 5.4237 18.0974V30.8174C5.4237 31.3674 5.6037 31.9874 6.0737 32.3874ZM9.5137 31.4474L8.0837 30.0274V15.9774C5.1137 15.3674 2.8737 12.6874 2.8737 9.4874C2.8737 5.8374 5.8337 2.8874 9.5137 2.8874C13.1837 2.8874 16.1337 5.8374 16.1337 9.4874C16.1337 12.6574 13.8737 15.3674 10.5037 16.0374V19.3074L13.0037 21.8374L10.3737 24.4174V27.2374L12.0537 28.8774ZM9.5137 9.2174C10.7337 9.2174 11.7137 8.2174 11.7137 6.9974C11.7137 5.7874 10.7337 4.7974 9.5137 4.7974C8.2837 4.7974 7.3137 5.7874 7.3137 6.9974C7.3137 8.2174 8.3037 9.2174 9.5137 9.2174Z","geometry":{"width":19.03125,"height":34.81590961168291}}