{"path":"M4.8237 26.1377H21.3137C24.4437 26.1377 26.1437 24.4477 26.1437 21.3377V4.7977C26.1437 1.6977 24.4437 -0.0023 21.3137 -0.0023H4.8237C1.7137 -0.0023 0.0037 1.6977 0.0037 4.7977V21.3377C0.0037 24.4477 1.7137 26.1377 4.8237 26.1377ZM5.2137 22.6177C4.1137 22.6177 3.5237 22.0777 3.5237 20.9177V5.2377C3.5237 4.0777 4.1137 3.5277 5.2137 3.5277H20.9337C22.0237 3.5277 22.6137 4.0777 22.6137 5.2377V20.9177C22.6137 22.0777 22.0237 22.6177 20.9337 22.6177ZM7.5237 12.9577C7.5237 13.2977 7.7637 13.5577 8.1037 13.5577H8.9737V18.0577C8.9737 18.8777 9.4837 19.4177 10.2537 19.4177C11.0437 19.4177 11.5837 18.8777 11.5837 18.0577V13.7177H11.9337L15.3637 18.7077C15.6537 19.1577 16.0737 19.4177 16.5337 19.4177C17.2637 19.4177 17.8037 18.9177 17.8037 18.2377C17.8037 17.9377 17.6737 17.5577 17.4637 17.2677L14.6437 13.5577H17.5637C17.9137 13.5577 18.1537 13.2977 18.1537 12.9577C18.1537 12.6077 17.9137 12.3577 17.5637 12.3577H14.6837L17.4637 8.8277C17.6337 8.5977 17.7437 8.2877 17.7437 8.0377C17.7437 7.3877 17.2437 6.9177 16.5337 6.9177C16.1437 6.9177 15.7537 7.1377 15.4637 7.5577L11.9237 12.3277H11.5837V8.2477C11.5837 7.4377 11.0437 6.9077 10.2537 6.9077C9.4737 6.9077 8.9737 7.4377 8.9737 8.2477V12.3577H8.1037C7.7637 12.3577 7.5237 12.6077 7.5237 12.9577Z","geometry":{"width":26.140625,"height":26.140625}}