{"path":"M5.1637 25.0425C6.5637 25.0425 7.5337 24.2125 7.5337 22.6125V12.8925H8.6937L16.0537 23.6925C16.6437 24.6825 17.2237 25.0425 18.1537 25.0425C19.5937 25.0425 20.4237 24.0625 20.4237 22.9725C20.4237 22.4225 20.3337 21.8725 19.8137 21.1525L13.5537 12.8925H20.3737C20.8337 12.8925 21.1937 12.5325 21.1937 12.0825C21.1937 11.6225 20.8337 11.2825 20.3737 11.2825H13.6137L19.8137 3.3925C20.1437 2.9425 20.3137 2.4325 20.3137 1.9425C20.3137 0.7625 19.3637 0.0025 18.1737 0.0025C17.3337 0.0025 16.8037 0.3825 16.2237 1.2025L8.8037 11.2825H7.5337V2.4325C7.5337 0.8025 6.5637 0.0025 5.1637 0.0025C3.7837 0.0025 2.8437 0.8025 2.8437 2.4225V11.2825H0.8037C0.3537 11.2825 0.0037 11.6225 0.0037 12.0825C0.0037 12.5325 0.3537 12.8925 0.8037 12.8925H2.8437V22.6125C2.8437 24.2125 3.7837 25.0425 5.1637 25.0425Z","geometry":{"width":21.19140625,"height":25.046875}}