{"path":"M18.1927 -0.0016C8.1527 -0.0016 0.0027 8.1484 0.0027 18.1984C0.0027 28.2284 8.1527 36.3984 18.1927 36.3984C26.0427 36.3984 32.7427 31.4084 35.2827 24.4184C34.2227 24.7084 33.1127 24.4484 32.3427 23.7784C30.1227 29.4184 24.6227 33.4284 18.1927 33.4284C9.7927 33.4284 2.9627 26.5884 2.9627 18.1984C2.9627 9.7984 9.8027 2.9684 18.1927 2.9684C24.6227 2.9684 30.1327 6.9884 32.3427 12.6284C33.1227 11.9584 34.2227 11.6984 35.3027 11.9884C32.7727 5.0084 26.0627 -0.0016 18.1927 -0.0016ZM18.1927 30.5284C24.9927 30.5284 30.5127 24.9884 30.5127 18.1984C30.5127 11.3984 24.9927 5.8684 18.1927 5.8684C11.4027 5.8684 5.8627 11.3984 5.8627 18.1984C5.8627 24.9884 11.4027 30.5284 18.1927 30.5284ZM18.1927 27.2384C13.2027 27.2384 9.1627 23.1784 9.1627 18.1984C9.1627 13.2084 13.2027 9.1584 18.1927 9.1584C23.1727 9.1584 27.2327 13.2084 27.2327 18.1984C27.2327 23.1784 23.1727 27.2384 18.1927 27.2384ZM16.0527 23.6684H21.2327C22.0527 23.6684 22.5827 23.1984 22.5827 22.4084C22.5827 21.6184 22.0527 21.1384 21.2327 21.1384H17.6827V14.2284C17.6827 13.1084 17.0927 12.4384 16.0527 12.4384C15.0227 12.4384 14.4527 13.1284 14.4527 14.2284V21.8884C14.4527 22.9984 15.0227 23.6684 16.0527 23.6684ZM35.3327 14.3984C34.4627 13.7584 33.4327 14.1384 33.4327 15.1984V21.1784C33.4327 22.2984 34.4827 22.6584 35.3327 22.0084L39.2827 19.0084C39.8127 18.5784 39.8227 17.8184 39.2827 17.3884Z","geometry":{"width":39.684342395110605,"height":36.39453125}}