{"path":"M14.3927 4.3684C13.7527 5.2184 14.1327 6.2684 15.2127 6.2684H21.1827C22.3027 6.2684 22.6527 5.2184 22.0127 4.3684L19.0027 0.4184C18.5827 -0.1316 17.8127 -0.1416 17.3927 0.4184ZM18.1927 39.6984C28.2327 39.6984 36.3927 31.5284 36.3927 21.4984C36.3927 13.6484 31.4027 6.9384 24.4227 4.4084C24.7027 5.4784 24.4427 6.5684 23.7727 7.3484C29.4227 9.5584 33.4327 15.0684 33.4327 21.4984C33.4327 29.8884 26.5927 36.7284 18.1927 36.7284C9.8027 36.7284 2.9627 29.8884 2.9627 21.4984C2.9627 15.0584 6.9827 9.5584 12.6327 7.3484C11.9627 6.5684 11.7127 5.4584 12.0027 4.3984C5.0027 6.9184 0.0027 13.6184 0.0027 21.4984C0.0027 31.5284 8.1527 39.6984 18.1927 39.6984ZM18.1927 33.8284C24.9927 33.8284 30.5327 28.2884 30.5327 21.4984C30.5327 14.6984 24.9927 9.1684 18.1927 9.1684C11.4027 9.1684 5.8627 14.6984 5.8627 21.4984C5.8627 28.2884 11.4027 33.8284 18.1927 33.8284ZM18.1927 30.5384C13.2027 30.5384 9.1627 26.4784 9.1627 21.4984C9.1627 16.5084 13.2027 12.4584 18.1927 12.4584C23.1827 12.4584 27.2327 16.5084 27.2327 21.4984C27.2327 26.4784 23.1827 30.5384 18.1927 30.5384ZM16.0527 26.9684H21.2327C22.0527 26.9684 22.5827 26.4984 22.5827 25.7084C22.5827 24.9184 22.0527 24.4384 21.2327 24.4384H17.6827V17.5284C17.6827 16.4084 17.0927 15.7384 16.0527 15.7384C15.0227 15.7384 14.4527 16.4284 14.4527 17.5284V25.1884C14.4527 26.2984 15.0227 26.9684 16.0527 26.9684Z","geometry":{"width":36.39453125,"height":39.6945959008487}}