{"path":"M11.2927 1.9001L14.2827 5.8501C14.7127 6.4101 15.4727 6.4001 15.9027 5.8501L18.9127 1.9001C19.5527 1.0701 19.1927 0.0001 18.0727 0.0001H12.1127C11.0327 0.0001 10.6527 1.0501 11.2927 1.9001ZM15.1027 27.1001C24.3927 27.1001 30.2127 22.9401 30.2127 17.3901C30.2127 11.8301 24.3727 7.7001 15.0927 7.7001C5.8227 7.7001 0.0027 11.8301 0.0027 17.3901C0.0027 22.9401 5.8227 27.1001 15.1027 27.1001ZM15.1027 23.7201C8.2627 23.7201 3.6827 21.1801 3.6827 17.3901C3.6827 13.6201 8.2627 11.0601 15.0927 11.0601C21.9427 11.0601 26.5227 13.6201 26.5227 17.3901C26.5227 21.1801 21.9527 23.7201 15.1027 23.7201ZM13.4627 21.6201H17.4627C18.2127 21.6201 18.6927 21.1601 18.6927 20.4501C18.6927 19.7401 18.2127 19.3001 17.4627 19.3001H14.8927V14.1601C14.8927 13.1901 14.3527 12.5901 13.4627 12.5901C12.5627 12.5901 12.0327 13.1801 12.0327 14.1601V20.0401C12.0327 21.0101 12.5627 21.6201 13.4627 21.6201ZM15.1027 33.7301C18.9727 33.7301 21.3827 31.9101 21.3827 28.8201V28.4801C19.4727 28.9301 17.3627 29.1601 15.1027 29.1601C12.8527 29.1601 10.7327 28.9301 8.8327 28.4801V28.8201C8.8327 31.9101 11.2427 33.7301 15.1027 33.7301Z","geometry":{"width":30.21484375,"height":33.728515625}}