{"path":"M11.7627 26.1377H21.6527C29.9127 26.1377 33.4127 22.5277 33.4127 14.4277V4.7977C33.4127 1.6977 31.7027 -0.0023 28.5927 -0.0023H4.8227C1.7127 -0.0023 0.0027 1.6977 0.0027 4.7977V14.4277C0.0027 22.5277 3.5027 26.1377 11.7627 26.1377ZM11.8927 22.5977C6.0327 22.5977 3.5227 20.0977 3.5227 14.4477V5.2377C3.5227 4.1277 4.1427 3.5277 5.2127 3.5277H28.1927C29.2727 3.5277 29.8827 4.1277 29.8827 5.2377V14.4477C29.8827 20.0977 27.3827 22.5977 21.5227 22.5977ZM14.3127 19.1377H20.0427C20.9627 19.1377 21.5427 18.6377 21.5427 17.7477C21.5427 16.8677 20.9627 16.3477 20.0427 16.3477H16.1027V8.7077C16.1027 7.4777 15.4527 6.7277 14.3127 6.7277C13.1827 6.7277 12.5327 7.4777 12.5327 8.7077V17.1677C12.5327 18.3877 13.1827 19.1377 14.3127 19.1377Z","geometry":{"width":33.4140625,"height":26.140625}}