{"path":"M4.8237 26.1377H21.3137C24.4437 26.1377 26.1437 24.4477 26.1437 21.3377V4.7977C26.1437 1.6977 24.4437 -0.0023 21.3137 -0.0023H4.8237C1.7137 -0.0023 0.0037 1.6977 0.0037 4.7977V21.3377C0.0037 24.4477 1.7137 26.1377 4.8237 26.1377ZM5.2137 22.6177C4.1137 22.6177 3.5237 22.0777 3.5237 20.9177V5.2377C3.5237 4.0777 4.1137 3.5277 5.2137 3.5277H20.9337C22.0237 3.5277 22.6137 4.0777 22.6137 5.2377V20.9177C22.6137 22.0777 22.0237 22.6177 20.9337 22.6177ZM10.6737 19.1177H16.4037C17.3237 19.1177 17.9137 18.5977 17.9137 17.7077C17.9137 16.8277 17.3237 16.3077 16.4037 16.3077H12.4737V8.6677C12.4737 7.4377 11.8137 6.6877 10.6737 6.6877C9.5437 6.6877 8.9037 7.4377 8.9037 8.6677V17.1277C8.9037 18.3477 9.5437 19.1177 10.6737 19.1177Z","geometry":{"width":26.140625,"height":26.140625}}