{"path":"M4.8237 26.1377H21.3137C24.4437 26.1377 26.1437 24.4477 26.1437 21.3377V4.7977C26.1437 1.6977 24.4437 -0.0023 21.3137 -0.0023H4.8237C1.7137 -0.0023 0.0037 1.6977 0.0037 4.7977V21.3377C0.0037 24.4477 1.7137 26.1377 4.8237 26.1377ZM10.6237 19.4377C9.4037 19.4377 8.7337 18.6377 8.7337 17.3177V8.4677C8.7337 7.1477 9.4037 6.3477 10.6237 6.3477C11.8437 6.3477 12.5337 7.1477 12.5337 8.4677V16.4577H16.6537C17.6237 16.4577 18.2537 17.0077 18.2537 17.9377C18.2537 18.8977 17.6237 19.4377 16.6537 19.4377Z","geometry":{"width":26.140625,"height":26.140625}}