{"path":"M11.7627 26.1377H21.6527C29.9127 26.1377 33.4127 22.5277 33.4127 14.4277V4.7977C33.4127 1.6977 31.7027 -0.0023 28.5927 -0.0023H4.8227C1.7127 -0.0023 0.0027 1.6977 0.0027 4.7977V14.4277C0.0027 22.5277 3.5027 26.1377 11.7627 26.1377ZM11.8927 22.5977C6.0327 22.5977 3.5227 20.0977 3.5227 14.4477V5.2377C3.5227 4.1277 4.1427 3.5277 5.2127 3.5277H28.1927C29.2727 3.5277 29.8827 4.1277 29.8827 5.2377V14.4477C29.8827 20.0977 27.3827 22.5977 21.5227 22.5977ZM10.9927 18.8977H16.5027C17.3627 18.8977 17.9127 18.4177 17.9127 17.5777C17.9127 16.7477 17.3627 16.2677 16.5027 16.2677H12.6727V8.8477C12.6727 7.6877 12.0627 6.9877 10.9927 6.9877C9.9127 6.9877 9.3227 7.6977 9.3227 8.8477V17.0377C9.3227 18.1977 9.9227 18.8977 10.9927 18.8977ZM22.6927 19.2077C23.6627 19.2077 24.2927 18.6577 24.2927 17.5277V8.6777C24.2927 7.6577 23.5727 6.9977 22.5027 6.9977C21.8027 6.9977 21.2727 7.1777 20.5327 7.6677L18.4027 9.0777C17.9527 9.3777 17.7427 9.7077 17.7427 10.1977C17.7427 10.8177 18.1927 11.3077 18.8127 11.3077C19.0827 11.3077 19.2627 11.2677 19.6327 11.0077L21.0027 10.1177H21.1127V17.5277C21.1127 18.6577 21.7227 19.2077 22.6927 19.2077Z","geometry":{"width":33.4140625,"height":26.140625}}