{"path":"M11.7627 26.1377H21.6527C29.9127 26.1377 33.4127 22.5277 33.4127 14.4277V4.7977C33.4127 1.6977 31.7027 -0.0023 28.5927 -0.0023H4.8227C1.7127 -0.0023 0.0027 1.6977 0.0027 4.7977V14.4277C0.0027 22.5277 3.5027 26.1377 11.7627 26.1377ZM10.6927 19.2077C9.5527 19.2077 8.9127 18.4477 8.9127 17.2277V8.6377C8.9127 7.4077 9.5427 6.6677 10.6927 6.6677C11.8127 6.6677 12.4727 7.4077 12.4727 8.6377V16.4077H16.4727C17.3927 16.4077 17.9827 16.9077 17.9827 17.7977C17.9827 18.6877 17.3927 19.2077 16.4727 19.2077ZM23.0127 19.5377C22.0027 19.5377 21.3427 18.9477 21.3427 17.7477V9.9777H21.2227L19.7927 10.9277C19.3827 11.1977 19.2127 11.2277 18.9227 11.2277C18.2627 11.2277 17.8027 10.7077 17.8027 10.0577C17.8027 9.5477 18.0027 9.1977 18.5027 8.8777L20.7227 7.3877C21.5027 6.8677 22.0827 6.6677 22.8227 6.6677C23.9527 6.6677 24.7227 7.3877 24.7227 8.4677V17.7477C24.7227 18.9477 24.0527 19.5377 23.0127 19.5377Z","geometry":{"width":33.4140625,"height":26.140625}}