{"path":"M14.0541 33.5224C22.5141 33.5224 28.1541 30.9124 28.0941 26.9424C28.0941 26.8624 28.0941 26.7924 28.0941 26.7424C27.9841 22.9724 24.6541 18.4124 20.4141 16.2524C19.6741 14.0024 17.7841 12.3024 15.5141 11.7824V8.3524C18.5641 7.8324 20.9741 5.7324 21.2341 3.0924C21.3441 1.8724 20.7041 1.0224 19.4041 0.6524C16.2041 -0.2176 11.9541 -0.2176 8.7541 0.6524C7.4541 1.0224 6.8041 1.8724 6.9141 3.0924C7.1741 5.7324 9.5841 7.8324 12.6341 8.3524V11.7724C10.3541 12.2724 8.4241 13.9724 7.6941 16.2524C3.4641 18.4124 0.1341 22.9324 0.0041 26.7024C0.0041 26.7824 0.0041 26.8624 0.0041 26.9424C-0.0559 30.9124 5.5741 33.5224 14.0541 33.5224ZM14.0641 6.0524C11.7341 6.0524 9.8041 4.8924 9.4041 3.1724C9.3941 3.0624 9.4441 2.9824 9.5741 2.9424C12.4741 2.2424 15.6241 2.2324 18.5841 2.9424C18.7041 2.9824 18.7541 3.0624 18.7441 3.1724C18.3441 4.8924 16.4041 6.0524 14.0641 6.0524ZM14.0541 20.3524C10.6941 20.3524 7.7841 20.7724 5.4841 21.5024C6.7941 20.1024 8.4741 18.9124 10.2241 18.2624C10.3341 16.0924 12.0041 14.4924 14.0541 14.4924C16.1041 14.4924 17.7641 16.0924 17.8741 18.2624C19.6241 18.9124 21.3041 20.1024 22.6141 21.5024C20.3341 20.7724 17.4141 20.3524 14.0541 20.3524ZM14.0541 23.1924C20.7141 23.1924 25.2241 24.7324 25.2541 26.9224V26.9424C25.2541 29.1324 20.7441 30.6924 14.0541 30.6924C7.3741 30.6924 2.8541 29.1324 2.8441 26.9424C2.8541 24.7424 7.3741 23.1924 14.0541 23.1924ZM14.0541 28.1524C16.6141 28.1524 18.9241 26.7324 19.1141 24.9424C17.6141 24.7024 15.8841 24.5524 14.0541 24.5524C12.2241 24.5524 10.4841 24.7024 8.9941 24.9424C9.1741 26.7324 11.4841 28.1524 14.0541 28.1524Z","geometry":{"width":28.09649252170708,"height":33.5234375}}