{"path":"M4.5472 34.6587H17.1072C17.8672 34.6587 18.3672 34.1087 18.3672 33.3487C18.3672 32.0187 17.2872 31.0987 15.7072 31.0987H12.3772V19.1687C14.9272 19.1087 17.3572 18.9387 19.4072 18.6187C21.4172 18.3387 22.0872 16.8187 21.3872 14.6587L17.7372 3.2287C17.0472 1.0487 15.2972 -0.0013 12.8072 -0.0013H8.8572C6.3672 -0.0013 4.6172 1.0487 3.9172 3.2287L0.2672 14.6587C-0.4328 16.8187 0.2372 18.3387 2.2672 18.6187C4.2972 18.9387 6.7372 19.1087 9.2872 19.1687V31.0987H5.9572C4.3672 31.0987 3.2972 32.0187 3.2972 33.3487C3.2972 34.1087 3.8072 34.6587 4.5472 34.6587Z","geometry":{"width":21.657137351394752,"height":34.658203125}}