{"path":"M4.7049 34.8091H17.2749C18.0149 34.8091 18.5149 34.2591 18.5149 33.4991C18.5149 32.1691 17.4549 31.2491 15.8649 31.2491H12.5449V19.4791C15.0749 19.4291 17.5049 19.2491 19.5849 18.9391C21.7049 18.6191 22.4249 17.0091 21.7049 14.7491L18.0549 3.3191C17.3249 1.0891 15.5249 -0.0009 12.9649 -0.0009H9.0049C6.4449 -0.0009 4.6349 1.0891 3.9249 3.3191L0.2749 14.7491C-0.4551 17.0091 0.2749 18.6191 2.3949 18.9391C4.4649 19.2491 6.9049 19.4291 9.4549 19.4791V31.2491H6.1149C4.5349 31.2491 3.4649 32.1691 3.4649 33.4991C3.4649 34.2591 3.9549 34.8091 4.7049 34.8091ZM10.9849 16.6291C8.4549 16.6291 5.9749 16.4891 3.5749 16.1991C3.0549 16.1591 2.9749 15.8291 3.1349 15.2891L6.5549 4.4191C6.8849 3.3591 7.7549 2.8591 9.0049 2.8591H12.9649C14.2249 2.8591 15.0849 3.3591 15.4149 4.4191L18.8449 15.2891C19.0049 15.8291 18.9249 16.1591 18.4049 16.1991C15.9849 16.4891 13.5249 16.6291 10.9849 16.6291Z","geometry":{"width":21.974786539444317,"height":34.80859375}}