{"path":"M0.0037 20.7573C0.0037 21.7273 0.7937 22.5173 1.7637 22.5173C2.7337 22.5173 3.5237 21.7273 3.5237 20.7573V1.7673C3.5237 0.7973 2.7337 -0.0027 1.7637 -0.0027C0.7937 -0.0027 0.0037 0.7973 0.0037 1.7673ZM22.6137 20.7573C22.6137 21.7273 23.4037 22.5173 24.3737 22.5173C25.3437 22.5173 26.1437 21.7273 26.1437 20.7573V1.7673C26.1437 0.7973 25.3437 -0.0027 24.3737 -0.0027C23.4037 -0.0027 22.6137 0.7973 22.6137 1.7673Z","geometry":{"width":26.140625,"height":22.517578125}}