{"path":"M0.0037 25.2702C0.0037 28.4002 1.6937 30.0902 4.8037 30.0902H17.7037C20.7937 30.0902 22.4937 28.4002 22.4937 25.2702V4.8302C22.4937 1.7102 20.7937 0.0002 17.7037 0.0002H4.8037C1.6937 0.0002 0.0037 1.7102 0.0037 4.8302ZM3.5237 24.8802V5.2202C3.5237 4.1202 4.0637 3.5302 5.2237 3.5302H17.2637C18.4337 3.5302 18.9637 4.1202 18.9637 5.2202V24.8802C18.9637 25.9802 18.4337 26.5602 17.2637 26.5602H5.2237C4.0637 26.5602 3.5237 25.9802 3.5237 24.8802ZM8.1337 6.7302H14.3737C14.9037 6.7302 15.3437 6.2802 15.3437 5.7402C15.3437 5.2202 14.9037 4.7702 14.3737 4.7702H8.1337C7.6037 4.7702 7.1637 5.2202 7.1637 5.7402C7.1637 6.2802 7.6037 6.7302 8.1337 6.7302Z","geometry":{"width":22.490234375,"height":30.091796875}}