{"path":"M0.0037 25.2702C0.0037 28.4002 1.6937 30.0902 4.8037 30.0902H17.7037C20.7937 30.0902 22.4937 28.4002 22.4937 25.2702V4.8302C22.4937 1.7102 20.7937 0.0002 17.7037 0.0002H4.8037C1.6937 0.0002 0.0037 1.7102 0.0037 4.8302ZM7.9937 5.0902C7.4537 5.0902 7.0037 4.6302 7.0037 4.0902C7.0037 3.5502 7.4537 3.0902 7.9937 3.0902H14.4937C15.0537 3.0902 15.4937 3.5502 15.4937 4.0902C15.4937 4.6302 15.0437 5.0902 14.4937 5.0902Z","geometry":{"width":22.490234375,"height":30.091796875}}