{"path":"M2.0637 23.9577H25.4937C25.1537 23.3677 24.9737 22.6577 24.9737 21.9177C24.9737 21.2077 25.1437 20.6577 25.5937 19.8277H8.3137V4.7477C8.3137 3.9077 8.7237 3.5277 9.5337 3.5277H32.1837C32.9937 3.5277 33.4037 3.9077 33.4037 4.7477V7.4677C33.9337 7.1877 34.5337 7.0277 35.1637 7.0277C35.7937 7.0277 36.3937 7.1777 36.9237 7.4677V3.8877C36.9237 1.3977 35.5237 -0.0023 33.0337 -0.0023H8.6837C6.2437 -0.0023 4.7837 1.3977 4.7837 3.8877V19.8277H2.0637C0.9437 19.8277 0.0037 20.7577 0.0037 21.8877C0.0037 23.0277 0.9437 23.9577 2.0637 23.9577ZM29.2537 23.9677H41.0737C42.3037 23.9677 43.1337 23.0277 43.1337 21.9177C43.1337 21.5777 43.0537 21.2177 42.8637 20.9077L36.9437 10.3077C36.5337 9.5877 35.8637 9.2577 35.1737 9.2577C34.4637 9.2577 33.7837 9.6077 33.3837 10.3077L27.4837 20.9077C27.2937 21.2177 27.2037 21.5777 27.2037 21.9177C27.2037 23.0277 28.0237 23.9677 29.2537 23.9677ZM35.1637 18.4277C34.5537 18.4277 34.1137 18.0177 34.0837 17.4177L33.9737 13.7977C33.9437 13.1077 34.4437 12.6177 35.1637 12.6177C35.8937 12.6177 36.3837 13.0977 36.3637 13.7977L36.2437 17.4177C36.2337 18.0177 35.7837 18.4277 35.1637 18.4277ZM35.1637 21.9177C34.3837 21.9177 33.7937 21.3377 33.7937 20.5877C33.7937 19.8377 34.3837 19.2777 35.1637 19.2777C35.9437 19.2777 36.5437 19.8477 36.5437 20.5877C36.5437 21.3377 35.9537 21.9177 35.1637 21.9177Z","geometry":{"width":43.134765625,"height":23.966796875}}