{"path":"M0.0037 21.8877C0.0037 23.0277 0.9437 23.9577 2.0637 23.9577H39.6437C40.7737 23.9577 41.7137 23.0277 41.7137 21.8877C41.7137 20.7577 40.7737 19.8277 39.6437 19.8277H36.9237V3.8877C36.9237 1.3977 35.5237 -0.0023 33.0337 -0.0023H8.6837C6.2437 -0.0023 4.7837 1.3977 4.7837 3.8877V19.8277H2.0637C0.9437 19.8277 0.0037 20.7577 0.0037 21.8877ZM8.3137 19.8277V4.7477C8.3137 3.9077 8.7237 3.5277 9.5337 3.5277H32.1837C32.9937 3.5277 33.4037 3.9077 33.4037 4.7477V19.8277Z","geometry":{"width":41.712890625,"height":23.953125}}