{"path":"M4.8237 26.1377H21.3137C24.4437 26.1377 26.1437 24.4477 26.1437 21.3377V4.7977C26.1437 1.6977 24.4437 -0.0023 21.3137 -0.0023H4.8237C1.7137 -0.0023 0.0037 1.6977 0.0037 4.7977V21.3377C0.0037 24.4477 1.7137 26.1377 4.8237 26.1377ZM5.2137 22.6177C4.1137 22.6177 3.5237 22.0777 3.5237 20.9177V5.2377C3.5237 4.0777 4.1137 3.5277 5.2137 3.5277H20.9337C22.0237 3.5277 22.6137 4.0777 22.6137 5.2377V20.9177C22.6137 22.0777 22.0237 22.6177 20.9337 22.6177ZM8.8037 19.2377H16.8337C17.5137 19.2377 17.9737 18.7977 17.9737 18.1577C17.9737 17.5177 17.5037 17.0777 16.8337 17.0777H14.6437C12.1937 17.0777 10.2137 15.2977 10.2137 12.8777C10.2137 11.3977 10.6937 10.3477 11.5437 9.7577V12.5277C11.5437 12.8677 11.8037 13.1077 12.1237 13.1077C12.4837 13.1077 12.7237 12.8677 12.7237 12.5277V9.3277C12.9037 9.2977 13.0837 9.2877 13.2437 9.2877C13.4237 9.2877 13.5937 9.2977 13.7237 9.3277V12.5277C13.7237 12.8677 13.9737 13.1077 14.3237 13.1077C14.6737 13.1077 14.9137 12.8677 14.9137 12.5277V9.7977C15.6237 10.3177 16.0637 11.1577 16.1237 12.1577C16.1837 12.7977 16.5937 13.2377 17.3037 13.2377C18.0437 13.2377 18.4837 12.7577 18.4837 12.0677C18.4737 10.2277 17.2837 8.0077 14.9137 7.3177V6.2177C14.9137 5.8777 14.6737 5.6377 14.3237 5.6377C13.9737 5.6377 13.7237 5.8777 13.7237 6.2177V7.0777C13.5737 7.0677 13.4137 7.0577 13.2637 7.0577C13.0837 7.0577 12.9037 7.0677 12.7237 7.0777V6.2177C12.7237 5.8777 12.4837 5.6377 12.1237 5.6377C11.7837 5.6377 11.5437 5.8777 11.5437 6.2177V7.2977C9.2237 7.9677 7.7937 9.9777 7.7937 12.5077C7.7937 14.5177 8.6937 16.2177 10.0037 17.1277H8.8037C8.1437 17.1277 7.6937 17.5677 7.6937 18.1877C7.6937 18.8077 8.1337 19.2377 8.8037 19.2377Z","geometry":{"width":26.140625,"height":26.140625}}