{"path":"M1.9453 27.3836H20.2353C21.5153 27.3836 22.2353 26.6636 22.2353 25.4936C22.2353 24.3936 21.5153 23.6136 20.2353 23.6136H13.8753C8.6853 23.6136 4.4453 19.7936 4.4453 14.6136C4.4253 10.9336 6.1953 8.4736 8.7253 7.3836V13.8936C8.7253 14.3736 9.0653 14.7136 9.5253 14.7136C9.9953 14.7136 10.3453 14.3736 10.3453 13.8936V6.8936C10.8853 6.7836 11.4253 6.7236 12.0053 6.7236C12.5953 6.7236 13.1653 6.7936 13.6953 6.9036V13.8936C13.6953 14.3736 14.0553 14.7136 14.5153 14.7136C14.9853 14.7136 15.3253 14.3736 15.3253 13.8936V7.4236C17.5853 8.4636 19.0953 10.5136 19.3153 12.9636C19.4653 13.9636 20.1253 14.9136 21.3653 14.9136C22.6653 14.9136 23.4353 14.0936 23.4353 12.9036C23.4153 8.9836 20.4553 4.7036 15.3253 3.3736V0.8336C15.3253 0.3536 14.9753 0.0036 14.5153 0.0036C14.0553 0.0036 13.6953 0.3536 13.6953 0.8336V3.0636C13.1353 2.9936 12.5553 2.9536 11.9453 2.9536C11.4053 2.9536 10.8653 2.9836 10.3453 3.0336V0.8336C10.3453 0.3536 9.9953 0.0036 9.5253 0.0036C9.0653 0.0036 8.7253 0.3536 8.7253 0.8336V3.3336C3.7353 4.5536 0.1653 8.6036 0.1653 13.8536C0.1653 18.4836 2.5153 22.1036 5.5953 23.6436V23.7636H1.9453C0.6953 23.7636 -0.0047 24.5036 -0.0047 25.5636C-0.0047 26.6836 0.6953 27.3836 1.9453 27.3836Z","geometry":{"width":23.43359375,"height":27.384765625}}