{"path":"M28.7537 5.4262C31.8437 5.4262 33.5137 7.0862 33.5137 10.1562V12.7462H27.4537V12.5362C27.3437 11.5762 26.6737 11.0162 25.6237 11.0162H22.3637C21.3037 11.0162 20.6437 11.5762 20.5237 12.5362V12.7462H12.9837V12.5362C12.8637 11.5762 12.1937 11.0162 11.1437 11.0162H7.8937C6.8237 11.0162 6.1637 11.5762 6.0437 12.5362V12.7462H0.0037V10.1562C0.0037 7.0862 1.6637 5.4262 4.7737 5.4262H9.2037V3.8862C9.2037 1.2762 10.7337 -0.0038 13.3937 -0.0038H20.0937C22.8437 -0.0038 24.3237 1.2762 24.3237 3.8862V5.4262ZM12.3037 4.1562V5.4262H21.2037V4.1562C21.2037 3.2862 20.7137 2.8062 19.8237 2.8062H13.7037C12.7937 2.8062 12.3037 3.2862 12.3037 4.1562ZM0.0037 15.5562H6.0437V15.7662C6.1637 16.7162 6.8237 17.2862 7.8937 17.2862H11.1437C12.1937 17.2862 12.8637 16.7162 12.9837 15.7662V15.5562H20.5237V15.7662C20.6437 16.7162 21.3037 17.2862 22.3637 17.2862H25.6237C26.6737 17.2862 27.3437 16.7162 27.4537 15.7662V15.5562H33.5137V23.6962C33.5137 26.7662 31.8437 28.4262 28.7537 28.4262H4.7737C1.6637 28.4262 0.0037 26.7662 0.0037 23.6962Z","geometry":{"width":33.509765625,"height":28.423828125}}