{"path":"M4.7737 28.4262H28.7537C31.8437 28.4262 33.5137 26.7662 33.5137 23.6962V10.1562C33.5137 7.0862 31.8437 5.4262 28.7537 5.4262H24.3237V3.8862C24.3237 1.2762 22.8437 -0.0038 20.0937 -0.0038H13.3937C10.7337 -0.0038 9.2037 1.2762 9.2037 3.8862V5.4262H4.7737C1.6637 5.4262 0.0037 7.0862 0.0037 10.1562V23.6962C0.0037 26.7662 1.6637 28.4262 4.7737 28.4262ZM12.3037 4.1562C12.3037 3.2862 12.7937 2.8062 13.7037 2.8062H19.8237C20.7137 2.8062 21.2037 3.2862 21.2037 4.1562V5.4262H12.3037ZM24.9737 11.0162H21.7237C20.5937 11.0162 19.9037 11.6462 19.8337 12.7462H13.6537C13.6037 11.6662 12.9037 11.0162 11.7837 11.0162H8.5337C7.3937 11.0162 6.7137 11.6462 6.6437 12.7462H3.5237V10.1962C3.5237 9.2162 4.0437 8.7062 4.9937 8.7062H28.5237C29.4737 8.7062 29.9837 9.2162 29.9837 10.1962V12.7462H26.8637C26.7937 11.6662 26.1137 11.0162 24.9737 11.0162ZM4.9937 25.1462C4.0437 25.1462 3.5237 24.6362 3.5237 23.6562V15.5562H6.6437C6.7137 16.6362 7.3837 17.2862 8.5337 17.2862H11.7837C12.9037 17.2862 13.6037 16.6562 13.6537 15.5562H19.8337C19.9037 16.6362 20.5937 17.2862 21.7237 17.2862H24.9737C26.1137 17.2862 26.7937 16.6562 26.8637 15.5562H29.9837V23.6562C29.9837 24.6362 29.4737 25.1462 28.5237 25.1462Z","geometry":{"width":33.509765625,"height":28.423828125}}