{"path":"M11.7627 26.1377H21.6527C29.9127 26.1377 33.4127 22.5277 33.4127 14.4277V4.7977C33.4127 1.6977 31.7027 -0.0023 28.5927 -0.0023H4.8227C1.7127 -0.0023 0.0027 1.6977 0.0027 4.7977V14.4277C0.0027 22.5277 3.5027 26.1377 11.7627 26.1377ZM11.8927 22.5977C6.0327 22.5977 3.5227 20.0977 3.5227 14.4477V5.2377C3.5227 4.1277 4.1427 3.5277 5.2127 3.5277H28.1927C29.2727 3.5277 29.8827 4.1277 29.8827 5.2377V14.4477C29.8827 20.0977 27.3827 22.5977 21.5227 22.5977ZM8.9527 18.8977H14.4827C15.3227 18.8977 15.8827 18.3977 15.8827 17.5677C15.8827 16.7477 15.3227 16.2577 14.4827 16.2577H10.6327V8.8477C10.6327 7.6877 10.0227 6.9877 8.9527 6.9877C7.8927 6.9877 7.2827 7.6877 7.2827 8.8477V17.0377C7.2827 18.1877 7.8927 18.8977 8.9527 18.8977ZM19.1527 18.8977H23.1827C25.6727 18.8977 27.3527 17.5977 27.3527 15.6577C27.3527 14.0277 26.3227 12.9477 24.5727 12.7277V12.6377C25.9127 12.3777 26.7827 11.3577 26.7827 10.0477C26.7827 8.2877 25.3627 7.1677 23.0827 7.1677H19.1527C18.0027 7.1677 17.3927 7.7977 17.3927 8.9377V17.1177C17.3927 18.2777 17.9927 18.8977 19.1527 18.8977ZM20.3127 11.9477V9.1477H22.1927C23.2327 9.1477 23.8827 9.6777 23.8827 10.5277C23.8827 11.4277 23.1627 11.9477 21.8427 11.9477ZM20.3127 16.8177V13.7277H22.3427C23.5727 13.7277 24.2927 14.3177 24.2927 15.2877C24.2927 16.3077 23.5327 16.8177 21.9727 16.8177Z","geometry":{"width":33.4140625,"height":26.140625}}