{"path":"M11.7627 26.1377H21.6527C29.9127 26.1377 33.4127 22.5277 33.4127 14.4277V4.7977C33.4127 1.6977 31.7027 -0.0023 28.5927 -0.0023H4.8227C1.7127 -0.0023 0.0027 1.6977 0.0027 4.7977V14.4277C0.0027 22.5277 3.5027 26.1377 11.7627 26.1377ZM8.5427 19.1977C7.3927 19.1977 6.7627 18.4477 6.7627 17.2177V8.6377C6.7627 7.4077 7.3927 6.6577 8.5427 6.6577C9.6827 6.6577 10.3327 7.4077 10.3327 8.6377V16.4077H14.3327C15.2427 16.4077 15.8327 16.9077 15.8327 17.7877C15.8327 18.6777 15.2627 19.1977 14.3327 19.1977ZM19.3027 19.2077C18.0627 19.2077 17.4227 18.5477 17.4227 17.3077V8.7477C17.4227 7.5177 18.0727 6.8677 19.3027 6.8677H23.4227C25.8227 6.8677 27.3327 8.0377 27.3327 9.8977C27.3327 11.2677 26.4127 12.3277 24.9927 12.6077V12.6977C26.8227 12.9377 27.9327 14.0977 27.9327 15.7777C27.9327 17.8277 26.1527 19.2077 23.5427 19.2077ZM20.5227 11.8777H22.1227C23.4927 11.8777 24.2427 11.3377 24.2427 10.4077C24.2427 9.5177 23.5527 8.9677 22.4727 8.9677H20.5227ZM20.5127 16.9777H22.2427C23.8827 16.9777 24.6627 16.4577 24.6627 15.3977C24.6627 14.3677 23.9127 13.7677 22.6227 13.7677H20.5127Z","geometry":{"width":33.4140625,"height":26.140625}}