{"path":"M0.0027 6.1619C0.0027 16.6819 6.3527 23.6019 16.0527 23.6019C19.5627 23.6019 22.5727 22.4219 24.6627 20.4119C25.2627 21.8519 25.6227 23.4619 26.1827 25.2619C26.4327 26.0619 27.0327 26.4719 27.7427 26.4719C29.0127 26.4719 30.0327 25.2919 30.0327 23.9219C30.0327 22.3119 28.6127 19.7519 26.8927 17.2419C27.4827 15.9119 27.7927 14.4419 27.7927 12.8419C27.7927 6.7819 22.8727 2.3919 16.1027 2.3919C13.8127 2.3919 11.5527 3.0219 9.1227 3.0219C7.0827 3.0219 5.4527 2.3919 4.0927 0.8519C2.9527 -0.4781 0.9027 -0.2781 0.4327 1.6419C0.0827 3.0119 0.0027 5.4119 0.0027 6.1619ZM8.0827 9.7219C8.8627 12.1019 11.4827 13.4519 14.9727 14.2619C19.4727 15.2819 21.3427 16.1219 22.8827 17.7419C21.3727 19.4519 18.9727 20.4619 16.0527 20.4619C8.1227 20.4619 3.1327 14.9419 3.1327 6.1619C3.1327 5.6619 3.1427 5.0719 3.2027 4.6319C3.2127 4.3619 3.3627 4.3319 3.5527 4.4519C5.0427 5.5219 7.1627 6.1519 9.1227 6.1519C10.6327 6.1519 12.0027 5.9619 13.2227 5.7919C14.3027 5.6319 15.2127 5.5219 16.1027 5.5219C21.1327 5.5219 24.6627 8.5619 24.6627 12.8419C24.6627 13.4519 24.5927 14.0419 24.4727 14.5919C22.5327 13.1919 19.7427 12.3219 15.9027 11.7419C12.8427 11.2819 10.7427 10.6219 9.4227 8.9819C8.7927 8.2619 7.7627 8.7619 8.0827 9.7219Z","geometry":{"width":30.037109375,"height":26.468599121843603}}