{"path":"M0.4227 1.0418C0.1227 2.4418 0.0027 4.3218 0.0027 5.6018C0.0027 16.1718 6.3427 23.1418 16.0227 23.1418C20.6827 23.1418 23.4627 21.1518 24.9327 19.5818C26.0127 21.1818 26.5827 22.8218 27.2727 25.0218C27.5127 25.7318 28.0227 26.0718 28.6327 26.0718C29.7927 26.0718 30.7327 25.0618 30.7327 23.7218C30.7327 21.7618 27.8627 18.3518 26.3827 16.9818C20.1227 11.1518 10.6627 14.7218 8.4327 8.5418C8.2827 8.1618 8.6927 7.9118 9.0127 8.2318C13.7827 13.3718 20.2327 9.1418 26.0727 14.4918C26.7127 15.0618 27.5127 14.8018 27.6327 14.1118C27.7027 13.7218 27.7427 13.1018 27.7427 12.4418C27.7427 5.6918 23.1027 2.0618 16.0827 2.0618C13.7927 2.0618 11.1327 2.6618 9.0827 2.6618C6.9427 2.6618 4.5227 2.5318 2.5127 0.4518C1.7627 -0.3182 0.6827 -0.0982 0.4227 1.0418Z","geometry":{"width":30.734375,"height":26.0718124872488}}