{"path":"M4.8237 26.1377H21.3137C24.4437 26.1377 26.1437 24.4477 26.1437 21.3377V4.7977C26.1437 1.6977 24.4437 -0.0023 21.3137 -0.0023H4.8237C1.7137 -0.0023 0.0037 1.6977 0.0037 4.7977V21.3377C0.0037 24.4477 1.7137 26.1377 4.8237 26.1377ZM16.7937 18.9877C16.4337 18.9877 16.1437 18.9177 15.8337 18.7577L7.6137 14.6677C6.8737 14.2977 6.4937 13.8377 6.4937 13.0977C6.4937 12.3577 6.8637 11.8577 7.6137 11.4677L15.8337 7.2877C16.1437 7.1377 16.4337 7.0677 16.8137 7.0677C17.7637 7.0677 18.4437 7.7477 18.4437 8.7077C18.4437 9.4877 18.0737 9.9777 17.1137 10.3677L11.3937 12.9877V13.1077L17.1137 15.6977C18.0737 16.0677 18.4437 16.5477 18.4437 17.3377C18.4437 18.3077 17.7637 18.9877 16.7937 18.9877Z","geometry":{"width":26.140625,"height":26.140625}}