{"path":"M4.8237 26.1377H21.3137C24.4437 26.1377 26.1437 24.4477 26.1437 21.3377V4.7977C26.1437 1.6977 24.4437 -0.0023 21.3137 -0.0023H4.8237C1.7137 -0.0023 0.0037 1.6977 0.0037 4.7977V21.3377C0.0037 24.4477 1.7137 26.1377 4.8237 26.1377ZM5.2137 22.6177C4.1137 22.6177 3.5237 22.0777 3.5237 20.9177V5.2377C3.5237 4.0777 4.1137 3.5277 5.2137 3.5277H20.9337C22.0237 3.5277 22.6137 4.0777 22.6137 5.2377V20.9177C22.6137 22.0777 22.0237 22.6177 20.9337 22.6177ZM16.5037 18.6777C17.3937 18.6777 18.0437 18.0377 18.0437 17.1277C18.0437 16.3777 17.7037 15.9377 16.7937 15.5677L11.3337 13.1077V12.9877L16.7937 10.4877C17.6937 10.1177 18.0437 9.6477 18.0437 8.9177C18.0437 8.0077 17.4037 7.3877 16.5137 7.3877C16.1637 7.3877 15.8837 7.4377 15.5837 7.5877L7.7937 11.5677C7.0837 11.9177 6.7437 12.3977 6.7437 13.0977C6.7437 13.7977 7.0937 14.2177 7.7937 14.5777L15.5837 18.4677C15.8737 18.6077 16.1637 18.6777 16.5037 18.6777Z","geometry":{"width":26.140625,"height":26.140625}}