{"path":"M18.4137 19.7859C19.6237 19.7859 20.3937 18.8159 20.3937 17.5659C20.3937 16.4759 19.9437 15.8059 18.7537 15.3359L5.7437 9.9159V9.7459L18.7537 4.3159C19.8637 3.8659 20.3937 3.2259 20.3937 2.1759C20.3937 0.9459 19.5337 -0.0041 18.3037 -0.0041C17.7337 -0.0041 17.2437 0.1459 16.7437 0.3859L2.2837 6.9859C0.8437 7.6259 0.0037 8.5059 0.0037 9.9159C0.0037 11.3459 0.8437 12.2359 2.2837 12.8759L16.7437 19.3559C17.2837 19.6059 17.8037 19.7859 18.4137 19.7859Z","geometry":{"width":20.3984375,"height":19.783203125}}