{"path":"M4.1537 16.2285H30.8137C33.4537 16.2385 34.9637 14.7385 34.9637 12.1285V4.1185C34.9637 1.5085 33.4437 -0.0015 30.8037 -0.0015H4.1537C1.5137 -0.0015 0.0037 1.5085 0.0037 4.1185V12.1285C0.0037 14.7385 1.5137 16.2285 4.1537 16.2285ZM4.5437 13.0285C3.7037 13.0285 3.2037 12.5385 3.2037 11.6385V4.5985C3.2037 3.7085 3.7037 3.2085 4.5537 3.2085H6.0537V13.0285ZM17.4837 8.9385C21.3837 8.9385 24.3337 6.6685 25.0037 3.2085H27.2437V13.0285H7.7137L7.7237 3.2085H9.9537C10.6337 6.6685 13.5937 8.9385 17.4837 8.9385ZM17.4837 5.5885C19.1537 5.5885 20.4237 4.6585 20.8037 3.2085H23.2037C22.6237 5.7385 20.4137 7.3985 17.4837 7.3985C14.5637 7.3985 12.3437 5.7585 11.7537 3.2085H14.1637C14.5337 4.6585 15.8137 5.5885 17.4837 5.5885ZM30.4037 3.2085C31.2537 3.2085 31.7637 3.7085 31.7637 4.5985V11.6385C31.7637 12.5385 31.2437 13.0285 30.4037 13.0285H28.9137V3.2085Z","geometry":{"width":34.958984375,"height":16.228608040055896}}