{"path":"M14.3937 13.4105C20.9637 13.4105 26.0537 15.0505 28.8037 17.8805V8.2605C28.8037 3.2705 23.0937 0.0005 14.3937 0.0005C5.7137 0.0005 0.0037 3.2705 0.0037 8.2605V17.8805C2.7437 15.0505 7.8437 13.4105 14.3937 13.4105ZM14.3937 30.3805C22.8737 30.3805 28.7837 27.5105 28.7837 23.0405C28.7837 18.5805 22.8737 15.7105 14.3937 15.7105C5.9337 15.7105 0.0237 18.5805 0.0237 23.0405C0.0237 27.5105 5.9337 30.3805 14.3937 30.3805ZM14.3937 22.5405C11.0437 22.5405 8.3437 20.9205 7.8937 18.6805C9.7037 18.2005 11.9037 17.9405 14.3937 17.9405C16.8937 17.9405 19.1037 18.2005 20.9137 18.6805C20.4637 20.9205 17.7637 22.5405 14.3937 22.5405Z","geometry":{"width":28.806640625,"height":30.37890625}}