{"path":"M4.8037 30.5963H16.7337C19.8337 30.5963 21.5337 28.8863 21.5337 25.7763V4.8263C21.5337 1.6962 19.8337 -0.0038 16.7337 -0.0038H4.8037C1.6937 -0.0038 0.0037 1.6962 0.0037 4.8263V25.7763C0.0037 28.8863 1.6937 30.5963 4.8037 30.5963ZM5.5737 13.8463C4.8837 13.8463 4.5937 13.5663 4.5937 12.8663V5.6762C4.5937 4.9662 4.8837 4.6863 5.5737 4.6863H15.9237C16.6237 4.6863 16.9137 4.9662 16.9137 5.6762V12.8663C16.9137 13.5663 16.6237 13.8463 15.9237 13.8463Z","geometry":{"width":21.533203125,"height":30.59765625}}