{"path":"M20.0327 24.9972C31.8827 24.9972 40.1127 19.4572 40.1127 12.4972C40.1127 5.5372 31.8827 -0.0028 20.0327 -0.0028C8.2127 -0.0028 0.0027 5.5372 0.0027 12.4972C0.0027 19.4572 8.2127 24.9972 20.0327 24.9972ZM20.0327 19.9772C12.6727 19.9772 7.3927 16.8572 7.3927 12.7972C7.3927 8.7472 12.6727 5.6372 20.0327 5.6372C27.4427 5.6372 32.7127 8.7472 32.7127 12.7972C32.7127 16.8572 27.4227 19.9772 20.0327 19.9772ZM20.0427 13.6172C24.2627 13.6172 27.7927 11.8372 29.2627 9.2372C27.3327 7.8572 24.1627 6.9972 20.0327 6.9972C15.9327 6.9972 12.7527 7.8772 10.8327 9.2672C12.2927 11.8572 15.8227 13.6172 20.0427 13.6172Z","geometry":{"width":40.11328125,"height":24.9921875}}