{"path":"M10.7637 13.5355C16.7937 13.5355 21.4737 10.6055 21.4737 6.7655C21.4737 2.9355 16.7937 -0.0045 10.7637 -0.0045C4.7037 -0.0045 0.0037 2.9255 0.0037 6.7655C0.0037 10.6055 4.7037 13.5355 10.7637 13.5355ZM34.5537 13.5355C40.5737 13.5355 45.2637 10.6055 45.2637 6.7855C45.2637 2.9555 40.5737 0.0155 34.5537 0.0155C28.4737 0.0155 23.8037 2.9355 23.8037 6.7855C23.8037 10.6255 28.4737 13.5355 34.5537 13.5355ZM10.7437 10.7455C6.9437 10.7455 4.0637 9.0955 4.0637 6.9055C4.0637 4.7155 6.9437 3.0655 10.7437 3.0655C14.5737 3.0655 17.4437 4.7155 17.4437 6.9055C17.4437 9.0755 14.5737 10.7455 10.7437 10.7455ZM34.5537 10.7555C30.7337 10.7555 27.8537 9.0955 27.8537 6.9055C27.8537 4.7155 30.7337 3.0655 34.5537 3.0655C38.3637 3.0655 41.2337 4.7155 41.2337 6.9055C41.2337 9.0955 38.3637 10.7555 34.5537 10.7555ZM5.5737 6.9055C5.5737 8.1855 7.8937 9.2455 10.7337 9.2455C13.6137 9.2455 15.9437 8.1855 15.9437 6.9055C15.9437 6.4655 15.6837 6.0655 15.2137 5.7255C14.3037 6.8055 12.5937 7.5555 10.7337 7.5555C8.9037 7.5555 7.1937 6.8355 6.2337 5.7455C5.8337 6.0655 5.5737 6.4655 5.5737 6.9055ZM29.3637 6.9055C29.3637 8.2055 31.6637 9.2455 34.5337 9.2455C37.4237 9.2455 39.7337 8.2055 39.7337 6.9055C39.7337 6.4655 39.4537 6.0655 39.0037 5.7255C38.0937 6.8255 36.3837 7.5555 34.5337 7.5555C32.6937 7.5555 30.9837 6.8455 30.0237 5.7555C29.6137 6.0855 29.3637 6.4755 29.3637 6.9055ZM22.6537 27.3455C28.6837 27.3455 33.3737 24.4055 33.3737 20.5855C33.3737 16.7455 28.6837 13.8055 22.6537 13.8055C16.5837 13.8055 11.8937 16.7355 11.8937 20.5855C11.8937 24.4155 16.5837 27.3455 22.6537 27.3455ZM22.6437 24.5655C18.8237 24.5655 15.9537 22.8855 15.9537 20.6955C15.9537 18.5155 18.8237 16.8555 22.6437 16.8555C26.4737 16.8555 29.3437 18.5155 29.3437 20.6955C29.3437 22.8855 26.4737 24.5655 22.6437 24.5655ZM17.4737 20.6955C17.4737 21.9955 19.7737 23.0555 22.6237 23.0555C25.5137 23.0555 27.8237 21.9955 27.8237 20.6955C27.8237 20.2655 27.5637 19.8655 27.1137 19.5255C26.1937 20.6155 24.4837 21.3555 22.6237 21.3555C20.7937 21.3555 19.0737 20.6455 18.1337 19.5655C17.7337 19.8955 17.4737 20.2755 17.4737 20.6955Z","geometry":{"width":45.267578125,"height":27.34375}}