{"path":"M4.4337 23.028H11.3737C12.2137 23.028 12.7437 22.518 12.7937 21.708C13.0037 19.178 13.4937 17.408 13.9837 15.928C14.5737 17.598 15.1037 19.658 15.3537 22.568C15.4237 23.458 15.9937 23.998 16.8837 23.998H24.8137C25.7037 23.998 26.2737 23.458 26.3637 22.568C27.0337 14.698 29.8037 13.068 29.8037 8.298C29.8037 3.568 25.7837 -0.002 20.8537 -0.002C17.6337 -0.002 14.8237 1.518 13.2437 3.868C11.8937 2.598 9.9937 1.828 7.9037 1.828C3.5537 1.828 0.0037 4.988 0.0037 9.178C0.0037 13.408 2.4237 14.848 3.0237 21.708C3.0737 22.518 3.5937 23.028 4.4337 23.028ZM20.8537 2.938C24.1137 2.938 26.8837 5.128 26.8837 8.298C26.8837 11.428 24.6937 12.308 23.6537 21.068H18.0437C17.0237 12.308 14.8437 11.428 14.8437 8.298C14.8437 5.128 17.5937 2.938 20.8537 2.938ZM5.4937 20.328C4.5937 12.618 2.7037 11.918 2.7037 9.178C2.7037 6.438 5.0737 4.538 7.9037 4.538C9.6237 4.538 11.2537 5.278 12.1137 6.498C11.9937 7.068 11.9037 7.668 11.9037 8.298C11.9037 9.738 12.1637 10.878 12.5337 12.008C11.9337 13.538 10.8837 15.458 10.3237 20.328ZM4.2637 26.118H11.5537C12.0837 26.118 12.5137 25.688 12.5137 25.188C12.5137 24.668 12.0837 24.238 11.5537 24.238H4.2637C3.7337 24.238 3.3237 24.678 3.3237 25.188C3.3237 25.688 3.7337 26.118 4.2637 26.118ZM16.7037 27.298H25.0037C25.5837 27.298 26.0137 26.838 26.0137 26.308C26.0137 25.758 25.5837 25.288 25.0037 25.288H16.7037C16.1337 25.288 15.6937 25.758 15.6937 26.308C15.6937 26.838 16.1337 27.298 16.7037 27.298ZM7.9137 29.768C9.8337 29.768 11.3337 28.788 11.3937 27.328H4.4137C4.4737 28.788 5.9737 29.768 7.9137 29.768ZM20.8537 31.258C22.9937 31.258 24.6337 30.198 24.7337 28.618H16.9537C17.0337 30.198 18.7137 31.258 20.8537 31.258Z","geometry":{"width":29.8046875,"height":31.25390625}}