{"path":"M4.8037 -0.0038C1.6937 -0.0038 0.0037 1.7063 0.0037 4.8263V25.7763C0.0037 28.8863 1.6937 30.5963 4.8037 30.5963H16.7337C19.8337 30.5963 21.5337 28.8863 21.5337 25.7763V4.8263C21.5337 1.7063 19.8337 -0.0038 16.7337 -0.0038ZM5.5737 16.7362H15.9237C16.6237 16.7362 16.9137 17.0262 16.9137 17.7163V24.9263C16.9137 25.6163 16.6237 25.9063 15.9237 25.9063H5.5737C4.8837 25.9063 4.5937 25.6163 4.5937 24.9263V17.7163C4.5937 17.0262 4.8837 16.7362 5.5737 16.7362Z","geometry":{"width":21.533203125,"height":30.59765625}}