{"path":"M10.7637 13.5355C16.7937 13.5355 21.4737 10.6055 21.4737 6.7655C21.4737 2.9355 16.7937 -0.0045 10.7637 -0.0045C4.7037 -0.0045 0.0037 2.9255 0.0037 6.7655C0.0037 10.6055 4.7037 13.5355 10.7637 13.5355ZM34.5537 13.5355C40.5737 13.5355 45.2637 10.6055 45.2637 6.7655C45.2637 2.9355 40.5737 -0.0045 34.5537 -0.0045C28.4737 -0.0045 23.8037 2.9255 23.8037 6.7655C23.8037 10.6055 28.4737 13.5355 34.5537 13.5355ZM10.7437 10.6655C7.0137 10.6655 4.1937 9.0255 4.1937 6.8955C4.1937 4.7555 7.0137 3.1355 10.7437 3.1355C14.5037 3.1355 17.3037 4.7555 17.3037 6.8955C17.3037 9.0255 14.5037 10.6655 10.7437 10.6655ZM34.5537 10.6655C30.8037 10.6655 27.9737 9.0255 27.9737 6.8955C27.9737 4.7555 30.8037 3.1355 34.5537 3.1355C38.2937 3.1355 41.0937 4.7555 41.0937 6.8955C41.0937 9.0255 38.2937 10.6655 34.5537 10.6655ZM10.7437 7.6655C12.5737 7.6655 14.3037 6.9355 15.2437 5.7855C14.3837 5.0555 12.6437 4.5955 10.7437 4.5955C8.8337 4.5955 7.0837 5.0755 6.2337 5.8255C7.1737 6.9355 8.9437 7.6655 10.7437 7.6655ZM34.5537 7.6655C36.3637 7.6655 38.1037 6.9355 39.0437 5.7855C38.1737 5.0555 36.4337 4.5955 34.5537 4.5955C32.6037 4.5955 30.8737 5.0755 30.0237 5.8255C30.9637 6.9355 32.7337 7.6655 34.5537 7.6655ZM22.6437 27.3455C28.6737 27.3455 33.3437 24.4055 33.3437 20.5855C33.3437 16.7455 28.6737 13.8055 22.6437 13.8055C16.5737 13.8055 11.8837 16.7355 11.8837 20.5855C11.8837 24.4155 16.5737 27.3455 22.6437 27.3455ZM22.6237 24.4755C18.8937 24.4755 16.0637 22.8355 16.0637 20.6955C16.0637 18.5655 18.8937 16.9255 22.6237 16.9255C26.3737 16.9255 29.1937 18.5655 29.1937 20.6955C29.1937 22.8355 26.3737 24.4755 22.6237 24.4755ZM22.6237 21.4655C24.4437 21.4655 26.1837 20.7355 27.1237 19.6055C26.2637 18.8555 24.5137 18.4055 22.6237 18.4055C20.7137 18.4055 18.9637 18.8655 18.1137 19.6355C19.0537 20.7555 20.8237 21.4655 22.6237 21.4655Z","geometry":{"width":45.267578125,"height":27.34375}}