{"path":"M19.1637 8.8552C19.1637 3.8152 14.8637 -0.0048 9.5737 -0.0048C4.2937 -0.0048 0.0037 3.8052 0.0037 8.8552C0.0037 9.7752 0.1137 10.5852 0.3037 11.3452H18.8637C19.0437 10.5852 19.1637 9.7852 19.1637 8.8552ZM3.7237 24.2952C3.7437 25.2152 4.3737 25.7552 5.2937 25.7552H13.8637C14.7837 25.7552 15.4037 25.2152 15.4337 24.2952C15.6837 19.1852 16.9837 16.5452 17.9537 14.1252H1.2137C2.1737 16.5452 3.4737 19.1852 3.7237 24.2952ZM5.0837 29.3152H14.0637C14.6437 29.3152 15.0937 28.8352 15.0937 28.3052C15.0937 27.7552 14.6437 27.2852 14.0637 27.2852H5.0837C4.5137 27.2852 4.0637 27.7552 4.0637 28.3052C4.0637 28.8352 4.5137 29.3152 5.0837 29.3152ZM9.5737 33.5352C11.8237 33.5352 13.5337 32.4752 13.6837 30.8452H5.4237C5.5637 32.4752 7.3237 33.5352 9.5737 33.5352Z","geometry":{"width":19.16796875,"height":33.537109375}}