{"path":"M15.9737 4.3732C15.9737 5.3032 16.7337 6.0832 17.6637 6.0832C18.5937 6.0832 19.3637 5.3032 19.3637 4.3732V1.6932C19.3637 0.7832 18.5837 0.0032 17.6637 0.0032C16.7337 0.0032 15.9737 0.7832 15.9737 1.6932ZM25.9537 7.0032C25.2837 7.6532 25.2637 8.7232 25.9537 9.3932C26.6037 10.0632 27.6737 10.0532 28.3237 9.3932L30.2237 7.4932C30.8937 6.8232 30.8937 5.7732 30.2237 5.1032C29.5737 4.4432 28.5037 4.4432 27.8537 5.1032ZM6.9837 9.3932C7.6437 10.0532 8.7237 10.0632 9.3837 9.3932C10.0537 8.7232 10.0337 7.6532 9.3837 7.0032L7.4937 5.1032C6.8337 4.4432 5.7537 4.4432 5.0837 5.1032C4.4337 5.7732 4.4337 6.8232 5.0837 7.4932ZM28.7937 29.9532C29.6637 29.9532 30.4037 29.2332 30.4037 28.3532C30.4037 27.4832 29.6637 26.7432 28.7937 26.7432H27.0937V17.6232C27.0937 12.3232 22.9737 8.1732 17.6637 8.1732C12.3637 8.1732 8.2337 12.3232 8.2337 17.6232V26.7432H6.5237C5.6437 26.7432 4.9337 27.4832 4.9337 28.3532C4.9337 29.2332 5.6437 29.9532 6.5237 29.9532ZM4.3637 19.3632C5.2937 19.3632 6.0837 18.5932 6.0837 17.6732C6.0837 16.7332 5.2937 15.9732 4.3637 15.9732H1.6937C0.7637 15.9732 0.0037 16.7432 0.0037 17.6732C0.0037 18.5832 0.7637 19.3632 1.6937 19.3632ZM33.6337 19.3632C34.5537 19.3632 35.3237 18.5832 35.3237 17.6732C35.3237 16.7432 34.5537 15.9732 33.6337 15.9732H30.9537C30.0337 15.9732 29.2437 16.7332 29.2437 17.6732C29.2437 18.5932 30.0337 19.3632 30.9537 19.3632ZM19.2937 18.2132V26.7432H16.0537V18.2132C16.0537 17.3232 16.7737 16.5732 17.6637 16.5732C18.5537 16.5732 19.2937 17.3232 19.2937 18.2132Z","geometry":{"width":35.328125,"height":29.955078125}}