{"path":"M20.0327 24.9972C31.8827 24.9972 40.1127 19.4572 40.1127 12.4972C40.1127 5.5372 31.8827 -0.0028 20.0327 -0.0028C8.2127 -0.0028 0.0027 5.5372 0.0027 12.4972C0.0027 19.4572 8.2127 24.9972 20.0327 24.9972ZM20.0327 21.8372C9.8727 21.8372 3.1627 17.4072 3.1627 12.4972C3.1627 7.5772 9.8727 3.1572 20.0327 3.1572C30.2427 3.1572 36.9527 7.5772 36.9527 12.4972C36.9527 17.4072 30.2427 21.8372 20.0327 21.8372ZM20.0327 19.9772C27.4227 19.9772 32.7127 16.8572 32.7127 12.7972C32.7127 8.7472 27.4427 5.6372 20.0327 5.6372C12.6727 5.6372 7.3927 8.7472 7.3927 12.7972C7.3927 16.8572 12.6727 19.9772 20.0327 19.9772ZM20.0327 17.3772C14.3827 17.3772 10.0727 15.1872 10.0727 12.7972C10.0727 11.9372 10.6327 11.0972 11.6227 10.3872C13.3727 12.3572 16.4427 13.6172 20.0427 13.6172C23.6227 13.6172 26.7027 12.3472 28.4527 10.3672C29.4627 11.0872 30.0527 11.9172 30.0527 12.7972C30.0527 15.1872 25.7127 17.3772 20.0327 17.3772Z","geometry":{"width":40.11328125,"height":24.9921875}}