{"path":"M1.5037 3.022H4.2137C4.8037 8.932 9.1337 12.862 15.3237 12.862C21.5337 12.862 25.8837 8.932 26.4437 3.022H29.1637C29.9837 3.022 30.6637 2.342 30.6637 1.522C30.6637 0.682 29.9937 0.002 29.1637 0.002H1.5037C0.6737 0.002 0.0037 0.702 0.0037 1.522C0.0037 2.342 0.6837 3.022 1.5037 3.022ZM27.2337 7.722L33.7837 14.292C34.4137 14.932 35.2837 14.902 35.9537 14.272C36.5437 13.662 36.5437 12.772 35.9337 12.142L28.2337 4.442C28.0437 5.632 27.7037 6.722 27.2337 7.722ZM24.0737 11.882L30.1237 17.942C30.7437 18.592 31.6337 18.582 32.2837 17.922C32.8937 17.322 32.8937 16.432 32.2837 15.802L26.1137 9.642C25.5237 10.472 24.8437 11.242 24.0737 11.882ZM19.2337 14.352L26.4737 21.602C27.1137 22.232 27.9837 22.212 28.6137 21.602C29.2337 20.962 29.2437 20.082 28.6137 19.452L22.2837 13.112C21.3737 13.662 20.3337 14.082 19.2337 14.352ZM12.0537 14.492L22.8037 25.252C23.4437 25.882 24.3337 25.882 24.9537 25.252C25.5837 24.632 25.5837 23.752 24.9537 23.122L16.6237 14.802C14.9437 14.912 13.6137 14.872 12.0537 14.492Z","geometry":{"width":36.394589515847514,"height":25.7236328125}}