{"path":"M0.0037 8.8552C0.0037 13.9552 2.9837 15.7352 3.7237 24.2952C3.7837 25.2152 4.3737 25.7552 5.2937 25.7552H13.8637C14.7837 25.7552 15.3637 25.2152 15.4337 24.2952C16.1737 15.7352 19.1637 13.9752 19.1637 8.8552C19.1637 3.8152 14.8637 -0.0048 9.5737 -0.0048C4.2937 -0.0048 0.0037 3.8052 0.0037 8.8552ZM2.9637 8.8552C2.9637 5.3852 6.0037 2.9652 9.5737 2.9652C13.1537 2.9652 16.2037 5.3852 16.2037 8.8552C16.2037 9.8052 16.0137 10.5852 15.7137 11.4052H3.4437C3.1537 10.5852 2.9637 9.8052 2.9637 8.8552ZM6.4437 22.7952C5.9337 18.4152 5.1537 15.8352 4.4537 13.9852H14.6937C14.0037 15.8352 13.2237 18.4152 12.7137 22.7952ZM5.0837 29.3152H14.0637C14.6437 29.3152 15.0937 28.8352 15.0937 28.3052C15.0937 27.7552 14.6437 27.2852 14.0637 27.2852H5.0837C4.5137 27.2852 4.0637 27.7552 4.0637 28.3052C4.0637 28.8352 4.5137 29.3152 5.0837 29.3152ZM9.5737 33.5352C11.8237 33.5352 13.5337 32.4752 13.6837 30.8452H5.4237C5.5637 32.4752 7.3237 33.5352 9.5737 33.5352Z","geometry":{"width":19.16796875,"height":33.537109375}}