{"path":"M4.8237 26.143H21.3137C24.4437 26.143 26.1437 24.443 26.1437 21.343V4.803C26.1437 1.693 24.4437 0.003 21.3137 0.003H4.8237C1.7137 0.003 0.0037 1.693 0.0037 4.803V21.343C0.0037 24.443 1.7137 26.143 4.8237 26.143ZM9.4037 5.323H16.7337C17.5437 5.323 18.0837 5.883 18.0837 6.673V19.363C18.0837 20.163 17.5437 20.713 16.7337 20.713H9.4037C8.6037 20.713 8.0537 20.163 8.0537 19.363V6.673C8.0537 5.883 8.6037 5.323 9.4037 5.323ZM10.4637 14.493C10.1137 14.493 9.8737 14.723 9.8737 15.093V18.293C9.8737 18.653 10.1137 18.893 10.4637 18.893H15.6837C16.0337 18.893 16.2737 18.653 16.2737 18.293V15.093C16.2737 14.723 16.0337 14.493 15.6837 14.493Z","geometry":{"width":26.140625,"height":26.140625}}