{"path":"M4.8037 -0.0038C1.6937 -0.0038 0.0037 1.7063 0.0037 4.8263V25.7763C0.0037 28.8863 1.6937 30.5963 4.8037 30.5963H16.9837C20.0837 30.5963 21.7837 28.8863 21.7837 25.7763V4.8263C21.7837 1.7063 20.0837 -0.0038 16.9837 -0.0038ZM5.2237 3.5263H16.5437C17.7037 3.5263 18.2537 4.1062 18.2537 5.2063V25.3863C18.2537 26.4863 17.7037 27.0663 16.5437 27.0663H5.2237C4.0637 27.0663 3.5237 26.4863 3.5237 25.3863V5.2063C3.5237 4.1062 4.0637 3.5263 5.2237 3.5263ZM6.6037 17.4063C5.9837 17.4063 5.7237 17.6463 5.7237 18.2663V23.9763C5.7237 24.5963 5.9837 24.8463 6.6037 24.8463H15.1337C15.7637 24.8463 16.0137 24.5963 16.0137 23.9763V18.2663C16.0137 17.6463 15.7637 17.4063 15.1337 17.4063Z","geometry":{"width":21.779296875,"height":30.59765625}}