{"path":"M17.2527 4.338C18.4027 4.338 19.4127 3.338 19.4127 2.158C19.4127 0.988 18.4427 -0.002 17.2527 -0.002C16.0227 -0.002 15.0927 0.928 15.0927 2.158C15.0927 3.318 16.1227 4.338 17.2527 4.338ZM6.2227 9.148C7.3727 9.148 8.3827 8.138 8.3827 6.988C8.3827 5.758 7.4527 4.828 6.2227 4.828C5.0327 4.828 4.0627 5.788 4.0627 6.988C4.0627 8.148 5.0627 9.148 6.2227 9.148ZM28.3127 9.148C29.4627 9.148 30.4927 8.138 30.4927 6.988C30.4927 5.758 29.5627 4.828 28.3127 4.828C27.1227 4.828 26.1527 5.788 26.1527 6.988C26.1527 8.148 27.1527 9.148 28.3127 9.148ZM32.3427 19.478C33.5827 19.478 34.5127 18.548 34.5127 17.338C34.5127 16.188 33.4827 15.158 32.3427 15.158C31.1627 15.158 30.1727 16.178 30.1727 17.338C30.1727 18.528 31.1427 19.478 32.3427 19.478ZM2.1627 19.478C3.3227 19.478 4.3327 18.488 4.3327 17.338C4.3327 16.108 3.4227 15.178 2.1627 15.178C0.9827 15.178 0.0027 16.128 0.0027 17.338C0.0027 18.488 1.0027 19.478 2.1627 19.478ZM11.7327 19.478H22.7327C23.8427 19.478 24.7727 18.548 24.7727 17.428C24.7727 16.328 23.8427 15.398 22.7327 15.398H11.7327C10.6127 15.398 9.6827 16.328 9.6827 17.428C9.6827 18.548 10.6127 19.478 11.7327 19.478Z","geometry":{"width":34.5078125,"height":19.482421875}}