{"path":"M1.0937 3.2148H22.6637C23.3337 3.2148 23.7637 2.7748 23.7637 2.1148V1.0948C23.7637 0.4248 23.3337 0.0048 22.6637 0.0048H1.0937C0.4337 0.0048 0.0037 0.4248 0.0037 1.0948V2.1148C0.0037 2.7748 0.4337 3.2148 1.0937 3.2148ZM1.4337 11.6648H22.3237C23.2037 11.6648 23.7637 11.1048 23.7637 10.1948V8.2448C23.7637 7.3448 23.2037 6.7848 22.3237 6.7848H1.4337C0.5637 6.7848 0.0037 7.3448 0.0037 8.2448V10.1948C0.0037 11.1048 0.5637 11.6648 1.4337 11.6648ZM1.4337 23.2148H22.3237C23.2037 23.2148 23.7637 22.6448 23.7637 21.7548V16.6548C23.7637 15.7548 23.2037 15.1848 22.3237 15.1848H1.4337C0.5637 15.1848 0.0037 15.7548 0.0037 16.6548V21.7548C0.0037 22.6448 0.5637 23.2148 1.4337 23.2148Z","geometry":{"width":23.76171875,"height":23.21484375}}