{"path":"M0.5189 22.4352C1.2089 23.1352 2.3289 23.1352 3.0089 22.4452L15.6189 9.8552L17.8989 12.1352C18.7789 13.0252 20.0689 12.5252 20.3989 11.2952L22.9189 1.9152C23.2189 0.7652 22.1789 -0.2448 21.0489 0.0552L11.6889 2.5652C10.4489 2.8952 9.9389 4.1852 10.8289 5.0552L13.1389 7.3652L0.5189 19.9452C-0.1711 20.6452 -0.1711 21.7652 0.5189 22.4352Z","geometry":{"width":22.970035514714386,"height":22.95914798142112}}