{"path":"M0.0037 1.7599C0.0037 2.7299 0.7937 3.5299 1.7637 3.5299H33.3437C34.3137 3.5299 35.1137 2.7299 35.1137 1.7599C35.1137 0.7899 34.3137 -0.0001 33.3437 -0.0001H1.7637C0.7937 -0.0001 0.0037 0.7899 0.0037 1.7599ZM14.3737 19.3599L17.5637 17.0099L20.7537 19.3599C21.4637 19.8799 22.3237 19.4299 21.9837 18.4599L20.7437 14.7099L23.9837 12.3899C24.6637 11.8799 24.4737 10.9399 23.5337 10.9399L19.5237 10.9499L18.3237 7.2099C18.0437 6.3399 17.0937 6.3399 16.8037 7.2099L15.6037 10.9499L11.5837 10.9399C10.6637 10.9399 10.4337 11.8899 11.1337 12.3899L14.3837 14.7099L13.1237 18.4599C12.7937 19.3999 13.6437 19.8799 14.3737 19.3599ZM0.0037 25.3799C0.0037 26.3299 0.7937 27.1399 1.7637 27.1399H33.3437C34.3137 27.1399 35.1137 26.3299 35.1137 25.3799C35.1137 24.3999 34.3137 23.6099 33.3437 23.6099H1.7637C0.7937 23.6099 0.0037 24.3999 0.0037 25.3799Z","geometry":{"width":35.109375,"height":27.138671875}}