{"path":"M1.5737 3.2085H27.0837C27.9637 3.2085 28.6537 2.4785 28.6537 1.6085C28.6537 0.7285 27.9637 -0.0015 27.0837 -0.0015H1.5737C0.6937 -0.0015 0.0037 0.7485 0.0037 1.6085C0.0037 2.4585 0.6937 3.2085 1.5737 3.2085ZM1.5737 9.7185H27.0837C27.9637 9.7185 28.6537 8.9785 28.6537 8.1185C28.6537 7.2285 27.9637 6.5085 27.0837 6.5085H1.5737C0.6937 6.5085 0.0037 7.2485 0.0037 8.1185C0.0037 8.9685 0.6937 9.7185 1.5737 9.7185ZM1.5737 16.2385H27.0837C27.9637 16.2385 28.6537 15.4885 28.6537 14.6285C28.6537 13.7385 27.9637 13.0285 27.0837 13.0285H1.5737C0.6937 13.0285 0.0037 13.7685 0.0037 14.6285C0.0037 15.4785 0.6937 16.2385 1.5737 16.2385Z","geometry":{"width":28.65625,"height":16.2421875}}