{"path":"M10.6338 19.4727C11.2938 20.1327 12.3038 20.7227 13.4938 21.0327C14.3138 20.1827 15.1438 19.3427 15.9638 18.5027C14.7638 18.3027 13.6938 17.7927 13.0138 17.1127C10.8138 14.9127 10.8138 11.8427 12.9838 9.6627L17.6638 4.9927C19.8538 2.8127 22.9138 2.8127 25.1138 4.9927C27.3138 7.2127 27.3038 10.2427 25.1238 12.4527L24.3238 13.2727C25.6438 13.0127 27.1338 13.0727 28.3938 13.4827L28.6438 13.1827C30.9238 10.0327 30.5438 5.6927 27.4838 2.6327C23.9538 -0.8773 19.0038 -0.8673 15.5138 2.6227L10.6238 7.5127C7.1338 11.0027 7.1238 15.9627 10.6338 19.4727ZM13.8938 11.6027C15.2438 11.7527 16.3638 12.2527 17.1038 12.9927C18.2138 14.1027 18.7338 15.4127 18.6838 16.7227C19.4838 15.6627 20.5038 14.7727 21.6838 14.1527C21.2838 12.9027 20.5438 11.6927 19.4838 10.6327C18.7838 9.9427 17.7338 9.3427 16.4338 9.0727ZM2.6338 27.4727C6.1638 30.9827 11.1138 30.9827 14.6038 27.4827L17.0638 25.0227C16.6138 23.6427 16.5238 22.1727 16.8238 20.6827C16.6238 20.9127 16.4138 21.1527 16.1838 21.3927L12.4538 25.1127C10.2638 27.2927 7.2038 27.2927 5.0138 25.1127C2.8038 22.8927 2.8038 19.8427 4.9838 17.6527L6.7338 15.9027C6.2238 14.6927 5.9838 13.1227 6.3838 11.7627L2.6238 15.5127C-0.8762 18.9827 -0.8762 23.9627 2.6338 27.4727ZM25.8538 29.5227C29.7738 29.5227 33.0538 26.2427 33.0538 22.3027C33.0538 18.3727 29.8038 15.1127 25.8538 15.1127C21.9138 15.1127 18.6638 18.3827 18.6638 22.3027C18.6638 26.2527 21.9138 29.5227 25.8538 29.5227ZM25.8538 26.9727C25.1938 26.9727 24.7538 26.5327 24.7538 25.8927V23.4127H22.3138C21.6538 23.4127 21.2138 22.9727 21.2138 22.3227C21.2038 21.6627 21.6438 21.2227 22.3138 21.2227H24.7538V18.7827C24.7538 18.1327 25.1938 17.7027 25.8538 17.6827C26.5238 17.6727 26.9638 18.1227 26.9638 18.7827V21.2227H29.4038C30.0638 21.2227 30.5038 21.6627 30.5038 22.3227C30.5038 22.9727 30.0638 23.4127 29.4038 23.4127H26.9638V25.8927C26.9638 26.5327 26.5238 26.9727 25.8538 26.9727Z","geometry":{"width":33.05688726414175,"height":30.11059820164175}}