{"path":"M13.6938 21.0327L16.2238 18.5027C14.8838 18.3527 13.7538 17.8527 13.0138 17.1127C10.8138 14.9127 10.8138 11.8427 12.9838 9.6627L17.6638 4.9927C19.8538 2.8127 22.9138 2.8127 25.1138 4.9927C27.3138 7.2127 27.3138 10.2727 25.1238 12.4527L23.3738 14.2127C23.8938 15.4327 24.1338 16.9827 23.7338 18.3427L27.4938 14.6127C31.0038 11.1227 30.9938 6.1427 27.4838 2.6327C23.9538 -0.8773 19.0038 -0.8673 15.5138 2.6227L10.6238 7.5127C7.1338 11.0027 7.1238 15.9627 10.6338 19.4727C11.3338 20.1727 12.3838 20.7627 13.6938 21.0327ZM16.4338 9.0727L13.8938 11.6027C15.2438 11.7527 16.3638 12.2527 17.1038 12.9927C19.3038 15.1927 19.3138 18.2727 17.1338 20.4427L12.4538 25.1127C10.2638 27.2927 7.2038 27.2927 5.0138 25.1127C2.8038 22.8927 2.8038 19.8427 4.9838 17.6527L6.7338 15.9027C6.2238 14.6927 5.9838 13.1227 6.3838 11.7627L2.6238 15.5127C-0.8762 18.9827 -0.8762 23.9627 2.6338 27.4727C6.1638 30.9827 11.1138 30.9727 14.6038 27.4827L19.4938 22.5927C22.9838 19.1027 22.9938 14.1427 19.4838 10.6327C18.7838 9.9427 17.7338 9.3427 16.4338 9.0727Z","geometry":{"width":30.120862082483555,"height":30.10546875}}