{"path":"M4.8237 26.1377H21.3137C24.4437 26.1377 26.1437 24.4477 26.1437 21.3377V4.7977C26.1437 1.6977 24.4437 -0.0023 21.3137 -0.0023H4.8237C1.7137 -0.0023 0.0037 1.6977 0.0037 4.7977V21.3377C0.0037 24.4477 1.7137 26.1377 4.8237 26.1377ZM7.7637 18.1877C7.7637 17.5777 8.1237 17.1977 8.6837 16.8977C9.3937 16.6077 9.9237 16.0277 10.0537 15.1777C10.0637 15.0077 10.0737 14.8877 10.0937 14.7477H8.3537C7.9737 14.7477 7.6737 14.4777 7.6737 14.0977C7.6737 13.6877 7.9537 13.4277 8.3537 13.4277H9.9637C9.8937 13.0577 9.8037 12.6877 9.7037 12.3177H8.3537C7.9737 12.3177 7.6737 12.0477 7.6737 11.6477C7.6737 11.2477 7.9537 10.9777 8.3537 10.9777H9.4637C9.4437 10.7977 9.4237 10.6277 9.4237 10.4477C9.4237 7.9877 11.2537 6.2977 14.3537 6.2977C15.5537 6.2977 16.4437 6.4577 17.0937 6.7777C17.5637 7.0377 17.7737 7.3977 17.7737 7.8577C17.7737 8.5077 17.3537 8.8577 16.7037 8.8477C16.1237 8.8177 15.6937 8.6277 14.7237 8.6277C13.0937 8.6277 12.2237 9.4377 12.2237 10.6277C12.2237 10.7577 12.2337 10.8977 12.2337 10.9777H15.8337C16.2237 10.9777 16.5137 11.2477 16.5137 11.6477C16.5137 12.0477 16.2237 12.3177 15.8337 12.3177H12.4837C12.5737 12.6777 12.6637 13.0277 12.7437 13.4277H15.8337C16.2237 13.4277 16.5137 13.6877 16.5137 14.0977C16.5137 14.4777 16.2237 14.7477 15.8337 14.7477H12.7937C12.7837 14.9477 12.7537 15.1077 12.7237 15.2877C12.5937 15.9577 12.2937 16.5877 11.8237 16.9777H16.8737C17.5937 16.9777 18.1037 17.4477 18.1037 18.1577C18.1037 18.8977 17.5937 19.3477 16.8737 19.3477H8.9737C8.2737 19.3477 7.7637 18.9077 7.7637 18.1877Z","geometry":{"width":26.140625,"height":26.140625}}