{"path":"M7.8637 7.4219H16.2437C17.1337 7.4219 17.6537 6.8619 17.6537 5.9319V4.5019C17.6537 3.5519 17.1337 3.0119 16.2437 3.0119H15.2737C15.1437 1.3419 13.7637 0.0019 12.0537 0.0019C10.3537 0.0019 8.9737 1.3419 8.8437 3.0119H7.8637C6.9837 3.0119 6.4637 3.5519 6.4637 4.5019V5.9319C6.4637 6.8619 6.9837 7.4219 7.8637 7.4219ZM12.0537 4.3619C11.3737 4.3619 10.8137 3.7919 10.8137 3.1319C10.8137 2.4519 11.3737 1.9019 12.0537 1.9019C12.7437 1.9019 13.2937 2.4519 13.2937 3.1319C13.2937 3.7919 12.7437 4.3619 12.0537 4.3619ZM4.8137 33.9219H19.3037C22.3437 33.9219 24.1137 32.1319 24.1137 29.0519V8.4219C24.1137 5.3419 22.3437 3.5519 19.3737 3.5519H19.1437C19.2637 3.8019 19.3137 4.0919 19.3137 4.4019V5.9319C19.3137 7.7619 18.0737 9.0919 16.2437 9.0919H7.8637C6.0437 9.0919 4.8037 7.7619 4.8037 5.9319V4.4019C4.8037 4.0919 4.8537 3.8019 4.9637 3.5519H4.7437C1.7737 3.5519 0.0037 5.3419 0.0037 8.4219V29.0519C0.0037 32.1319 1.7737 33.9219 4.8137 33.9219ZM6.4137 16.2019C5.6337 16.2019 4.9737 15.5419 4.9737 14.7619C4.9737 13.9719 5.6337 13.3119 6.4137 13.3119C7.2237 13.3119 7.8637 13.9619 7.8637 14.7619C7.8637 15.5619 7.2237 16.2019 6.4137 16.2019ZM10.4837 15.9719C9.8137 15.9719 9.2737 15.4219 9.2737 14.7619C9.2737 14.0919 9.8137 13.5319 10.4837 13.5319H17.9237C18.5937 13.5319 19.1437 14.0919 19.1437 14.7619C19.1437 15.4219 18.5937 15.9719 17.9237 15.9719ZM6.4137 21.2219C5.6037 21.2219 4.9737 20.5919 4.9737 19.7819C4.9737 18.9919 5.6237 18.3619 6.4137 18.3619C7.2037 18.3619 7.8637 18.9719 7.8637 19.7819C7.8637 20.5919 7.2237 21.2219 6.4137 21.2219ZM10.4837 20.9819C9.8037 20.9819 9.2737 20.4519 9.2737 19.7819C9.2737 19.1119 9.8037 18.5819 10.4837 18.5819H17.9237C18.5937 18.5819 19.1437 19.1119 19.1437 19.7819C19.1437 20.4519 18.6037 20.9819 17.9237 20.9819ZM6.4137 26.5219C5.6337 26.5219 4.9737 25.8719 4.9737 25.0719C4.9737 24.2919 5.6337 23.6419 6.4137 23.6419C7.2237 23.6419 7.8637 24.2819 7.8637 25.0719C7.8637 25.8819 7.2237 26.5219 6.4137 26.5219ZM10.4837 26.2919C9.8137 26.2919 9.2737 25.7419 9.2737 25.0719C9.2737 24.4219 9.8037 23.8819 10.4837 23.8819H17.9237C18.5937 23.8819 19.1437 24.4219 19.1437 25.0719C19.1437 25.7419 18.5937 26.2919 17.9237 26.2919Z","geometry":{"width":24.1171875,"height":33.919921875}}