{"path":"M0.0037 25.2702C0.0037 28.4002 1.6937 30.0902 4.8037 30.0902H19.4437C22.5437 30.0902 24.2437 28.4002 24.2437 25.2702V4.8302C24.2437 1.7102 22.5437 0.0002 19.4437 0.0002H4.8037C1.6937 0.0002 0.0037 1.7102 0.0037 4.8302ZM3.5237 24.8802V5.2202C3.5237 4.1202 4.0637 3.5302 5.2237 3.5302H19.0137C20.1837 3.5302 20.7137 4.1202 20.7137 5.2202V24.8802C20.7137 25.9802 20.1837 26.5602 19.0137 26.5602H5.2237C4.0637 26.5602 3.5237 25.9802 3.5237 24.8802ZM6.5337 8.3702C7.2437 8.3702 7.8237 7.7902 7.8237 7.1002C7.8237 6.3802 7.2437 5.8102 6.5337 5.8102C5.8537 5.8102 5.2637 6.3802 5.2637 7.1002C5.2637 7.7802 5.8537 8.3702 6.5337 8.3702ZM10.1337 8.0502H18.0337C18.5537 8.0502 18.9937 7.6202 18.9937 7.1002C18.9937 6.5802 18.5537 6.1202 18.0337 6.1202H10.1337C9.5937 6.1202 9.1737 6.5802 9.1737 7.1002C9.1737 7.6202 9.5937 8.0502 10.1337 8.0502ZM6.5337 12.2502C7.2437 12.2502 7.8237 11.6902 7.8237 10.9802C7.8237 10.2802 7.2637 9.7202 6.5337 9.7202C5.8237 9.7202 5.2637 10.2802 5.2637 10.9802C5.2637 11.6902 5.8237 12.2502 6.5337 12.2502ZM10.1337 11.9402H18.0337C18.5637 11.9402 18.9937 11.5102 18.9937 10.9802C18.9937 10.4502 18.5637 10.0302 18.0337 10.0302H10.1337C9.5837 10.0302 9.1737 10.4502 9.1737 10.9802C9.1737 11.5102 9.5837 11.9402 10.1337 11.9402ZM6.5337 16.3502C7.2437 16.3502 7.8237 15.7802 7.8237 15.0702C7.8237 14.3602 7.2437 13.7902 6.5337 13.7902C5.8537 13.7902 5.2637 14.3802 5.2637 15.0702C5.2637 15.7602 5.8537 16.3502 6.5337 16.3502ZM10.1337 16.0202H18.0337C18.5537 16.0202 18.9937 15.5902 18.9937 15.0702C18.9937 14.5502 18.5637 14.1202 18.0337 14.1202H10.1337C9.5837 14.1202 9.1737 14.5502 9.1737 15.0702C9.1737 15.5902 9.5937 16.0202 10.1337 16.0202Z","geometry":{"width":24.240234375,"height":30.091796875}}