{"path":"M0.0037 25.2702C0.0037 28.4002 1.6937 30.0902 4.8037 30.0902H19.4437C22.5437 30.0902 24.2437 28.4002 24.2437 25.2702V4.8302C24.2437 1.7102 22.5437 0.0002 19.4437 0.0002H4.8037C1.6937 0.0002 0.0037 1.7102 0.0037 4.8302ZM6.0937 8.2302C5.3637 8.2302 4.7437 7.6202 4.7437 6.8802C4.7437 6.1502 5.3637 5.5202 6.0937 5.5202C6.8337 5.5202 7.4537 6.1402 7.4537 6.8802C7.4537 7.6202 6.8337 8.2302 6.0937 8.2302ZM10.1737 7.9002C9.6237 7.9002 9.1637 7.4402 9.1637 6.8802C9.1637 6.3302 9.6137 5.8702 10.1737 5.8702H18.4837C19.0437 5.8702 19.4937 6.3302 19.4937 6.8802C19.4937 7.4402 19.0337 7.9002 18.4837 7.9002ZM6.0937 12.3302C5.3437 12.3302 4.7437 11.7202 4.7437 10.9802C4.7437 10.2402 5.3437 9.6402 6.0937 9.6402C6.8537 9.6402 7.4537 10.2302 7.4537 10.9802C7.4537 11.7202 6.8337 12.3302 6.0937 12.3302ZM10.1737 11.9902C9.6137 11.9902 9.1637 11.5402 9.1637 10.9802C9.1637 10.4202 9.6137 9.9802 10.1737 9.9802H18.4837C19.0537 9.9802 19.4937 10.4202 19.4937 10.9802C19.4937 11.5402 19.0537 11.9902 18.4837 11.9902ZM6.0937 16.6402C5.3637 16.6402 4.7437 16.0102 4.7437 15.2802C4.7437 14.5502 5.3637 13.9302 6.0937 13.9302C6.8337 13.9302 7.4537 14.5302 7.4537 15.2802C7.4537 16.0202 6.8337 16.6402 6.0937 16.6402ZM10.1737 16.3002C9.6237 16.3002 9.1637 15.8302 9.1637 15.2802C9.1637 14.7202 9.6137 14.2702 10.1737 14.2702H18.4837C19.0537 14.2702 19.4937 14.7202 19.4937 15.2802C19.4937 15.8302 19.0337 16.3002 18.4837 16.3002Z","geometry":{"width":24.240234375,"height":30.091796875}}