{"path":"M2.2837 4.5539C3.5237 4.5539 4.5537 3.5239 4.5537 2.2739C4.5537 1.0239 3.5237 0.0039 2.2837 0.0039C1.0237 0.0039 0.0037 1.0239 0.0037 2.2739C0.0037 3.5239 1.0237 4.5539 2.2837 4.5539ZM9.2937 3.9239H27.6837C28.6037 3.9239 29.3237 3.2039 29.3237 2.2739C29.3237 1.3539 28.6137 0.6239 27.6837 0.6239H9.2937C8.3837 0.6239 7.6437 1.3539 7.6437 2.2739C7.6437 3.1839 8.3637 3.9239 9.2937 3.9239ZM2.2837 13.1839C3.5237 13.1839 4.5537 12.1539 4.5537 10.8939C4.5537 9.6339 3.5237 8.6139 2.2837 8.6139C1.0237 8.6139 0.0037 9.6339 0.0037 10.8939C0.0037 12.1539 1.0237 13.1839 2.2837 13.1839ZM9.2937 12.5339H27.6837C28.6037 12.5339 29.3237 11.8239 29.3237 10.8939C29.3237 9.9839 28.6137 9.2539 27.6837 9.2539H9.2937C8.3837 9.2539 7.6437 9.9839 7.6437 10.8939C7.6437 11.8139 8.3637 12.5339 9.2937 12.5339ZM2.2837 21.8039C3.5237 21.8039 4.5537 20.7839 4.5537 19.5239C4.5537 18.2639 3.5237 17.2439 2.2837 17.2439C1.0237 17.2439 0.0037 18.2639 0.0037 19.5239C0.0037 20.7839 1.0237 21.8039 2.2837 21.8039ZM9.2937 21.1639H27.6837C28.6037 21.1639 29.3237 20.4439 29.3237 19.5239C29.3237 18.6039 28.6137 17.8839 27.6837 17.8839H9.2937C8.3837 17.8839 7.6437 18.5939 7.6437 19.5239C7.6437 20.4439 8.3637 21.1639 9.2937 21.1639Z","geometry":{"width":29.326171875,"height":21.806640625}}