{"path":"M4.8237 26.1377H27.8037C30.9437 26.1377 32.6337 24.4477 32.6337 21.3377V4.7977C32.6337 1.6977 30.9437 -0.0023 27.8037 -0.0023H4.8237C1.7137 -0.0023 0.0037 1.6977 0.0037 4.7977V21.3377C0.0037 24.4477 1.7137 26.1377 4.8237 26.1377ZM5.2137 22.6177C4.1137 22.6177 3.5237 22.0777 3.5237 20.9177V5.2177C3.5237 4.0577 4.1137 3.5277 5.2137 3.5277H27.4237C28.5237 3.5277 29.1037 4.0577 29.1037 5.2177V20.9177C29.1037 22.0777 28.5237 22.6177 27.4237 22.6177ZM7.5237 8.5077C8.2337 8.5077 8.8037 7.9477 8.8037 7.2277C8.8037 6.5177 8.2337 5.9477 7.5237 5.9477C6.8237 5.9477 6.2337 6.5377 6.2337 7.2277C6.2337 7.9277 6.8237 8.5077 7.5237 8.5077ZM11.0737 8.1777H25.4737C26.0037 8.1777 26.4237 7.7477 26.4237 7.2277C26.4237 6.7177 25.9937 6.2777 25.4737 6.2777H11.0737C10.5537 6.2777 10.1137 6.7177 10.1137 7.2277C10.1137 7.7477 10.5437 8.1777 11.0737 8.1777ZM7.5237 12.3277C8.2337 12.3277 8.8037 11.7577 8.8037 11.0577C8.8037 10.3477 8.2337 9.7777 7.5237 9.7777C6.8237 9.7777 6.2337 10.3477 6.2337 11.0577C6.2337 11.7477 6.8237 12.3277 7.5237 12.3277ZM11.0737 12.0177H19.2737C19.7937 12.0177 20.2337 11.5777 20.2337 11.0577C20.2337 10.5377 19.8137 10.0877 19.2737 10.0877H11.0737C10.5437 10.0877 10.1137 10.5377 10.1137 11.0577C10.1137 11.5777 10.5537 12.0177 11.0737 12.0177ZM7.5237 16.1377C8.2337 16.1377 8.8037 15.5677 8.8037 14.8577C8.8037 14.1677 8.2337 13.6077 7.5237 13.6077C6.8037 13.6077 6.2337 14.1677 6.2337 14.8577C6.2337 15.5677 6.8037 16.1377 7.5237 16.1377ZM11.0737 15.8177H25.4737C26.0037 15.8177 26.4237 15.3977 26.4237 14.8577C26.4237 14.3377 26.0037 13.9177 25.4737 13.9177H11.0737C10.5437 13.9177 10.1137 14.3377 10.1137 14.8577C10.1137 15.3977 10.5437 15.8177 11.0737 15.8177ZM7.5237 20.1477C8.2337 20.1477 8.8037 19.5877 8.8037 18.8777C8.8037 18.1677 8.2337 17.5977 7.5237 17.5977C6.8237 17.5977 6.2337 18.1877 6.2337 18.8777C6.2337 19.5677 6.8237 20.1477 7.5237 20.1477ZM11.0737 19.8377H19.2737C19.7937 19.8377 20.2337 19.3977 20.2337 18.8777C20.2337 18.3477 19.8137 17.9277 19.2737 17.9277H11.0737C10.5437 17.9277 10.1137 18.3477 10.1137 18.8777C10.1137 19.3977 10.5537 19.8377 11.0737 19.8377Z","geometry":{"width":32.634765625,"height":26.140625}}