{"path":"M1.6837 5.4475L4.5837 3.7675C5.2537 3.3575 5.2537 2.3475 4.5837 1.9475L1.6837 0.2175C0.8637 -0.2625 0.0037 0.0775 0.0037 1.0075V4.6675C0.0037 5.5875 0.8637 5.9275 1.6837 5.4475ZM10.2037 4.4675H27.6837C28.6037 4.4675 29.3237 3.7475 29.3237 2.8175C29.3237 1.8975 28.6137 1.1675 27.6837 1.1675H10.2037C9.2837 1.1675 8.5537 1.8975 8.5537 2.8175C8.5537 3.7275 9.2837 4.4675 10.2037 4.4675ZM1.6837 14.0475L4.5837 12.3575C5.2537 11.9575 5.2537 10.9475 4.5837 10.5475L1.6837 8.8175C0.8637 8.3275 0.0037 8.6775 0.0037 9.6075V13.2675C0.0037 14.1875 0.8637 14.5275 1.6837 14.0475ZM10.2037 13.0775H27.6837C28.6037 13.0775 29.3237 12.3675 29.3237 11.4375C29.3237 10.5275 28.6137 9.7975 27.6837 9.7975H10.2037C9.2837 9.7975 8.5537 10.5275 8.5537 11.4375C8.5537 12.3575 9.2837 13.0775 10.2037 13.0775ZM1.6837 22.7075L4.5837 21.0075C5.2537 20.6175 5.2537 19.5875 4.5837 19.2075L1.6837 17.4675C0.8637 16.9775 0.0037 17.3175 0.0037 18.2575V21.9275C0.0037 22.8275 0.8637 23.1675 1.6837 22.7075ZM10.2037 21.7075H27.6837C28.6037 21.7075 29.3237 20.9875 29.3237 20.0675C29.3237 19.1475 28.6137 18.4275 27.6837 18.4275H10.2037C9.2837 18.4275 8.5537 19.1375 8.5537 20.0675C8.5537 20.9875 9.2837 21.7075 10.2037 21.7075Z","geometry":{"width":29.326171875,"height":22.91296214293279}}