{"path":"M1.8637 3.7338H4.1937C5.2237 3.7338 6.0737 2.8837 6.0737 1.8637C6.0737 0.8337 5.2237 0.0038 4.1937 0.0038H1.8637C0.8437 0.0038 0.0037 0.8337 0.0037 1.8637C0.0037 2.8837 0.8437 3.7338 1.8637 3.7338ZM10.5237 3.5138H27.6837C28.6037 3.5138 29.3237 2.7937 29.3237 1.8637C29.3237 0.9438 28.6137 0.2138 27.6837 0.2138H10.5237C9.6137 0.2138 8.8837 0.9438 8.8837 1.8637C8.8837 2.7737 9.6137 3.5138 10.5237 3.5138ZM1.8637 12.3438H4.1937C5.2237 12.3438 6.0737 11.5138 6.0737 10.4838C6.0737 9.4637 5.2237 8.6238 4.1937 8.6238H1.8637C0.8437 8.6238 0.0037 9.4637 0.0037 10.4838C0.0037 11.5138 0.8437 12.3438 1.8637 12.3438ZM10.5237 12.1238H27.6837C28.6037 12.1238 29.3237 11.4138 29.3237 10.4838C29.3237 9.5738 28.6137 8.8438 27.6837 8.8438H10.5237C9.6137 8.8438 8.8837 9.5738 8.8837 10.4838C8.8837 11.4038 9.6137 12.1238 10.5237 12.1238ZM1.8637 20.9738H4.1937C5.2237 20.9738 6.0737 20.1338 6.0737 19.1138C6.0737 18.0838 5.2237 17.2538 4.1937 17.2538H1.8637C0.8437 17.2538 0.0037 18.0838 0.0037 19.1138C0.0037 20.1338 0.8437 20.9738 1.8637 20.9738ZM10.5237 20.7538H27.6837C28.6037 20.7538 29.3237 20.0338 29.3237 19.1138C29.3237 18.1938 28.6137 17.4738 27.6837 17.4738H10.5237C9.6137 17.4738 8.8837 18.1838 8.8837 19.1138C8.8837 20.0338 9.6137 20.7538 10.5237 20.7538Z","geometry":{"width":29.326171875,"height":20.97265625}}