{"path":"M4.8237 26.1377H27.8037C30.9437 26.1377 32.6337 24.4477 32.6337 21.3377V4.7977C32.6337 1.6977 30.9437 -0.0023 27.8037 -0.0023H4.8237C1.7137 -0.0023 0.0037 1.6977 0.0037 4.7977V21.3377C0.0037 24.4477 1.7137 26.1377 4.8237 26.1377ZM5.2137 22.6177C4.1137 22.6177 3.5237 22.0777 3.5237 20.9177V5.2177C3.5237 4.0577 4.1137 3.5277 5.2137 3.5277H27.4237C28.5237 3.5277 29.1037 4.0577 29.1037 5.2177V20.9177C29.1037 22.0777 28.5237 22.6177 27.4237 22.6177ZM7.8037 8.6277H9.2137C9.8037 8.6277 10.3037 8.1377 10.3037 7.5377C10.3037 6.9177 9.8037 6.4377 9.2137 6.4377H7.8037C7.2237 6.4377 6.7237 6.9177 6.7237 7.5377C6.7237 8.1177 7.2237 8.6277 7.8037 8.6277ZM12.8637 8.4877H24.9237C25.4537 8.4877 25.8837 8.0677 25.8837 7.5377C25.8837 6.9977 25.4537 6.5777 24.9237 6.5777H12.8637C12.3437 6.5777 11.9237 6.9977 11.9237 7.5377C11.9237 8.0677 12.3337 8.4877 12.8637 8.4877ZM7.8037 12.9777H9.2137C9.8037 12.9777 10.3037 12.4977 10.3037 11.8977C10.3037 11.2977 9.8137 10.7977 9.2137 10.7977H7.8037C7.2237 10.7977 6.7237 11.2977 6.7237 11.8977C6.7237 12.4977 7.2237 12.9777 7.8037 12.9777ZM12.8637 12.8377H24.9237C25.4537 12.8377 25.8837 12.4277 25.8837 11.8977C25.8837 11.3577 25.4537 10.9277 24.9237 10.9277H12.8637C12.3437 10.9277 11.9237 11.3477 11.9237 11.8977C11.9237 12.4177 12.3337 12.8377 12.8637 12.8377Z","geometry":{"width":32.634765625,"height":26.140625}}