{"path":"M1.9226 5.7621L3.0026 4.9521L4.0826 5.7621C4.6326 6.1721 5.2926 5.7121 5.0826 5.0821L4.6426 3.7521L5.7226 2.9621C6.2326 2.5821 6.0126 1.8421 5.3726 1.8421H4.0326L3.5826 0.4321C3.4026 -0.1479 2.6226 -0.1479 2.4426 0.4321L1.9926 1.8421H0.6326C0.0026 1.8421 -0.2374 2.5821 0.2826 2.9621L1.3826 3.7621L0.9426 5.0821C0.7326 5.7121 1.3626 6.1621 1.9226 5.7621ZM10.5926 4.7921H27.6826C28.6026 4.7921 29.3426 4.0721 29.3426 3.1421C29.3426 2.2221 28.6126 1.4921 27.6826 1.4921H10.5926C9.6826 1.4921 8.9426 2.2221 8.9426 3.1421C8.9426 4.0521 9.6626 4.7921 10.5926 4.7921ZM1.9226 14.3721L3.0026 13.5721L4.0826 14.3721C4.6326 14.7821 5.2926 14.3221 5.0826 13.6921L4.6426 12.3621L5.7226 11.5721C6.2326 11.1921 6.0126 10.4521 5.3726 10.4521H4.0326L3.5826 9.0421C3.4026 8.4721 2.6226 8.4721 2.4426 9.0421L1.9926 10.4521H0.6326C0.0026 10.4521 -0.2374 11.1921 0.2826 11.5721L1.3826 12.3821L0.9426 13.6921C0.7326 14.3221 1.3626 14.7721 1.9226 14.3721ZM10.5926 13.4021H27.6826C28.6026 13.4021 29.3426 12.6921 29.3426 11.7621C29.3426 10.8521 28.6126 10.1221 27.6826 10.1221H10.5926C9.6826 10.1221 8.9426 10.8521 8.9426 11.7621C8.9426 12.6821 9.6626 13.4021 10.5926 13.4021ZM1.9226 23.0021L3.0026 22.1921L4.0826 23.0021C4.6326 23.4221 5.2926 22.9621 5.0826 22.3221L4.6426 21.0021L5.7226 20.2021C6.2326 19.8221 6.0126 19.0821 5.3726 19.0821H4.0326L3.5826 17.6721C3.4026 17.0921 2.6226 17.1121 2.4426 17.6721L1.9926 19.0821H0.6326C0.0026 19.0821 -0.2374 19.8221 0.2826 20.2021L1.3826 21.0021L0.9426 22.3221C0.7326 22.9621 1.3626 23.4121 1.9226 23.0021ZM10.5926 22.0321H27.6826C28.6026 22.0321 29.3426 21.3121 29.3426 20.3921C29.3426 19.4721 28.6126 18.7521 27.6826 18.7521H10.5926C9.6826 18.7521 8.9426 19.4621 8.9426 20.3921C8.9426 21.3121 9.6626 22.0321 10.5926 22.0321Z","geometry":{"width":29.338759660006502,"height":23.165890529764035}}