{"path":"M4.8237 26.1377H27.8037C30.9437 26.1377 32.6337 24.4477 32.6337 21.3377V4.7977C32.6337 1.6977 30.9437 -0.0023 27.8037 -0.0023H4.8237C1.7137 -0.0023 0.0037 1.6977 0.0037 4.7977V21.3377C0.0037 24.4477 1.7137 26.1377 4.8237 26.1377ZM6.7437 7.8777C5.9837 7.8777 5.3437 7.2277 5.3437 6.4677C5.3437 5.7177 5.9837 5.0677 6.7437 5.0677C7.5237 5.0677 8.1437 5.6877 8.1437 6.4677C8.1437 7.2477 7.5237 7.8777 6.7437 7.8777ZM10.9137 7.5177C10.3237 7.5177 9.8537 7.0377 9.8537 6.4677C9.8537 5.8777 10.3337 5.4177 10.9137 5.4177H26.2637C26.8337 5.4177 27.3137 5.8777 27.3137 6.4677C27.3137 7.0377 26.8537 7.5177 26.2637 7.5177ZM6.7437 12.2077C5.9837 12.2077 5.3437 11.5677 5.3437 10.7977C5.3437 10.0177 5.9837 9.4077 6.7437 9.4077C7.5237 9.4077 8.1437 10.0177 8.1437 10.7977C8.1437 11.5777 7.5237 12.2077 6.7437 12.2077ZM10.9137 11.8677C10.3337 11.8677 9.8537 11.3777 9.8537 10.7977C9.8537 10.2277 10.3237 9.7477 10.9137 9.7477H19.5337C20.1237 9.7477 20.6037 10.2277 20.6037 10.7977C20.6037 11.3777 20.1137 11.8677 19.5337 11.8677ZM6.7437 16.4977C5.9737 16.4977 5.3437 15.8977 5.3437 15.1177C5.3437 14.3577 5.9737 13.7277 6.7437 13.7277C7.5337 13.7277 8.1437 14.3377 8.1437 15.1177C8.1437 15.8977 7.5237 16.4977 6.7437 16.4977ZM10.9137 16.1777C10.3237 16.1777 9.8537 15.6977 9.8537 15.1177C9.8537 14.5377 10.3237 14.0777 10.9137 14.0777H26.2637C26.8537 14.0777 27.3137 14.5377 27.3137 15.1177C27.3137 15.6977 26.8537 16.1777 26.2637 16.1777ZM6.7437 21.0577C5.9837 21.0577 5.3437 20.4077 5.3437 19.6477C5.3437 18.8977 5.9837 18.2477 6.7437 18.2477C7.5237 18.2477 8.1437 18.8777 8.1437 19.6477C8.1437 20.4377 7.5237 21.0577 6.7437 21.0577ZM10.9137 20.7177C10.3337 20.7177 9.8537 20.2377 9.8537 19.6477C9.8537 19.0877 10.3237 18.5977 10.9137 18.5977H19.5337C20.1437 18.5977 20.6037 19.0877 20.6037 19.6477C20.6037 20.2377 20.1137 20.7177 19.5337 20.7177Z","geometry":{"width":32.634765625,"height":26.140625}}