{"path":"M26.2077 23.8993C26.6577 24.3493 27.4177 24.3493 27.8377 23.8993C28.2777 23.4393 28.2877 22.7193 27.8377 22.2693L5.9077 0.3393C5.4577 -0.1107 4.7077 -0.1107 4.2577 0.3393C3.8277 0.7793 3.8277 1.5293 4.2577 1.9693ZM22.6577 14.4193L27.2877 4.3293C28.6177 1.4293 26.3977 -0.6207 23.5577 0.6793L13.5277 5.2693ZM7.6277 7.9793L1.6577 10.7193C-0.9123 11.8793 -0.3823 15.5393 2.4877 15.5393L12.2377 15.5693C12.3777 15.5693 12.3777 15.5393 12.3777 15.7093L12.3877 25.4093C12.3877 28.2593 16.0477 28.8693 17.2777 26.1693L19.9577 20.3293Z","geometry":{"width":28.17046465030039,"height":27.9014362696376}}