{"path":"M2.1209 29.9809C3.0509 29.9809 3.7609 29.4809 4.8409 28.4109L11.4309 21.8509C11.5109 21.7609 11.5809 21.7209 11.6509 21.7209C11.7209 21.7209 11.7809 21.7609 11.8709 21.8509L18.4609 28.4109C19.5409 29.4809 20.2509 29.9809 21.1809 29.9809C22.3909 29.9809 23.3009 29.0509 23.3009 27.7009C23.3009 27.0109 23.0609 26.2409 22.7509 25.3609L14.2509 2.4509C13.6709 0.9209 12.8609 0.0009 11.6509 0.0009C10.4309 0.0009 9.6209 0.9009 9.0509 2.4509L0.5509 25.3609C0.2309 26.2409 0.0009 27.0109 0.0009 27.7009C0.0009 29.0509 0.9209 29.9809 2.1209 29.9809Z","geometry":{"width":23.296875,"height":29.982421875}}