{"path":"M-0.0045 11.5244C-0.0045 17.8844 5.1555 23.0344 11.5155 23.0344C13.6355 23.0344 15.5855 22.4444 17.2555 21.4344L22.7455 26.9344C23.2855 27.4644 23.9955 27.7244 24.7355 27.7244C26.3155 27.7244 27.4955 26.5244 27.4955 24.9644C27.4955 24.2244 27.2355 23.5444 26.7055 22.9944L21.2555 17.5444C22.3855 15.8144 23.0355 13.7544 23.0355 11.5244C23.0355 5.1544 17.8855 0.0044 11.5155 0.0044C5.1555 0.0044 -0.0045 5.1544 -0.0045 11.5244ZM3.8955 11.5244C3.8955 7.3144 7.3155 3.9144 11.5155 3.9144C15.7255 3.9144 19.1455 7.3144 19.1455 11.5244C19.1455 15.7344 15.7255 19.1444 11.5155 19.1444C7.3155 19.1444 3.8955 15.7344 3.8955 11.5244ZM6.8955 12.3544H10.2955C10.4855 12.3544 10.6055 12.4944 10.6055 12.6844V16.0644C10.6055 16.9544 11.6655 17.2244 12.0555 16.3344L15.6855 8.4944C16.0655 7.6544 15.2955 6.8944 14.4655 7.2744L6.6155 10.9244C5.7255 11.3244 6.0155 12.3544 6.8955 12.3544Z","geometry":{"width":27.494140625,"height":27.7265625}}