{"path":"M4.8237 26.1377H21.3137C24.4437 26.1377 26.1437 24.4477 26.1437 21.3377V4.7977C26.1437 1.6977 24.4437 -0.0023 21.3137 -0.0023H4.8237C1.7137 -0.0023 0.0037 1.6977 0.0037 4.7977V21.3377C0.0037 24.4477 1.7137 26.1377 4.8237 26.1377ZM6.2037 14.1777C4.8537 14.1777 4.4137 12.5677 5.7837 11.9377L17.8537 6.3277C19.1537 5.7377 20.3437 6.9177 19.7537 8.2277L14.1737 20.2977C13.5637 21.6677 11.9337 21.2477 11.9337 19.8777V14.6877C11.9337 14.3877 11.7337 14.1777 11.4437 14.1777Z","geometry":{"width":26.140625,"height":26.140625}}