{"path":"M10.0509 8.7623C10.9909 8.7623 11.6309 8.1223 11.6309 7.1323V1.6123C11.6309 0.6323 10.9909 0.0023 10.0509 0.0023C9.1009 0.0023 8.4809 0.6323 8.4809 1.6123V7.1323C8.4809 8.1223 9.1009 8.7623 10.0509 8.7623ZM2.2709 34.8123C3.1009 34.8123 3.9809 34.3323 4.7309 33.5823L9.7109 28.7223C9.8409 28.5923 9.9409 28.5323 10.0509 28.5323C10.1709 28.5323 10.2709 28.5923 10.3909 28.7223L15.3809 33.5823C16.1309 34.3323 17.0109 34.8123 17.8409 34.8123C19.1409 34.8123 20.1109 33.7823 20.1109 32.4423C20.1109 31.7323 19.8809 30.9523 19.4809 30.0123L12.8209 13.5523C12.1409 11.9123 11.3509 10.9823 10.0509 10.9823C8.7509 10.9823 7.9809 11.8823 7.2909 13.5523L0.6109 30.0123C0.2309 30.9523 0.0009 31.7323 0.0009 32.4423C0.0009 33.7823 0.9709 34.8123 2.2709 34.8123ZM4.3309 29.6223C4.2809 29.5823 4.2809 29.5223 4.3109 29.4223L9.8609 15.6123C9.9009 15.4923 9.9509 15.4223 10.0509 15.4223C10.1609 15.4223 10.2009 15.5023 10.2509 15.6123L15.7909 29.4223C15.8309 29.5223 15.8309 29.5823 15.7809 29.6223C15.7409 29.6723 15.6709 29.6723 15.5909 29.6023L11.2809 25.6723C10.8009 25.2223 10.4709 24.9923 10.0509 24.9923C9.6409 24.9923 9.3109 25.2223 8.8309 25.6723L4.5109 29.6023C4.4609 29.6423 4.3709 29.6823 4.3309 29.6223Z","geometry":{"width":20.111328125,"height":34.80859375}}