{"path":"M2.4877 15.2574L12.2377 15.2874C12.3777 15.2874 12.3777 15.2574 12.3777 15.4274L12.3877 25.1274C12.3877 27.9774 16.0477 28.5874 17.2777 25.8874L27.2877 4.0474C28.6177 1.1474 26.3977 -0.9026 23.5577 0.3974L1.6577 10.4374C-0.9123 11.5974 -0.3823 15.2574 2.4877 15.2574Z","geometry":{"width":27.684571037062476,"height":27.619540914522673}}