{"path":"M26.2592 23.8903C26.7092 24.3503 27.4692 24.3503 27.8892 23.8903C28.3292 23.4403 28.3392 22.7203 27.8892 22.2703L5.9592 0.3403C5.5092 -0.1097 4.7592 -0.1097 4.3092 0.3403C3.8792 0.7803 3.8792 1.5303 4.3092 1.9603ZM22.6692 14.6403L27.3692 4.3803C28.7092 1.4703 26.4992 -0.6497 23.5792 0.6803L13.3692 5.3703L15.9992 7.9803L23.2292 4.6903C23.3192 4.6403 23.4092 4.6703 23.3392 4.8003L20.0392 12.0103ZM2.5292 15.6203L12.2792 15.6503C12.3992 15.6503 12.3892 15.6103 12.3892 15.7503L12.3992 25.4503C12.4092 28.3503 16.1292 28.9303 17.3592 26.2203L20.1492 20.1303L17.5392 17.5103L15.8592 21.1703C15.8192 21.2403 15.7592 21.2303 15.7592 21.1603L15.7992 15.7903L12.2192 12.2103L6.8292 12.2303C6.7692 12.2303 6.7492 12.1903 6.8292 12.1503L10.4892 10.4803L7.8892 7.8703L1.6792 10.7103C-0.9708 11.9203 -0.3308 15.6103 2.5292 15.6203Z","geometry":{"width":28.222050005475126,"height":27.96829935495575}}