{"path":"M13.2905 3.1429C15.5305 3.1429 17.3505 4.7529 17.3505 7.5229L17.3405 10.7829H13.2205L23.2705 20.8229V14.2829C23.2705 12.1729 22.3505 11.0329 20.5805 10.8329L20.5905 7.6829C20.6005 2.8029 17.2905 0.0029 13.2905 0.0029C10.3605 0.0029 7.8205 1.5129 6.7005 4.2629L9.3005 6.8529C9.5405 4.5129 11.2105 3.1429 13.2905 3.1429ZM25.6105 28.9829C26.0605 29.4329 26.8005 29.4329 27.2305 28.9829C27.6705 28.5329 27.6905 27.8129 27.2305 27.3529L1.9705 2.1029C1.5205 1.6529 0.7805 1.6529 0.3305 2.1029C-0.1095 2.5429 -0.1095 3.2929 0.3305 3.7329ZM6.6305 27.9729H19.9605C20.6305 27.9729 21.1905 27.8529 21.6305 27.6129L5.0905 11.0829H5.0305C3.9105 11.5429 3.3105 12.6029 3.3105 14.2829V24.4429C3.3105 26.8429 4.4305 27.9729 6.6305 27.9729Z","geometry":{"width":27.56764666984249,"height":29.32275390625}}