{"path":"M3.8737 24.3586H12.4137V26.5086H12.3737C11.5537 26.5086 10.8937 27.2086 10.8937 27.9886C10.8937 28.7686 11.5537 29.4586 12.3737 29.4586H21.8637C22.6837 29.4586 23.3337 28.7686 23.3337 27.9886C23.3337 27.2086 22.6837 26.5086 21.8637 26.5086H21.8237V24.3586H30.3537C32.7837 24.3586 34.2337 22.9186 34.2337 20.4786V3.8686C34.2337 1.4486 32.7837 -0.0014 30.3537 -0.0014H3.8737C1.4537 -0.0014 0.0037 1.4486 0.0037 3.8686V20.4786C0.0037 22.9186 1.4537 24.3586 3.8737 24.3586ZM4.2537 20.9886C3.7037 20.9886 3.3637 20.6586 3.3637 20.1086V4.2386C3.3637 3.6886 3.7037 3.3586 4.2537 3.3586H29.9837C30.5337 3.3586 30.8537 3.6886 30.8537 4.2386V20.1086C30.8537 20.6586 30.5337 20.9886 29.9837 20.9886ZM12.3437 15.6786C12.3437 16.4986 12.7137 16.8986 13.4937 16.8986H18.2837C19.0437 16.8986 19.4237 16.4986 19.4237 15.6786V12.0586C19.4237 11.2886 19.1037 10.8986 18.4437 10.8386V9.8486C18.4437 8.9286 18.9037 8.3486 19.7737 8.3486C20.6337 8.3486 21.0937 8.9286 21.0937 9.8486V10.5786C21.0937 11.0186 21.4537 11.3786 21.8937 11.3786C22.3237 11.3786 22.6637 11.0186 22.6637 10.5786V9.8486C22.6637 8.0686 21.5437 6.8086 19.7737 6.8086C17.9937 6.8086 16.8537 8.0686 16.8537 9.9286V10.8286H13.4937C12.7137 10.8286 12.3437 11.2286 12.3437 12.0586Z","geometry":{"width":34.234375,"height":29.462890625}}