{"path":"M17.554 27.9772H22.984C25.184 27.9772 26.304 26.8372 26.304 24.4472V14.2872C26.304 12.1672 25.404 11.0372 23.624 10.8272V7.8072C23.624 2.5472 20.034 -0.0028 16.324 -0.0028C12.604 -0.0028 9.024 2.5472 9.024 7.8072V10.8272C8.064 10.9272 7.384 11.3072 6.944 11.9772C7.244 11.8672 7.574 11.8272 7.884 11.8272C9.324 11.8272 10.674 12.5472 11.454 13.9272L17.364 24.5172C17.704 25.1472 17.914 25.8572 17.914 26.5372C17.914 27.0472 17.774 27.5472 17.554 27.9772ZM12.294 10.7872V7.5972C12.294 4.7672 14.064 3.1572 16.324 3.1572C18.564 3.1572 20.354 4.7672 20.354 7.5972V10.7872ZM2.054 28.4972H13.864C15.094 28.4972 15.924 27.5672 15.924 26.4372C15.924 26.0972 15.844 25.7572 15.654 25.4272L9.734 14.8472C9.324 14.1272 8.654 13.7772 7.974 13.7772C7.264 13.7772 6.574 14.1372 6.194 14.8472L0.274 25.4272C0.084 25.7572 0.004 26.0972 0.004 26.4372C0.004 27.5672 0.824 28.4972 2.054 28.4972ZM7.954 22.9672C7.344 22.9672 6.904 22.5472 6.874 21.9572L6.764 18.3372C6.744 17.6372 7.234 17.1572 7.954 17.1572C8.684 17.1572 9.184 17.6372 9.164 18.3372L9.034 21.9572C9.024 22.5472 8.574 22.9672 7.954 22.9672ZM7.954 26.4572C7.174 26.4572 6.594 25.8772 6.594 25.1272C6.594 24.3772 7.174 23.8172 7.954 23.8172C8.734 23.8172 9.334 24.3872 9.334 25.1272C9.334 25.8772 8.754 26.4572 7.954 26.4572Z","geometry":{"width":26.3046875,"height":28.4921875}}