{"path":"M5.3837 2.0755H19.3737C19.2637 0.7355 18.4337 -0.0045 16.9937 -0.0045H7.7637C6.3337 -0.0045 5.4937 0.7355 5.3837 2.0755ZM3.0937 6.3855H21.6737C21.4937 4.9755 20.7237 4.1255 19.1037 4.1255H5.6737C4.0337 4.1255 3.2637 4.9755 3.0937 6.3855ZM4.8237 33.5055H20.4137C23.3137 33.5055 25.0237 31.8055 25.0237 28.7155V13.2855C25.0237 10.1855 23.3137 8.4855 20.1937 8.4855H4.8237C1.7137 8.4855 0.0037 10.1855 0.0037 13.2855V28.7155C0.0037 31.8155 1.7137 33.5055 4.8237 33.5055ZM7.4337 26.4955V21.0955C7.4337 20.1555 7.8037 19.6455 8.5437 19.5055V18.0355C8.5437 15.3855 10.1537 13.6055 12.5237 13.6055C14.8937 13.6055 16.5037 15.3855 16.5037 18.0355V19.5255C17.2237 19.6455 17.6137 20.1555 17.6137 21.0955V26.4955C17.6137 27.6355 17.0937 28.1455 16.0537 28.1455H8.9837C7.9437 28.1455 7.4337 27.6355 7.4337 26.4955ZM10.5637 19.4555H14.4737V17.9055C14.4737 16.5055 13.7037 15.5755 12.5137 15.5755C11.3337 15.5755 10.5637 16.5055 10.5637 17.9055Z","geometry":{"width":25.01953125,"height":33.509765625}}