{"path":"M3.3219 27.9729H16.6519C18.8419 27.9729 19.9619 26.8429 19.9619 24.4429V14.2829C19.9619 12.1729 19.0619 11.0329 17.2819 10.8329V7.6829C17.2819 2.8029 13.9819 0.0029 9.9819 0.0029C5.9719 0.0029 2.6919 2.8029 2.6919 7.6829V10.8329C0.9019 11.0329 0.0019 12.1729 0.0019 14.2829V24.4429C0.0019 26.8429 1.1219 27.9729 3.3219 27.9729ZM5.9519 7.5229C5.9519 4.7529 7.7419 3.1429 9.9819 3.1429C12.2219 3.1429 14.0419 4.7529 14.0419 7.5229L14.0319 10.7829H5.9319ZM4.2819 24.8429C3.7419 24.8429 3.4419 24.5429 3.4419 23.9229V14.8229C3.4419 14.2229 3.7419 13.9229 4.2819 13.9229H15.6919C16.2319 13.9229 16.5119 14.2229 16.5119 14.8229V23.9229C16.5119 24.5429 16.2319 24.8429 15.6919 24.8429Z","geometry":{"width":19.9609375,"height":27.97265625}}