{"path":"M3.3237 27.9772H16.6537C18.8437 27.9772 19.9637 26.8372 19.9637 24.4472V14.2972C19.9637 12.2072 19.0837 11.0772 17.3637 10.8372V7.5972C17.3637 4.7872 19.1437 3.1572 21.3937 3.1572C23.6537 3.1572 25.4337 4.7872 25.4337 7.5972V10.2672C25.4337 11.4572 26.1437 12.1172 27.0737 12.1172C28.0037 12.1172 28.7137 11.4872 28.7137 10.2672V7.8172C28.7137 2.5572 25.1037 -0.0028 21.3937 -0.0028C17.6937 -0.0028 14.0937 2.5572 14.0937 7.8172V10.7872H3.3237C1.1237 10.7872 0.0037 11.9372 0.0037 14.2972V24.4472C0.0037 26.8372 1.1237 27.9772 3.3237 27.9772ZM4.2837 24.8372C3.7437 24.8372 3.4437 24.5372 3.4437 23.9272V14.8172C3.4437 14.2172 3.7437 13.9172 4.2837 13.9172H15.6937C16.2237 13.9172 16.5137 14.2172 16.5137 14.8172V23.9272C16.5137 24.5372 16.2237 24.8372 15.6937 24.8372Z","geometry":{"width":28.7109375,"height":27.97265625}}