{"path":"M4.8237 26.1377H27.8037C30.9437 26.1377 32.6337 24.4477 32.6337 21.3377V4.7977C32.6337 1.6977 30.9437 -0.0023 27.8037 -0.0023H4.8237C1.7137 -0.0023 0.0037 1.6977 0.0037 4.7977V21.3377C0.0037 24.4477 1.7137 26.1377 4.8237 26.1377ZM11.2337 18.5377V13.1377C11.2337 12.1977 11.6237 11.6777 12.3637 11.5477V10.0777C12.3637 7.4277 13.9637 5.6477 16.3237 5.6477C18.7037 5.6477 20.3037 7.4277 20.3037 10.0777V11.5677C21.0437 11.6777 21.4137 12.1977 21.4137 13.1377V18.5377C21.4137 19.6777 20.9037 20.1777 19.8637 20.1777H12.7937C11.7437 20.1777 11.2337 19.6777 11.2337 18.5377ZM14.3737 11.4977H18.2837V9.9577C18.2837 8.5277 17.5037 7.6177 16.3237 7.6177C15.1337 7.6177 14.3737 8.5477 14.3737 9.9577Z","geometry":{"width":32.634765625,"height":26.140625}}