{"path":"M4.8237 22.7504H7.1937V24.7604C7.1937 27.8604 8.8837 29.5604 12.0137 29.5604H30.6537C33.7737 29.5604 35.4737 27.8604 35.4737 24.7604V11.6104C35.4737 8.5004 33.7737 6.8104 30.6537 6.8104H28.2237V4.8004C28.2237 1.7104 26.4937 0.0004 23.3837 0.0004H4.8237C1.7137 0.0004 0.0037 1.6904 0.0037 4.8004V17.9604C0.0037 21.0504 1.7137 22.7504 4.8237 22.7504ZM5.2137 19.2204C4.1137 19.2204 3.5237 18.6904 3.5237 17.5304V5.2404C3.5237 4.0704 4.1137 3.5304 5.2137 3.5304H22.9937C24.0937 3.5304 24.6937 4.0704 24.6937 5.2404V6.8104H12.0137C8.8837 6.8104 7.1937 8.5004 7.1937 11.6104V19.2204ZM12.4037 26.0304C11.2937 26.0304 10.7237 25.4804 10.7237 24.3204V12.0304C10.7237 10.8704 11.2937 10.3404 12.4037 10.3404H30.2537C31.3537 10.3404 31.9537 10.8704 31.9537 12.0304V24.3204C31.9537 25.4804 31.3537 26.0304 30.2537 26.0304ZM16.5037 23.3504C16.5037 24.4204 16.9937 24.9104 17.9737 24.9104H24.7037C25.6937 24.9104 26.1637 24.4204 26.1637 23.3504V18.2104C26.1637 17.3204 25.8137 16.8304 25.1137 16.7204V15.3004C25.1137 12.7804 23.5837 11.0904 21.3437 11.0904C19.0837 11.0904 17.5637 12.7804 17.5637 15.3004V16.7104C16.8537 16.8304 16.5037 17.3204 16.5037 18.2104ZM19.4837 16.6704V15.1804C19.4837 13.8404 20.2037 12.9504 21.3437 12.9504C22.4737 12.9504 23.2137 13.8204 23.2137 15.1804V16.6704Z","geometry":{"width":35.478515625,"height":29.55859375}}