{"path":"M4.8237 26.1377H21.3137C24.4437 26.1377 26.1437 24.4477 26.1437 21.3377V4.7977C26.1437 1.6977 24.4437 -0.0023 21.3137 -0.0023H4.8237C1.7137 -0.0023 0.0037 1.6977 0.0037 4.7977V21.3377C0.0037 24.4477 1.7137 26.1377 4.8237 26.1377ZM5.2137 22.6177C4.1137 22.6177 3.5237 22.0777 3.5237 20.9177V5.2377C3.5237 4.0777 4.1137 3.5277 5.2137 3.5277H20.9337C22.0237 3.5277 22.6137 4.0777 22.6137 5.2377V20.9177C22.6137 22.0777 22.0237 22.6177 20.9337 22.6177ZM8.2437 18.2277C8.2437 19.2877 8.7237 19.7877 9.7237 19.7877H16.4437C17.4337 19.7877 17.9137 19.2877 17.9137 18.2277V13.0877C17.9137 12.1977 17.5537 11.7077 16.8537 11.5977V10.1677C16.8537 7.6577 15.3237 5.9777 13.0837 5.9777C10.8237 5.9777 9.3137 7.6577 9.3137 10.1677V11.5777C8.6037 11.7077 8.2437 12.1977 8.2437 13.0877ZM11.2137 11.5377V10.0577C11.2137 8.7077 11.9537 7.8377 13.0837 7.8377C14.2237 7.8377 14.9437 8.6977 14.9437 10.0577V11.5377Z","geometry":{"width":26.140625,"height":26.140625}}