{"path":"M27.7927 25.1431C32.2627 25.1431 35.8227 21.8331 35.8227 17.7031C35.8227 14.7431 34.1627 12.0131 31.3927 10.8731C31.3727 4.5531 26.8127 0.0031 20.8627 0.0031C17.3227 0.0031 14.4627 1.7231 12.6227 4.3331C8.9827 3.5031 5.3727 6.1231 5.1427 10.0231C1.9527 10.6731 0.0027 13.5731 0.0027 17.1131C0.0027 21.5031 3.8427 25.1431 8.7927 25.1431ZM13.4027 18.9331V14.1231C13.4027 13.2931 13.7227 12.8231 14.3727 12.7131V11.4031C14.3727 9.0531 15.8227 7.4631 17.9127 7.4631C20.0327 7.4631 21.4527 9.0531 21.4527 11.4031V12.7331C22.1027 12.8231 22.4327 13.2931 22.4327 14.1231V18.9331C22.4327 19.9431 21.9827 20.3831 21.0527 20.3831H14.7627C13.8327 20.3831 13.4027 19.9431 13.4027 18.9331ZM16.1727 12.6731H19.6627V11.2931C19.6627 10.0331 18.9627 9.2131 17.9127 9.2131C16.8527 9.2131 16.1727 10.0531 16.1727 11.2931Z","geometry":{"width":35.8203125,"height":25.142578125}}