{"path":"M4.8237 26.1377H21.3137C24.4437 26.1377 26.1437 24.4477 26.1437 21.3377V4.7977C26.1437 1.6977 24.4437 -0.0023 21.3137 -0.0023H4.8237C1.7137 -0.0023 0.0037 1.6977 0.0037 4.7977V21.3377C0.0037 24.4477 1.7137 26.1377 4.8237 26.1377ZM8.0837 18.5277V13.1277C8.0837 12.1777 8.4537 11.6577 9.1837 11.5377V10.0577C9.1837 7.4077 10.7837 5.6377 13.1637 5.6377C15.5337 5.6377 17.1437 7.4077 17.1437 10.0577V11.5377C17.8737 11.6577 18.2537 12.1777 18.2537 13.1277V18.5277C18.2537 19.6577 17.7337 20.1677 16.6937 20.1677H9.6237C8.5837 20.1677 8.0837 19.6577 8.0837 18.5277ZM11.1937 11.4877H15.1237V9.9377C15.1237 8.5177 14.3437 7.5977 13.1537 7.5977C11.9737 7.5977 11.1937 8.5277 11.1937 9.9377Z","geometry":{"width":26.140625,"height":26.140625}}