{"path":"M0.0037 21.8877C0.0037 23.0277 0.9437 23.9577 2.0637 23.9577H39.6437C40.7737 23.9577 41.7137 23.0277 41.7137 21.8877C41.7137 20.7577 40.7737 19.8277 39.6437 19.8277H36.9237V3.8877C36.9237 1.3977 35.5237 -0.0023 33.0337 -0.0023H8.6837C6.2437 -0.0023 4.7837 1.3977 4.7837 3.8877V19.8277H2.0637C0.9437 19.8277 0.0037 20.7577 0.0037 21.8877ZM8.3137 19.8277V4.7477C8.3137 3.9077 8.7237 3.5277 9.5337 3.5277H32.1837C32.9937 3.5277 33.4037 3.9077 33.4037 4.7477V19.8277ZM16.0737 15.2577C16.0737 16.0777 16.4637 16.4777 17.2237 16.4777H22.0137C22.7737 16.4777 23.1637 16.0777 23.1637 15.2577V11.6377C23.1637 10.8677 22.8337 10.4677 22.1737 10.4177V9.4177C22.1737 8.5077 22.6437 7.9277 23.5037 7.9277C24.3737 7.9277 24.8437 8.5077 24.8437 9.4177V10.1577C24.8437 10.5977 25.1937 10.9477 25.6337 10.9477C26.0537 10.9477 26.4137 10.5977 26.4137 10.1577V9.4177C26.4137 7.6377 25.2837 6.3877 23.5037 6.3877C21.7337 6.3877 20.6037 7.6377 20.6037 9.4977V10.4077H17.2237C16.4637 10.4077 16.0737 10.7977 16.0737 11.6377Z","geometry":{"width":41.712890625,"height":23.953125}}