{"path":"M17.595 27.9729H23.105C25.305 27.9729 26.425 26.8429 26.425 24.4429V14.2829C26.425 12.1729 25.515 11.0329 23.745 10.8329V7.6829C23.745 2.8029 20.435 0.0029 16.445 0.0029C12.445 0.0029 9.165 2.8029 9.165 7.6829V10.8329C8.215 10.9229 7.505 11.3029 7.085 11.9629C8.795 11.5429 10.455 12.2129 11.425 13.9829C11.515 13.9429 11.605 13.9229 11.715 13.9229H22.145C22.685 13.9229 22.965 14.2229 22.965 14.8229V23.9229C22.965 24.5429 22.685 24.8429 22.145 24.8429H17.455C17.965 25.8129 18.015 26.9429 17.595 27.9729ZM12.405 10.7829V7.5229C12.405 4.7529 14.195 3.1429 16.445 3.1429C18.675 3.1429 20.495 4.7529 20.495 7.5229V10.7829ZM2.055 28.5929H13.875C15.095 28.5929 15.925 27.6629 15.925 26.5329C15.925 26.1929 15.845 25.8529 15.655 25.5229L9.735 14.9429C9.325 14.2229 8.665 13.8729 7.975 13.8729C7.275 13.8729 6.575 14.2329 6.195 14.9429L0.275 25.5229C0.095 25.8529 -0.005 26.1929 -0.005 26.5329C-0.005 27.6629 0.825 28.5929 2.055 28.5929ZM7.955 23.0629C7.345 23.0629 6.905 22.6429 6.895 22.0529L6.765 18.4329C6.745 17.7329 7.245 17.2529 7.955 17.2529C8.685 17.2529 9.185 17.7329 9.165 18.4329L9.055 22.0529C9.025 22.6429 8.575 23.0629 7.955 23.0629ZM7.955 26.5529C7.175 26.5529 6.585 25.9729 6.585 25.2229C6.585 24.4729 7.195 23.9129 7.955 23.9129C8.735 23.9129 9.335 24.4829 9.335 25.2229C9.335 25.9729 8.755 26.5529 7.955 26.5529Z","geometry":{"width":26.427734375,"height":28.587890625}}