{"path":"M5.6437 2.0358H23.0737C22.9737 0.7258 22.1437 -0.0042 20.7537 -0.0042H7.9737C6.5737 -0.0042 5.7537 0.7258 5.6437 2.0358ZM2.9137 6.2658H25.8137C25.6337 4.8658 24.8737 4.0458 23.2737 4.0458H5.4437C3.8437 4.0458 3.0937 4.8658 2.9137 6.2658ZM4.6637 31.5958H24.0537C27.0737 31.5958 28.7137 29.9558 28.7137 26.9658V13.1558C28.7137 10.1758 27.0737 8.5358 24.0537 8.5358H4.6637C1.6437 8.5358 0.0037 10.1758 0.0037 13.1558V26.9658C0.0037 29.9558 1.6437 31.5958 4.6637 31.5958ZM9.2837 25.5258V20.1258C9.2837 19.1858 9.6537 18.6658 10.3937 18.5358V17.0658C10.3937 14.4058 12.0037 12.6358 14.3737 12.6358C16.7337 12.6358 18.3437 14.4058 18.3437 17.0658V18.5558C19.0737 18.6658 19.4537 19.1858 19.4537 20.1258V25.5258C19.4537 26.6558 18.9537 27.1658 17.9137 27.1658H10.8237C9.7937 27.1658 9.2837 26.6558 9.2837 25.5258ZM12.4137 18.4858H16.3237V16.9358C16.3237 15.5158 15.5437 14.6058 14.3537 14.6058C13.1837 14.6058 12.4137 15.5358 12.4137 16.9358Z","geometry":{"width":28.7109375,"height":31.595703125}}