{"path":"M11.6657 27.672C11.9357 27.672 12.3157 27.562 12.6857 27.382C20.6057 23.422 23.3257 21.152 23.3257 16.252V6.312C23.3257 4.402 22.6957 3.622 21.0157 2.912C19.6857 2.362 14.8057 0.702 13.5657 0.302C12.9757 0.122 12.2457 0.002 11.6657 0.002C11.0757 0.002 10.3657 0.132 9.7757 0.302C8.5157 0.682 3.6357 2.362 2.3057 2.912C0.6457 3.612 -0.0043 4.402 -0.0043 6.312V16.252C-0.0043 21.152 2.8057 23.282 10.6457 27.382C11.0057 27.572 11.3857 27.672 11.6657 27.672ZM6.5757 18.552V13.152C6.5757 12.212 6.9557 11.702 7.6957 11.562V10.092C7.6957 7.442 9.2957 5.662 11.6657 5.662C14.0457 5.662 15.6557 7.442 15.6557 10.092V11.582C16.3757 11.702 16.7457 12.212 16.7457 13.152V18.552C16.7457 19.692 16.2457 20.212 15.2057 20.212H8.1357C7.0957 20.212 6.5757 19.692 6.5757 18.552ZM9.7057 11.512H13.6357V9.962C13.6357 8.562 12.8557 7.632 11.6657 7.632C10.4857 7.632 9.7057 8.562 9.7057 9.962Z","geometry":{"width":23.32421875,"height":27.671875}}