{"path":"M0.0037 28.0706C0.0037 30.8206 1.7537 32.5206 4.5537 32.5206H20.0937C22.8837 32.5206 24.6537 30.8206 24.6537 28.0706V4.4606C24.6537 1.7106 22.8837 0.0006 20.0937 0.0006H4.5537C1.7537 0.0006 0.0037 1.7106 0.0037 4.4606ZM3.5237 27.5106V5.0206C3.5237 4.0606 4.0437 3.5306 5.0737 3.5306H19.5737C20.6037 3.5306 21.1237 4.0606 21.1237 5.0206V27.5106C21.1237 28.4606 20.6037 29.0006 19.5737 29.0006H5.0737C4.0437 29.0006 3.5237 28.4606 3.5237 27.5106ZM7.5437 19.7706C7.5437 20.6006 7.9337 21.0006 8.6937 21.0006H13.4837C14.2437 21.0006 14.6337 20.6006 14.6337 19.7706V16.1506C14.6337 15.3806 14.3037 14.9806 13.6437 14.9306V13.9306C13.6437 13.0106 14.1137 12.4406 14.9737 12.4406C15.8337 12.4406 16.3137 13.0106 16.3137 13.9306V14.6706C16.3137 15.1206 16.6537 15.4606 17.1037 15.4606C17.5237 15.4606 17.8837 15.1206 17.8837 14.6706V13.9306C17.8837 12.1506 16.7437 10.9006 14.9737 10.9006C13.2037 10.9006 12.0737 12.1506 12.0737 14.0106V14.9306H8.6937C7.9337 14.9306 7.5437 15.3306 7.5437 16.1506Z","geometry":{"width":24.650390625,"height":32.525390625}}