{"path":"M4.8037 30.0902H19.4437C22.5437 30.0902 24.2437 28.3802 24.2437 25.2702V13.3302H13.4537C11.8037 13.3302 10.9737 12.5102 10.9737 10.8702V0.0002H4.8037C1.6937 0.0002 0.0037 1.7102 0.0037 4.8302V25.2702C0.0037 28.4002 1.6937 30.0902 4.8037 30.0902ZM14.0437 11.1202H24.1137C24.0637 10.4002 23.5037 9.7302 22.7137 8.9302L15.3537 1.5002C14.6037 0.7402 13.9037 0.1902 13.1937 0.1202V10.2802C13.1937 10.8402 13.4837 11.1202 14.0437 11.1202ZM8.1737 25.5802V21.3702C8.1737 20.6402 8.4637 20.2302 9.0537 20.1402V18.9902C9.0537 16.9402 10.2937 15.5602 12.1237 15.5602C13.9737 15.5602 15.2137 16.9402 15.2137 18.9902V20.1502C15.7937 20.2302 16.0737 20.6402 16.0737 21.3702V25.5802C16.0737 26.4502 15.6937 26.8502 14.8937 26.8502H9.3837C8.5737 26.8502 8.1737 26.4502 8.1737 25.5802ZM10.5837 20.1102H13.6737V18.8902C13.6737 17.7702 13.0537 17.0502 12.1237 17.0502C11.1937 17.0502 10.5837 17.7902 10.5837 18.8902Z","geometry":{"width":24.240234375,"height":30.091796875}}