{"path":"M17.446 27.9772H22.806C24.996 27.9772 26.116 26.8372 26.116 24.4472V14.2972C26.116 12.2072 25.236 11.0772 23.516 10.8372V7.5972C23.516 4.7872 25.296 3.1572 27.546 3.1572C29.806 3.1572 31.596 4.7872 31.596 7.5972V10.2672C31.596 11.4572 32.296 12.1172 33.236 12.1172C34.156 12.1172 34.866 11.4872 34.866 10.2672V7.8172C34.866 2.5572 31.266 -0.0028 27.546 -0.0028C23.846 -0.0028 20.246 2.5572 20.246 7.8172V10.7872H9.736C8.856 10.7872 8.256 11.0872 7.946 11.7072C9.116 11.3772 10.586 11.8272 11.826 13.9872C11.906 13.9472 12.016 13.9172 12.126 13.9172H21.846C22.376 13.9172 22.666 14.2172 22.666 14.8172V23.9272C22.666 24.5372 22.376 24.8372 21.846 24.8372H17.736C18.086 25.8572 18.006 27.0172 17.446 27.9772ZM2.066 27.9772H13.876C15.106 27.9772 15.946 27.0472 15.946 25.9172C15.946 25.5772 15.856 25.2372 15.666 24.9072L9.746 14.3272C9.336 13.6072 8.666 13.2572 7.986 13.2572C7.276 13.2572 6.586 13.6172 6.196 14.3272L0.286 24.9072C0.096 25.2372 -0.004 25.5772 -0.004 25.9172C-0.004 27.0472 0.836 27.9772 2.066 27.9772ZM7.966 22.4472C7.356 22.4472 6.916 22.0272 6.886 21.4372L6.786 17.7972C6.756 17.1172 7.246 16.6372 7.966 16.6372C8.696 16.6372 9.186 17.1072 9.176 17.7972L9.046 21.4372C9.026 22.0272 8.586 22.4472 7.966 22.4472ZM7.966 25.9172C7.196 25.9172 6.586 25.3572 6.586 24.5972C6.586 23.8572 7.196 23.2972 7.966 23.2972C8.746 23.2972 9.356 23.8572 9.356 24.5972C9.356 25.3572 8.766 25.9172 7.966 25.9172Z","geometry":{"width":34.86328125,"height":27.97265625}}