{"path":"M27.7927 25.1395C32.2627 25.1395 35.8227 21.8495 35.8227 17.7095C35.8227 14.7395 34.1627 12.0195 31.3927 10.8695C31.3727 4.5495 26.8127 -0.0005 20.8627 -0.0005C17.3227 -0.0005 14.4627 1.7195 12.6227 4.3295C8.9827 3.4995 5.3727 6.1295 5.1427 10.0195C1.9527 10.6795 0.0027 13.5795 0.0027 17.1195C0.0027 21.5095 3.8427 25.1395 8.7927 25.1395ZM27.7927 21.6195H8.8027C5.8427 21.6195 3.6127 19.5495 3.6127 17.1195C3.6127 14.4095 5.3427 12.5895 7.9727 12.5895C8.1927 12.5895 8.2827 12.4795 8.2727 12.2595C8.0427 8.3995 10.7827 6.8195 13.9327 7.7495C14.1127 7.8095 14.2327 7.7695 14.3327 7.5995C15.7227 5.2095 17.6327 3.5295 20.8227 3.5295C24.8527 3.5295 27.8127 6.7095 28.0127 10.5595C28.0527 11.4395 27.9827 12.3295 27.9027 13.0295C27.8727 13.2295 27.9627 13.3395 28.1627 13.3695C30.6427 13.7395 32.2227 15.3995 32.2227 17.7095C32.2227 19.8795 30.2827 21.6195 27.7927 21.6195ZM13.6127 18.6795C13.6127 19.6195 14.0427 20.0595 14.9327 20.0595H20.9227C21.7927 20.0595 22.2127 19.6195 22.2127 18.6795V14.0995C22.2127 13.2995 21.9027 12.8695 21.2727 12.7695V11.5095C21.2727 9.2695 19.9227 7.7695 17.9227 7.7695C15.9127 7.7695 14.5627 9.2695 14.5627 11.5095V12.7695C13.9327 12.8695 13.6127 13.2995 13.6127 14.0995ZM16.2527 12.7295V11.3995C16.2527 10.1995 16.9127 9.4195 17.9227 9.4195C18.9327 9.4195 19.5827 10.1995 19.5827 11.3995V12.7295Z","geometry":{"width":35.8203125,"height":25.142578125}}