{"path":"M11.8708 28.176C12.1408 28.176 12.5408 28.056 12.9108 27.876C20.9008 23.706 23.7508 21.536 23.7508 16.556V6.436C23.7508 4.486 23.0908 3.696 21.4008 2.966C20.0408 2.396 15.0708 0.726 13.7908 0.316C13.1908 0.126 12.4508 -0.004 11.8708 -0.004C11.2808 -0.004 10.5408 0.146 9.9408 0.316C8.6808 0.666 3.6908 2.406 2.3508 2.966C0.6408 3.696 0.0008 4.486 0.0008 6.436V16.556C0.0008 21.536 2.8308 23.696 10.8408 27.876C11.2008 28.056 11.5908 28.176 11.8708 28.176ZM11.8708 24.596C11.7208 24.596 11.5508 24.546 11.1808 24.326C5.0408 20.536 3.2508 19.676 3.2508 16.036V6.886C3.2508 6.376 3.3808 6.166 3.7608 6.006C5.6908 5.226 9.4508 3.996 10.8508 3.456C11.3208 3.306 11.5908 3.236 11.8708 3.236C12.1408 3.236 12.4108 3.306 12.8808 3.456C14.3008 3.996 18.0208 5.276 19.9708 6.006C20.3608 6.156 20.4808 6.376 20.4808 6.886V16.036C20.4808 19.746 18.5008 20.786 12.5508 24.326C12.1808 24.546 12.0308 24.596 11.8708 24.596ZM7.0408 18.416C7.0408 19.486 7.5208 19.986 8.5208 19.986H15.2408C16.2308 19.986 16.7108 19.486 16.7108 18.416V13.286C16.7108 12.386 16.3508 11.906 15.6508 11.796V10.366C15.6508 7.866 14.1208 6.166 11.8708 6.166C9.6208 6.166 8.1108 7.866 8.1108 10.366V11.786C7.4008 11.906 7.0408 12.386 7.0408 13.286ZM10.0108 11.726V10.256C10.0108 8.896 10.7508 8.026 11.8708 8.026C13.0108 8.026 13.7408 8.896 13.7408 10.256V11.726Z","geometry":{"width":23.748046875,"height":28.177734375}}