{"path":"M0.0002 27.4631C0.0002 29.9531 1.7202 31.6131 4.3102 31.6131H16.1502C18.6302 31.6131 20.2902 29.9531 20.2902 27.4631V4.1531C20.2902 1.6631 18.6302 0.0031 16.1502 0.0031H4.3102C1.7202 0.0031 0.0002 1.6631 0.0002 4.1531ZM3.5302 26.3831V5.2331C3.5302 4.2831 4.1002 3.7431 5.0702 3.7431H15.2202C16.1902 3.7431 16.7602 4.2931 16.7602 5.2531V26.3731C16.7602 27.3331 16.1902 27.8731 15.2202 27.8731H5.0702C4.1002 27.8731 3.5302 27.3431 3.5302 26.3831ZM5.3702 19.3331C5.3702 20.1631 5.7402 20.5631 6.5202 20.5631H11.2902C12.0702 20.5631 12.4402 20.1631 12.4402 19.3331V15.7131C12.4402 14.9431 12.1302 14.5431 11.4702 14.4931V13.4931C11.4702 12.5731 11.9402 12.0031 12.8002 12.0031C13.6602 12.0031 14.1202 12.5731 14.1202 13.4931V14.2331C14.1202 14.6831 14.4802 15.0231 14.9202 15.0231C15.3402 15.0231 15.7002 14.6831 15.7002 14.2331V13.4931C15.7002 11.7131 14.5702 10.4631 12.8002 10.4631C11.0202 10.4631 9.8802 11.7131 9.8802 13.5731V14.4931H6.5202C5.7402 14.4931 5.3702 14.8931 5.3702 15.7131Z","geometry":{"width":20.2890625,"height":31.609375}}