{"path":"M5.9437 2.0402H23.3937C23.2837 0.7202 22.4537 0.0002 21.0537 0.0002H8.2837C6.8937 0.0002 6.0537 0.7202 5.9437 2.0402ZM3.2237 6.2602H26.1137C25.9337 4.8702 25.1837 4.0302 23.5837 4.0302H5.7537C4.1537 4.0302 3.4037 4.8702 3.2237 6.2602ZM4.8237 32.2102H24.5037C27.6137 32.2102 29.3437 30.5202 29.3437 27.4102V13.3302C29.3437 10.2302 27.6137 8.5302 24.5037 8.5302H4.8237C1.7137 8.5302 0.0037 10.2302 0.0037 13.3302V27.4102C0.0037 30.5202 1.7137 32.2102 4.8237 32.2102ZM5.2137 28.6802C4.1137 28.6802 3.5237 28.1502 3.5237 26.9902V13.7502C3.5237 12.5902 4.1137 12.0602 5.2137 12.0602H24.1137C25.2137 12.0602 25.8137 12.5902 25.8137 13.7502V26.9902C25.8137 28.1502 25.2137 28.6802 24.1137 28.6802ZM9.9937 25.6202C9.9937 26.6902 10.4837 27.1802 11.4737 27.1802H18.1937C19.1837 27.1802 19.6737 26.6902 19.6737 25.6202V20.4802C19.6737 19.5902 19.3137 19.1002 18.6037 18.9902V17.5702C18.6037 15.0502 17.0937 13.3702 14.8337 13.3702C12.5937 13.3702 11.0637 15.0502 11.0637 17.5702V18.9802C10.3637 19.1002 9.9937 19.5902 9.9937 20.4802ZM12.9737 18.9402V17.4502C12.9737 16.1102 13.7037 15.2302 14.8337 15.2302C15.9737 15.2302 16.7037 16.0902 16.7037 17.4502V18.9402Z","geometry":{"width":29.33984375,"height":32.2109375}}