{"path":"M3.8737 24.3586H12.4137V26.5086H12.3737C11.5537 26.5086 10.8937 27.2086 10.8937 27.9886C10.8937 28.7686 11.5537 29.4586 12.3737 29.4586H21.8637C22.6837 29.4586 23.3337 28.7686 23.3337 27.9886C23.3337 27.2086 22.6837 26.5086 21.8637 26.5086H21.8237V24.3586H30.3537C32.7837 24.3586 34.2337 22.9186 34.2337 20.4786V3.8686C34.2337 1.4486 32.7837 -0.0014 30.3537 -0.0014H3.8737C1.4537 -0.0014 0.0037 1.4486 0.0037 3.8686V20.4786C0.0037 22.9186 1.4537 24.3586 3.8737 24.3586ZM3.9237 17.4986C3.5437 17.4986 3.3637 17.3486 3.3637 16.9486V4.2386C3.3637 3.6886 3.7037 3.3586 4.2537 3.3586H29.9837C30.5337 3.3586 30.8537 3.6886 30.8537 4.2386V16.9486C30.8537 17.3486 30.6837 17.4986 30.3137 17.4986ZM14.7337 15.2286H19.5237C20.2937 15.2286 20.6737 14.8386 20.6737 14.0186V10.3786C20.6737 9.7186 20.4137 9.3386 19.9237 9.1986V8.3386C19.9237 6.4786 18.7837 5.2186 17.1337 5.2186C15.4637 5.2186 14.3237 6.4786 14.3237 8.3386V9.2186C13.8337 9.3486 13.5937 9.7186 13.5937 10.3786V14.0186C13.5937 14.8386 13.9637 15.2286 14.7337 15.2286ZM15.9137 9.1586V8.2586C15.9137 7.3386 16.3837 6.7686 17.1337 6.7686C17.8737 6.7686 18.3437 7.3386 18.3437 8.2586V9.1586Z","geometry":{"width":34.234375,"height":29.462890625}}