{"path":"M0.4884 17.6626C-1.6716 23.3826 3.4684 27.3326 13.6684 27.3326C23.8484 27.3326 28.9684 23.2926 26.8284 17.6626L23.5484 8.8826V4.5526C23.5484 1.9326 19.5484 0.0026 13.6684 0.0026C7.7984 0.0026 3.7984 1.9326 3.7984 4.5526V8.8426ZM7.2684 4.5526C7.2684 3.8126 9.8284 3.0526 13.6684 3.0526C17.5184 3.0526 20.0784 3.8126 20.0784 4.5526C20.0784 5.2926 17.5184 6.0526 13.6684 6.0526C9.8284 6.0526 7.2684 5.2926 7.2684 4.5526ZM3.8384 18.7826L6.2584 12.4726C7.8884 13.4526 10.4584 14.0726 13.6684 14.0726C16.8684 14.0726 19.4684 13.4526 21.0884 12.4726L23.4984 18.7826C24.5784 21.6326 20.8184 23.8026 13.6684 23.8026C6.5184 23.8026 2.7284 21.7126 3.8384 18.7826Z","geometry":{"width":27.310580505771522,"height":27.330078125}}