{"path":"M11.7627 -0.0023C3.5027 -0.0023 0.0027 3.6077 0.0027 11.7177V21.3377C0.0027 24.4477 1.7127 26.1377 4.8227 26.1377H28.5927C31.7027 26.1377 33.4127 24.4477 33.4127 21.3377V11.7177C33.4127 3.6077 29.9127 -0.0023 21.6527 -0.0023ZM9.5027 19.2077C8.3627 19.2077 7.7227 18.4477 7.7227 17.2277V8.6577C7.7227 7.4277 8.3627 6.6577 9.5027 6.6577C10.6327 6.6577 11.2927 7.4077 11.2927 8.6577V16.4077H15.3027C16.2027 16.4077 16.8027 16.9077 16.8027 17.7877C16.8027 18.6877 16.2127 19.2077 15.3027 19.2077ZM21.4927 19.4177C20.3527 19.4177 19.7127 18.6477 19.7127 17.4177V9.4877H17.2927C16.3927 9.4877 15.8327 8.9677 15.8327 8.1177C15.8327 7.2577 16.3927 6.7577 17.2927 6.7577H25.7027C26.6227 6.7577 27.1827 7.2577 27.1827 8.1177C27.1827 8.9677 26.6227 9.4877 25.7027 9.4877H23.2827V17.4177C23.2827 18.6577 22.6227 19.4177 21.4927 19.4177Z","geometry":{"width":33.4140625,"height":26.140625}}