{"path":"M4.8237 26.1377H21.3137C24.4437 26.1377 26.1437 24.4477 26.1437 21.3377V4.7977C26.1437 1.6977 24.4437 -0.0023 21.3137 -0.0023H4.8237C1.7137 -0.0023 0.0037 1.6977 0.0037 4.7977V21.3377C0.0037 24.4477 1.7137 26.1377 4.8237 26.1377ZM7.8737 19.6977C7.0237 19.6977 6.5237 19.1577 6.5237 18.1977V8.1877C6.5237 7.0777 7.2737 6.3477 8.4237 6.3477C9.4337 6.3477 10.0937 6.8377 10.4137 7.8377L13.1237 15.2477H13.2037L15.9037 7.8377C16.2137 6.8377 16.8737 6.3477 17.8937 6.3477C19.0337 6.3477 19.7937 7.0777 19.7937 8.1877V18.1977C19.7937 19.1577 19.2737 19.6977 18.4137 19.6977C17.5637 19.6977 17.0637 19.1577 17.0637 18.1977V11.3377H16.9137L14.4537 17.9777C14.2037 18.6477 13.7937 18.9477 13.1237 18.9477C12.4737 18.9477 12.0537 18.6377 11.8237 17.9777L9.3937 11.3377H9.2537V18.1977C9.2537 19.1577 8.7337 19.6977 7.8737 19.6977Z","geometry":{"width":26.140625,"height":26.140625}}