{"path":"M4.8237 26.1377H21.3137C24.4437 26.1377 26.1437 24.4477 26.1437 21.3377V4.7977C26.1437 1.6977 24.4437 -0.0023 21.3137 -0.0023H4.8237C1.7137 -0.0023 0.0037 1.6977 0.0037 4.7977V21.3377C0.0037 24.4477 1.7137 26.1377 4.8237 26.1377ZM5.2137 22.6177C4.1137 22.6177 3.5237 22.0777 3.5237 20.9177V5.2377C3.5237 4.0777 4.1137 3.5277 5.2137 3.5277H20.9337C22.0237 3.5277 22.6137 4.0777 22.6137 5.2377V20.9177C22.6137 22.0777 22.0237 22.6177 20.9337 22.6177ZM8.0637 19.3577C8.8837 19.3577 9.3637 18.8377 9.3637 17.9477V11.3877H9.4837L11.8237 17.7277C12.0337 18.3477 12.4237 18.6477 13.0437 18.6477C13.6837 18.6477 14.0637 18.3777 14.2837 17.7477L16.6637 11.3877H16.7937V17.9477C16.7937 18.8377 17.2637 19.3577 18.0737 19.3577C18.8837 19.3577 19.3637 18.8377 19.3637 17.9477V8.4177C19.3637 7.3877 18.6437 6.6877 17.5837 6.6877C16.6137 6.6877 16.0137 7.1477 15.6937 8.0977L13.1237 15.1777H13.0437L10.4637 8.0977C10.1437 7.1477 9.5337 6.6877 8.5737 6.6877C7.5037 6.6877 6.7937 7.3877 6.7937 8.4177V17.9477C6.7937 18.8377 7.2637 19.3577 8.0637 19.3577Z","geometry":{"width":26.140625,"height":26.140625}}