{"path":"M4.8237 31.4228H5.0837V33.1528H3.6637C2.8837 33.1528 2.2437 33.7828 2.2437 34.5728C2.2437 35.3728 2.8837 36.0028 3.6637 36.0028H9.3637C10.1537 36.0028 10.7837 35.3728 10.7837 34.5728C10.7837 33.7828 10.1537 33.1528 9.3637 33.1528H7.9437V31.4228H21.3937V33.1528H19.9737C19.1937 33.1528 18.5537 33.7828 18.5537 34.5728C18.5537 35.3728 19.1937 36.0028 19.9737 36.0028H25.6737C26.4737 36.0028 27.0937 35.3728 27.0937 34.5728C27.0937 33.7828 26.4737 33.1528 25.6737 33.1528H24.2537V31.4228H24.5937C27.7137 31.4228 29.4237 29.7128 29.4237 26.6228V8.7328C29.4237 5.6328 27.7137 3.9328 24.5937 3.9328H24.2537V1.4228C24.2537 0.6428 23.6237 0.0028 22.8337 0.0028C22.0437 0.0028 21.3937 0.6428 21.3937 1.4228V3.9328H7.9437V1.4228C7.9437 0.6428 7.3137 0.0028 6.5237 0.0028C5.7237 0.0028 5.0837 0.6428 5.0837 1.4228V3.9328H4.8237C1.7137 3.9328 0.0037 5.6328 0.0037 8.7328V26.6228C0.0037 29.7228 1.7137 31.4228 4.8237 31.4228ZM14.8237 14.1728C14.7537 14.1728 14.6937 14.1528 14.6837 14.1328C14.6537 14.1128 14.6537 14.0228 14.6537 13.9428C14.6537 13.3728 14.9137 12.7928 15.2337 12.4228C15.6537 11.9728 16.3137 11.6328 16.8737 11.6028C16.8937 11.6628 16.8937 11.7428 16.8937 11.8228C16.8937 12.4028 16.6537 12.9628 16.3137 13.3728C15.9537 13.8228 15.3137 14.1728 14.8237 14.1728ZM13.0737 22.6228C12.3837 22.6228 11.9037 21.9828 11.3637 21.2228C10.7237 20.3128 10.2137 18.9228 10.2137 17.5828C10.2137 15.4228 11.5937 14.3028 12.9737 14.3028C13.7037 14.3028 14.3037 14.7628 14.7537 14.7628C15.1937 14.7628 15.8637 14.2628 16.6937 14.2628C17.0037 14.2628 18.1337 14.3028 18.8837 15.3628C18.8137 15.3928 17.6937 16.0528 17.6937 17.4728C17.6937 19.1028 19.1237 19.6628 19.1537 19.6828C19.1437 19.7428 18.9537 20.4928 18.4137 21.2628C17.9337 21.9128 17.4437 22.6228 16.6937 22.6228C15.9537 22.6228 15.7537 22.1928 14.8737 22.1928C14.0637 22.1928 13.7437 22.6228 13.0737 22.6228Z","geometry":{"width":29.421875,"height":35.998046875}}