{"path":"M4.8237 31.4228H5.0837V33.1528H3.6637C2.8837 33.1528 2.2437 33.7828 2.2437 34.5728C2.2437 35.3728 2.8837 36.0028 3.6637 36.0028H9.3637C10.1537 36.0028 10.7837 35.3728 10.7837 34.5728C10.7837 33.7828 10.1537 33.1528 9.3637 33.1528H7.9437V31.4228H21.3937V33.1528H19.9737C19.1937 33.1528 18.5537 33.7828 18.5537 34.5728C18.5537 35.3728 19.1937 36.0028 19.9737 36.0028H25.6737C26.4737 36.0028 27.0937 35.3728 27.0937 34.5728C27.0937 33.7828 26.4737 33.1528 25.6737 33.1528H24.2537V31.4228H24.5937C27.7137 31.4228 29.4237 29.7128 29.4237 26.6228V8.7328C29.4237 5.6328 27.7137 3.9328 24.5937 3.9328H24.2537V1.4228C24.2537 0.6428 23.6237 0.0028 22.8337 0.0028C22.0437 0.0028 21.3937 0.6428 21.3937 1.4228V3.9328H7.9437V1.4228C7.9437 0.6428 7.3137 0.0028 6.5237 0.0028C5.7237 0.0028 5.0837 0.6428 5.0837 1.4228V3.9328H4.8237C1.7137 3.9328 0.0037 5.6328 0.0037 8.7328V26.6228C0.0037 29.7228 1.7137 31.4228 4.8237 31.4228ZM5.2137 27.8928C4.1137 27.8928 3.5237 27.3428 3.5237 26.1828V9.1728C3.5237 8.0128 4.1137 7.4628 5.2137 7.4628H24.2137C25.3037 7.4628 25.8937 8.0128 25.8937 9.1728V26.1828C25.8937 27.3428 25.3037 27.8928 24.2137 27.8928ZM14.8237 14.3328C15.2837 14.3328 15.8837 14.0028 16.2237 13.5728C16.5537 13.1828 16.7737 12.6428 16.7737 12.1128C16.7737 12.0128 16.7737 11.9628 16.7637 11.9128C16.2237 11.9228 15.6137 12.2528 15.2137 12.6728C14.9037 13.0128 14.6537 13.5728 14.6537 14.1128C14.6537 14.1928 14.6537 14.2728 14.6837 14.2828C14.6937 14.3128 14.7537 14.3328 14.8237 14.3328ZM13.1537 22.3228C13.7837 22.3228 14.0937 21.9128 14.8737 21.9128C15.6937 21.9128 15.8837 22.3228 16.5837 22.3228C17.3037 22.3228 17.7737 21.6528 18.2137 21.0428C18.7337 20.3128 18.9037 19.6028 18.9237 19.5528C18.8937 19.5328 17.5237 19.0028 17.5237 17.4428C17.5237 16.1028 18.5937 15.4928 18.6637 15.4628C17.9337 14.4528 16.8937 14.4128 16.5837 14.4128C15.7937 14.4128 15.1637 14.8928 14.7537 14.8928C14.3137 14.8928 13.7537 14.4528 13.0737 14.4528C11.7537 14.4528 10.4637 15.5128 10.4637 17.5528C10.4637 18.8228 10.9337 20.1528 11.5437 21.0128C12.0537 21.7228 12.4937 22.3228 13.1537 22.3228Z","geometry":{"width":29.421875,"height":35.998046875}}