{"path":"M4.8237 20.8374H30.0937C33.2137 20.8374 34.9137 19.1274 34.9137 16.0374V4.7974C34.9137 1.6974 33.2137 -0.0026 30.0937 -0.0026H4.8237C1.7137 -0.0026 0.0037 1.6974 0.0037 4.7974V16.0374C0.0037 19.1374 1.7137 20.8374 4.8237 20.8374ZM5.8837 15.7874C5.1937 15.7774 4.6637 15.2474 4.6637 14.5474V12.5074C4.6637 11.8174 5.2137 11.2774 5.8837 11.2974C6.5637 11.2774 7.0937 11.8174 7.0937 12.5074V14.5574C7.0937 15.2274 6.5637 15.7774 5.8837 15.7874ZM9.7437 15.7874C9.0537 15.7774 8.5137 15.2474 8.5137 14.5474V12.5074C8.5137 11.8174 9.0637 11.2774 9.7437 11.2974C10.4137 11.2774 10.9637 11.8174 10.9637 12.5074V14.5574C10.9637 15.2274 10.4337 15.7774 9.7437 15.7874ZM28.3737 15.4074C27.3537 15.4174 26.4837 14.5474 26.4837 13.5474C26.4837 12.5374 27.3437 11.6574 28.3537 11.6574C29.3537 11.6574 30.2037 12.5374 30.2037 13.5474C30.2037 14.5474 29.3537 15.3974 28.3737 15.4074ZM13.7837 14.7474C13.1137 14.7474 12.5637 14.2074 12.5637 13.5374C12.5637 12.8674 13.1137 12.3174 13.7837 12.3174H19.0737C19.7437 12.3174 20.3037 12.8674 20.3037 13.5374C20.3037 14.2074 19.7437 14.7474 19.0737 14.7474Z","geometry":{"width":34.91796875,"height":20.8359375}}