{"path":"M4.8237 20.8374H30.0937C33.2137 20.8374 34.9137 19.1274 34.9137 16.0374V4.7974C34.9137 1.6974 33.2137 -0.0026 30.0937 -0.0026H4.8237C1.7137 -0.0026 0.0037 1.6974 0.0037 4.7974V16.0374C0.0037 19.1374 1.7137 20.8374 4.8237 20.8374ZM5.2137 17.3074C4.1137 17.3074 3.5237 16.7574 3.5237 15.5974V5.2274C3.5237 4.0574 4.1137 3.5274 5.2137 3.5274H29.6937C30.7937 3.5274 31.3937 4.0574 31.3937 5.2274V15.5974C31.3937 16.7574 30.7937 17.3074 29.6937 17.3074ZM6.6837 15.1874C7.3237 15.1774 7.8337 14.6674 7.8337 14.0374V12.0674C7.8337 11.4274 7.3237 10.9274 6.6837 10.9374C6.0537 10.9274 5.5337 11.4274 5.5337 12.0674V14.0274C5.5337 14.6674 6.0437 15.1774 6.6837 15.1874ZM10.2637 15.1874C10.9137 15.1774 11.4137 14.6674 11.4137 14.0374V12.0674C11.4137 11.4274 10.9137 10.9274 10.2637 10.9374C9.6437 10.9274 9.1237 11.4274 9.1237 12.0674V14.0274C9.1237 14.6674 9.6237 15.1774 10.2637 15.1874ZM27.6537 14.8174C28.6037 14.8074 29.3937 14.0174 29.3937 13.0674C29.3937 12.1174 28.6037 11.2974 27.6537 11.2974C26.7037 11.2974 25.8837 12.1174 25.8837 13.0674C25.8837 14.0174 26.7037 14.8474 27.6537 14.8174ZM14.0137 14.2074H19.0437C19.6737 14.2074 20.1937 13.6874 20.1937 13.0574C20.1937 12.4274 19.6737 11.9074 19.0437 11.9074H14.0137C13.3837 11.9074 12.8637 12.4274 12.8637 13.0574C12.8637 13.6874 13.3837 14.2074 14.0137 14.2074Z","geometry":{"width":34.91796875,"height":20.8359375}}