{"path":"M0.0037 21.3377C0.0037 24.4477 1.7137 26.1377 4.8237 26.1377H27.8037C30.9437 26.1377 32.6337 24.4477 32.6337 21.3377V4.7977C32.6337 1.6977 30.9437 -0.0023 27.8037 -0.0023H4.8237C1.7137 -0.0023 0.0037 1.6977 0.0037 4.7977ZM5.4237 5.0677C4.6637 5.0677 4.0637 4.4577 4.0637 3.7077C4.0637 2.9777 4.6637 2.3477 5.4237 2.3477C6.1837 2.3477 6.7837 2.9777 6.7837 3.7077C6.7837 4.4577 6.1837 5.0677 5.4237 5.0677ZM9.6437 5.0677C8.8837 5.0677 8.2737 4.4577 8.2737 3.7077C8.2737 2.9777 8.8837 2.3477 9.6437 2.3477C10.3937 2.3477 11.0037 2.9777 11.0037 3.7077C11.0037 4.4577 10.3937 5.0677 9.6437 5.0677ZM13.8537 5.0677C13.0937 5.0677 12.4837 4.4577 12.4837 3.7077C12.4837 2.9777 13.0937 2.3477 13.8537 2.3477C14.6037 2.3477 15.2137 2.9777 15.2137 3.7077C15.2137 4.4577 14.6037 5.0677 13.8537 5.0677ZM3.5237 20.9177V7.4377H29.1037V20.9177C29.1037 22.0777 28.5237 22.6177 27.4237 22.6177H5.2137C4.1137 22.6177 3.5237 22.0777 3.5237 20.9177Z","geometry":{"width":32.634765625,"height":26.140625}}