{"path":"M5.4451 12.2377C6.0151 12.1177 6.5851 12.0477 7.1951 12.0477C7.7951 12.0477 8.3951 12.1177 8.9651 12.2377V7.4377H34.5451V20.9177C34.5451 22.0777 33.9651 22.6177 32.8651 22.6177H16.2951C16.1651 23.8877 15.7051 25.0977 15.0351 26.1377H33.2451C36.3851 26.1377 38.0751 24.4477 38.0751 21.3377V4.7977C38.0751 1.6977 36.3851 -0.0023 33.2451 -0.0023H10.2651C7.1551 -0.0023 5.4451 1.6977 5.4451 4.7977ZM9.5051 3.7077C9.5051 2.9777 10.1051 2.3477 10.8651 2.3477C11.6251 2.3477 12.2251 2.9777 12.2251 3.7077C12.2251 4.4577 11.6251 5.0677 10.8651 5.0677C10.1051 5.0677 9.5051 4.4577 9.5051 3.7077ZM13.7151 3.7077C13.7151 2.9777 14.3251 2.3477 15.0851 2.3477C15.8351 2.3477 16.4451 2.9777 16.4451 3.7077C16.4451 4.4577 15.8351 5.0677 15.0851 5.0677C14.3251 5.0677 13.7151 4.4577 13.7151 3.7077ZM17.9251 3.7077C17.9251 2.9777 18.5351 2.3477 19.2951 2.3477C20.0451 2.3477 20.6551 2.9777 20.6551 3.7077C20.6551 4.4577 20.0451 5.0677 19.2951 5.0677C18.5351 5.0677 17.9251 4.4577 17.9251 3.7077ZM7.2051 28.5077C11.1251 28.5077 14.3951 25.2277 14.3951 21.2977C14.3951 17.3677 11.1551 14.1077 7.2051 14.1077C3.2551 14.1077 -0.0049 17.3677 -0.0049 21.2977C-0.0049 25.2377 3.2551 28.5077 7.2051 28.5077ZM7.2051 25.9677C6.5451 25.9677 6.1151 25.5277 6.1151 24.8677V22.4077H3.6551C3.0051 22.4077 2.5751 21.9677 2.5551 21.2977C2.5551 20.6477 2.9951 20.2077 3.6551 20.2077H6.1151V17.7777C6.1151 17.1177 6.5451 16.6777 7.2051 16.6677C7.8651 16.6677 8.2951 17.1077 8.2951 17.7777V20.2077H10.7551C11.4051 20.2077 11.8551 20.6477 11.8551 21.2977C11.8551 21.9677 11.4051 22.4077 10.7551 22.4077H8.2951V24.8677C8.2951 25.5277 7.8651 25.9677 7.2051 25.9677Z","geometry":{"width":38.076171875,"height":28.505859375}}