{"path":"M22.9737 30.9541C24.8137 30.0741 25.3337 29.2141 25.3337 27.2441V6.5041C25.3337 3.9341 24.1137 2.6841 21.6437 2.6841H20.3537V2.5941C20.3537 0.9841 19.4937 0.0041 17.9937 0.0041C17.5137 0.0041 16.9537 0.1241 16.2937 0.3441C12.1937 1.6441 8.3937 2.5741 3.6737 2.5741H2.7237C0.9537 2.5741 0.0037 3.5441 0.0037 5.1641V28.6141C0.0037 29.9141 0.3537 30.6941 1.4937 31.2641C3.8837 32.3841 7.3937 33.0841 11.1037 33.0841C15.2837 33.0841 19.9037 32.4141 22.9737 30.9541ZM3.2137 27.0141V6.3141C3.2137 5.9441 3.3937 5.7441 3.7437 5.7441H4.2237C8.5837 5.7441 12.8637 4.8141 16.5037 3.6941C16.9137 3.5641 17.1537 3.7041 17.1537 4.1041V23.6641C17.1537 24.2141 17.0537 24.4741 16.5137 24.8541C13.9437 26.7941 9.0237 27.8641 3.7037 27.5241C3.3637 27.5041 3.2137 27.3541 3.2137 27.0141ZM18.8837 27.1341C20.0137 26.2641 20.3537 25.5541 20.3537 24.1741V5.8941H21.4637C21.9137 5.8941 22.1337 6.1141 22.1337 6.5941V26.7741C22.1337 27.5441 21.9737 27.9441 21.1737 28.2741C18.6637 29.3641 14.5837 30.0941 11.1037 30.0941C10.6637 30.0941 10.2437 30.0941 9.8137 30.0741C13.5537 29.6441 16.9437 28.6041 18.8837 27.1341ZM5.6237 9.1041V13.6541C5.6237 13.8641 5.7737 13.9741 5.9437 13.9741C8.9937 13.9541 12.1937 13.4541 14.6537 12.4641C14.7837 12.4141 14.8437 12.2941 14.8437 12.1641V7.4741C14.8437 7.1641 14.5737 7.0941 14.4137 7.1641C11.5837 8.2141 8.8837 8.6141 5.9437 8.7641C5.7537 8.7741 5.6237 8.9141 5.6237 9.1041Z","geometry":{"width":25.333984375,"height":33.0859375}}