{"path":"M0.0037 28.5867C0.0037 29.8867 0.3537 30.6667 1.4937 31.2367C3.8837 32.3567 7.2437 33.0567 11.1037 33.0567C15.2837 33.0567 19.9037 32.3867 22.9737 30.9267C24.8137 30.0467 25.3337 29.1867 25.3337 27.2167V6.4767C25.3337 3.9067 24.1137 2.6567 21.6437 2.6567H20.3537V2.3267C20.3537 0.7667 19.4437 -0.0033 18.0237 -0.0033C17.5137 -0.0033 16.9237 0.0967 16.2937 0.3167C12.1937 1.6167 8.3937 2.5467 3.6737 2.5467H2.7237C0.9537 2.5467 0.0037 3.5167 0.0037 5.1367ZM9.9537 29.7067C13.9337 29.4367 17.1837 28.3867 19.0737 26.9567C20.0137 26.2367 20.3537 25.5267 20.3537 24.1467V5.8667H21.4637C21.9137 5.8667 22.1337 6.0867 22.1337 6.5667V26.7467C22.1337 27.5167 21.9737 27.9167 21.1737 28.2467C19.1037 29.1467 16.4037 29.7267 13.8037 29.8067C12.5337 29.8567 11.2637 29.8367 9.9537 29.7067ZM5.3737 13.7967V8.9967C5.3737 8.8067 5.5237 8.6367 5.7137 8.6267C8.8137 8.4767 11.6637 8.0667 14.6337 6.9467C14.8037 6.8767 15.0937 6.9467 15.0937 7.2867V12.2367C15.0937 12.3567 15.0237 12.4867 14.8937 12.5367C12.3037 13.5867 8.9237 14.1267 5.7137 14.1267C5.5337 14.1267 5.3737 14.0167 5.3737 13.7967Z","geometry":{"width":25.333984375,"height":33.05859375}}