{"path":"M9.382 33.3608C14.822 33.3608 17.952 30.6908 18.372 25.4408C18.882 19.3908 18.862 14.0808 18.362 7.7608C17.952 2.6708 14.822 0.0008 9.382 0.0008C3.932 0.0008 0.792 2.6708 0.382 7.7608C-0.128 14.0808 -0.128 19.3908 0.372 25.4408C0.792 30.6908 3.932 33.3608 9.382 33.3608ZM9.252 22.7808C9.252 22.0108 9.802 21.4508 10.372 21.4508C10.502 22.0808 9.922 22.8008 9.252 22.7808ZM9.382 26.8908C8.942 26.8908 8.772 27.1208 8.422 27.1208C8.082 27.1208 7.842 26.8108 7.562 26.4008C7.222 25.9208 6.962 25.2108 6.962 24.5308C6.962 23.4308 7.682 22.8608 8.382 22.8608C8.732 22.8608 9.012 23.0808 9.312 23.0808C9.612 23.0808 9.852 22.8608 10.302 22.8608C10.472 22.8608 11.042 22.8608 11.412 23.3808C11.392 23.4208 10.822 23.7308 10.822 24.4708C10.822 25.3108 11.552 25.5908 11.562 25.6108C11.562 25.6208 11.452 26.0308 11.182 26.4108C10.922 26.7708 10.672 27.1208 10.302 27.1208C9.922 27.1208 9.812 26.8908 9.382 26.8908Z","geometry":{"width":18.745936442700703,"height":33.359375}}