{"path":"M4.3437 29.503H16.8437C19.3737 29.503 21.0437 27.833 21.0437 25.333V4.173C21.0437 1.663 19.3737 0.003 16.8437 0.003H4.3437C1.7337 0.003 0.0037 1.663 0.0037 4.153V25.343C0.0037 27.833 1.7337 29.503 4.3437 29.503ZM10.5237 17.393C6.4237 17.393 3.0737 14.053 3.0737 9.943C3.0737 5.823 6.4237 2.493 10.5237 2.493C14.6437 2.493 17.9937 5.823 17.9937 9.943C17.9937 14.053 14.6437 17.393 10.5237 17.393ZM10.5237 15.173C13.4137 15.173 15.7637 12.823 15.7637 9.943C15.7637 7.053 13.4137 4.703 10.5237 4.703C7.6437 4.703 5.2937 7.053 5.2937 9.943C5.2937 12.823 7.6437 15.173 10.5237 15.173ZM10.5237 24.263C9.8937 24.263 9.3837 23.743 9.3837 23.123V20.593C9.3837 19.973 9.8937 19.453 10.5237 19.453C11.1437 19.453 11.6637 19.973 11.6637 20.593V23.123C11.6637 23.743 11.1437 24.263 10.5237 24.263Z","geometry":{"width":21.041015625,"height":29.50390625}}