{"path":"M4.3437 29.503H16.8437C19.3737 29.503 21.0437 27.833 21.0437 25.333V4.173C21.0437 1.663 19.3737 0.003 16.8437 0.003H4.3437C1.7337 0.003 0.0037 1.663 0.0037 4.153V25.343C0.0037 27.833 1.7337 29.503 4.3437 29.503ZM5.1137 25.773C4.1537 25.773 3.5237 25.193 3.5237 24.263V5.233C3.5237 4.303 4.1537 3.733 5.1137 3.733H15.9237C16.8837 3.733 17.5137 4.323 17.5137 5.253V24.253C17.5137 25.173 16.8837 25.773 15.9237 25.773ZM10.5237 16.843C13.8037 16.843 16.4837 14.173 16.4837 10.883C16.4837 7.603 13.8037 4.933 10.5237 4.933C7.2437 4.933 4.5637 7.603 4.5637 10.883C4.5637 14.173 7.2437 16.843 10.5237 16.843ZM10.5237 14.633C8.4637 14.633 6.7837 12.943 6.7837 10.883C6.7837 8.823 8.4637 7.153 10.5237 7.153C12.5937 7.153 14.2737 8.833 14.2737 10.883C14.2737 12.943 12.5937 14.633 10.5237 14.633ZM10.5237 23.283C11.1137 23.283 11.6037 22.793 11.6037 22.193V19.773C11.6037 19.163 11.1137 18.673 10.5237 18.673C9.9237 18.673 9.4337 19.163 9.4337 19.773V22.193C9.4337 22.793 9.9237 23.283 10.5237 23.283Z","geometry":{"width":21.041015625,"height":29.50390625}}