{"path":"M5.9437 2.0402H23.3937C23.2837 0.7202 22.4537 0.0002 21.0537 0.0002H8.2837C6.8937 0.0002 6.0537 0.7202 5.9437 2.0402ZM3.2237 6.2602H26.1137C25.9337 4.8702 25.1837 4.0302 23.5837 4.0302H5.7537C4.1537 4.0302 3.4037 4.8702 3.2237 6.2602ZM4.8237 32.2102H24.5037C27.6137 32.2102 29.3437 30.5202 29.3437 27.4102V13.3302C29.3437 10.2302 27.6137 8.5302 24.5037 8.5302H4.8237C1.7137 8.5302 0.0037 10.2302 0.0037 13.3302V27.4102C0.0037 30.5202 1.7137 32.2102 4.8237 32.2102ZM5.2137 28.6802C4.1137 28.6802 3.5237 28.1502 3.5237 26.9902V13.7502C3.5237 12.5902 4.1137 12.0602 5.2137 12.0602H24.1137C25.2137 12.0602 25.8137 12.5902 25.8137 13.7502V26.9902C25.8137 28.1502 25.2137 28.6802 24.1137 28.6802ZM20.4937 20.8402C22.2837 20.8402 23.7337 19.3702 23.7337 17.5802C23.7337 15.7802 22.2837 14.3302 20.4937 14.3302C18.7037 14.3302 17.2437 15.7802 17.2437 17.5802C17.2437 19.3702 18.7037 20.8402 20.4937 20.8402ZM6.8637 17.1302H14.2237C14.8037 17.1302 15.2737 16.6102 15.2737 16.0602C15.2737 15.4602 14.8037 14.9802 14.2237 14.9802H6.8637C6.2637 14.9802 5.8237 15.4802 5.8237 16.0602C5.8237 16.6202 6.2737 17.1302 6.8637 17.1302ZM6.8637 20.6202H12.0437C12.6237 20.6202 13.0837 20.1402 13.0837 19.5602C13.0837 18.9602 12.6337 18.4802 12.0437 18.4802H6.8637C6.2637 18.4802 5.8237 18.9802 5.8237 19.5602C5.8237 20.1402 6.2737 20.6202 6.8637 20.6202Z","geometry":{"width":29.33984375,"height":32.2109375}}