{"path":"M5.6437 2.0358H23.0737C22.9737 0.7258 22.1437 -0.0042 20.7537 -0.0042H7.9737C6.5737 -0.0042 5.7537 0.7258 5.6437 2.0358ZM2.9137 6.2658H25.8137C25.6337 4.8658 24.8737 4.0458 23.2737 4.0458H5.4437C3.8437 4.0458 3.0937 4.8658 2.9137 6.2658ZM4.6637 31.5958H24.0537C27.0737 31.5958 28.7137 29.9558 28.7137 26.9658V13.1558C28.7137 10.1758 27.0737 8.5358 24.0537 8.5358H4.6637C1.6437 8.5358 0.0037 10.1758 0.0037 13.1558V26.9658C0.0037 29.9558 1.6437 31.5958 4.6637 31.5958ZM20.7937 20.6858C18.8937 20.6858 17.3637 19.1558 17.3637 17.2658C17.3637 15.3658 18.8937 13.8358 20.7937 13.8358C22.6637 13.8358 24.2137 15.3658 24.2137 17.2658C24.2137 19.1558 22.6637 20.6858 20.7937 20.6858ZM6.4637 16.8058C5.8237 16.8058 5.3437 16.2658 5.3437 15.6658C5.3437 15.0558 5.8237 14.5158 6.4637 14.5158H14.1637C14.7937 14.5158 15.2737 15.0358 15.2737 15.6658C15.2737 16.2558 14.7937 16.8058 14.1637 16.8058ZM6.4637 20.4758C5.8237 20.4758 5.3437 19.9658 5.3437 19.3558C5.3437 18.7458 5.8237 18.2158 6.4637 18.2158H11.8837C12.5137 18.2158 12.9837 18.7158 12.9837 19.3558C12.9837 19.9658 12.4937 20.4758 11.8837 20.4758Z","geometry":{"width":28.7109375,"height":31.595703125}}