{"path":"M4.8237 26.1377H27.8037C30.9437 26.1377 32.6337 24.4477 32.6337 21.3377V4.7977C32.6337 1.6977 30.9437 -0.0023 27.8037 -0.0023H4.8237C1.7137 -0.0023 0.0037 1.6977 0.0037 4.7977V21.3377C0.0037 24.4477 1.7137 26.1377 4.8237 26.1377ZM23.1437 13.3977C21.3037 13.3977 19.7937 11.8977 19.7937 10.0477C19.7937 8.1877 21.3037 6.6877 23.1437 6.6877C24.9937 6.6877 26.4837 8.1877 26.4837 10.0477C26.4837 11.8977 24.9937 13.3977 23.1437 13.3977ZM7.2337 9.5877C6.6137 9.5877 6.1537 9.0677 6.1537 8.4777C6.1537 7.8577 6.6037 7.3677 7.2337 7.3677H14.7837C15.3937 7.3677 15.8637 7.8577 15.8637 8.4777C15.8637 9.0677 15.3937 9.5877 14.7837 9.5877ZM7.2337 13.1977C6.6137 13.1977 6.1537 12.6877 6.1537 12.0877C6.1537 11.4877 6.6037 10.9677 7.2337 10.9677H12.6237C13.2337 10.9677 13.7037 11.4677 13.7037 12.0877C13.7037 12.6877 13.2237 13.1977 12.6237 13.1977Z","geometry":{"width":32.634765625,"height":26.140625}}