{"path":"M4.8237 26.1377H21.3137C24.4437 26.1377 26.1437 24.4477 26.1437 21.3377V4.7977C26.1437 1.6977 24.4437 -0.0023 21.3137 -0.0023H4.8237C1.7137 -0.0023 0.0037 1.6977 0.0037 4.7977V21.3377C0.0037 24.4477 1.7137 26.1377 4.8237 26.1377ZM9.1837 19.2677C8.3637 19.2677 7.8237 18.7577 7.8237 17.9077V14.1377C7.8237 10.5777 9.5437 8.3977 12.3337 8.0677V6.7677C12.3337 6.2177 12.6637 5.9177 13.1637 5.9177C13.6337 5.9177 13.9737 6.2077 13.9737 6.7677V8.0477C16.7637 8.3977 18.4937 10.5777 18.4937 14.1377V17.9077C18.4937 18.7677 17.9737 19.2677 17.1537 19.2677C16.3337 19.2677 15.8037 18.7577 15.8037 17.9077V14.1377C15.8037 12.0877 15.1337 10.8677 13.9737 10.5377V18.3877C13.9737 18.9177 13.6337 19.2477 13.1637 19.2477C12.6637 19.2477 12.3337 18.9077 12.3337 18.3877V10.5377C11.1837 10.8977 10.5237 12.0977 10.5237 14.1377V17.9077C10.5237 18.7677 9.9937 19.2677 9.1837 19.2677Z","geometry":{"width":26.140625,"height":26.140625}}