{"path":"M2.3337 25.8671C3.7437 25.8671 4.6437 25.0071 4.6437 23.5271V15.9971C4.6437 11.3871 6.2737 8.8071 9.1437 8.2571V24.5271C9.1437 25.1871 9.6837 25.7271 10.3537 25.7271C11.0237 25.7271 11.5537 25.1871 11.5537 24.5271V8.2571C14.4237 8.8071 16.0537 11.3871 16.0537 15.9971V23.5271C16.0537 25.0071 16.9637 25.8671 18.3937 25.8671C19.7937 25.8671 20.7037 25.0071 20.7037 23.5271V16.0271C20.7037 8.9871 17.2037 4.6871 11.5537 4.1671V1.2071C11.5537 0.5371 11.0237 -0.0029 10.3537 -0.0029C9.6837 -0.0029 9.1437 0.5371 9.1437 1.2071V4.1671C3.5037 4.6871 0.0037 8.9871 0.0037 16.0271V23.5271C0.0037 25.0071 0.9137 25.8671 2.3337 25.8671Z","geometry":{"width":20.69921875,"height":25.8671875}}