{"path":"M4.8237 26.1377H21.3137C24.4437 26.1377 26.1437 24.4477 26.1437 21.3377V4.7977C26.1437 1.6977 24.4437 -0.0023 21.3137 -0.0023H4.8237C1.7137 -0.0023 0.0037 1.6977 0.0037 4.7977V21.3377C0.0037 24.4477 1.7137 26.1377 4.8237 26.1377ZM5.2137 22.6177C4.1137 22.6177 3.5237 22.0777 3.5237 20.9177V5.2377C3.5237 4.0777 4.1137 3.5277 5.2137 3.5277H20.9337C22.0237 3.5277 22.6137 4.0777 22.6137 5.2377V20.9177C22.6137 22.0777 22.0237 22.6177 20.9337 22.6177ZM9.2437 19.0477C10.0237 19.0477 10.5237 18.5777 10.5237 17.7477V14.0977C10.5237 12.1377 11.1737 10.9677 12.2937 10.6277V18.1977C12.2937 18.7077 12.6037 19.0277 13.0837 19.0277C13.5337 19.0277 13.8637 18.7277 13.8637 18.1977V10.6077C14.9937 10.9377 15.6437 12.1177 15.6437 14.0977V17.7477C15.6437 18.5677 16.1437 19.0477 16.9437 19.0477C17.7237 19.0477 18.2337 18.5777 18.2337 17.7477V14.0977C18.2337 10.6677 16.5537 8.5577 13.8637 8.2277V6.9877C13.8637 6.4377 13.5337 6.1677 13.0837 6.1677C12.6037 6.1677 12.2937 6.4577 12.2937 6.9877V8.2277C9.5937 8.5577 7.9337 10.6777 7.9337 14.0977V17.7477C7.9337 18.5677 8.4637 19.0477 9.2437 19.0477Z","geometry":{"width":26.140625,"height":26.140625}}