{"path":"M10.9537 23.5879L16.9137 26.8879C17.4037 27.1679 17.7737 27.3579 18.3337 27.4679V4.1679L12.5737 0.7679C11.9237 0.3979 11.3937 0.1279 10.9537 -0.0021ZM0.0037 24.9379C0.0037 26.4279 1.0137 27.2079 2.2837 27.2079C2.7637 27.2079 3.2437 27.0879 3.7337 26.8079L8.7337 24.1079V0.0279C8.3437 0.1379 7.8637 0.3379 7.3037 0.6579L1.5837 3.8779C0.4937 4.4879 0.0037 5.3479 0.0037 6.5579ZM20.5537 27.3579C20.7237 27.2979 20.9337 27.2179 21.1337 27.1079L27.7537 23.3879C28.9337 22.7479 29.4037 21.8979 29.4037 20.6679V2.5479C29.4037 0.9679 28.3737 0.2479 26.9337 0.2479C26.4037 0.2479 25.7837 0.4079 25.2637 0.7079L20.5537 3.3179Z","geometry":{"width":29.408203125,"height":27.466796875}}