{"path":"M2.3237 27.362C2.9437 27.362 3.4437 27.142 4.1437 26.742L10.3237 23.392L17.1337 27.182C17.8137 27.562 18.5237 27.752 19.2237 27.752C19.9337 27.752 20.6337 27.562 21.2837 27.192L27.5237 23.682C28.6837 23.042 29.1737 22.152 29.1737 20.902V2.642C29.1737 1.262 28.2637 0.352 26.8537 0.352C26.2337 0.352 25.7337 0.612 25.0337 1.012L18.6637 4.542L11.8637 0.542C11.2137 0.182 10.5037 0.002 9.8037 0.002C9.1337 0.002 8.4737 0.162 7.8937 0.492L1.6437 4.002C0.4937 4.652 0.0037 5.492 0.0037 6.742V25.102C0.0037 26.492 0.9037 27.362 2.3237 27.362ZM8.5737 20.532L3.7837 23.162C3.6637 23.232 3.5537 23.252 3.4737 23.252C3.2437 23.252 3.1337 23.082 3.1337 22.822V7.712C3.1337 7.222 3.2837 6.982 3.7037 6.742L8.1937 4.172C8.3237 4.102 8.4337 4.032 8.5737 3.962ZM11.8037 20.372V4.362C11.9337 4.432 12.0837 4.522 12.2237 4.592L17.3737 7.642V23.472C17.2137 23.392 17.0537 23.312 16.8837 23.212ZM20.6037 23.612V7.222L25.3737 4.612C25.4737 4.552 25.5637 4.522 25.6437 4.522C25.8837 4.522 26.0437 4.702 26.0437 4.932V19.862C26.0437 20.362 25.8937 20.592 25.4737 20.832L21.2437 23.252C21.0237 23.382 20.8037 23.502 20.6037 23.612Z","geometry":{"width":29.17578125,"height":27.75390625}}