{"path":"M-0.0003 5.9172C-0.0003 8.5772 1.7497 10.8172 4.1697 11.5572V24.7172C4.1697 27.8872 5.2897 30.3472 5.8797 30.3472C6.4797 30.3472 7.5897 27.9072 7.5897 24.7172V11.5572C10.0097 10.8372 11.7697 8.5772 11.7697 5.9172C11.7697 2.6672 9.1597 -0.0028 5.8797 -0.0028C2.6297 -0.0028 -0.0003 2.6672 -0.0003 5.9172ZM4.2197 6.2572C3.1597 6.2572 2.2197 5.3172 2.2197 4.2372C2.2197 3.1472 3.1597 2.2272 4.2197 2.2272C5.3297 2.2272 6.2297 3.1472 6.2297 4.2372C6.2297 5.3172 5.3297 6.2572 4.2197 6.2572Z","geometry":{"width":11.771484375,"height":30.3515625}}