{"path":"M4.8237 26.1377H21.3137C24.4437 26.1377 26.1437 24.4477 26.1437 21.3377V4.7977C26.1437 1.6977 24.4437 -0.0023 21.3137 -0.0023H4.8237C1.7137 -0.0023 0.0037 1.6977 0.0037 4.7977V21.3377C0.0037 24.4477 1.7137 26.1377 4.8237 26.1377ZM9.5337 8.2577C9.5337 6.2577 11.1537 4.6477 13.1637 4.6377C15.1437 4.6377 16.7937 6.2477 16.7937 8.2577C16.7937 9.7977 15.8137 11.1277 14.4637 11.6377V18.2677C14.4637 19.9477 13.8937 21.8177 13.1637 21.8177C12.4137 21.8177 11.8437 19.9377 11.8437 18.2677V11.6377C10.5037 11.1177 9.5337 9.7977 9.5337 8.2577ZM11.1737 7.2777C11.1837 7.8977 11.7137 8.4377 12.3137 8.4377C12.9637 8.4377 13.4837 7.8977 13.4837 7.2777C13.4937 6.6477 12.9637 6.1077 12.3137 6.1077C11.7137 6.1077 11.1737 6.6477 11.1737 7.2777Z","geometry":{"width":26.140625,"height":26.140625}}