{"path":"M9.4227 5.9172C9.4227 8.5772 11.1727 10.8172 13.5927 11.5572V20.0972C13.5927 23.2672 14.6427 25.7272 15.3127 25.7272C15.9827 25.7272 17.0127 23.2672 17.0127 20.0972V11.5572C19.4427 10.8372 21.1927 8.5772 21.1927 5.9172C21.1927 2.6672 18.5827 -0.0028 15.3127 -0.0028C12.0427 -0.0028 9.4227 2.6672 9.4227 5.9172ZM13.6427 6.2572C12.5827 6.2572 11.6327 5.3172 11.6327 4.2372C11.6327 3.1472 12.5827 2.2272 13.6427 2.2272C14.7627 2.2272 15.6727 3.1472 15.6727 4.2372C15.6727 5.3172 14.7627 6.2572 13.6427 6.2572ZM15.2827 31.6872C24.6827 31.6872 30.5827 28.6472 30.5827 24.7472C30.5827 20.9472 25.0727 18.3372 19.4827 17.9272V21.0272C23.1427 21.3172 26.9027 22.6972 26.9027 24.5572C26.9027 26.9072 22.0527 28.4972 15.2827 28.4972C8.5127 28.4972 3.6827 26.9172 3.6827 24.5572C3.6827 22.6972 7.4327 21.3172 11.1027 21.0272V17.9272C5.5127 18.3372 0.0027 20.9472 0.0027 24.7472C0.0027 28.6472 5.8927 31.6872 15.2827 31.6872Z","geometry":{"width":30.583984375,"height":31.69140625}}