{"path":"M13.9651 32.5976C19.2651 32.5976 23.5751 28.2876 23.5751 22.9676C23.5751 21.3176 23.1651 19.7576 22.4251 18.3976L27.6551 8.7776C28.0151 8.1176 27.9851 7.3576 27.5951 6.7576L23.6651 0.8476C23.2751 0.2776 22.7351 -0.0024 21.9851 -0.0024H5.9251C5.1851 -0.0024 4.6351 0.2776 4.2351 0.8476L0.3251 6.7576C-0.0849 7.3576 -0.1049 8.1176 0.2451 8.7776L5.4851 18.3976C4.7451 19.7576 4.3351 21.3176 4.3351 22.9676C4.3351 28.2876 8.6451 32.5976 13.9651 32.5976ZM7.5251 3.2176H20.3951L18.7051 6.3076H9.2051ZM3.5151 7.7376L5.1951 5.2276L9.8451 14.2576C9.0351 14.6376 8.3051 15.1376 7.6351 15.7076ZM22.7151 5.2276L24.4051 7.7376L20.2751 15.7076C19.6051 15.1376 18.8651 14.6376 18.0651 14.2576ZM13.9651 13.3476C13.6551 13.3476 13.3551 13.3576 13.0751 13.3876L10.8751 9.3476H17.0351L14.8351 13.3876C14.5451 13.3576 14.2451 13.3476 13.9651 13.3476ZM13.9651 29.3776C10.4151 29.3776 7.5451 26.5076 7.5451 22.9676C7.5451 19.4376 10.4151 16.5576 13.9651 16.5576C17.4851 16.5576 20.3551 19.4276 20.3551 22.9676C20.3551 26.4976 17.5051 29.3776 13.9651 29.3776ZM11.7151 27.2476L13.9651 25.5976L16.2051 27.2476C16.7751 27.6676 17.3751 27.2376 17.1551 26.5476L16.2751 23.9076L18.5451 22.2876C19.0751 21.8976 18.8851 21.1476 18.1851 21.1476L15.3951 21.1776L14.5351 18.5276C14.3251 17.8376 13.5951 17.8376 13.3751 18.5276L12.5151 21.1776L9.7351 21.1476C9.0351 21.1476 8.8351 21.8976 9.3851 22.2876L11.6351 23.9076L10.7451 26.5476C10.5251 27.2176 11.1451 27.6676 11.7151 27.2476Z","geometry":{"width":27.908612175386715,"height":32.59375}}