{"path":"M10.5417 7.7072H16.8817L21.2117 -0.0028H6.2317ZM4.5017 16.3072C5.9317 14.2872 8.0117 12.7372 10.4517 12.0072L4.2017 0.7672L0.4017 6.4772C-0.1383 7.2572 -0.1383 8.0072 0.4117 8.9672ZM16.9917 12.0072C19.4317 12.7372 21.5117 14.2872 22.9317 16.3272L27.0317 8.9672C27.5617 8.0072 27.5617 7.2572 27.0417 6.4772L23.2417 0.7672ZM13.7117 32.1272C18.8517 32.1272 23.0217 27.9572 23.0217 22.8172C23.0217 17.6772 18.8517 13.5072 13.7117 13.5072C8.5717 13.5072 4.4017 17.6772 4.4017 22.8172C4.4017 27.9572 8.5717 32.1272 13.7117 32.1272ZM11.1417 27.6072C10.5317 28.0572 9.8617 27.6172 10.1217 26.8472L11.1317 23.8272L8.5317 21.9672C7.9817 21.5772 8.1117 20.7272 8.9117 20.7372L12.1117 20.7672L13.0817 17.7172C13.3217 16.9772 14.1117 16.9772 14.3617 17.7172L15.3317 20.7672L18.5317 20.7372C19.3617 20.7272 19.4417 21.5872 18.9117 21.9672L16.3117 23.8272L17.3217 26.8472C17.6017 27.6472 16.9117 28.0572 16.3017 27.6072L13.7317 25.7172Z","geometry":{"width":27.432650058888168,"height":32.12890625}}