{"path":"M5.2737 14.967H25.4537C29.4037 14.967 30.7237 13.107 30.7237 7.497C30.7237 1.857 29.4037 -0.003 25.4537 -0.003H5.2737C1.3137 -0.003 0.0037 1.857 0.0037 7.497C0.0037 13.107 1.3137 14.967 5.2737 14.967ZM32.5837 11.607H35.6537C37.5737 11.607 38.6937 10.527 38.6937 8.707V6.247C38.6937 4.447 37.5737 3.347 35.6537 3.347H32.5837C32.8237 4.527 32.9337 5.897 32.9337 7.497C32.9337 9.067 32.8237 10.427 32.5837 11.607ZM5.2737 6.667C4.3937 6.667 3.6937 5.977 3.6937 5.087C3.6937 4.227 4.3937 3.527 5.2737 3.527C6.1537 3.527 6.8537 4.227 6.8537 5.087C6.8537 5.977 6.1537 6.667 5.2737 6.667Z","geometry":{"width":38.69140625,"height":14.970703125}}