{"path":"M20.5655 1.8872L29.4055 10.7472L29.5155 10.6372C32.0155 8.1372 31.8555 4.5172 29.3155 1.9872C26.7855 -0.5428 23.1555 -0.7028 20.6755 1.7772ZM3.1055 24.7772L6.5055 28.1772L7.8655 26.8272C11.1155 23.5372 15.3955 24.7772 19.2755 20.8972L27.9755 12.1972L19.0955 3.3272L10.4055 12.0372C6.2855 16.1472 7.7355 20.1472 4.4755 23.4072ZM14.6955 16.6272C13.7655 15.6972 13.7655 14.3372 14.6955 13.4072L18.9655 9.1372C19.8955 8.2072 21.2455 8.2072 22.1455 9.1372C23.1055 10.0572 23.0955 11.3972 22.1455 12.3272L17.8855 16.6172C16.9855 17.5272 15.6155 17.5472 14.6955 16.6272ZM15.9155 15.3972C16.1455 15.6272 16.5055 15.6972 16.7355 15.4372L20.9955 11.1572C21.2355 10.9172 21.1755 10.5972 20.9455 10.3572C20.6955 10.1172 20.3555 10.0972 20.1155 10.3572L15.9155 14.5672C15.6655 14.7972 15.6855 15.1572 15.9155 15.3972ZM11.5155 18.2272C11.1155 17.8472 11.1955 17.2672 11.5255 16.9472C11.8655 16.5872 12.4155 16.5472 12.8155 16.9472L14.3555 18.4772C14.7755 18.8672 14.7155 19.4272 14.3555 19.7772C14.0255 20.0972 13.4855 20.1572 13.0655 19.7472ZM0.7755 30.5172C1.7955 31.5572 3.1855 31.5572 4.2155 30.5072L4.8955 29.8272L1.4755 26.3872L0.7755 27.0972C-0.2645 28.1272 -0.2645 29.4972 0.7755 30.5172Z","geometry":{"width":31.309415225580565,"height":31.29747448311107}}