{"path":"M29.0837 27.6842C30.9137 27.6842 32.2837 26.3042 32.2837 24.4542V3.2242C32.2837 1.3842 30.9137 0.0042 29.0837 0.0042C27.2337 0.0042 25.8637 1.3842 25.8637 3.2242V24.4542C25.8637 26.3042 27.2337 27.6842 29.0837 27.6842ZM10.7237 20.7442C14.7537 21.2142 19.6437 22.4942 23.8337 24.5542C23.8137 24.3542 23.8037 24.1442 23.8037 23.9542V3.8142C23.8037 3.6242 23.8137 3.4442 23.8137 3.2442C19.8137 5.2642 14.4337 6.6542 10.7237 7.0642ZM6.0937 20.7242H8.5837V7.0642H6.0937C2.1637 7.0642 0.0037 9.1742 0.0037 12.9742V14.8342C0.0037 18.6242 2.1637 20.7242 6.0937 20.7242ZM11.8637 30.4042C13.7637 30.4042 15.2037 28.9042 14.6437 26.6742L13.8537 23.4042C12.2737 23.0642 10.2637 22.8442 6.6737 22.8042C6.4537 22.7942 6.1437 22.7742 5.8237 22.7742L8.3637 27.8742C9.1837 29.4942 10.0637 30.4042 11.8637 30.4042Z","geometry":{"width":32.279296875,"height":30.40625}}