{"path":"M0.0027 11.3886C0.0027 11.7586 0.1127 12.0986 0.3527 12.3886L3.4427 16.0886C3.9527 16.7086 4.4327 16.9686 5.1027 16.9686C5.5527 16.9686 5.9327 16.8186 6.3127 16.5386L10.2027 13.7286C10.5927 13.4386 10.8127 12.9886 10.8127 12.5086C10.8127 11.7586 10.2227 11.1186 9.4027 11.1186C9.0627 11.1186 8.7527 11.2286 8.4727 11.4686L7.0427 12.6786C7.8627 7.5186 12.2927 3.5986 17.6927 3.5986C23.7027 3.5986 28.5427 8.4386 28.5427 14.4386C28.5627 20.4486 23.7027 25.2886 17.7027 25.2886C13.8627 25.2886 10.9627 23.2986 9.3927 21.4086C8.9827 20.9086 8.4227 20.6686 7.9127 20.6686C7.0127 20.6686 6.2027 21.3686 6.2027 22.3486C6.2027 22.8486 6.3827 23.3886 6.8727 23.9686C8.8027 26.2086 12.6827 28.8886 17.7027 28.8886C25.6327 28.8886 32.1427 22.3686 32.1427 14.4386C32.1427 6.5186 25.6227 -0.0014 17.6927 -0.0014C10.6327 -0.0014 4.6927 5.1986 3.5127 11.9186L2.6227 10.6786C2.3427 10.2686 1.9127 10.0386 1.4327 10.0386C0.6727 10.0386 0.0027 10.5686 0.0027 11.3886ZM14.3827 18.9386C14.3827 19.5786 15.1027 19.8886 15.7127 19.5386L23.1727 15.1886C23.7227 14.8786 23.7027 14.0586 23.1727 13.7386L15.7127 9.3786C15.1227 9.0386 14.3827 9.3486 14.3827 9.9986Z","geometry":{"width":32.142578125,"height":28.888671875}}