{"path":"M0.0027 11.3886C0.0027 11.7586 0.1127 12.0986 0.3427 12.3886L3.4427 16.0886C3.9527 16.7086 4.4327 16.9686 5.1027 16.9686C5.5327 16.9686 5.9327 16.8186 6.3127 16.5386L10.2027 13.7286C10.5827 13.4386 10.8127 12.9886 10.8127 12.5086C10.8127 11.7586 10.2227 11.1186 9.4027 11.1186C9.0627 11.1186 8.7327 11.2286 8.4727 11.4686L7.0127 12.6986C7.8327 7.5286 12.2727 3.5986 17.6927 3.5986C23.0327 3.5986 27.4527 7.4286 28.3327 12.4986C29.4627 12.2686 30.9027 12.3186 32.0027 12.6486C31.1127 5.5486 25.0027 -0.0014 17.6927 -0.0014C10.6227 -0.0014 4.6927 5.1986 3.5027 11.9186L2.6227 10.6786C2.3427 10.2686 1.9027 10.0386 1.4327 10.0386C0.6527 10.0386 0.0027 10.5686 0.0027 11.3886ZM14.1327 18.9386C14.1327 19.5786 14.8627 19.8886 15.4627 19.5386L22.9327 15.1886C23.4727 14.8586 23.4627 14.0586 22.9327 13.7386L15.4627 9.3686C14.8727 9.0386 14.1327 9.3486 14.1327 9.9786ZM29.7627 28.7886C33.6727 28.7886 36.9527 25.5286 36.9527 21.5886C36.9527 17.6486 33.7027 14.3986 29.7627 14.3986C25.8127 14.3986 22.5627 17.6486 22.5627 21.5886C22.5627 25.5386 25.8127 28.7886 29.7627 28.7886ZM26.2127 22.6986C25.6227 22.6986 25.1127 22.1886 25.1127 21.5986C25.1027 21.0186 25.6227 20.5086 26.2127 20.5086H33.3227C33.9027 20.5086 34.4027 20.9986 34.4027 21.5986C34.4027 22.1886 33.9027 22.6986 33.3227 22.6986ZM17.7027 28.8886C19.5627 28.8886 21.3427 28.5186 22.9827 27.8586C22.1327 26.9886 21.4827 25.9086 21.0927 24.7286C20.0127 25.0986 18.8827 25.2886 17.7027 25.2886C13.8627 25.2886 10.9627 23.2986 9.3927 21.4086C8.9727 20.9086 8.4227 20.6686 7.9127 20.6686C7.0127 20.6686 6.1927 21.3686 6.1927 22.3486C6.1927 22.8486 6.3827 23.3886 6.8727 23.9686C8.8027 26.2086 12.6727 28.8886 17.7027 28.8886Z","geometry":{"width":36.955078125,"height":28.888671875}}