{"path":"M4.8237 26.1377H27.8037C30.9437 26.1377 32.6337 24.4477 32.6337 21.3377V4.7977C32.6337 1.6977 30.9437 -0.0023 27.8037 -0.0023H4.8237C1.7137 -0.0023 0.0037 1.6977 0.0037 4.7977V21.3377C0.0037 24.4477 1.7137 26.1377 4.8237 26.1377ZM3.5237 5.2177C3.5237 4.0577 4.1137 3.5277 5.2137 3.5277H27.4237C28.5237 3.5277 29.1037 4.0577 29.1037 5.2177V5.7577H3.5237ZM5.2137 22.6177C4.1137 22.6177 3.5237 22.0777 3.5237 20.9177V8.3277H29.1037V20.9177C29.1037 22.0777 28.5237 22.6177 27.4237 22.6177ZM16.3237 10.0577C15.5037 10.0577 14.9037 10.6477 14.9037 11.4477V14.9977L14.9837 16.7077L14.3537 16.0477L13.0037 14.5577C12.7837 14.2977 12.4137 14.1477 12.0737 14.1477C11.3237 14.1477 10.7637 14.7077 10.7637 15.4377C10.7637 15.8077 10.9137 16.1077 11.1837 16.3477L15.2837 20.2377C15.6437 20.5777 15.9537 20.6977 16.3237 20.6977C16.7037 20.6977 17.0037 20.5777 17.3637 20.2377L21.4737 16.3477C21.7337 16.1177 21.8937 15.8077 21.8937 15.4377C21.8937 14.6977 21.3137 14.1477 20.5737 14.1477C20.2337 14.1477 19.8637 14.2977 19.6437 14.5577L18.2937 16.0477L17.6637 16.7177L17.7437 14.9977V11.4477C17.7437 10.6477 17.1437 10.0577 16.3237 10.0577Z","geometry":{"width":32.634765625,"height":26.140625}}