{"path":"M33.2451 -0.0023H10.2651C7.1551 -0.0023 5.4451 1.6977 5.4451 4.7977V12.2377C6.5351 12.0077 7.9051 12.0077 8.9651 12.2477V8.3777H34.5451V20.9177C34.5451 22.0777 33.9651 22.6177 32.8651 22.6177H16.2951C16.1651 23.8977 15.7251 25.0977 15.0651 26.1377H33.2451C36.3851 26.1377 38.0751 24.4477 38.0751 21.3377V4.7977C38.0751 1.6977 36.3851 -0.0023 33.2451 -0.0023ZM8.9651 5.2377C8.9651 4.0777 9.5551 3.5277 10.6551 3.5277H32.8651C33.9651 3.5277 34.5451 4.0777 34.5451 5.2377V5.7977H8.9651ZM7.2051 28.5077C11.1451 28.5077 14.3951 25.2677 14.3951 21.3177C14.3951 17.3677 11.1451 14.1077 7.1951 14.1077C3.2451 14.1077 -0.0049 17.3677 -0.0049 21.3177C-0.0049 25.2677 3.2551 28.5077 7.2051 28.5077ZM7.2051 26.4577C4.3651 26.4577 2.0651 24.1577 2.0651 21.3177C2.0651 18.4677 4.3651 16.1577 7.1951 16.1577C10.0451 16.1577 12.3351 18.4677 12.3451 21.3177C12.3451 24.1577 10.0451 26.4577 7.2051 26.4577ZM16.4151 20.8177H30.1351C30.9651 20.8177 31.5251 20.2877 31.5251 19.4677V17.5977C31.5251 16.7777 30.9651 16.2377 30.1351 16.2377H14.9051C15.7951 17.5777 16.3351 19.1677 16.4151 20.8177ZM7.1951 25.1677C9.3151 25.1677 11.0651 23.4177 11.0651 21.3177C11.0651 19.1977 9.3151 17.4477 7.1951 17.4477C5.0851 17.4477 3.3451 19.1977 3.3451 21.3177C3.3451 23.4177 5.0951 25.1677 7.1951 25.1677Z","geometry":{"width":38.076171875,"height":28.505859375}}