{"path":"M4.8237 26.1377H27.8037C30.9437 26.1377 32.6337 24.4477 32.6337 21.3377V4.7977C32.6337 1.6977 30.9437 -0.0023 27.8037 -0.0023H4.8237C1.7137 -0.0023 0.0037 1.6977 0.0037 4.7977V21.3377C0.0037 24.4477 1.7137 26.1377 4.8237 26.1377ZM3.5237 5.2177C3.5237 4.0577 4.1137 3.5277 5.2137 3.5277H27.4237C28.5237 3.5277 29.1037 4.0577 29.1037 5.2177V5.7577H3.5237ZM5.2137 22.6177C4.1137 22.6177 3.5237 22.0777 3.5237 20.9177V8.3277H29.1037V20.9177C29.1037 22.0777 28.5237 22.6177 27.4237 22.6177ZM16.3237 20.7177C17.1437 20.7177 17.7437 20.1377 17.7437 19.3277V15.7777L17.6637 14.0577L18.2937 14.7277L19.6437 16.2277C19.8637 16.4777 20.2337 16.6277 20.5737 16.6277C21.3137 16.6277 21.8937 16.0777 21.8937 15.3377C21.8937 14.9677 21.7337 14.6577 21.4737 14.4277L17.3637 10.5377C17.0037 10.1977 16.7037 10.0777 16.3237 10.0777C15.9537 10.0777 15.6437 10.1977 15.2837 10.5377L11.1837 14.4277C10.9137 14.6677 10.7637 14.9677 10.7637 15.3377C10.7637 16.0677 11.3237 16.6277 12.0737 16.6277C12.4137 16.6277 12.7837 16.4777 13.0037 16.2277L14.3537 14.7277L14.9837 14.0677L14.9037 15.7777V19.3277C14.9037 20.1377 15.5037 20.7177 16.3237 20.7177Z","geometry":{"width":32.634765625,"height":26.140625}}