{"path":"M4.8237 26.1377H27.8037C30.9437 26.1377 32.6337 24.4477 32.6337 21.3377V4.7977C32.6337 1.6977 30.9437 -0.0023 27.8037 -0.0023H4.8237C1.7137 -0.0023 0.0037 1.6977 0.0037 4.7977V21.3377C0.0037 24.4477 1.7137 26.1377 4.8237 26.1377ZM3.5237 5.2177C3.5237 4.0577 4.1137 3.5277 5.2137 3.5277H27.4237C28.5237 3.5277 29.1037 4.0577 29.1037 5.2177V5.7577H3.5237ZM5.2137 22.6177C4.1137 22.6177 3.5237 22.0777 3.5237 20.9177V8.3277H29.1037V20.9177C29.1037 22.0777 28.5237 22.6177 27.4237 22.6177ZM6.5737 19.4677C6.5737 20.2877 7.1337 20.8177 7.9737 20.8177H24.7037C25.5437 20.8177 26.0837 20.2877 26.0837 19.4677V17.5977C26.0837 16.7777 25.5437 16.2377 24.7037 16.2377H7.9737C7.1337 16.2377 6.5737 16.7777 6.5737 17.5977Z","geometry":{"width":32.634765625,"height":26.140625}}