{"path":"M6.6627 30.5289C8.6427 30.5289 12.5927 28.7289 15.6727 26.5189C16.8027 26.5489 17.9127 26.4689 18.9927 26.2889C18.9327 26.0889 18.9127 25.8489 18.9127 25.6189V23.5989C18.9127 23.2989 18.9627 23.0089 19.0427 22.7389C18.1527 22.8889 17.2827 22.9589 16.4027 22.9589C16.1827 22.9589 15.8827 22.9589 15.5127 22.9389C14.9127 22.9389 14.4827 23.0889 13.8927 23.5689C12.3027 24.7889 9.8127 26.3989 8.6427 26.8789C8.3827 26.9789 8.2727 26.8689 8.4627 26.6289C9.0527 25.8989 10.0127 24.6489 10.5727 23.6089C11.0327 22.7589 10.8027 22.0489 9.9127 21.6289C5.9427 19.7389 3.5927 16.7189 3.5927 13.2789C3.5927 7.9289 9.2827 3.5789 16.4027 3.5789C23.5327 3.5789 29.2127 7.9289 29.2127 13.2789C29.2127 14.0089 29.1027 14.7289 28.9027 15.4089C30.0827 15.3289 31.2927 16.0489 31.7427 17.2089C31.9127 17.2089 32.0027 17.2289 32.1027 17.2389C32.5527 15.9989 32.8127 14.6589 32.8127 13.2789C32.8127 5.9189 25.5127 -0.0011 16.4027 -0.0011C7.3027 -0.0011 0.0027 5.9189 0.0027 13.2789C0.0027 17.7589 2.6827 21.8389 6.8927 24.0589C6.3527 25.0289 5.4727 26.4289 4.9127 27.1789C3.8027 28.6589 4.6727 30.5289 6.6627 30.5289ZM28.8627 31.2589C29.3427 31.2589 29.7227 30.8689 29.7227 30.3789V18.4689C29.7227 17.9689 29.3427 17.5989 28.8627 17.5989C28.3727 17.5989 28.0027 17.9789 28.0027 18.4689V30.3789C28.0027 30.8689 28.3727 31.2589 28.8627 31.2589ZM32.2127 29.3489C32.7027 29.3489 33.0727 28.9689 33.0727 28.4789V20.3589C33.0727 19.8689 32.6927 19.4989 32.2127 19.4989C31.7327 19.4989 31.3527 19.8789 31.3527 20.3589V28.4789C31.3527 28.9689 31.7327 29.3489 32.2127 29.3489ZM25.5027 29.1189C25.9927 29.1189 26.3727 28.7389 26.3727 28.2589V20.5789C26.3727 20.0989 25.9927 19.7189 25.5027 19.7189C25.0227 19.7189 24.6327 20.0989 24.6327 20.5789V28.2589C24.6327 28.7489 25.0227 29.1189 25.5027 29.1189ZM35.5627 27.1689C36.0527 27.1689 36.4227 26.7789 36.4227 26.2889V22.5489C36.4227 22.0489 36.0527 21.6689 35.5627 21.6689C35.0727 21.6689 34.7027 22.0689 34.7027 22.5489V26.2889C34.7027 26.7789 35.0727 27.1689 35.5627 27.1689ZM22.1327 26.4589C22.6427 26.4589 23.0227 26.0689 23.0227 25.5889V23.2589C23.0227 22.7589 22.6427 22.3789 22.1327 22.3789C21.6727 22.3789 21.2827 22.7589 21.2827 23.2589V25.5889C21.2827 26.0689 21.6727 26.4589 22.1327 26.4589Z","geometry":{"width":36.421875,"height":31.25390625}}