{"path":"M4.8237 26.1377H21.3137C24.4437 26.1377 26.1437 24.4477 26.1437 21.3377V4.7977C26.1437 1.6977 24.4437 -0.0023 21.3137 -0.0023H4.8237C1.7137 -0.0023 0.0037 1.6977 0.0037 4.7977V21.3377C0.0037 24.4477 1.7137 26.1377 4.8237 26.1377ZM5.2137 22.6177C4.1137 22.6177 3.5237 22.0777 3.5237 20.9177V5.2377C3.5237 4.0777 4.1137 3.5277 5.2137 3.5277H20.9337C22.0237 3.5277 22.6137 4.0777 22.6137 5.2377V20.9177C22.6137 22.0777 22.0237 22.6177 20.9337 22.6177ZM13.0937 15.2877C14.3937 15.2877 15.4637 14.2877 15.4637 12.8377V7.5877C15.4637 6.1677 14.3937 5.1577 13.0937 5.1577C11.8037 5.1577 10.7237 6.1477 10.7237 7.5877V12.8377C10.7237 14.2877 11.8037 15.2877 13.0937 15.2877ZM9.8537 20.8777H16.3237C16.8037 20.8777 17.2237 20.4677 17.2237 19.9977C17.2237 19.5277 16.8137 19.0977 16.3237 19.0977H13.9437V18.0777C16.5937 17.7277 18.5237 15.7877 18.5237 13.0477V11.4877C18.5237 11.0177 18.1137 10.6377 17.6337 10.6377C17.1437 10.6377 16.7337 11.0177 16.7337 11.4877V13.0277C16.7337 15.0077 15.1437 16.4977 13.0837 16.4977C11.0337 16.4977 9.4437 15.0077 9.4437 13.0277V11.4877C9.4437 11.0177 9.0337 10.6377 8.5437 10.6377C8.0637 10.6377 7.6537 11.0177 7.6537 11.4877V13.0477C7.6537 15.7877 9.5837 17.7477 12.2537 18.0777V19.0977H9.8537C9.3637 19.0977 8.9437 19.5277 8.9437 19.9977C8.9437 20.4777 9.3637 20.8777 9.8537 20.8777Z","geometry":{"width":26.140625,"height":26.140625}}