{"path":"M4.8237 26.1377H21.3137C24.4437 26.1377 26.1437 24.4477 26.1437 21.3377V4.7977C26.1437 1.6977 24.4437 -0.0023 21.3137 -0.0023H4.8237C1.7137 -0.0023 0.0037 1.6977 0.0037 4.7977V21.3377C0.0037 24.4477 1.7137 26.1377 4.8237 26.1377ZM13.1637 15.4377C11.7737 15.4377 10.5937 14.3677 10.5937 12.8077V7.1677C10.5937 5.6177 11.7737 4.5477 13.1637 4.5477C14.5637 4.5477 15.7237 5.6377 15.7237 7.1777V12.8077C15.7237 14.3677 14.5637 15.4377 13.1637 15.4377ZM9.6837 21.4777C9.1437 21.4777 8.6937 21.0377 8.6937 20.5377C8.6937 20.0177 9.1437 19.5477 9.6837 19.5477H12.2337V18.4577C9.3937 18.0977 7.3037 16.0077 7.3037 13.0477V11.3577C7.3037 10.8377 7.7337 10.4277 8.2537 10.4277C8.7937 10.4277 9.2237 10.8377 9.2237 11.3577V13.0177C9.2237 15.1577 10.9537 16.7477 13.1637 16.7477C15.3837 16.7477 17.0937 15.1577 17.0937 13.0177V11.3577C17.0937 10.8377 17.5237 10.4277 18.0637 10.4277C18.5837 10.4277 19.0137 10.8377 19.0137 11.3577V13.0477C19.0137 16.0077 16.9437 18.0877 14.0837 18.4577V19.5477H16.6537C17.1737 19.5477 17.6237 20.0177 17.6237 20.5377C17.6237 21.0377 17.1737 21.4777 16.6537 21.4777Z","geometry":{"width":26.140625,"height":26.140625}}