{"path":"M5.7688 14.3794C5.7688 17.9194 8.1588 20.3894 11.4588 20.3894C14.7488 20.3894 17.1288 17.9194 17.1288 14.3794V5.9994C17.1288 2.4894 14.7488 -0.0006 11.4588 -0.0006C8.1588 -0.0006 5.7688 2.4894 5.7688 5.9994ZM9.2988 14.5094V5.8794C9.2988 4.4194 10.0888 3.2794 11.4588 3.2794C12.8288 3.2794 13.6188 4.3994 13.6188 5.8794V14.5094C13.6188 15.9794 12.8288 17.0994 11.4588 17.0994C10.0888 17.0994 9.2988 15.9794 9.2988 14.5094ZM-0.0012 15.1794C-0.0012 21.2694 4.1188 25.3094 9.8188 25.9494V28.0994H4.8988C3.9388 28.0994 3.1288 28.8494 3.1288 29.8094C3.1288 30.7394 3.9388 31.5094 4.8988 31.5094H18.0188C18.9588 31.5094 19.7688 30.7394 19.7688 29.8094C19.7688 28.8494 18.9588 28.0994 18.0188 28.0994H13.0988V25.9494C18.7988 25.3094 22.8988 21.2694 22.8988 15.1794V12.5794C22.8988 11.6494 22.1188 10.9094 21.1788 10.9094C20.2188 10.9094 19.4288 11.6494 19.4288 12.5794V15.0694C19.4288 19.7194 16.0788 22.7394 11.4588 22.7394C6.8188 22.7394 3.4888 19.7194 3.4888 15.0694V12.5794C3.4888 11.6494 2.6888 10.9094 1.7388 10.9094C0.7788 10.9094 -0.0012 11.6494 -0.0012 12.5794Z","geometry":{"width":22.900390625,"height":31.513671875}}