{"path":"M16.6488 9.8584V5.3684C16.6488 2.1584 14.2888 -0.0016 11.4388 -0.0016C8.5988 -0.0016 6.2088 2.1484 6.2088 5.3584V14.6684C6.2088 17.8984 8.5988 20.0384 11.4388 20.0384C11.8988 20.0384 12.3188 19.9884 12.7188 19.8784C12.5088 19.1384 12.3888 18.3384 12.3888 17.5284C12.3888 14.3184 14.1088 11.4584 16.6488 9.8584ZM21.6588 24.7284C25.5688 24.7284 28.8488 21.4684 28.8488 17.5284C28.8488 13.5884 25.5888 10.3384 21.6588 10.3384C17.7088 10.3384 14.4488 13.5884 14.4488 17.5284C14.4488 21.4784 17.7088 24.7284 21.6588 24.7284ZM4.8788 31.4684H18.0088C18.9588 31.4684 19.7688 30.6984 19.7688 29.7684C19.7688 28.8084 18.9588 28.0584 18.0088 28.0584H13.0888V25.9084C14.3288 25.7584 15.5088 25.4584 16.5588 24.9884C15.4488 24.3884 14.5088 23.4884 13.8188 22.3984C13.0888 22.5984 12.2888 22.6984 11.4388 22.6984C6.8188 22.6984 3.4688 19.6784 3.4688 15.0284V12.5384C3.4688 11.6084 2.6788 10.8684 1.7188 10.8684C0.7788 10.8684 -0.0012 11.6084 -0.0012 12.5384V15.1384C-0.0012 21.2284 4.0988 25.2684 9.7988 25.9084V28.0584H4.8788C3.9388 28.0584 3.1288 28.8084 3.1288 29.7684C3.1288 30.6984 3.9388 31.4684 4.8788 31.4684ZM19.8788 20.9184C19.4588 21.3584 18.7288 21.3184 18.3088 20.8884C17.8688 20.4784 17.8388 19.7384 18.2788 19.3184L20.0888 17.5184L18.3788 15.7884C17.9688 15.3784 17.9488 14.6684 18.3788 14.2584C18.7888 13.8384 19.4988 13.8384 19.9188 14.2584L21.6388 15.9684L23.4488 14.1484C23.8888 13.7284 24.5788 13.7684 25.0088 14.1884C25.4288 14.6284 25.4688 15.3084 25.0488 15.7484L23.2288 17.5684L24.9388 19.2784C25.3588 19.6984 25.3588 20.3884 24.9388 20.8084C24.5088 21.2284 23.8188 21.2484 23.3888 20.8184L21.6788 19.1084Z","geometry":{"width":28.84765625,"height":31.47265625}}