{"path":"M11.4388 20.3894C11.9188 20.3894 12.3888 20.3294 12.8088 20.2094C12.4688 19.1494 12.3088 17.9194 12.4388 16.8394C12.1588 17.0094 11.8088 17.0994 11.4388 17.0994C10.0788 17.0994 9.2788 15.9794 9.2788 14.5094V5.8794C9.2788 4.4194 10.0788 3.2794 11.4388 3.2794C12.8088 3.2794 13.5988 4.3994 13.5988 5.8794V13.1894C14.3688 11.6594 15.6088 10.3794 17.1288 9.5994V5.9994C17.1288 2.4894 14.7388 -0.0006 11.4388 -0.0006C8.1488 -0.0006 5.7688 2.4894 5.7688 5.9994V14.3794C5.7688 17.9194 8.1488 20.3894 11.4388 20.3894ZM21.6588 24.7694C25.5688 24.7694 28.8488 21.5094 28.8488 17.5694C28.8488 13.6294 25.5888 10.3794 21.6588 10.3794C17.7088 10.3794 14.4488 13.6294 14.4488 17.5694C14.4488 21.5194 17.7088 24.7694 21.6588 24.7694ZM4.8788 31.5094H18.0088C18.9588 31.5094 19.7688 30.7394 19.7688 29.8094C19.7688 28.8494 18.9588 28.0994 18.0088 28.0994H13.0888V25.9494C14.3388 25.8094 15.5088 25.4994 16.5588 25.0494C15.4588 24.4294 14.5088 23.5294 13.8188 22.4394C13.0688 22.6394 12.2888 22.7394 11.4388 22.7394C6.8188 22.7394 3.4688 19.7194 3.4688 15.0694V12.5794C3.4688 11.6494 2.6788 10.9094 1.7188 10.9094C0.7788 10.9094 -0.0012 11.6494 -0.0012 12.5794V15.1794C-0.0012 21.2694 4.0988 25.3094 9.7988 25.9494V28.0994H4.8788C3.9388 28.0994 3.1288 28.8494 3.1288 29.8094C3.1288 30.7394 3.9388 31.5094 4.8788 31.5094ZM21.6588 22.2294C20.9888 22.2294 20.5488 21.7894 20.5488 21.1494V18.6794H18.0988C17.4588 18.6794 17.0188 18.2394 17.0088 17.5794C16.9988 16.9294 17.4488 16.4894 18.0988 16.4894H20.5488V14.0394C20.5488 13.3994 20.9888 12.9594 21.6588 12.9494C22.3088 12.9294 22.7488 13.3894 22.7488 14.0394V16.4894H25.2088C25.8488 16.4894 26.2888 16.9294 26.2888 17.5794C26.2888 18.2394 25.8488 18.6794 25.2088 18.6794H22.7488V21.1494C22.7488 21.7894 22.3088 22.2294 21.6588 22.2294Z","geometry":{"width":28.84765625,"height":31.513671875}}