{"path":"M11.4588 20.0384C14.2988 20.0384 16.6688 17.8984 16.6688 14.6684V5.3684C16.6688 2.1584 14.2988 -0.0016 11.4588 -0.0016C8.5988 -0.0016 6.2188 2.1484 6.2188 5.3584V14.6684C6.2188 17.8984 8.5988 20.0384 11.4588 20.0384ZM-0.0012 15.1384C-0.0012 21.2284 4.1188 25.2684 9.8188 25.9084V28.0584H4.8988C3.9388 28.0584 3.1288 28.8084 3.1288 29.7684C3.1288 30.6984 3.9388 31.4684 4.8988 31.4684H18.0188C18.9588 31.4684 19.7688 30.6984 19.7688 29.7684C19.7688 28.8084 18.9588 28.0584 18.0188 28.0584H13.0988V25.9084C18.7988 25.2684 22.8988 21.2284 22.8988 15.1384V12.5384C22.8988 11.6084 22.1188 10.8684 21.1788 10.8684C20.2188 10.8684 19.4288 11.6084 19.4288 12.5384V15.0284C19.4288 19.6784 16.0788 22.6984 11.4588 22.6984C6.8188 22.6984 3.4888 19.6784 3.4888 15.0284V12.5384C3.4888 11.6084 2.6888 10.8684 1.7388 10.8684C0.7788 10.8684 -0.0012 11.6084 -0.0012 12.5384Z","geometry":{"width":22.900390625,"height":31.47265625}}