{"path":"M15.3637 14.3794C15.3637 17.9194 17.7437 20.3894 21.0437 20.3894C24.3337 20.3894 26.7237 17.9194 26.7237 14.3794V5.9994C26.7237 2.4894 24.3337 -0.0006 21.0437 -0.0006C17.7437 -0.0006 15.3637 2.4894 15.3637 5.9994ZM2.8037 8.0494C4.3337 8.0494 5.5737 6.8094 5.5737 5.2594C5.5737 3.7194 4.3437 2.4894 2.8037 2.4894C1.2437 2.4894 0.0037 3.7194 0.0037 5.2594C0.0037 6.8094 1.2437 8.0494 2.8037 8.0494ZM18.8837 14.5094V5.8794C18.8837 4.4194 19.6737 3.2794 21.0437 3.2794C22.4037 3.2794 23.2137 4.3994 23.2137 5.8794V14.5094C23.2137 15.9794 22.4037 17.0994 21.0437 17.0994C19.6737 17.0994 18.8837 15.9794 18.8837 14.5094ZM2.8037 15.4794C4.3337 15.4794 5.5737 14.2294 5.5737 12.6894C5.5737 11.1394 4.3337 9.8994 2.8037 9.8994C1.2437 9.8994 0.0037 11.1394 0.0037 12.6894C0.0037 14.2294 1.2437 15.4794 2.8037 15.4794ZM9.5937 15.1794C9.5937 21.2694 13.7037 25.3094 19.4137 25.9494V28.0994H14.4737C13.5337 28.0994 12.7237 28.8494 12.7237 29.8094C12.7237 30.7394 13.5337 31.5094 14.4737 31.5094H27.6037C28.5637 31.5094 29.3637 30.7394 29.3637 29.8094C29.3637 28.8494 28.5637 28.0994 27.6037 28.0994H22.6837V25.9494C28.3937 25.3094 32.4937 21.2694 32.4937 15.1794V12.5794C32.4937 11.6494 31.7237 10.9094 30.7637 10.9094C29.8037 10.9094 29.0137 11.6494 29.0137 12.5794V15.0694C29.0137 19.7194 25.6737 22.7394 21.0437 22.7394C16.4237 22.7394 13.0837 19.7194 13.0837 15.0694V12.5794C13.0837 11.6494 12.2737 10.9094 11.3337 10.9094C10.3737 10.9094 9.5937 11.6494 9.5937 12.5794ZM2.8037 22.9094C4.3337 22.9094 5.5737 21.6694 5.5737 20.1094C5.5737 18.5794 4.3337 17.3494 2.8037 17.3494C1.2537 17.3494 0.0037 18.5794 0.0037 20.1094C0.0037 21.6794 1.2437 22.9094 2.8037 22.9094ZM2.8037 30.3194C4.3437 30.3194 5.5737 29.0894 5.5737 27.5594C5.5737 26.0194 4.3337 24.7694 2.8037 24.7694C1.2437 24.7694 0.0037 25.9994 0.0037 27.5594C0.0037 29.0894 1.2437 30.3194 2.8037 30.3194Z","geometry":{"width":32.498046875,"height":31.513671875}}