{"path":"M3.5237 22.9381H22.2037V-0.0019H3.5237C1.4337 -0.0019 0.0037 1.4881 0.0037 3.6381V19.3081C0.0037 21.4681 1.4337 22.9381 3.5237 22.9381ZM24.3637 15.3281H34.2237V3.6381C34.2237 1.4881 32.7737 -0.0019 30.6837 -0.0019H24.3637ZM27.2937 7.0781C27.0337 7.0781 26.8337 6.8881 26.8337 6.6481V4.7481C26.8337 4.4981 27.0337 4.2881 27.2937 4.2881H31.2137C31.4437 4.2881 31.6537 4.4981 31.6537 4.7481V6.6481C31.6537 6.8881 31.4437 7.0781 31.2137 7.0781ZM4.4437 18.3181C3.6737 18.3181 3.1837 17.8281 3.1837 17.0581V5.8781C3.1837 5.1281 3.6737 4.6181 4.4437 4.6181H17.9737C18.7537 4.6181 19.2537 5.1281 19.2537 5.8781V17.0581C19.2537 17.8281 18.7537 18.3181 17.9737 18.3181ZM5.6237 16.1881H16.8037C16.9937 16.1881 17.1137 16.0481 17.1137 15.8881V7.0581C17.1137 6.8881 16.9937 6.7581 16.8037 6.7581H5.6237C5.4537 6.7581 5.3137 6.8881 5.3137 7.0581V15.8881C5.3137 16.0481 5.4537 16.1881 5.6237 16.1881ZM27.7637 9.7881C27.2237 9.7881 26.8337 9.4081 26.8337 8.8681C26.8337 8.3381 27.2237 7.9481 27.7637 7.9481H30.7337C31.2637 7.9481 31.6537 8.3381 31.6537 8.8681C31.6537 9.4081 31.2637 9.7881 30.7337 9.7881ZM27.7637 12.5281C27.2237 12.5281 26.8337 12.1581 26.8337 11.5981C26.8337 11.0581 27.2237 10.6881 27.7637 10.6881H30.7337C31.2637 10.6881 31.6537 11.0581 31.6537 11.5981C31.6537 12.1581 31.2637 12.5281 30.7337 12.5281ZM24.3637 22.9381H30.6837C32.7737 22.9381 34.2237 21.4681 34.2237 19.3081V17.5581H24.3637Z","geometry":{"width":34.220703125,"height":22.94140625}}