{"path":"M3.7837 23.2385H30.7937C33.0337 23.2385 34.5937 21.6885 34.5937 19.4185V3.8285C34.5937 1.5685 33.0337 -0.0015 30.7937 -0.0015H3.7837C1.5437 -0.0015 0.0037 1.5685 0.0037 3.8285V19.4185C0.0037 21.6885 1.5437 23.2385 3.7837 23.2385ZM4.1037 19.9485C3.6237 19.9485 3.2937 19.6085 3.2937 19.0985V4.1385C3.2937 3.6385 3.6237 3.2985 4.1037 3.2985H22.1037V19.9485ZM30.5437 3.2985C30.9937 3.2985 31.2837 3.5985 31.2837 4.0585V14.8885H24.2137V3.2985ZM6.1637 18.1285H19.1537C19.8837 18.1285 20.3537 17.6485 20.3537 16.9285V6.3285C20.3537 5.6085 19.8837 5.1085 19.1537 5.1085H6.1637C5.4437 5.1085 4.9637 5.6085 4.9637 6.3285V16.9285C4.9637 17.6485 5.4437 18.1285 6.1637 18.1285ZM25.7737 7.7685H29.5037C29.7237 7.7685 29.9137 7.5785 29.9137 7.3585V5.5385C29.9137 5.3185 29.7237 5.1085 29.5037 5.1085H25.7737C25.5437 5.1085 25.3637 5.3185 25.3637 5.5385V7.3585C25.3637 7.5785 25.5437 7.7685 25.7737 7.7685ZM7.2837 16.0885C7.1237 16.0885 7.0037 15.9585 7.0037 15.7885V7.4485C7.0037 7.2885 7.1237 7.1685 7.2837 7.1685H18.0237C18.1837 7.1685 18.3237 7.2885 18.3237 7.4485V15.7885C18.3237 15.9585 18.1837 16.0885 18.0237 16.0885ZM26.2237 10.2585H29.0537C29.5537 10.2585 29.9137 9.8885 29.9137 9.3785C29.9137 8.8685 29.5537 8.5185 29.0537 8.5185H26.2237C25.7137 8.5185 25.3637 8.8685 25.3637 9.3785C25.3637 9.8885 25.7137 10.2585 26.2237 10.2585ZM26.2237 12.7585H29.0537C29.5537 12.7585 29.9137 12.3985 29.9137 11.8985C29.9137 11.3885 29.5537 11.0285 29.0537 11.0285H26.2237C25.7137 11.0285 25.3637 11.3885 25.3637 11.8985C25.3637 12.3985 25.7137 12.7585 26.2237 12.7585ZM31.2837 19.1785C31.2837 19.6485 30.9937 19.9485 30.5437 19.9485H24.2137V17.0085H31.2837Z","geometry":{"width":34.58984375,"height":23.2421875}}