{"path":"M14.6727 3.911C15.7527 3.911 16.6227 3.051 16.6227 1.951C16.6227 0.871 15.7527 0.001 14.6727 0.001C13.5727 0.001 12.7127 0.871 12.7127 1.951C12.7127 3.051 13.5727 3.911 14.6727 3.911ZM9.2927 5.361C10.2227 4.811 10.5427 3.641 10.0227 2.691C9.4727 1.751 8.2727 1.411 7.3427 1.971C6.4027 2.501 6.0927 3.691 6.6127 4.631C7.1827 5.591 8.3527 5.891 9.2927 5.361ZM20.0527 5.341C20.9827 5.911 22.1727 5.591 22.7227 4.651C23.2727 3.701 22.9427 2.501 22.0127 1.971C21.0727 1.421 19.8827 1.751 19.3327 2.691C18.7827 3.621 19.1027 4.811 20.0527 5.341ZM23.9927 9.301C24.5227 10.241 25.7127 10.551 26.6627 10.021C27.6027 9.471 27.9227 8.271 27.3827 7.331C26.8427 6.401 25.6527 6.081 24.7027 6.621C23.7627 7.161 23.4427 8.351 23.9927 9.301ZM5.3627 9.301C5.8927 8.351 5.5827 7.181 4.6527 6.631C3.7027 6.081 2.5027 6.401 1.9727 7.331C1.4127 8.271 1.7527 9.461 2.6827 10.021C3.6227 10.551 4.8027 10.231 5.3627 9.301ZM14.6527 22.681C19.0727 22.681 22.6727 19.081 22.6727 14.671C22.6727 10.241 19.0627 6.641 14.6427 6.641C10.2227 6.641 6.6427 10.241 6.6427 14.671C6.6427 19.081 10.2227 22.681 14.6527 22.681ZM25.4427 14.671C25.4427 15.761 26.2927 16.641 27.3827 16.641C28.4627 16.641 29.3527 15.761 29.3527 14.671C29.3527 13.591 28.4627 12.731 27.3827 12.731C26.3027 12.731 25.4427 13.591 25.4427 14.671ZM3.9127 14.681C3.9127 13.591 3.0327 12.731 1.9527 12.731C0.8727 12.731 0.0027 13.591 0.0027 14.671C0.0027 15.761 0.8727 16.621 1.9527 16.641C3.0327 16.641 3.9127 15.761 3.9127 14.681ZM24.0127 20.061C23.4427 20.991 23.7627 22.171 24.6927 22.741C25.6527 23.271 26.8427 22.951 27.3827 22.001C27.9227 21.071 27.5927 19.891 26.6627 19.341C25.7327 18.781 24.5427 19.111 24.0127 20.061ZM5.3427 20.061C4.8127 19.111 3.6227 18.801 2.6927 19.331C1.7327 19.881 1.4127 21.081 1.9727 22.011C2.5027 22.951 3.6927 23.271 4.6327 22.741C5.5827 22.191 5.8927 21.001 5.3427 20.061ZM9.2927 23.991C8.3427 23.451 7.1627 23.761 6.6127 24.701C6.0727 25.651 6.4027 26.851 7.3327 27.381C8.2727 27.931 9.4627 27.601 10.0127 26.661C10.5527 25.731 10.2227 24.541 9.2927 23.991ZM20.0527 24.011C19.1227 24.541 18.7827 25.721 19.3327 26.661C19.8827 27.621 21.0727 27.921 22.0227 27.381C22.9527 26.841 23.2527 25.661 22.7327 24.701C22.1927 23.761 21.0027 23.451 20.0527 24.011ZM14.6727 25.441C13.5727 25.441 12.7127 26.301 12.7127 27.381C12.7127 28.481 13.5727 29.351 14.6727 29.351C15.7527 29.351 16.6227 28.481 16.6227 27.381C16.6227 26.301 15.7527 25.441 14.6727 25.441Z","geometry":{"width":29.353515625,"height":29.353515625}}