{"path":"M4.8237 26.1377H21.3137C24.4437 26.1377 26.1437 24.4477 26.1437 21.3377V4.7977C26.1437 1.6977 24.4437 -0.0023 21.3137 -0.0023H4.8237C1.7137 -0.0023 0.0037 1.6977 0.0037 4.7977V21.3377C0.0037 24.4477 1.7137 26.1377 4.8237 26.1377ZM8.7337 18.2077C8.0437 18.2077 7.5637 17.7477 7.5637 17.0777V9.5977C7.5637 8.8777 8.0237 8.3977 8.7237 8.3977C9.3837 8.3977 9.8337 8.8177 9.8337 9.5477V9.6377C10.2237 8.7777 10.9337 8.3677 11.7337 8.3677C12.5637 8.3677 13.3037 8.7377 13.7137 9.5877L15.4737 5.5077C15.6037 5.2477 15.7937 5.0877 16.0637 5.0877C16.4337 5.0877 16.6937 5.3277 16.6937 5.6777C16.6937 5.7977 16.6537 5.9077 16.6137 5.9977L15.5037 8.5977C15.6637 8.5177 15.9037 8.4777 16.1837 8.4777C17.7437 8.4777 18.7737 9.5977 18.7737 11.3477V17.0477C18.7737 17.7477 18.3037 18.2077 17.6137 18.2077C16.9137 18.2077 16.4337 17.7477 16.4337 17.0477V11.8977C16.4337 11.1277 16.0337 10.6277 15.3837 10.6277C14.7137 10.6277 14.3037 11.1377 14.3037 11.9377V17.0477C14.3037 17.7477 13.8337 18.2077 13.1837 18.2077C12.5537 18.2077 12.1037 17.8177 12.1037 17.1977V16.5177L10.5037 20.5477C10.3937 20.8177 10.1737 20.9877 9.9137 20.9877C9.5537 20.9877 9.3137 20.7277 9.3137 20.3877C9.3137 20.2777 9.3237 20.1477 9.3637 20.0577L12.0737 13.2577V11.8577C12.0737 11.1277 11.6337 10.6077 11.0237 10.6077C10.3537 10.6077 9.9237 11.1677 9.9237 11.9677V17.0477C9.9237 17.7477 9.4437 18.2077 8.7337 18.2077Z","geometry":{"width":26.140625,"height":26.140625}}