{"path":"M4.8237 26.1377H21.3137C24.4437 26.1377 26.1437 24.4477 26.1437 21.3377V4.7977C26.1437 1.6977 24.4437 -0.0023 21.3137 -0.0023H4.8237C1.7137 -0.0023 0.0037 1.6977 0.0037 4.7977V21.3377C0.0037 24.4477 1.7137 26.1377 4.8237 26.1377ZM5.2137 22.6177C4.1137 22.6177 3.5237 22.0777 3.5237 20.9177V5.2377C3.5237 4.0777 4.1137 3.5277 5.2137 3.5277H20.9337C22.0237 3.5277 22.6137 4.0777 22.6137 5.2377V20.9177C22.6137 22.0777 22.0237 22.6177 20.9337 22.6177ZM8.8837 17.9377C9.5537 17.9377 9.9937 17.4977 9.9937 16.8577V12.0177C9.9937 11.2377 10.4037 10.7177 11.0437 10.7177C11.6337 10.7177 12.0437 11.2077 12.0437 11.9077V13.2177L9.4837 19.6977C9.4437 19.7977 9.4237 19.9077 9.4237 20.0177C9.4237 20.3477 9.6537 20.5777 9.9937 20.5777C10.2537 20.5777 10.4637 20.4377 10.5537 20.1677L12.0837 16.3077V16.9777C12.0837 17.5577 12.4937 17.9377 13.1137 17.9377C13.7137 17.9377 14.1637 17.4977 14.1637 16.8577V11.9777C14.1637 11.2277 14.5637 10.7277 15.1937 10.7277C15.8137 10.7277 16.2037 11.2077 16.2037 11.9477V16.8577C16.2037 17.4977 16.6437 17.9377 17.3037 17.9377C17.9637 17.9377 18.4037 17.4977 18.4037 16.8577V11.4277C18.4037 9.7577 17.4337 8.7077 15.9437 8.7077C15.6637 8.7077 15.4537 8.7677 15.3037 8.8177L16.3537 6.3577C16.3937 6.2577 16.4237 6.1677 16.4237 6.0577C16.4237 5.7277 16.1737 5.4977 15.8337 5.4977C15.5737 5.4977 15.3837 5.6477 15.2737 5.8877L13.6037 9.7577C13.2037 8.9577 12.5137 8.6177 11.7137 8.6177C10.9637 8.6177 10.2937 9.0077 9.9137 9.8177V9.7077C9.9137 9.0377 9.4837 8.6277 8.8637 8.6277C8.2137 8.6277 7.7637 9.0877 7.7637 9.7577V16.8677C7.7637 17.5177 8.2137 17.9377 8.8837 17.9377Z","geometry":{"width":26.140625,"height":26.140625}}