{"path":"M1.9137 24.9783C3.0537 24.9783 3.8237 24.1483 3.8237 22.9983V13.6583C3.8237 11.5983 4.8237 10.0583 6.4537 10.0583C8.0637 10.0583 8.8737 11.3183 8.8737 13.1983V15.7783L2.6637 29.8183C2.5937 29.9583 2.5737 30.1183 2.5737 30.2583C2.5737 30.7083 2.8837 31.0083 3.3337 31.0083C3.7237 31.0083 3.9637 30.7783 4.1137 30.4383L8.8737 19.6783V22.9983C8.8737 24.1483 9.6137 24.9783 10.6637 24.9783C11.7337 24.9783 12.4837 24.1483 12.4837 22.9983V13.5183C12.4837 11.4583 13.4137 10.0583 15.0637 10.0583C16.7437 10.0583 17.4737 11.2783 17.4737 13.3183V22.9983C17.4737 24.1483 18.2337 24.9783 19.3837 24.9783C20.5037 24.9783 21.2837 24.1483 21.2837 22.9983V12.1983C21.2837 8.7383 19.4437 6.3483 16.4737 6.3483C15.7937 6.3483 15.1637 6.4683 14.6037 6.6983L17.0337 1.1883C17.1037 1.0483 17.1337 0.8883 17.1337 0.7483C17.1337 0.2983 16.8137 -0.0017 16.3637 -0.0017C15.9937 -0.0017 15.7337 0.2283 15.5837 0.5783L11.7537 9.2383C11.1437 7.2983 9.7637 6.3483 7.8337 6.3483C5.7737 6.3483 4.2837 7.8483 3.8237 9.8483H3.6937V8.3383C3.6937 7.2083 2.8937 6.3883 1.8437 6.3883C0.7637 6.3883 0.0037 7.2083 0.0037 8.3383V22.9983C0.0037 24.1483 0.7837 24.9783 1.9137 24.9783Z","geometry":{"width":21.287109375,"height":31.0078125}}