{"path":"M4.8237 26.1414H27.8037C30.9437 26.1414 32.6337 24.4414 32.6337 21.3414V8.5314C32.6337 5.4314 30.9437 3.7314 27.8037 3.7314H26.3037V2.2014C26.3037 0.8214 25.5137 0.0014 24.1337 0.0014H20.6737C19.2937 0.0014 18.4937 0.8214 18.4937 2.2014V3.7314H14.1337V2.2014C14.1337 0.8214 13.3437 0.0014 11.9637 0.0014H8.5037C7.1237 0.0014 6.3337 0.8214 6.3337 2.2014V3.7314H4.8237C1.7137 3.7314 0.0037 5.4314 0.0037 8.5314V21.3414C0.0037 24.4414 1.7137 26.1414 4.8237 26.1414ZM22.7337 19.1314C22.0237 19.1314 21.4537 18.5614 21.4537 17.8514V16.2014H19.7837C19.0837 16.2014 18.5237 15.6414 18.5237 14.9314C18.5237 14.2314 19.0837 13.6714 19.7837 13.6714H21.4537V12.0014C21.4537 11.2914 22.0237 10.7314 22.7237 10.7314C23.4237 10.7314 23.9937 11.2914 23.9937 12.0014V13.6714H25.6437C26.3437 13.6714 26.9037 14.2314 26.9037 14.9314C26.9037 15.6414 26.3437 16.2014 25.6437 16.2014H23.9937V17.8514C23.9937 18.5514 23.4337 19.1314 22.7337 19.1314ZM7.3037 16.2014C6.5937 16.2014 6.0337 15.6414 6.0337 14.9314C6.0337 14.2314 6.5937 13.6714 7.3037 13.6714H12.4837C13.1937 13.6714 13.7537 14.2314 13.7537 14.9314C13.7537 15.6414 13.1937 16.2014 12.4837 16.2014Z","geometry":{"width":32.634765625,"height":26.140625}}