{"path":"M1.6607 19.5129L12.6807 30.5129C14.8807 32.7129 17.2807 32.7329 19.4907 30.5329L30.5207 19.4829C32.7207 17.2929 32.7207 14.8929 30.5007 12.6729L19.5007 1.6729C17.2807 -0.5471 14.8907 -0.5571 12.6907 1.6529L1.6407 12.6829C-0.5593 14.8929 -0.5393 17.2929 1.6607 19.5129ZM4.4307 17.2829C3.6507 16.4929 3.6107 15.7229 4.4507 14.8929L14.8807 4.4529C15.7107 3.6229 16.4807 3.6529 17.2707 4.4429L27.7307 14.9029C28.5207 15.6829 28.5507 16.4629 27.7307 17.2929L17.2807 27.7229C16.4507 28.5629 15.6707 28.5329 14.8907 27.7429ZM11.2007 17.6329H20.9807C21.8807 17.6329 22.5307 17.0229 22.5307 16.1229C22.5307 15.2129 21.8907 14.6029 20.9807 14.6029H11.2007C10.2807 14.6029 9.6307 15.2129 9.6307 16.1229C9.6307 17.0229 10.3007 17.6329 11.2007 17.6329Z","geometry":{"width":32.16823278097361,"height":32.17337158969121}}