{"path":"M4.8237 26.1414H27.8037C30.9437 26.1414 32.6337 24.4414 32.6337 21.3414V8.5314C32.6337 5.4314 30.9437 3.7314 27.8037 3.7314H26.3037V2.2014C26.3037 0.8214 25.5137 0.0014 24.1337 0.0014H20.6737C19.2937 0.0014 18.4937 0.8214 18.4937 2.2014V3.7314H14.1337V2.2014C14.1337 0.8214 13.3437 0.0014 11.9637 0.0014H8.5037C7.1237 0.0014 6.3337 0.8214 6.3337 2.2014V3.7314H4.8237C1.7137 3.7314 0.0037 5.4314 0.0037 8.5314V21.3414C0.0037 24.4414 1.7137 26.1414 4.8237 26.1414ZM20.5037 19.6614C20.0737 19.2314 19.7437 19.2314 19.3137 19.6614C18.5937 20.3814 17.5037 20.8314 16.3237 20.8314C15.1337 20.8314 14.0537 20.3814 13.3337 19.6614C12.8937 19.2314 12.5637 19.2314 12.1237 19.6614C11.3737 20.4014 10.3037 20.8314 9.1437 20.8314C7.9837 20.8314 6.9137 20.4014 6.1637 19.6614C5.7137 19.2314 5.4037 19.2314 4.9637 19.6614C4.5637 20.0614 4.0737 20.3614 3.5237 20.5614V8.9514C3.5237 7.7914 4.1137 7.2614 5.2137 7.2614H27.4237C28.5237 7.2614 29.1037 7.7914 29.1037 8.9514V20.5614C28.5637 20.3614 28.0637 20.0614 27.6737 19.6614C27.2337 19.2314 26.9237 19.2314 26.4737 19.6614C25.7337 20.4014 24.6537 20.8314 23.4837 20.8314C22.3437 20.8314 21.2637 20.4014 20.5037 19.6614ZM22.4037 18.1014C23.0737 18.1014 23.5937 17.5714 23.5937 16.9114V15.3214H25.1837C25.8437 15.3214 26.3737 14.7914 26.3737 14.1414C26.3737 13.4814 25.8437 12.9514 25.1837 12.9514H23.5937V11.3514C23.5937 10.6914 23.0637 10.1614 22.4037 10.1614C21.7537 10.1614 21.2237 10.6914 21.2237 11.3514V12.9514H19.6237C18.9537 12.9514 18.4337 13.4814 18.4337 14.1414C18.4337 14.7914 18.9637 15.3214 19.6237 15.3214H21.2237V16.9114C21.2237 17.5814 21.7537 18.1014 22.4037 18.1014ZM7.7537 15.3214H12.7037C13.3537 15.3214 13.8937 14.7914 13.8937 14.1414C13.8937 13.4814 13.3537 12.9514 12.7037 12.9514H7.7537C7.0937 12.9514 6.5637 13.4814 6.5637 14.1414C6.5637 14.7914 7.0937 15.3214 7.7537 15.3214Z","geometry":{"width":32.634765625,"height":26.140625}}