{"path":"M4.8237 26.1377H27.8037C30.9437 26.1377 32.6337 24.4477 32.6337 21.3377V4.7977C32.6337 1.6977 30.9437 -0.0023 27.8037 -0.0023H4.8237C1.7137 -0.0023 0.0037 1.6977 0.0037 4.7977V21.3377C0.0037 24.4477 1.7137 26.1377 4.8237 26.1377ZM11.1937 14.7077C10.2237 14.7077 9.5337 14.0577 9.5337 13.1077C9.5337 12.1377 10.2137 11.4877 11.1937 11.4877H21.4637C22.4537 11.4877 23.1237 12.1377 23.1237 13.1077C23.1237 14.0577 22.4237 14.7077 21.4637 14.7077Z","geometry":{"width":32.634765625,"height":26.140625}}