{"path":"M4.8237 23.6429H24.5037C27.6137 23.6429 29.3437 21.9429 29.3437 18.8529V8.1229C29.3437 5.0129 27.6137 3.3229 24.5037 3.3229H23.5937V1.9929C23.5937 0.7429 22.8737 0.0029 21.6437 0.0029H18.5437C17.2837 0.0029 16.5737 0.7429 16.5737 1.9929V3.3229H12.8137V1.9929C12.8137 0.7429 12.1037 0.0029 10.8437 0.0029H7.7337C6.5037 0.0029 5.7837 0.7429 5.7837 1.9929V3.3229H4.8237C1.7137 3.3229 0.0037 5.0129 0.0037 8.1229V18.8529C0.0037 21.9529 1.7137 23.6429 4.8237 23.6429ZM20.3837 17.2229C19.7237 17.2229 19.2337 16.7229 19.2337 16.0929V14.6129H17.7337C17.1137 14.6129 16.5937 14.0929 16.5937 13.4629C16.5937 12.8329 17.1037 12.3229 17.7337 12.3229H19.2337V10.8429C19.2337 10.2029 19.7237 9.6929 20.3837 9.6929C21.0137 9.6929 21.5237 10.2029 21.5237 10.8429V12.3229H23.0137C23.6237 12.3229 24.1437 12.8329 24.1437 13.4629C24.1437 14.0929 23.6237 14.6129 23.0137 14.6129H21.5237V16.0929C21.5237 16.7229 21.0237 17.2229 20.3837 17.2229ZM6.7037 14.6029C6.0737 14.6029 5.5637 14.0829 5.5637 13.4529C5.5637 12.8329 6.0737 12.3229 6.7037 12.3229H11.2937C11.9237 12.3229 12.4437 12.8329 12.4437 13.4529C12.4437 14.0829 11.9237 14.6029 11.2937 14.6029ZM3.2237 25.9229C3.4037 27.3029 4.1537 28.1329 5.7537 28.1329H23.5837C25.1837 28.1329 25.9337 27.3029 26.1137 25.9229ZM5.9437 30.1329C6.0537 31.4429 6.8937 32.1729 8.2837 32.1729H21.0537C22.4537 32.1729 23.2837 31.4429 23.3937 30.1329Z","geometry":{"width":29.33984375,"height":32.169921875}}