{"path":"M29.3137 29.571C29.7637 30.021 30.5037 30.021 30.9437 29.571C31.3737 29.121 31.3937 28.391 30.9437 27.941L3.3237 0.341C2.8737 -0.109 2.1337 -0.109 1.6837 0.341C1.2437 0.771 1.2437 1.531 1.6837 1.961ZM32.0437 25.861C32.4337 25.171 32.6337 24.281 32.6337 23.211V10.401C32.6337 7.301 30.9437 5.601 27.8037 5.601H26.3037V4.071C26.3037 2.691 25.5137 1.871 24.1337 1.871H20.6737C19.2937 1.871 18.4937 2.691 18.4937 4.071V5.601H14.1337V4.071C14.1337 2.691 13.3437 1.871 11.9637 1.871H8.7237C8.5037 1.871 8.3037 1.901 8.1237 1.961L15.2837 9.131H27.4237C28.5237 9.131 29.1037 9.661 29.1037 10.821V22.361C29.1037 22.551 29.0837 22.701 29.0237 22.851ZM4.8237 28.011H24.5837L21.0437 24.481H5.2137C4.1137 24.481 3.5237 23.951 3.5237 22.771V10.821C3.5237 9.661 4.1137 9.131 5.2137 9.131H5.6737L2.5537 6.011H2.5437C0.8737 6.681 0.0037 8.161 0.0037 10.401V23.211C0.0037 26.311 1.7137 28.011 4.8237 28.011ZM24.1437 17.991H25.2337C25.8637 17.991 26.3737 17.441 26.3737 16.801C26.3737 16.141 25.8437 15.611 25.1837 15.611H23.5937V14.011C23.5937 13.351 23.0637 12.821 22.4037 12.821C21.7637 12.821 21.2237 13.331 21.2237 13.971V15.061ZM8.9737 17.991H14.5437L12.1637 15.611H8.9737C8.3037 15.611 7.7837 16.141 7.7837 16.801C7.7837 17.471 8.3037 17.991 8.9737 17.991Z","geometry":{"width":32.634765625,"height":29.9072265625}}