{"path":"M4.8237 23.6429H24.5037C27.6137 23.6429 29.3437 21.9429 29.3437 18.8529V8.1229C29.3437 5.0129 27.6137 3.3229 24.5037 3.3229H23.5937V1.9929C23.5937 0.7429 22.8737 0.0029 21.6437 0.0029H18.5437C17.2837 0.0029 16.5737 0.7429 16.5737 1.9929V3.3229H12.8137V1.9929C12.8137 0.7429 12.1037 0.0029 10.8437 0.0029H7.7337C6.5037 0.0029 5.7837 0.7429 5.7837 1.9929V3.3229H4.8237C1.7137 3.3229 0.0037 5.0129 0.0037 8.1229V18.8529C0.0037 21.9529 1.7137 23.6429 4.8237 23.6429ZM36.1237 18.8529C37.1837 18.8529 37.8837 18.2129 37.9237 17.0929L38.2237 8.9029C38.2637 7.6429 37.4337 6.8129 36.1037 6.8129C34.7637 6.8129 33.9237 7.6429 33.9737 8.9029L34.2937 17.1129C34.3337 18.2129 35.0237 18.8529 36.1237 18.8529ZM5.2137 20.1129C4.1137 20.1129 3.5237 19.5829 3.5237 18.4129V8.5429C3.5237 7.3829 4.1937 6.8529 5.2937 6.8529H24.1137C25.2137 6.8529 25.8137 7.3829 25.8137 8.5429V18.4129C25.8137 19.5829 25.2137 20.1129 24.1137 20.1129ZM20.0937 17.0329C20.7037 17.0329 21.1637 16.5529 21.1637 15.9729V14.5429H22.5837C23.1737 14.5429 23.6637 14.0729 23.6637 13.4629C23.6637 12.8629 23.1737 12.3829 22.5837 12.3829H21.1637V10.9629C21.1637 10.3629 20.7037 9.8829 20.0937 9.8829C19.4937 9.8829 19.0137 10.3629 19.0137 10.9629V12.3829H17.5837C16.9937 12.3829 16.5137 12.8629 16.5137 13.4629C16.5137 14.0729 16.9937 14.5429 17.5837 14.5429H19.0137V15.9729C19.0137 16.5529 19.4937 17.0329 20.0937 17.0329ZM7.1237 14.5429H11.4837C12.0737 14.5429 12.5537 14.0529 12.5537 13.4529C12.5537 12.8629 12.0737 12.3829 11.4837 12.3829H7.1237C6.5237 12.3829 6.0437 12.8629 6.0437 13.4529C6.0437 14.0529 6.5237 14.5429 7.1237 14.5429ZM36.1237 25.3429C37.4637 25.3429 38.4437 24.4229 38.4437 23.1729C38.4437 21.9129 37.4637 21.0029 36.1237 21.0029C34.7537 21.0029 33.7537 21.9129 33.7537 23.1729C33.7537 24.4229 34.7637 25.3429 36.1237 25.3429ZM3.2237 25.9229C3.4037 27.3029 4.1537 28.1329 5.7537 28.1329H23.5837C25.1837 28.1329 25.9337 27.3029 26.1137 25.9229ZM5.9437 30.1329C6.0537 31.4429 6.8937 32.1729 8.2837 32.1729H21.0537C22.4537 32.1729 23.2837 31.4429 23.3937 30.1329Z","geometry":{"width":38.4453125,"height":32.169921875}}