{"path":"M4.8237 26.1377H21.3137C24.4437 26.1377 26.1437 24.4477 26.1437 21.3377V4.7977C26.1437 1.6977 24.4437 -0.0023 21.3137 -0.0023H4.8237C1.7137 -0.0023 0.0037 1.6977 0.0037 4.7977V21.3377C0.0037 24.4477 1.7137 26.1377 4.8237 26.1377ZM5.2137 22.6177C4.1137 22.6177 3.5237 22.0777 3.5237 20.9177V5.2377C3.5237 4.0777 4.1137 3.5277 5.2137 3.5277H20.9337C22.0237 3.5277 22.6137 4.0777 22.6137 5.2377V20.9177C22.6137 22.0777 22.0237 22.6177 20.9337 22.6177ZM8.2037 14.5977H17.9637C18.8837 14.5977 19.5337 13.9877 19.5337 13.0877C19.5337 12.1777 18.8937 11.5677 17.9637 11.5677H8.2037C7.2737 11.5677 6.6337 12.1777 6.6337 13.0877C6.6337 13.9877 7.2837 14.5977 8.2037 14.5977Z","geometry":{"width":26.140625,"height":26.140625}}