{"path":"M29.3137 29.571C29.7637 30.021 30.5037 30.021 30.9437 29.571C31.3737 29.121 31.3937 28.391 30.9437 27.941L3.3237 0.341C2.8737 -0.109 2.1337 -0.109 1.6837 0.341C1.2437 0.771 1.2437 1.531 1.6837 1.961ZM32.0437 25.861C32.4337 25.171 32.6337 24.281 32.6337 23.211V10.401C32.6337 7.301 30.9437 5.601 27.8037 5.601H26.3037V4.071C26.3037 2.691 25.5137 1.871 24.1337 1.871H20.6737C19.2937 1.871 18.4937 2.691 18.4937 4.071V5.601H14.1337V4.071C14.1337 2.691 13.3437 1.871 11.9637 1.871H8.7637C8.5337 1.871 8.3137 1.901 8.1237 1.961L21.4537 15.281V13.871C21.4537 13.161 22.0237 12.601 22.7237 12.601C23.4237 12.601 23.9937 13.161 23.9937 13.871V15.541H25.6437C26.3437 15.541 26.9037 16.101 26.9037 16.801C26.9037 17.511 26.3437 18.071 25.6437 18.071H24.2437ZM4.8237 28.011H24.5837L14.4337 17.881C14.2637 18.001 14.0237 18.071 13.7937 18.071H7.4237C6.7137 18.071 6.1537 17.511 6.1537 16.801C6.1537 16.101 6.7137 15.541 7.4237 15.541H12.1037L2.5537 6.011C0.8737 6.681 0.0037 8.161 0.0037 10.401V23.211C0.0037 26.311 1.7137 28.011 4.8237 28.011Z","geometry":{"width":32.634765625,"height":29.9072265625}}