{"path":"M14.7837 21.7071H35.9837C38.1337 21.7071 39.7837 21.8771 41.4137 22.2871C43.4037 22.8071 44.8337 22.1471 44.8337 20.0171V13.6071C44.8337 12.2071 43.8137 11.1871 42.3937 11.1871H39.3637C38.4637 11.1871 37.9637 10.7471 38.0737 9.7371L38.4637 6.1571C38.8737 2.3671 36.5737 -0.0029 32.3637 -0.0029C28.0637 0.0171 19.8937 0.1771 15.1037 0.7371C10.1837 1.3171 6.8037 3.9271 5.4837 8.0071H9.3537C10.4337 5.8371 12.5337 4.4971 15.4737 4.1671C20.1237 3.6471 28.0937 3.4171 32.3637 3.4171C34.5237 3.4171 35.2337 4.0871 35.0437 5.7571L33.9337 15.6571C33.7137 17.6871 32.9537 18.3171 30.6837 18.3171H14.7637C11.7337 18.3171 9.5937 17.0871 8.7237 14.8071H5.1037C6.0337 19.2271 9.5137 21.7071 14.7837 21.7071ZM0.0037 7.5871C0.0037 10.7471 2.0737 12.7471 5.3837 12.7471H13.1637V14.0971C13.1637 15.1771 14.0037 15.5971 14.9037 14.9871L18.6437 12.4171C19.3737 11.9071 19.3837 11.0171 18.6437 10.4971L14.9137 7.9271C14.0037 7.2871 13.1637 7.7271 13.1637 8.8171V10.0771H5.3837C3.7437 10.0771 2.7237 9.1171 2.7237 7.5871V5.9371C2.7237 5.1771 2.1037 4.5771 1.3537 4.5771C0.6137 4.5771 0.0037 5.1771 0.0037 5.9371Z","geometry":{"width":44.830078125,"height":22.45421316560211}}