{"path":"M0.0037 12.2271C0.0037 18.2471 3.7437 21.7271 9.9537 21.7271H31.1537C33.2937 21.7271 34.9437 21.8771 36.5837 22.2971C38.5637 22.8171 40.0037 22.1471 40.0037 20.0271V13.6171C40.0037 12.2071 38.9737 11.1871 37.5737 11.1871H34.5237C33.6337 11.1871 33.1437 10.7471 33.2537 9.7371L33.6237 6.1671C34.0337 2.3771 31.7437 -0.0029 27.5237 -0.0029C23.2437 0.0171 15.0537 0.2071 10.2837 0.7371C3.8437 1.5071 0.0037 5.7571 0.0037 12.2271ZM3.4137 12.2271C3.4137 7.6871 6.0837 4.6871 10.6337 4.1671C15.2837 3.6471 23.2737 3.4171 27.5237 3.4171C29.6837 3.4171 30.4037 4.0871 30.2137 5.7671L29.1037 15.6671C28.8737 17.6871 28.1237 18.3371 25.8537 18.3371H9.9237C5.8837 18.3371 3.4137 16.1371 3.4137 12.2271Z","geometry":{"width":40.00390625,"height":22.466406077249374}}