{"path":"M30.0537 21.7071C35.3137 21.7071 38.8037 19.2271 39.7437 14.8071H36.1037C35.2437 17.0871 33.1037 18.3171 30.0737 18.3171H14.1537C11.8837 18.3171 11.1337 17.6871 10.8937 15.6571L9.7937 5.7571C9.5937 4.0871 10.3237 3.4171 12.4837 3.4171C16.7337 3.4171 24.7237 3.6471 29.3637 4.1671C32.3037 4.4971 34.3937 5.8371 35.4737 8.0071H39.3437C38.0337 3.9271 34.6537 1.3171 29.7237 0.7371C24.9537 0.1771 16.7637 0.0171 12.4837 -0.0029C8.2537 -0.0029 5.9737 2.3671 6.3837 6.1571L6.7637 9.7371C6.8737 10.7471 6.3837 11.1871 5.4837 11.1871H2.4337C1.0237 11.1871 0.0037 12.2071 0.0037 13.6071V20.0171C0.0037 22.1471 1.4337 22.8071 3.4337 22.2871C5.0537 21.8771 6.7137 21.7071 8.8437 21.7071ZM44.8337 7.5871V5.9371C44.8337 5.1771 44.2237 4.5771 43.4737 4.5771C42.7237 4.5771 42.1237 5.1771 42.1237 5.9371V7.5871C42.1237 9.1171 41.0837 10.0771 39.4537 10.0771H31.6737V8.8171C31.6737 7.7271 30.8437 7.2871 29.9137 7.9271L26.1937 10.4971C25.4537 11.0171 25.4537 11.9071 26.1937 12.4171L29.9437 14.9871C30.8337 15.5971 31.6737 15.1771 31.6737 14.0971V12.7471H39.4537C42.7537 12.7471 44.8337 10.7471 44.8337 7.5871Z","geometry":{"width":44.830078125,"height":22.45421316560211}}