{"path":"M21.4903 6.1709H18.5503V6.1009L21.8203 2.0109C22.1503 1.6009 22.2803 1.3409 22.2803 0.9609C22.2803 0.3809 21.8503 0.0009 21.2503 0.0009H16.6803C16.0503 0.0009 15.6503 0.3709 15.6503 0.9309C15.6503 1.5009 16.0803 1.8609 16.6803 1.8609H19.4803V1.9409L16.2303 6.0009C15.9003 6.4109 15.7803 6.6809 15.7803 7.0709C15.7803 7.6309 16.1903 8.0109 16.7903 8.0109H21.4903C22.0903 8.0109 22.5003 7.6609 22.5003 7.0909C22.5003 6.5209 22.1103 6.1709 21.4903 6.1709ZM28.2503 11.6609H26.3903V11.5909L28.5303 8.9809C28.8503 8.6109 28.9803 8.3409 28.9803 7.9709C28.9803 7.4209 28.5603 7.0709 28.0003 7.0709H24.6903C24.1003 7.0709 23.7203 7.3809 23.7203 7.9009C23.7203 8.4309 24.1203 8.7609 24.6903 8.7609H26.4003V8.8209L24.3103 11.3709C23.9903 11.7609 23.8403 12.0709 23.8403 12.4409C23.8403 12.9709 24.2403 13.3409 24.8003 13.3409H28.2503C28.8203 13.3409 29.2003 13.0309 29.2003 12.5009C29.2003 11.9809 28.8203 11.6609 28.2503 11.6609ZM13.1803 33.2409C18.5503 33.2409 23.1303 30.3009 25.2203 25.5409C25.6803 24.5509 25.5303 23.7909 25.0703 23.3509C24.6403 22.9309 23.8803 22.8409 23.0803 23.2009C22.0703 23.6509 20.7703 23.9009 19.3203 23.9009C13.3003 23.9009 9.4703 20.2309 9.4703 14.3709C9.4703 12.7509 9.8203 11.1609 10.2803 10.1309C10.6803 9.2309 10.6403 8.5309 10.2103 8.0709C9.7603 7.5609 8.9803 7.4609 8.0403 7.8509C3.2303 9.7909 0.0003 14.6609 0.0003 20.1409C0.0003 27.6209 5.5003 33.2409 13.1803 33.2409ZM21.8903 16.4609H20.2903V16.4109L22.1503 14.1509C22.4403 13.7909 22.5603 13.5509 22.5603 13.2209C22.5603 12.7109 22.1803 12.3909 21.6603 12.3909H18.5903C18.0603 12.3909 17.7203 12.7009 17.7203 13.1909C17.7203 13.6809 18.0703 14.0009 18.5903 14.0009H20.0703V14.0509L18.2703 16.2509C17.9403 16.6409 17.8303 16.8809 17.8103 17.2409C17.8103 17.7209 18.1703 18.0609 18.6903 18.0609H21.8903C22.4103 18.0609 22.7603 17.7509 22.7603 17.2509C22.7603 16.7609 22.4203 16.4609 21.8903 16.4609ZM13.1903 29.7609C7.5203 29.7609 3.4603 25.6109 3.4603 20.0609C3.4603 17.2509 4.6303 14.5509 6.6203 12.7109C6.4303 13.3609 6.3203 14.2509 6.3203 15.1109C6.3203 22.3109 11.1303 27.0409 18.5303 27.0409C19.2203 27.0409 19.8603 26.9509 20.2203 26.8509C18.5803 28.7009 15.9703 29.7609 13.1903 29.7609Z","geometry":{"width":29.203125,"height":33.236328125}}