{"path":"M17.2116 6.8332C17.4316 6.8332 17.5716 6.6832 17.5916 6.4832C17.9616 4.2532 17.9616 4.2232 20.2716 3.8032C20.5116 3.7632 20.6416 3.6232 20.6416 3.4132C20.6416 3.2032 20.5116 3.0732 20.3016 3.0332C17.9516 2.5532 17.9816 2.5432 17.5916 0.3532C17.5716 0.1332 17.4316 0.0032 17.2116 0.0032C17.0116 0.0032 16.8716 0.1332 16.8416 0.3432C16.4516 2.5932 16.4916 2.6232 14.1516 3.0332C13.9416 3.0632 13.7916 3.2032 13.7916 3.4132C13.7916 3.6232 13.9316 3.7632 14.1416 3.8032C16.4916 4.2632 16.4616 4.2832 16.8416 6.4932C16.8716 6.6832 17.0116 6.8332 17.2116 6.8332ZM23.8316 16.5532C24.1616 16.5532 24.4016 16.3232 24.4416 15.9832C24.8816 12.4032 25.0216 12.2932 28.6816 11.7332C29.0816 11.6632 29.3016 11.4532 29.3016 11.1132C29.3016 10.7832 29.0816 10.5732 28.7616 10.5032C25.0316 9.7432 24.8816 9.8032 24.4416 6.2332C24.4016 5.8932 24.1616 5.6632 23.8316 5.6632C23.5016 5.6632 23.2516 5.8932 23.2116 6.2232C22.7616 9.8832 22.6516 9.9932 18.9116 10.5032C18.5916 10.5432 18.3616 10.7832 18.3616 11.1132C18.3616 11.4332 18.5916 11.6632 18.9116 11.7332C22.6716 12.4832 22.7516 12.4432 23.2116 16.0132C23.2516 16.3232 23.5116 16.5532 23.8316 16.5532ZM12.8616 31.0032C18.1816 31.0032 22.6816 28.0432 24.6416 23.3832C24.9516 22.6232 24.9416 22.0132 24.5516 21.6532C24.2216 21.3432 23.6416 21.2832 23.0216 21.5632C21.8716 22.0632 20.4016 22.3832 18.8216 22.3832C12.8016 22.3832 8.7616 18.4832 8.7616 12.6232C8.7616 10.9832 9.1316 9.1632 9.6816 7.9832C10.0216 7.2632 9.9916 6.7032 9.6816 6.3332C9.3516 5.9632 8.7316 5.9032 7.9616 6.2032C3.2416 8.0932 0.0016 12.8832 0.0016 18.2232C0.0016 25.5632 5.4016 31.0032 12.8616 31.0032Z","geometry":{"width":29.298828125,"height":31.0078125}}