{"path":"M20.7527 17.7836C13.7927 17.7836 9.3927 13.5236 9.3927 6.6436C9.3927 5.0336 9.7327 3.0536 10.2427 1.9836C10.4427 1.5736 10.5427 1.2436 10.5427 0.9536C10.5427 0.4336 10.1727 0.0036 9.5427 0.0036C9.2827 0.0036 8.9127 0.0536 8.5127 0.2036C3.4027 2.2736 0.0027 7.5436 0.0027 13.2236C0.0027 21.2236 5.9927 27.0036 13.9727 27.0036C19.6627 27.0036 24.6927 23.5936 26.6227 18.8836C26.8127 18.4436 26.8827 18.0336 26.8827 17.7736C26.8827 17.1836 26.4727 16.8036 25.9627 16.8036C25.6527 16.8036 25.3227 16.8936 24.8927 17.0936C23.9427 17.4736 22.3427 17.7836 20.7527 17.7836Z","geometry":{"width":26.87890625,"height":27.001953125}}