{"path":"M17.2116 6.8332C17.4316 6.8332 17.5716 6.6832 17.5916 6.4832C17.9616 4.2532 17.9616 4.2232 20.2716 3.8032C20.5116 3.7632 20.6416 3.6232 20.6416 3.4132C20.6416 3.2032 20.5116 3.0732 20.3016 3.0332C17.9516 2.5532 17.9816 2.5432 17.5916 0.3532C17.5716 0.1332 17.4316 0.0032 17.2116 0.0032C17.0116 0.0032 16.8716 0.1332 16.8416 0.3432C16.4516 2.5932 16.4916 2.6232 14.1516 3.0332C13.9416 3.0632 13.7916 3.2032 13.7916 3.4132C13.7916 3.6232 13.9316 3.7632 14.1416 3.8032C16.4916 4.2632 16.4616 4.2832 16.8416 6.4932C16.8716 6.6832 17.0116 6.8332 17.2116 6.8332ZM13.1816 31.0032C18.5516 31.0032 23.1316 28.0732 25.2216 23.3132C25.6616 22.3232 25.5216 21.5632 25.0716 21.1232C24.6216 20.7032 23.8816 20.6132 23.0816 20.9832C22.0516 21.4232 20.7516 21.6732 19.3016 21.6732C13.3016 21.6732 9.4716 18.0032 9.4716 12.1432C9.4716 10.5232 9.8116 8.9232 10.2816 7.9132C10.6816 7.0032 10.6216 6.3032 10.2116 5.8332C9.7616 5.3332 8.9816 5.2532 8.0416 5.6232C3.2116 7.5632 0.0016 12.4232 0.0016 17.9132C0.0016 25.3932 5.4916 31.0032 13.1816 31.0032ZM23.8316 16.5532C24.1616 16.5532 24.4016 16.3232 24.4416 15.9832C24.8816 12.4032 25.0216 12.2932 28.6816 11.7332C29.0816 11.6632 29.3016 11.4532 29.3016 11.1132C29.3016 10.7832 29.0816 10.5732 28.7616 10.5032C25.0316 9.7432 24.8816 9.8032 24.4416 6.2332C24.4016 5.8932 24.1616 5.6632 23.8316 5.6632C23.5016 5.6632 23.2516 5.8932 23.2116 6.2232C22.7616 9.8832 22.6516 9.9932 18.9116 10.5032C18.5916 10.5432 18.3616 10.7832 18.3616 11.1132C18.3616 11.4332 18.5916 11.6632 18.9116 11.7332C22.6716 12.4832 22.7516 12.4432 23.2116 16.0132C23.2516 16.3232 23.5116 16.5532 23.8316 16.5532ZM13.1916 27.5532C7.5216 27.5532 3.4616 23.3832 3.4616 17.8232C3.4616 15.0232 4.6216 12.3232 6.6016 10.4832C6.4216 11.1332 6.3116 12.0132 6.3116 12.8832C6.3116 20.0932 11.1316 24.8132 18.5116 24.8132C19.2116 24.8132 19.8616 24.7232 20.2216 24.6232C18.5616 26.4732 15.9716 27.5532 13.1916 27.5532Z","geometry":{"width":29.298828125,"height":31.0078125}}