{"path":"M49.1547 19.6262L35.5947 1.8862C33.6647 -0.6438 30.7947 -0.6238 28.8647 1.9062L20.9047 12.2962L17.1747 7.5262C15.2347 5.0062 12.4147 5.0062 10.4747 7.5262L0.7847 19.9262C-0.8853 22.0562 0.2247 25.0362 3.0247 25.0362H46.6347C49.9447 25.0362 50.8347 21.8262 49.1547 19.6262ZM32.2247 9.4762C30.1747 9.4762 28.9647 11.3362 27.5847 11.3362C27.1347 11.3362 26.7047 11.1062 26.2547 10.7762L31.4747 3.9562C31.9047 3.3962 32.5747 3.3962 32.9847 3.9262L38.2047 10.7662C37.7647 11.0962 37.3447 11.3362 36.8947 11.3362C35.5147 11.3362 34.3647 9.4762 32.2247 9.4762ZM13.8647 13.3062C12.0947 13.3062 11.0947 14.8662 9.8747 14.8662C9.6347 14.8662 9.3847 14.7662 9.1247 14.6162L13.1047 9.5562C13.5247 9.0162 14.1447 9.0162 14.5547 9.5462L18.5447 14.6762C18.3247 14.7862 18.0947 14.8662 17.8647 14.8662C16.6347 14.8662 15.6547 13.3062 13.8647 13.3062ZM19.1347 21.7162C18.5447 21.7162 18.3147 21.1662 18.6547 20.7262L24.9047 12.5562C25.5747 13.0762 26.4047 13.5662 27.5847 13.5662C30.1247 13.5662 31.1047 11.6962 32.2247 11.6962C33.3547 11.6962 34.3447 13.5662 36.8947 13.5662C38.0647 13.5662 38.9047 13.0762 39.5747 12.5562L45.8047 20.7262C46.1447 21.1662 45.9147 21.7162 45.3247 21.7162ZM9.8747 16.7962C12.0647 16.7962 12.9147 15.2362 13.8647 15.2362C14.7547 15.2362 15.5747 16.6162 17.4947 16.7762L15.3047 19.6362C14.8247 20.2762 14.5547 21.0062 14.4947 21.6962H4.7947C4.2147 21.6962 3.9847 21.1562 4.3247 20.7162L7.9347 16.1362C8.4447 16.5062 9.0647 16.7962 9.8747 16.7962Z","geometry":{"width":49.985645895701914,"height":25.036634950312592}}