{"path":"M2.6937 12.1108H24.7837C27.2937 12.1108 27.7237 9.0908 25.8937 7.8308L16.3537 0.9508C14.5337 -0.3192 12.9437 -0.3192 11.1337 0.9508L1.5837 7.8308C-0.2363 9.0708 0.1737 12.1108 2.6937 12.1108ZM7.4237 8.7508C7.2237 8.7508 7.1237 8.4908 7.3237 8.3208L13.1537 4.0208C13.5037 3.7608 13.9837 3.7708 14.3437 4.0208L20.1537 8.3208C20.3537 8.4908 20.2737 8.7508 20.0537 8.7508ZM1.8037 18.8108H25.6737C26.6737 18.8108 27.4837 17.9308 27.4837 16.9408C27.4837 15.9208 26.6737 15.0808 25.6737 15.0808H1.8037C0.8237 15.0808 0.0037 15.9408 0.0037 16.9408C0.0037 17.9208 0.8237 18.8108 1.8037 18.8108ZM2.6937 21.7808C0.1937 21.7808 -0.2463 24.8008 1.5837 26.0508L11.1337 32.9208C12.9437 34.1908 14.5337 34.1908 16.3537 32.9208L25.8937 26.0508C27.7137 24.8008 27.3037 21.7808 24.7837 21.7808ZM7.4237 25.1408H20.0537C20.2737 25.1408 20.3537 25.4008 20.1537 25.5608L14.3437 29.8608C13.9837 30.1108 13.5037 30.1108 13.1537 29.8608L7.3237 25.5608C7.1237 25.4008 7.2237 25.1408 7.4237 25.1408Z","geometry":{"width":27.48046875,"height":33.8720703125}}