{"path":"M27.4947 10.7062C28.9047 10.7062 30.1547 8.8062 32.2247 8.8062C34.4047 8.8062 35.5647 10.7062 36.9647 10.7062C38.1947 10.7062 39.2447 9.2362 40.9547 8.9062L35.5947 1.8862C33.6647 -0.6438 30.7947 -0.6238 28.8647 1.9062L23.5047 8.9062C25.1647 9.2462 26.2647 10.7062 27.4947 10.7062ZM9.8747 14.0562C11.0947 14.0562 12.0947 12.4962 13.8647 12.4962C15.3447 12.4962 16.4147 13.7562 17.0447 13.7562C17.1047 13.7562 17.1747 13.7262 17.2547 13.6862L19.6147 10.6162L17.1747 7.5262C15.2347 5.0062 12.4147 5.0062 10.4747 7.5262L6.4547 12.6362C7.9447 12.8262 8.6847 14.0562 9.8747 14.0562ZM17.8147 25.0362H46.6347C49.9447 25.0362 50.8347 21.8262 49.1547 19.6262L43.2647 11.9262C42.4547 11.6262 41.9947 11.0962 41.5547 11.1062C40.5047 11.1562 39.4747 12.9662 36.9647 12.9662C34.3847 12.9662 33.3747 11.0662 32.2247 11.0662C31.0947 11.0662 30.0847 12.9662 27.4947 12.9662C24.9847 12.9662 23.9547 11.1562 22.9047 11.0962C22.4647 11.0962 22.0047 11.6062 21.1947 11.9262L15.3047 19.6362C13.6247 21.8362 14.5247 25.0362 17.8147 25.0362ZM3.0247 25.0362H13.4047C12.0447 23.2162 12.0447 20.5262 13.6747 18.3762L15.9347 15.4262C15.2347 15.0462 14.7547 14.6062 14.3047 14.6062C13.3247 14.6062 12.4747 15.8362 10.3147 15.8362C8.1647 15.8362 7.3147 14.6062 6.3347 14.6062C5.8247 14.6062 5.3347 15.0862 4.4347 15.2762L0.7847 19.9262C-0.8853 22.0562 0.2247 25.0362 3.0247 25.0362Z","geometry":{"width":49.985645895701914,"height":25.036634950312592}}