{"path":"M1.0688 8.8613C6.3188 15.1913 11.2288 18.3612 17.9388 18.3612C24.6588 18.3612 29.5788 15.1913 34.8288 8.8613C36.6988 6.5712 36.0588 3.9413 33.1988 3.5913C29.6088 3.1813 28.1388 0.0012 23.7388 0.0012C20.3188 0.0012 18.3088 2.4913 17.9388 2.4913C17.5888 2.4913 15.5688 0.0012 12.1488 0.0012C7.7488 0.0012 6.2788 3.1813 2.6888 3.5913C-0.1712 3.9413 -0.8112 6.5712 1.0688 8.8613ZM17.2488 8.0213C16.5188 7.6013 15.2888 6.7813 13.0388 6.7813C12.3388 6.7813 11.6388 6.8913 10.9588 6.9713C8.4588 7.2613 5.9088 7.0712 3.5188 6.1512L3.9988 6.0612C8.4588 5.2113 9.7088 2.9413 12.2988 2.9413C13.6088 2.9413 14.5288 3.5913 15.4788 4.3112C16.5088 5.0612 17.1488 5.4313 17.9388 5.4313C18.7388 5.4313 19.3788 5.0612 20.4088 4.3112C21.3588 3.5913 22.2788 2.9413 23.5888 2.9413C26.1788 2.9413 27.4288 5.2113 31.8888 6.0612L32.3788 6.1512C30.0188 7.0813 27.4888 7.2713 24.9588 6.9713C24.2588 6.8813 23.5388 6.7813 22.8488 6.7813C20.5988 6.7813 19.3788 7.5913 18.6288 8.0213C18.3488 8.1913 18.0488 8.3413 17.9388 8.3413C17.8388 8.3413 17.5288 8.1913 17.2488 8.0213ZM17.9388 10.9613C19.9788 10.9613 20.2988 9.3913 22.9988 9.4012C25.2588 9.4012 27.9888 10.1813 31.4888 8.5712C27.7888 12.2213 23.5988 15.4213 17.9388 15.4213C12.2788 15.4213 8.0988 12.2213 4.3988 8.5712C7.8988 10.1813 10.6188 9.4012 12.8888 9.4012C15.5888 9.3913 15.9188 10.9613 17.9388 10.9613Z","geometry":{"width":35.89032805562536,"height":18.361328125}}