{"path":"M0.1898 24.1721C-0.3102 25.3321 0.1898 26.2221 1.4498 26.3721L7.1398 27.0121C8.8798 27.2321 9.8698 26.0021 8.9898 24.4721L8.2198 23.1621L15.2898 19.6021L22.3598 23.1621L21.5998 24.4721C20.7198 26.0021 21.6998 27.2321 23.4398 27.0121L29.1198 26.3721C30.3798 26.2221 30.8998 25.3321 30.3998 24.1721L28.0998 18.9121C27.4098 17.3321 25.8598 17.1021 24.9898 18.5921L23.9998 20.3121L16.9398 16.7621V8.2421H18.6598C20.4398 8.2421 21.0198 6.7921 19.9598 5.3721L16.5498 0.7821C15.7798 -0.2579 14.7698 -0.2579 13.9998 0.7821L10.5998 5.3721C9.5698 6.7521 10.1498 8.2421 11.8798 8.2421H13.6298V16.7621L6.5798 20.3121L5.5898 18.5921C4.7298 17.1021 3.1598 17.3321 2.4798 18.9121Z","geometry":{"width":30.586853924598497,"height":27.040906416839494}}