{"path":"M10.3937 30.924H13.0937C19.3137 30.924 23.3237 27.594 23.4837 22.364H24.2637C27.0337 22.364 28.8037 20.534 28.8037 17.734V12.224C28.8037 9.424 27.0337 7.584 24.2637 7.584H23.4837V4.774C23.4837 1.654 18.6337 0.004 11.7437 0.004C4.8537 0.004 0.0037 1.654 0.0037 4.774V22.044C0.0037 27.454 4.0437 30.924 10.3937 30.924ZM11.7437 5.444C6.9837 5.444 3.6737 4.904 3.6737 4.144C3.6737 3.374 6.9837 2.854 11.7437 2.854C16.5037 2.854 19.8137 3.374 19.8137 4.144C19.8137 4.904 16.5037 5.444 11.7437 5.444ZM24.2637 10.564C25.3237 10.564 25.8237 11.104 25.8237 12.224V17.734C25.8237 18.854 25.3237 19.404 24.2637 19.404H23.4837V10.564Z","geometry":{"width":28.806640625,"height":30.92578125}}