{"path":"M0.0037 14.2952C0.0037 15.2552 0.6937 15.9752 1.7937 15.9752C2.2937 15.9752 2.7937 15.7352 3.2037 15.3752L16.5937 4.1552C17.0737 3.7252 17.6137 3.7252 18.1137 4.1552L31.4837 15.3752C31.8937 15.7352 32.3937 15.9752 32.8837 15.9752C33.9337 15.9752 34.6737 15.3252 34.6737 14.3152C34.6737 13.7652 34.4237 13.2452 33.9637 12.8652L30.1037 9.6052V3.6352C30.1037 2.9952 29.6837 2.5852 29.0537 2.5852H26.5337C25.8937 2.5852 25.4737 2.9952 25.4737 3.6352V5.7252L19.7437 0.9152C18.2937 -0.3048 16.4037 -0.3048 14.9537 0.9152L0.7137 12.8752C0.2437 13.2552 0.0037 13.7952 0.0037 14.2952ZM4.7037 26.7352C4.7037 28.8152 6.0837 30.1152 8.2737 30.1152H26.4037C28.5837 30.1152 29.9737 28.8152 29.9737 26.7352V17.0452L18.2237 7.1852C17.6637 6.7052 17.0037 6.7252 16.4637 7.1852L4.7037 17.0452ZM21.1537 17.7652L18.0437 18.5252C17.8037 18.5952 17.7237 18.6552 17.7237 19.0952V23.2552C17.7237 25.2452 16.3637 26.6552 14.4137 26.6552C13.0337 26.6552 12.1037 25.8052 12.1037 24.5952C12.1037 23.3052 13.0437 22.5052 14.4137 22.1452L15.6137 21.8352C16.2237 21.6652 16.2537 21.5952 16.2537 21.0552V15.4552C16.2537 14.6252 16.4237 14.4352 17.1437 14.2552L21.0537 13.2852C21.7937 13.1052 22.0837 13.3552 22.0837 13.9652V16.5952C22.0837 17.3852 21.8737 17.5952 21.1537 17.7652Z","geometry":{"width":34.671875,"height":30.11572265625}}