{"path":"M8.0537 30.1152H26.5637C28.8637 30.1152 30.2137 28.7652 30.2137 26.5752V14.3252L31.4837 15.3752C31.8937 15.7352 32.3937 15.9752 32.8837 15.9752C33.9337 15.9752 34.6737 15.3252 34.6737 14.3152C34.6737 13.7652 34.4237 13.2452 33.9637 12.8652L30.2137 9.7152V3.6352C30.2137 2.9952 29.8037 2.5852 29.1737 2.5852H26.6637C26.0137 2.5852 25.5937 2.9952 25.5937 3.6352V5.8252L19.7437 0.9152C18.2937 -0.3048 16.4037 -0.3048 14.9537 0.9152L0.7137 12.8752C0.2437 13.2552 0.0037 13.7952 0.0037 14.2952C0.0037 15.2552 0.6937 15.9752 1.7937 15.9752C2.2937 15.9752 2.7937 15.7352 3.2037 15.3752L4.4037 14.3752V26.5752C4.4037 28.7652 5.7537 30.1152 8.0537 30.1152ZM9.2037 26.5852C8.3837 26.5852 7.9337 26.1252 7.9337 25.3052V11.4152L16.5937 4.1552C17.0737 3.7252 17.6137 3.7252 18.1137 4.1552L26.6837 11.3552V25.3052C26.6837 26.1252 26.2337 26.5852 25.4337 26.5852ZM21.5037 15.1452C22.2437 14.9652 22.4537 14.7652 22.4537 13.9452V11.2452C22.4537 10.6352 22.1637 10.3852 21.4137 10.5752L17.4137 11.5652C16.6837 11.7452 16.5137 11.9352 16.5137 12.7752V18.5052C16.5137 19.0652 16.4737 19.1352 15.8437 19.3052L14.6137 19.6252C13.2337 19.9852 12.2637 20.8052 12.2637 22.1352C12.2637 23.3652 13.2037 24.2252 14.6137 24.2252C16.6137 24.2252 18.0037 22.7852 18.0037 20.7552V16.4952C18.0037 16.0652 18.0737 15.9752 18.3337 15.9152Z","geometry":{"width":34.671875,"height":30.11572265625}}