{"path":"M18.2636 1.963L26.5036 10.203C28.9736 7.783 29.2136 4.383 26.6536 1.813C24.0836 -0.737 20.6836 -0.517 18.2636 1.963ZM14.5636 28.843C15.4636 28.843 16.1736 28.143 16.1836 27.243L16.2236 17.493L20.1736 13.813C21.8036 13.933 23.4836 13.253 24.8536 11.843L16.6136 3.613C15.2136 4.983 14.5436 6.633 14.6636 8.293L2.0036 21.863C1.4236 22.513 1.3936 23.273 2.0936 24.123L0.1936 26.523C-0.0964 26.893 -0.0564 27.413 0.3036 27.773L0.6936 28.173C1.0636 28.533 1.5736 28.583 1.9836 28.263L4.3436 26.363C5.1936 27.063 5.9636 27.033 6.6036 26.443L12.9436 20.543V27.243C12.9436 28.143 13.6536 28.843 14.5636 28.843ZM4.1436 23.123L15.7036 11.083C15.9136 11.393 16.1536 11.703 16.4436 12.013C16.7336 12.313 17.0436 12.573 17.3636 12.773L5.3436 24.323Z","geometry":{"width":28.467655496828037,"height":28.838236234950102}}