{"path":"M17.7337 6.5904V1.4904C17.7337 0.5004 16.9137 -0.1696 15.9537 0.0404L8.8837 1.5804C7.7937 1.8104 7.2037 2.4304 7.2037 3.3904L7.2237 18.4404C7.2637 18.9304 7.0437 19.2204 6.6337 19.3004L4.4137 19.7704C1.4737 20.3804 0.0037 21.9304 0.0037 24.2604C0.0037 26.6404 1.7937 28.2704 4.3437 28.2704C7.0037 28.2704 9.8337 26.2604 9.8337 22.4704V9.9204C9.8337 9.3704 9.8137 9.3704 10.3237 9.2704L16.6837 7.8704C17.3237 7.7304 17.7337 7.2304 17.7337 6.5904Z","geometry":{"width":17.732421875,"height":28.2694278424301}}