{"path":"M4.2237 24.3635H31.5937C34.3137 24.3635 35.8237 22.8635 35.8237 20.1435V4.2235C35.8237 1.5135 34.3137 0.0035 31.5937 0.0035H4.2237C1.5037 0.0035 0.0037 1.5135 0.0037 4.2235V20.1435C0.0037 22.8635 1.5037 24.3635 4.2237 24.3635ZM4.5837 21.0135C3.7637 21.0135 3.3537 20.6335 3.3537 19.7835V4.5835C3.3537 3.7335 3.7637 3.3535 4.5837 3.3535H31.2437C32.0637 3.3535 32.4737 3.7335 32.4737 4.5835V19.7835C32.4737 20.6335 32.0637 21.0135 31.2437 21.0135ZM21.8737 10.0535C22.6137 9.8735 22.8137 9.6835 22.8137 8.8635V6.1835C22.8137 5.5635 22.5337 5.3135 21.7837 5.5135L17.8037 6.4935C17.0637 6.6735 16.8937 6.8635 16.8937 7.7135V13.3935C16.8937 13.9635 16.8537 14.0135 16.2437 14.1735L15.0137 14.5035C13.6337 14.8635 12.6737 15.6935 12.6737 17.0035C12.6737 18.2235 13.6037 19.0835 15.0137 19.0835C17.0037 19.0835 18.3937 17.6635 18.3937 15.6235V11.4135C18.3937 10.9635 18.4537 10.8835 18.7137 10.8135ZM10.7037 29.4035H25.1137C25.9337 29.4035 26.5937 28.7235 26.5937 27.9435C26.5937 27.1535 25.9337 26.4735 25.1137 26.4735H10.7037C9.8837 26.4735 9.2237 27.1535 9.2237 27.9435C9.2237 28.7235 9.8837 29.4035 10.7037 29.4035Z","geometry":{"width":35.8203125,"height":29.408203125}}