{"path":"M4.8237 26.1377H21.3137C24.4437 26.1377 26.1437 24.4477 26.1437 21.3377V4.7977C26.1437 1.6977 24.4437 -0.0023 21.3137 -0.0023H4.8237C1.7137 -0.0023 0.0037 1.6977 0.0037 4.7977V21.3377C0.0037 24.4477 1.7137 26.1377 4.8237 26.1377ZM9.0737 19.6577C8.0937 19.6577 7.5337 19.0177 7.5337 17.9777V7.9277C7.5337 6.9577 8.0937 6.3477 8.9937 6.3477C9.6637 6.3477 10.0337 6.5577 10.6137 7.3277L15.5537 14.1277H15.6937V8.0277C15.6937 6.9677 16.2537 6.3477 17.2237 6.3477C18.2137 6.3477 18.7837 6.9677 18.7837 8.0277V18.1377C18.7837 19.0877 18.2337 19.6577 17.3337 19.6577C16.6837 19.6577 16.2937 19.4377 15.7637 18.7277L10.7437 11.8377H10.6237V17.9777C10.6237 19.0277 10.0537 19.6577 9.0737 19.6577Z","geometry":{"width":26.140625,"height":26.140625}}