{"path":"M0.0037 25.3502C0.0037 28.3302 1.8737 30.0902 5.0737 30.0902H28.0137C31.1437 30.0902 32.8437 28.4002 32.8437 25.2902V4.8002C32.8437 1.7002 31.1437 0.0002 28.0137 0.0002H11.4337C8.3137 0.0002 6.6037 1.7002 6.6037 4.8002V10.2002H4.0037C1.4937 10.2002 0.0037 11.6502 0.0037 14.1002ZM9.8537 26.5602C10.0337 26.2002 10.1337 25.7702 10.1337 25.2702V5.2402C10.1337 4.1002 10.6937 3.5302 11.8237 3.5302H27.6337C28.7637 3.5302 29.3137 4.1002 29.3137 5.2402V24.8702C29.3137 25.9902 28.7637 26.5602 27.6337 26.5602ZM13.4637 9.1602H26.0037C26.5737 9.1602 27.0437 8.7102 27.0437 8.1202C27.0437 7.5502 26.5937 7.1002 26.0037 7.1002H13.4637C12.8637 7.1002 12.4137 7.5502 12.4137 8.1202C12.4137 8.7102 12.8837 9.1602 13.4637 9.1602ZM13.4637 13.7302H26.0037C26.5937 13.7302 27.0437 13.2902 27.0437 12.7102C27.0437 12.1302 26.5737 11.6602 26.0037 11.6602H13.4637C12.8837 11.6602 12.4137 12.1302 12.4137 12.7102C12.4137 13.2902 12.8637 13.7302 13.4637 13.7302ZM3.5237 24.9802V14.7002C3.5237 14.1102 3.9137 13.7302 4.4937 13.7302H6.6037V24.9802C6.6037 25.9102 5.9437 26.5602 5.0737 26.5602C4.1837 26.5602 3.5237 25.8902 3.5237 24.9802ZM14.1737 22.8302H17.3537C18.4537 22.8302 19.1237 22.1502 19.1237 21.0502V18.0202C19.1237 16.9302 18.4537 16.2402 17.3537 16.2402H14.1737C13.0837 16.2402 12.4037 16.9302 12.4037 18.0202V21.0502C12.4037 22.1502 13.0837 22.8302 14.1737 22.8302ZM21.4937 18.3102H25.9937C26.5737 18.3102 27.0337 17.8602 27.0337 17.2902C27.0337 16.7102 26.5737 16.2402 25.9937 16.2402H21.4937C20.8937 16.2402 20.4437 16.7102 20.4437 17.2902C20.4437 17.8602 20.9037 18.3102 21.4937 18.3102ZM21.4937 22.8302H25.9937C26.5737 22.8302 27.0337 22.3802 27.0337 21.8102C27.0337 21.2202 26.5737 20.7502 25.9937 20.7502H21.4937C20.9037 20.7502 20.4437 21.2202 20.4437 21.8102C20.4437 22.3802 20.8937 22.8302 21.4937 22.8302Z","geometry":{"width":32.83984375,"height":30.091796875}}