{"path":"M0.0027 21.0087C0.0027 24.8587 2.6827 27.4787 6.6827 27.4787C8.0227 27.4787 9.4427 26.9987 10.5727 26.0887C9.4727 25.6187 8.6227 24.8687 7.8727 23.8987C7.5027 24.0987 7.0927 24.1887 6.7127 24.1887C5.5327 24.1887 4.7427 23.4787 4.7427 22.4387C4.7427 21.4387 5.5127 20.7687 6.5627 20.7687C7.4827 20.7687 8.0927 21.3187 8.7927 22.0387C10.0627 23.4087 11.4027 25.0887 14.4927 25.0887C17.5727 25.0887 18.9227 23.4087 20.1927 22.0387C20.8627 21.3187 21.5027 20.7687 22.4127 20.7687C23.4627 20.7687 24.2227 21.4387 24.2227 22.4387C24.2227 23.4787 23.4427 24.1887 22.2727 24.1887C21.8727 24.1887 21.4827 24.0987 21.0927 23.8987C20.3527 24.8687 19.5127 25.6187 18.4027 26.0887C19.5227 26.9987 20.9627 27.4787 22.2827 27.4787C26.2927 27.4787 28.9727 24.8587 28.9727 21.0087C28.9727 17.2787 26.2227 14.5987 22.7227 14.3287C21.3327 11.0487 20.3427 7.7087 19.6627 4.7587C18.9327 1.6387 17.2427 -0.0013 14.4927 -0.0013C11.7327 -0.0013 10.0527 1.6387 9.3227 4.7587C8.6227 7.7087 7.6527 11.0487 6.2527 14.3287C2.7527 14.5987 0.0027 17.2787 0.0027 21.0087Z","geometry":{"width":28.970703125,"height":27.48046875}}