{"path":"M24.2237 1.792C22.8037 0.372 20.8737 0.002 18.1337 0.002H7.8637C5.1237 0.002 3.2037 0.372 1.7737 1.792C0.3537 3.222 0.0037 5.112 0.0037 7.862V18.072C0.0037 20.852 0.3437 22.752 1.7737 24.162C3.2037 25.582 5.1237 25.952 7.8737 25.952H18.1337C20.8737 25.952 22.8037 25.582 24.2237 24.162C25.6637 22.732 26.0037 20.852 26.0037 18.072V7.892C26.0037 5.112 25.6637 3.212 24.2237 1.792ZM22.4737 7.502V18.452C22.4737 19.892 22.2837 20.932 21.6437 21.572C21.0037 22.212 19.9437 22.422 18.5137 22.422H7.4937C6.0537 22.422 5.0037 22.212 4.3637 21.572C3.7237 20.932 3.5237 19.892 3.5237 18.452V7.522C3.5237 6.052 3.7237 5.032 4.3637 4.372C5.0037 3.732 6.0737 3.542 7.5237 3.542H18.5137C19.9437 3.542 21.0037 3.742 21.6437 4.372C22.2837 5.032 22.4737 6.052 22.4737 7.502ZM13.0137 19.992C16.8437 19.992 20.0337 16.812 20.0337 12.972C20.0337 9.132 16.8537 5.962 13.0137 5.962C9.1737 5.962 6.0037 9.142 6.0037 12.972C6.0037 16.792 9.1837 19.992 13.0137 19.992ZM13.0137 8.612C15.3637 8.612 17.3637 10.622 17.3637 12.972C17.3637 13.702 17.1837 14.382 16.8537 14.982L10.9937 9.122C11.5937 8.792 12.2937 8.612 13.0137 8.612ZM13.0137 17.332C10.6637 17.332 8.6537 15.322 8.6537 12.972C8.6537 12.252 8.8437 11.552 9.1737 10.942L15.0537 16.812C14.4337 17.142 13.7437 17.332 13.0137 17.332Z","geometry":{"width":26.00390625,"height":25.94921875}}