{"path":"M4.8237 26.1377H23.8737C27.0037 26.1377 28.6937 24.4477 28.6937 21.3377V4.7977C28.6937 1.6977 27.0037 -0.0023 23.8737 -0.0023H4.8237C1.7137 -0.0023 0.0037 1.6977 0.0037 4.7977V21.3377C0.0037 24.4477 1.7137 26.1377 4.8237 26.1377ZM5.0837 22.6177C4.0637 22.6177 3.5237 22.1177 3.5237 21.0377V8.8877C3.5237 7.8077 4.0637 7.3177 5.0837 7.3177H23.6137C24.6237 7.3177 25.1737 7.8077 25.1737 8.8877V21.0377C25.1737 22.1177 24.6237 22.6177 23.6137 22.6177Z","geometry":{"width":28.697265625,"height":26.140625}}