{"path":"M1.7537 19.6016H4.6337L3.6237 24.6916C3.5837 24.8816 3.5537 25.1716 3.5537 25.3516C3.5537 26.3416 4.2237 26.9516 5.2937 26.9516C6.4137 26.9516 7.1537 26.3716 7.3837 25.1816L8.4937 19.6016H13.5737L12.5637 24.6916C12.5237 24.8816 12.4937 25.1716 12.4937 25.3516C12.4937 26.3416 13.1537 26.9516 14.2237 26.9516C15.3637 26.9516 16.0937 26.3716 16.3237 25.1816L17.4337 19.6016H20.9137C22.2537 19.6016 23.0737 18.8016 23.0737 17.5716C23.0737 16.6016 22.4037 15.9116 21.3237 15.9116H18.1737L19.2337 10.5416H22.6937C24.0237 10.5416 24.8437 9.7116 24.8437 8.4616C24.8437 7.4916 24.1737 6.8216 23.0937 6.8216H19.9737L20.8937 2.2716C20.9137 2.1016 20.9437 1.8216 20.9437 1.6016C20.9437 0.6116 20.2737 0.0016 19.2137 0.0016C18.0237 0.0016 17.3737 0.6116 17.1437 1.7816L16.1337 6.8216H11.0337L11.9537 2.2716C11.9737 2.1016 12.0137 1.8216 12.0137 1.6016C12.0137 0.6116 11.3437 0.0016 10.2637 0.0016C9.0737 0.0016 8.4237 0.6116 8.1937 1.7816L7.1737 6.8216H3.9137C2.5837 6.8216 1.7537 7.6516 1.7537 8.9016C1.7537 9.8816 2.4337 10.5416 3.5137 10.5416H6.4437L5.3737 15.9116H2.1437C0.8237 15.9116 0.0037 16.7516 0.0037 17.9816C0.0037 18.9716 0.6737 19.6016 1.7537 19.6016ZM9.2237 15.9116L10.2937 10.5416H15.3937L14.3137 15.9116Z","geometry":{"width":24.841796875,"height":26.947265625}}