{"path":"M4.8237 26.1377H21.3137C24.4437 26.1377 26.1437 24.4477 26.1437 21.3377V4.7977C26.1437 1.6977 24.4437 -0.0023 21.3137 -0.0023H4.8237C1.7137 -0.0023 0.0037 1.6977 0.0037 4.7977V21.3377C0.0037 24.4477 1.7137 26.1377 4.8237 26.1377ZM5.2137 22.6177C4.1137 22.6177 3.5237 22.0777 3.5237 20.9177V5.2377C3.5237 4.0777 4.1137 3.5277 5.2137 3.5277H20.9337C22.0237 3.5277 22.6137 4.0777 22.6137 5.2377V20.9177C22.6137 22.0777 22.0237 22.6177 20.9337 22.6177ZM9.6637 19.5777C10.4337 19.5777 10.8737 19.2077 11.0237 18.4577L11.4737 16.2877H13.2937L12.9037 18.2277C12.7537 18.9877 13.2337 19.5777 14.0137 19.5777C14.7837 19.5777 15.2537 19.1977 15.3937 18.4477L15.8637 16.2677H16.8037C17.5537 16.2677 18.0837 15.7377 18.0837 14.9977C18.0837 14.3577 17.6637 13.9177 17.0537 13.9177H16.3337L16.7337 11.9677H17.6737C18.4337 11.9677 18.9637 11.4177 18.9637 10.6877C18.9637 10.0377 18.5437 9.5977 17.9237 9.5977H17.1837L17.5437 7.8177C17.6937 7.0777 17.1537 6.4577 16.4037 6.4577C15.6637 6.4577 15.1937 6.8177 15.0537 7.5777L14.6537 9.5977H12.7937L13.1637 7.8177C13.3137 7.0777 12.7937 6.4577 12.0337 6.4577C11.2837 6.4577 10.8237 6.8177 10.6937 7.5777L10.2837 9.5977H9.3337C8.5737 9.5977 8.0537 10.1277 8.0537 10.8677C8.0537 11.5077 8.4737 11.9677 9.0737 11.9677H9.8337L9.4237 13.9177H8.4637C7.7137 13.9177 7.1737 14.4477 7.1737 15.1877C7.1737 15.8277 7.6037 16.2677 8.2137 16.2677H8.9437L8.5437 18.2077C8.3937 18.9777 8.8837 19.5777 9.6637 19.5777ZM11.7037 14.2477L12.2137 11.7477H14.4337L13.9437 14.2477Z","geometry":{"width":26.140625,"height":26.140625}}