{"path":"M10.5237 28.3252H19.0037C20.8337 28.3252 22.0137 27.6852 23.0337 26.5052L28.2437 20.6052C29.2737 19.4252 29.5337 18.6752 29.5337 17.0852V11.2352C29.5337 9.6552 29.1437 9.0052 28.0837 7.7252L23.0337 1.8152C22.0237 0.6252 20.8337 -0.0048 19.0037 -0.0048H10.5237C8.6937 -0.0048 7.5337 0.6552 6.5037 1.8152L1.3037 7.7252C0.2637 8.9152 0.0037 9.6552 0.0037 11.2352V17.0852C0.0037 18.6752 0.2637 19.4252 1.3037 20.6052L6.5037 26.5052C7.5337 27.6852 8.6937 28.3252 10.5237 28.3252Z","geometry":{"width":29.53125,"height":28.328125}}