{"path":"M10.2137 27.7007H18.7037C20.5237 27.7007 21.6937 27.0607 22.7237 25.8907L27.6137 20.2907C28.6437 19.1007 28.9137 18.3607 28.9137 16.7707V10.9207C28.9137 9.3407 28.6437 8.6007 27.6137 7.4107L22.7237 1.8207C21.6937 0.6407 20.5237 0.0007 18.7037 0.0007H10.2137C8.3937 0.0007 7.2037 0.6407 6.1937 1.8207L1.3037 7.4107C0.2737 8.6007 0.0037 9.3407 0.0037 10.9207V16.7707C0.0037 18.3607 0.2737 19.1007 1.3037 20.2907L6.1937 25.8907C7.2037 27.0607 8.3937 27.7007 10.2137 27.7007ZM3.7037 13.8507V11.1307C3.7037 10.1207 3.8237 9.6907 4.3637 9.0907L8.4537 4.4807C9.0937 3.7607 9.5537 3.4407 10.7437 3.4407H18.1737C19.3637 3.4407 19.8237 3.7607 20.4637 4.4807L24.5537 9.0907C25.0837 9.6907 25.2137 10.1207 25.2137 11.1307V13.8507Z","geometry":{"width":28.916015625,"height":27.69921875}}