{"path":"M0.9038 9.2551L8.0138 19.9651C8.9438 21.3551 10.2038 22.0351 12.2138 22.0351H23.9938C26.2338 22.0351 27.7638 21.4551 28.8038 20.1351L37.9238 8.4351L42.6338 7.1751L44.3338 8.6451C46.0738 10.1351 48.3138 7.8251 46.5638 6.2851L44.4238 4.4051C43.8138 3.8551 43.2138 3.7151 42.1738 3.9951L26.0338 8.3351L24.0238 6.3951C23.3238 5.7451 22.5538 5.5051 21.5338 5.5051H18.5838V3.0251H21.1338C21.9538 3.0251 22.6538 2.3351 22.6538 1.5151C22.6538 0.6851 21.9538 -0.0049 21.1338 -0.0049H12.8338C12.0138 -0.0049 11.3238 0.6851 11.3238 1.5151C11.3238 2.3351 12.0138 3.0251 12.8338 3.0251H15.3938V5.5051H12.2138C11.7838 5.5051 11.3938 5.5551 11.0238 5.6151L5.0138 3.2951C1.2138 1.8151 -1.4862 5.6751 0.9038 9.2551ZM3.2138 7.3451C2.7338 6.6151 3.2938 5.8751 4.1038 6.1751L8.0138 7.7151C7.6438 8.3851 7.4638 9.2151 7.4638 10.2151V13.7651ZM10.6338 17.2251V10.3351C10.6338 9.2251 11.1738 8.6951 12.2538 8.6951H20.9738C21.5438 8.6951 21.8038 8.7351 22.1938 9.0951L24.2638 11.1051C24.8138 11.6451 25.4438 11.8151 26.2638 11.5751L32.8238 9.8251L26.8338 17.4851C26.0738 18.4551 25.2138 18.8651 23.9938 18.8651H12.2538C11.1738 18.8651 10.6338 18.3351 10.6338 17.2251ZM45.5038 22.7351C47.2638 22.7351 48.7138 21.3551 48.7138 19.6051C48.7138 18.5951 48.2238 17.6351 47.7238 16.7351L45.8038 13.1651C45.7338 13.0451 45.6338 12.9651 45.5038 12.9651C45.3638 12.9651 45.2938 13.0451 45.2138 13.1751L43.2738 16.7351C42.7938 17.6351 42.2838 18.5951 42.2838 19.6051C42.2838 21.3551 43.7538 22.7351 45.5038 22.7351Z","geometry":{"width":48.71298879908232,"height":22.736328125}}