{"path":"M0.0037 17.9341C0.0037 21.9141 2.8737 24.7741 7.0537 24.7741H26.9837C31.1737 24.7741 34.0437 21.9141 34.0437 17.9341C34.0437 16.6941 33.6837 15.5841 33.2637 14.6041L28.4537 3.6541C27.4237 1.2941 25.4437 0.0041 22.7237 0.0041H11.3337C8.6137 0.0041 6.6337 1.2941 5.6037 3.6541L0.8637 14.4641C0.4137 15.4941 0.0037 16.6241 0.0037 17.9341ZM5.7237 11.2941L8.6937 4.3441C9.0937 3.3541 10.0337 2.8141 11.2537 2.8141H22.8137C24.0237 2.8141 24.9637 3.3541 25.3737 4.3441L28.3237 11.2941C27.9037 11.1741 27.4637 11.1041 26.9837 11.1041H7.0537C6.5937 11.1041 6.1437 11.1741 5.7237 11.2941ZM3.2937 17.9341C3.2937 15.8741 4.7837 14.3841 7.0537 14.3841H26.9837C29.2537 14.3841 30.7637 15.8741 30.7637 17.9341C30.7637 20.1541 29.2537 21.4941 26.9837 21.4941H7.0537C4.7837 21.4941 3.2937 20.0041 3.2937 17.9341ZM6.7837 17.9341C6.7837 18.5641 7.2837 19.0741 7.9137 19.0741H26.1437C26.7537 19.0741 27.2737 18.5641 27.2737 17.9341C27.2737 17.3041 26.7537 16.8041 26.1437 16.8041H7.9137C7.2837 16.8041 6.7837 17.3041 6.7837 17.9341Z","geometry":{"width":34.04296875,"height":24.7734375}}