{"path":"M13.1927 -0.0005C5.4027 -0.0005 0.0027 6.9995 0.0027 16.8995C0.0027 26.7995 5.4027 33.7995 13.1927 33.7995C20.9727 33.7995 26.4027 26.7995 26.4027 16.8995C26.4027 6.9995 20.9727 -0.0005 13.1927 -0.0005ZM13.1927 3.7895V30.0095C7.6427 30.0095 3.7827 24.6195 3.7827 16.8995C3.7827 9.1595 7.6427 3.7895 13.1927 3.7895Z","geometry":{"width":26.400390625,"height":33.796875}}