{"path":"M0.0027 13.9427C0.0027 22.1727 7.5427 27.8727 18.5227 27.8727C29.5027 27.8727 37.0527 22.1727 37.0527 13.9427C37.0527 5.7027 29.5027 0.0027 18.5227 0.0027C7.5427 0.0027 0.0027 5.7027 0.0027 13.9427ZM3.8027 13.9427C3.8027 7.9727 9.8127 3.8027 18.5227 3.8027C27.2327 3.8027 33.2527 7.9727 33.2527 13.9427Z","geometry":{"width":37.05078125,"height":27.876953125}}