{"path":"M13.2027 -0.0005C5.4327 -0.0005 0.0027 6.9995 0.0027 16.8995C0.0027 26.7995 5.4327 33.7995 13.2027 33.7995C20.9827 33.7995 26.4027 26.7995 26.4027 16.8995C26.4027 6.9995 20.9827 -0.0005 13.2027 -0.0005ZM13.2027 3.7895C18.7427 3.7895 22.6027 9.1595 22.6027 16.8995C22.6027 24.6195 18.7427 30.0095 13.2027 30.0095C7.6527 30.0095 3.7827 24.6195 3.7827 16.8995C3.7827 9.1695 7.6527 3.7895 13.2027 3.7895ZM13.2027 6.1695C9.1027 6.1695 6.1627 10.4695 6.1627 16.8995C6.1627 23.3195 9.1027 27.6295 13.2027 27.6295C17.3127 27.6295 20.2327 23.3195 20.2327 16.8995C20.2327 10.4595 17.3127 6.1695 13.2027 6.1695Z","geometry":{"width":26.400390625,"height":33.796875}}