{"path":"M0.0027 13.9327C0.0027 22.1727 7.5427 27.8727 18.5227 27.8727C29.5027 27.8727 37.0527 22.1727 37.0527 13.9327C37.0527 5.7027 29.5027 0.0027 18.5227 0.0027C7.5427 0.0027 0.0027 5.7027 0.0027 13.9327ZM3.8027 13.9327H33.2527C33.2527 19.9027 27.2327 24.0727 18.5227 24.0727C9.8127 24.0727 3.8027 19.9027 3.8027 13.9327Z","geometry":{"width":37.05078125,"height":27.876953125}}