{"path":"M3.7837 26.1314H26.4437C28.6837 26.1314 30.2437 24.5714 30.2437 22.3014V3.8314C30.2437 1.5614 28.6837 0.0014 26.4437 0.0014H3.7837C1.5437 0.0014 0.0037 1.5614 0.0037 3.8314V22.3014C0.0037 24.5714 1.5437 26.1314 3.7837 26.1314ZM3.2937 4.1314C3.2937 3.6214 3.6237 3.2814 4.1037 3.2814H26.1937C26.6437 3.2814 26.9337 3.5914 26.9337 4.0614V8.2014H3.2937ZM6.9637 7.2214C7.7237 7.2214 8.3637 6.5914 8.3637 5.8114C8.3637 5.0314 7.7237 4.4014 6.9637 4.4014C6.1837 4.4014 5.5537 5.0314 5.5537 5.8114C5.5537 6.5914 6.1837 7.2214 6.9637 7.2214ZM10.6737 7.2214C11.4537 7.2214 12.0837 6.5914 12.0837 5.8114C12.0837 5.0314 11.4537 4.4014 10.6737 4.4014C9.9137 4.4014 9.2737 5.0314 9.2737 5.8114C9.2737 6.5914 9.9137 7.2214 10.6737 7.2214ZM14.3937 7.2214C15.1637 7.2214 15.8037 6.5914 15.8037 5.8114C15.8037 5.0314 15.1637 4.4014 14.3937 4.4014C13.6337 4.4014 12.9837 5.0314 12.9837 5.8114C12.9837 6.5914 13.6337 7.2214 14.3937 7.2214ZM20.2937 6.8114H23.8437C24.3937 6.8114 24.8137 6.3814 24.8137 5.8214C24.8137 5.2814 24.3937 4.8514 23.8437 4.8514H20.2937C19.7437 4.8514 19.3137 5.2814 19.3137 5.8214C19.3137 6.3814 19.7437 6.8114 20.2937 6.8114ZM4.1037 22.8314C3.6237 22.8314 3.2937 22.4914 3.2937 21.9814V10.4614H26.9337V22.0614C26.9337 22.5314 26.6437 22.8314 26.1937 22.8314ZM6.6337 21.2414H23.6237C24.3737 21.2414 24.8837 20.7514 24.8837 19.9914V13.0714C24.8837 12.3014 24.3737 11.8114 23.6237 11.8114H6.6337C5.8637 11.8114 5.3737 12.3014 5.3737 13.0714V19.9914C5.3737 20.7514 5.8637 21.2414 6.6337 21.2414ZM7.3237 14.0014C7.3237 13.8214 7.4637 13.6814 7.6337 13.6814H22.6137C22.7937 13.6814 22.9237 13.8214 22.9237 14.0014V14.8214H7.3237ZM7.6337 19.3014C7.4637 19.3014 7.3237 19.1514 7.3237 18.9914V16.3814H22.9237V18.9914C22.9237 19.1514 22.7937 19.3014 22.6137 19.3014Z","geometry":{"width":30.2421875,"height":26.126953125}}