{"path":"M0.0037 7.7914H29.6237V3.6214C29.6237 1.4814 28.1737 0.0014 26.0837 0.0014H3.5237C1.4337 0.0014 0.0037 1.4814 0.0037 3.6214ZM6.1237 5.6914C5.3037 5.6914 4.6337 5.0314 4.6337 4.2114C4.6337 3.3814 5.3037 2.7214 6.1237 2.7214C6.9337 2.7214 7.6337 3.3814 7.6337 4.2114C7.6337 5.0314 6.9337 5.6914 6.1237 5.6914ZM10.0637 5.6914C9.2437 5.6914 8.5737 5.0314 8.5737 4.2114C8.5737 3.3814 9.2437 2.7214 10.0637 2.7214C10.8837 2.7214 11.5537 3.3814 11.5537 4.2114C11.5537 5.0314 10.8837 5.6914 10.0637 5.6914ZM13.9837 5.6914C13.1637 5.6914 12.4937 5.0314 12.4937 4.2114C12.4937 3.3814 13.1637 2.7214 13.9837 2.7214C14.7937 2.7214 15.4937 3.3814 15.4937 4.2114C15.4937 5.0314 14.7937 5.6914 13.9837 5.6914ZM20.4937 5.2314C19.9037 5.2314 19.4537 4.7814 19.4537 4.2014C19.4537 3.6114 19.9037 3.1614 20.4937 3.1614H24.2437C24.8237 3.1614 25.2837 3.6114 25.2837 4.2014C25.2837 4.7814 24.8237 5.2314 24.2437 5.2314ZM3.5237 26.1314H26.0837C28.1737 26.1314 29.6237 24.6514 29.6237 22.5014V10.0114H0.0037V22.5014C0.0037 24.6514 1.4337 26.1314 3.5237 26.1314ZM5.8537 22.9514C5.0537 22.9514 4.5437 22.4314 4.5437 21.6314V13.7814C4.5437 12.9714 5.0537 12.4514 5.8537 12.4514H23.7937C24.5837 12.4514 25.1137 12.9714 25.1137 13.7814V21.6314C25.1137 22.4314 24.5837 22.9514 23.7937 22.9514ZM6.5737 15.9514H23.0637V14.7414C23.0637 14.5614 22.9237 14.4114 22.7337 14.4114H6.9037C6.7237 14.4114 6.5737 14.5614 6.5737 14.7414ZM6.9037 20.9214H22.7337C22.9237 20.9214 23.0637 20.7714 23.0637 20.5714V17.5714H6.5737V20.5714C6.5737 20.7714 6.7237 20.9214 6.9037 20.9214Z","geometry":{"width":29.626953125,"height":26.126953125}}