{"path":"M4.8237 26.1377H21.3137C24.4437 26.1377 26.1437 24.4477 26.1437 21.3377V4.7977C26.1437 1.6977 24.4437 -0.0023 21.3137 -0.0023H4.8237C1.7137 -0.0023 0.0037 1.6977 0.0037 4.7977V21.3377C0.0037 24.4477 1.7137 26.1377 4.8237 26.1377ZM5.2137 22.6177C4.1137 22.6177 3.5237 22.0777 3.5237 20.9177V5.2377C3.5237 4.0777 4.1137 3.5277 5.2137 3.5277H20.9337C22.0237 3.5277 22.6137 4.0777 22.6137 5.2377V20.9177C22.6137 22.0777 22.0237 22.6177 20.9337 22.6177ZM10.0737 19.3177C11.1437 19.3177 11.7537 18.6077 11.7537 17.4577V15.7377H13.8237C16.6237 15.7377 18.4537 13.9977 18.4537 11.3177C18.4537 8.6377 16.6437 6.8877 13.8537 6.8877H10.2137C9.0237 6.8877 8.4037 7.5877 8.4037 8.7877V17.4577C8.4037 18.6077 9.0137 19.3177 10.0737 19.3177ZM11.7537 13.2977V9.3277H13.3737C14.6037 9.3277 15.3037 10.0477 15.3037 11.3177C15.3037 12.5777 14.6037 13.2977 13.3737 13.2977Z","geometry":{"width":26.140625,"height":26.140625}}