{"path":"M23.2724 22.6092L28.5524 17.3492C30.2324 15.6592 30.1824 13.6392 28.4724 11.8892L27.5824 10.9692C26.1624 12.7692 22.1424 14.9492 21.3924 14.1992C21.2624 14.0792 21.2424 13.8292 21.4124 13.6492C23.0324 12.0492 24.1824 10.3892 24.4424 7.8392L17.4224 0.8292C15.8424 -0.7608 13.3224 -0.0208 12.5724 2.6292C11.6124 6.1292 10.8624 8.2492 10.3124 9.6492ZM1.7524 31.6192C4.0524 33.9392 7.0624 33.9592 9.3324 31.6892C10.8324 30.1792 12.3224 26.9692 13.4724 25.0292L16.4424 28.0092C17.6324 29.1992 19.0924 29.2292 20.2424 28.0492L21.3624 26.9192C22.5424 25.7092 22.5224 24.3292 21.3224 23.1292L10.2424 12.0692C9.0424 10.8592 7.6324 10.8392 6.4424 12.0092L5.3224 13.1292C4.1624 14.2992 4.1624 15.7492 5.3624 16.9492L8.3324 19.8992C6.4224 21.0492 3.1924 22.5292 1.6924 24.0392C-0.5776 26.3092 -0.5676 29.3392 1.7524 31.6192ZM5.6224 29.4192C4.7624 29.4192 4.0724 28.7192 4.0724 27.8592C4.0724 26.9992 4.7624 26.2892 5.6224 26.2892C6.4924 26.2892 7.2024 26.9992 7.2024 27.8592C7.2024 28.7192 6.4924 29.4192 5.6224 29.4192Z","geometry":{"width":29.784833764985414,"height":33.3747344976503}}