{"path":"M18.8827 29.6571C25.4127 29.6571 29.7927 27.3071 29.7927 23.7871C29.7927 20.8371 27.5527 20.2871 27.5527 18.6171C27.5527 16.3471 35.4927 16.0871 35.4927 10.0471C35.4927 4.0071 29.2427 -0.0029 19.9227 -0.0029C8.0027 -0.0029 0.0027 6.1771 0.0027 15.0271C0.0027 23.7871 7.6027 29.6571 18.8827 29.6571ZM18.8827 25.8371C9.8127 25.8371 3.8027 21.5171 3.8027 15.0271C3.8027 8.2871 10.2127 3.7971 19.9227 3.7971C27.0027 3.7971 31.6927 6.3171 31.6927 10.0471C31.6927 14.4371 23.7227 14.1771 23.7227 18.3171C23.7227 20.7371 25.9227 21.2471 25.9227 23.0471C25.9227 24.7371 23.1227 25.8371 18.8827 25.8371ZM19.8527 10.4771C21.0927 10.4771 22.1027 9.4571 22.1027 8.2171C22.1027 6.9571 21.0927 5.9771 19.8527 5.9771C18.6227 5.9771 17.5827 6.9771 17.5827 8.2171C17.5827 9.4571 18.6227 10.4771 19.8527 10.4771ZM13.1927 12.5671C14.7127 12.5671 15.9727 11.3471 15.9727 9.7871C15.9727 8.2671 14.7127 7.0571 13.1927 7.0571C11.6627 7.0571 10.4227 8.2671 10.4227 9.7871C10.4227 11.3471 11.6627 12.5671 13.1927 12.5671ZM25.8427 11.3071C26.8527 11.3071 27.6727 10.4971 27.6727 9.4771C27.6727 8.4671 26.8527 7.6271 25.8427 7.6271C24.8127 7.6271 23.9927 8.4671 23.9927 9.4771C23.9927 10.4971 24.8127 11.3071 25.8427 11.3071ZM8.4127 16.8071C9.6527 16.8071 10.6527 15.7771 10.6527 14.5471C10.6527 13.3071 9.6527 12.3171 8.4127 12.3171C7.1827 12.3171 6.1627 13.3171 6.1627 14.5471C6.1627 15.7771 7.1827 16.8071 8.4127 16.8071ZM17.6227 22.8771C19.9227 22.8771 21.6127 21.1771 21.6127 18.8971C21.6127 16.7071 19.8427 14.9071 17.6227 14.9071C15.4327 14.9071 13.6627 16.7071 13.6627 18.8971C13.6627 21.0771 15.4327 22.8771 17.6227 22.8771ZM17.6227 20.7371C16.6127 20.7371 15.7927 19.9171 15.7927 18.8771C15.7927 17.7171 16.6627 17.0771 17.5927 17.0471C18.5627 17.0371 19.4827 17.6771 19.4827 18.8771C19.4827 19.9171 18.6627 20.7371 17.6227 20.7371Z","geometry":{"width":35.4921875,"height":29.654296875}}