{"path":"M1.9173 31.8641C4.4473 34.3941 7.4073 34.4241 9.9173 31.9341C11.4973 30.3641 13.1573 26.7941 14.3973 25.1541L17.1173 27.8941C18.3873 29.1841 20.0073 29.1841 21.2473 27.9341L23.0973 26.0741C24.1173 25.0441 24.2973 23.8241 23.6373 22.7041L29.0773 17.2841C30.7873 15.5741 30.7473 13.5041 28.9973 11.7441L18.2273 0.9541C16.4673 -0.8059 13.6173 -0.0459 13.0273 2.5241C11.9673 7.1041 11.7473 8.2941 10.7173 9.9541C9.7073 9.5241 8.6273 9.7741 7.6973 10.7041L5.8573 12.5341C4.5973 13.8041 4.5973 15.3641 5.9073 16.6641L8.6173 19.3941C6.9873 20.6341 3.4173 22.2941 1.8473 23.8741C-0.6427 26.3741 -0.6127 29.3341 1.9173 31.8641ZM20.0173 15.7741C20.6573 16.4341 24.0673 14.6241 25.7073 12.9841L26.6573 13.9541C27.1273 14.4041 27.1173 14.8641 26.7073 15.2741L21.5473 20.4541L13.1273 12.0141C14.5673 9.7241 14.8373 7.9541 15.8773 4.2341C15.9873 3.7841 16.3573 3.6641 16.6673 3.9741L22.9873 10.2841C22.5773 12.3341 21.4273 13.8741 20.0473 15.2541C19.8673 15.4241 19.8973 15.6541 20.0173 15.7741ZM8.5873 14.4941L9.5673 13.5241C9.8073 13.3041 10.0473 13.2841 10.2873 13.5241L20.2673 23.5041C20.4873 23.7241 20.4873 23.9741 20.2473 24.2141L19.2973 25.1841C19.0473 25.4241 18.7873 25.4241 18.5573 25.1941L15.2473 21.8741C14.6073 21.2141 13.7173 21.2741 12.9773 21.9841C11.8973 23.0341 10.0773 27.4541 7.8873 29.6241C6.7373 30.7741 5.3773 30.7741 4.1873 29.5941C3.0273 28.4241 3.0073 27.0241 4.1473 25.8941C6.3473 23.7241 10.7573 21.8841 11.8173 20.8241C12.5073 20.0641 12.5673 19.1841 11.9273 18.5341L8.5873 15.2041C8.3573 14.9841 8.3573 14.7241 8.5873 14.4941ZM6.0173 29.3141C6.8673 29.3141 7.5373 28.6241 7.5373 27.7941C7.5373 26.9641 6.8673 26.2741 6.0173 26.2741C5.1873 26.2741 4.4973 26.9641 4.4973 27.7941C4.4973 28.6241 5.1873 29.3141 6.0173 29.3141Z","geometry":{"width":30.338472084838482,"height":33.78367491407613}}