{"path":"M2.8337 25.3376C5.7437 25.3376 9.2437 21.8776 18.2937 21.8776C27.3337 21.8776 30.8437 25.3176 33.7537 25.3176C35.5637 25.3176 36.5837 24.1576 36.5837 22.1776V3.1576C36.5837 1.2576 35.6137 0.1376 33.8937 0.1376C31.0937 0.1376 27.3337 3.4476 18.2937 3.4476C9.2537 3.4476 5.4237 -0.0024 2.8337 -0.0024C1.0137 -0.0024 0.0037 1.1576 0.0037 3.1476V22.1776C0.0037 24.1576 1.0137 25.3376 2.8337 25.3376Z","geometry":{"width":36.5859375,"height":25.333984375}}