{"path":"M22.8357 15.8659L12.6757 26.0159C10.1757 28.5259 6.8357 28.3059 4.6857 26.1459C2.5157 23.9859 2.3157 20.6659 4.8157 18.1459L18.7857 4.2059C20.1757 2.7959 22.3157 2.4559 23.7257 3.8659C25.1457 5.2959 24.7857 7.4059 23.3957 8.7959L9.5957 22.6159C9.1057 23.1159 8.5357 22.9759 8.1857 22.6459C7.8657 22.3059 7.7257 21.7359 8.2157 21.2359L17.8157 11.6459C18.4057 11.0559 18.4257 10.1759 17.8557 9.6059C17.2857 9.0559 16.4057 9.0559 15.8157 9.6459L6.1757 19.2859C4.5957 20.8859 4.6657 23.3359 6.0857 24.7559C7.6157 26.2859 9.9557 26.2459 11.5357 24.6559L25.4157 10.7759C28.2057 7.9959 28.1257 4.3159 25.6457 1.8359C23.2157 -0.5841 19.4857 -0.7141 16.6957 2.0559L2.6257 16.1359C-0.9743 19.7459 -0.7543 24.9759 2.5457 28.2759C5.8657 31.5759 11.0857 31.8059 14.6957 28.2159L24.9257 17.9759C25.4857 17.4259 25.4857 16.3859 24.8957 15.8359C24.3457 15.2559 23.4057 15.3059 22.8357 15.8659Z","geometry":{"width":27.506760745330002,"height":30.83056564117573}}