{"path":"M17.5282 29.4648C18.6882 29.4648 19.4982 28.6048 19.9982 27.2748L29.1382 3.3748C29.3582 2.8048 29.4782 2.2848 29.4782 1.8348C29.4782 0.7148 28.7482 0.0048 27.6482 0.0048C27.1782 0.0048 26.6582 0.1048 26.0982 0.3248L2.1282 9.5048C0.8982 9.9648 -0.0018 10.7748 -0.0018 11.9448C-0.0018 13.3348 1.0082 13.9148 2.4082 14.3548L8.9682 16.3748C10.0582 16.7248 10.7282 16.7048 11.5482 15.9848L27.1382 1.7048C27.3582 1.5148 27.6182 1.5348 27.7782 1.6948C27.9282 1.8448 27.9582 2.1148 27.7682 2.3348L13.5182 17.9248C12.8382 18.6648 12.7682 19.4548 13.0982 20.5048L15.0982 27.0048C15.5282 28.4248 16.1282 29.4648 17.5282 29.4648Z","geometry":{"width":29.4765625,"height":29.462890625}}