{"path":"M2.5457 28.2759C5.8657 31.5759 11.0857 31.8059 14.6957 28.2159L17.4957 25.3959C17.0357 24.0659 16.9657 22.9259 17.0457 21.6359L12.6757 26.0159C10.1757 28.5259 6.8357 28.3059 4.6857 26.1459C2.5157 23.9859 2.3157 20.6659 4.8157 18.1459L18.7857 4.2059C20.1757 2.7959 22.3157 2.4559 23.7257 3.8659C25.1457 5.2959 24.7857 7.4059 23.3957 8.7959L9.5957 22.6159C9.1057 23.1159 8.5357 22.9759 8.1857 22.6459C7.8657 22.3059 7.7257 21.7359 8.2157 21.2359L17.8157 11.6459C18.4057 11.0559 18.4257 10.1759 17.8557 9.6059C17.2857 9.0559 16.4057 9.0559 15.8157 9.6459L6.1757 19.2859C4.5757 20.8859 4.6657 23.3359 6.0857 24.7559C7.6157 26.2859 9.9557 26.2459 11.5357 24.6559L25.4157 10.7759C28.2057 7.9959 28.1257 4.3159 25.6457 1.8359C23.2157 -0.5841 19.4857 -0.7141 16.6957 2.0559L2.6257 16.1359C-0.9743 19.7459 -0.7543 24.9759 2.5457 28.2759ZM26.2457 29.6459C30.1757 29.6459 33.4557 26.3659 33.4557 22.4459C33.4557 18.5059 30.2057 15.2559 26.2457 15.2559C22.3157 15.2559 19.0557 18.5059 19.0557 22.4459C19.0557 26.3759 22.3157 29.6459 26.2457 29.6459ZM30.0257 23.7259C29.3157 23.7259 28.7257 23.1259 28.7257 22.4459C28.7257 21.7459 29.3157 21.1459 30.0257 21.1459C30.7257 21.1459 31.2957 21.7459 31.2957 22.4459C31.2957 23.1259 30.7057 23.7259 30.0257 23.7259ZM22.4657 23.7159C21.7957 23.7159 21.2157 23.1259 21.2157 22.4459C21.2157 21.7559 21.7957 21.1759 22.4657 21.1759C23.1757 21.1759 23.7457 21.7559 23.7457 22.4459C23.7357 23.1259 23.1557 23.7159 22.4657 23.7159ZM26.2657 23.7159C25.5757 23.7159 24.9957 23.1259 24.9957 22.4459C24.9957 21.7559 25.5757 21.1759 26.2657 21.1759C26.9457 21.1759 27.5357 21.7559 27.5357 22.4459C27.5357 23.1259 26.9457 23.7159 26.2657 23.7159Z","geometry":{"width":33.455332348117516,"height":30.83056564117573}}