{"path":"M17.5282 29.4764C18.6882 29.4764 19.4982 28.6064 19.9982 27.2764L29.1382 3.3764C29.3582 2.8064 29.4782 2.2864 29.4782 1.8364C29.4782 0.7264 28.7482 -0.0036 27.6482 -0.0036C27.1782 -0.0036 26.6582 0.1264 26.0982 0.3464L2.1282 9.5064C0.8982 9.9764 -0.0018 10.7764 -0.0018 11.9464C-0.0018 13.3264 0.9982 13.9464 2.4082 14.3564L12.2382 17.2364L15.0982 27.0064C15.5182 28.4364 16.1282 29.4764 17.5282 29.4764ZM13.2982 14.0564L6.2182 11.8764C6.0682 11.8364 6.0182 11.7764 6.0182 11.6864C6.0182 11.6064 6.0682 11.5364 6.2082 11.4864L19.0082 6.5264C20.2982 6.0064 21.5782 5.4164 23.1582 4.6864C22.0382 5.5964 20.7082 6.6964 19.7582 7.6464ZM17.7982 23.4764C17.7082 23.4764 17.6482 23.4064 17.6082 23.2464L15.4182 16.1764L21.8382 9.7364C22.7382 8.8064 23.9282 7.3964 24.7882 6.3064C24.0782 7.8864 23.4782 9.1764 22.9682 10.4764L17.9882 23.2664C17.9482 23.4064 17.8782 23.4764 17.7982 23.4764Z","geometry":{"width":29.4765625,"height":29.4765625}}