{"path":"M0.0027 7.1777C0.0027 11.5277 3.2027 14.4277 8.0427 14.4277H9.2727V25.1377C9.2727 26.4677 10.0327 27.2777 11.2827 27.2777C12.5527 27.2777 13.3127 26.4677 13.3127 25.1377V4.0577H15.8327V25.1377C15.8327 26.4677 16.5827 27.2777 17.8527 27.2777C19.1127 27.2777 19.8827 26.4677 19.8827 25.1377V4.0577H21.6427C22.9727 4.0577 23.7727 3.2777 23.7727 2.0077C23.7727 0.7677 22.9727 -0.0023 21.6427 -0.0023H7.7627C3.0927 -0.0023 0.0027 2.8677 0.0027 7.1777Z","geometry":{"width":23.775390625,"height":27.275390625}}