{"path":"M6.9037 30.953C7.8037 30.953 8.5137 30.353 8.5137 29.613C8.5137 29.193 8.4237 28.873 8.1637 28.343C6.0537 24.333 4.8637 19.883 4.8637 15.413C4.8637 11.043 5.8637 6.863 8.0937 2.613C8.3237 2.143 8.4637 1.763 8.4637 1.343C8.4637 0.603 7.7337 0.003 6.8337 0.003C5.8337 0.003 5.0137 0.563 4.1337 1.763C1.3437 5.583 0.0037 10.353 0.0037 15.423C0.0037 20.493 1.3637 25.303 4.1837 29.193C5.0837 30.393 5.8937 30.953 6.9037 30.953ZM16.9137 30.953C17.9137 30.953 18.7337 30.393 19.6237 29.193C22.4337 25.303 23.8037 20.493 23.8037 15.423C23.8037 10.353 22.4637 5.583 19.6737 1.763C18.7837 0.563 17.9737 0.003 16.9637 0.003C16.0637 0.003 15.3537 0.603 15.3537 1.343C15.3537 1.763 15.4737 2.143 15.7137 2.613C17.9337 6.863 18.9337 11.043 18.9337 15.413C18.9337 19.883 17.7637 24.333 15.6537 28.343C15.3837 28.873 15.2837 29.193 15.2837 29.613C15.2837 30.353 15.9937 30.953 16.9137 30.953Z","geometry":{"width":23.802734375,"height":30.953125}}