{"path":"M5.1727 5.0829C5.9227 5.5229 6.8527 5.3029 7.3027 4.5129C7.7527 3.7629 7.4927 2.8029 6.7427 2.3729L3.0127 0.2129C2.2327 -0.2371 1.3227 0.0429 0.8927 0.8329C0.4327 1.5729 0.6827 2.4829 1.4527 2.9229ZM45.8527 5.0829L49.5627 2.9229C50.3427 2.4829 50.5727 1.5729 50.1227 0.8329C49.6827 0.0429 48.7827 -0.2371 48.0127 0.2129L44.2827 2.3729C43.5327 2.8029 43.2727 3.7629 43.7127 4.5129C44.1627 5.3029 45.1027 5.5229 45.8527 5.0829ZM24.5427 11.0329C24.5427 6.3529 19.6627 2.2529 14.7627 2.2529H14.4927C11.9927 2.2529 10.7027 3.1929 10.0327 5.5329C9.6527 7.0629 9.4427 8.7929 9.4427 11.0329C9.4427 13.2629 9.6527 14.9929 10.0327 16.5229C10.7027 18.8629 11.9927 19.8129 14.4927 19.8129H14.7627C19.6627 19.8129 24.5427 15.7029 24.5427 11.0329ZM26.4727 11.0329C26.4727 15.7029 31.3627 19.8129 36.2627 19.8129H36.5127C39.0327 19.8129 40.3227 18.8629 40.9727 16.5229C41.3527 14.9929 41.5727 13.2629 41.5727 11.0329C41.5727 8.7929 41.3527 7.0629 40.9727 5.5329C40.3227 3.1929 39.0327 2.2529 36.5127 2.2529H36.2627C31.3627 2.2529 26.4727 6.3529 26.4727 11.0329ZM5.8227 9.4629H1.5427C0.6427 9.4629 0.0027 10.1329 0.0027 11.0229C0.0027 11.9029 0.6427 12.5729 1.5427 12.5729H5.8227C6.7127 12.5729 7.3927 11.9029 7.3927 11.0229C7.3927 10.1329 6.7127 9.4629 5.8227 9.4629ZM45.1827 9.4629C44.2927 9.4629 43.6127 10.1329 43.6127 11.0229C43.6127 11.9029 44.2927 12.5729 45.1827 12.5729H49.4827C50.3827 12.5729 51.0227 11.9029 51.0227 11.0229C51.0227 10.1329 50.3827 9.4629 49.4827 9.4629ZM45.8527 16.9629C45.1027 16.5229 44.1627 16.7429 43.7127 17.5429C43.2727 18.2929 43.5327 19.2329 44.2827 19.6729L48.0127 21.8229C48.7827 22.2729 49.6827 21.9929 50.1227 21.2129C50.5727 20.4629 50.3427 19.5629 49.5627 19.1129ZM5.1727 16.9629L1.4527 19.1129C0.6727 19.5629 0.4327 20.4629 0.8927 21.2129C1.3227 21.9929 2.2327 22.2729 3.0127 21.8229L6.7427 19.6729C7.4927 19.2329 7.7527 18.2929 7.3027 17.5429C6.8527 16.7429 5.9227 16.5229 5.1727 16.9629Z","geometry":{"width":51.0234375,"height":22.036691897185868}}