{"path":"M35.8427 32.6723C36.3027 33.1123 37.0327 33.1223 37.4727 32.6723C37.9127 32.2223 37.9227 31.4923 37.4727 31.0423L6.7527 0.3423C6.3027 -0.1177 5.5627 -0.1177 5.1127 0.3423C4.6727 0.7623 4.6727 1.5323 5.1127 1.9623ZM21.2427 6.4923C26.7727 6.4923 31.2427 10.9523 31.2427 16.4723C31.2427 18.0523 30.8527 19.5523 30.2027 20.8423L32.8427 23.5023C34.0927 21.4623 34.8327 19.0423 34.8327 16.4723C34.8327 9.0223 28.7127 2.8923 21.2427 2.8923C18.6927 2.8923 16.2727 3.6323 14.2327 4.8923L16.8727 7.5423C18.1827 6.8723 19.6727 6.4923 21.2427 6.4923ZM35.9427 4.1623C35.1527 4.8323 35.1227 5.8623 35.7427 6.7223C37.7627 9.4823 38.9127 12.8623 38.9127 16.4723C38.9127 20.0523 37.8127 23.2623 35.7127 26.3023L38.2627 28.8623C41.1827 25.0423 42.5227 20.8723 42.5227 16.4723C42.5227 12.0123 41.0527 7.8123 38.5127 4.4123C37.8727 3.5623 36.7627 3.4923 35.9427 4.1623ZM6.5727 28.7723C7.3727 28.1223 7.3927 27.0823 6.7827 26.2323C4.7627 23.4723 3.6127 20.0823 3.6127 16.4723C3.6127 12.8923 4.7027 9.6623 6.8127 6.6323L4.2627 4.0823C1.3627 7.8723 0.0027 12.0823 0.0027 16.4723C0.0027 20.9423 1.4627 25.1423 4.0027 28.5423C4.6527 29.3923 5.7727 29.4423 6.5727 28.7723ZM21.2627 30.0623C23.8327 30.0623 26.2527 29.3123 28.3027 28.0523L25.6527 25.4023C24.3327 26.0723 22.8427 26.4523 21.2627 26.4523C15.7327 26.4523 11.2827 22.0123 11.2827 16.4723C11.2827 14.8823 11.6627 13.3923 12.3327 12.0823L9.6827 9.4323C8.4227 11.4923 7.6827 13.9023 7.6827 16.4723C7.6827 23.9323 13.7927 30.0623 21.2627 30.0623ZM26.3327 16.9923C26.7327 16.3723 26.9627 15.6123 26.9627 14.7323C26.9627 12.0523 25.1427 10.3023 22.3627 10.3023H19.7127L21.9127 12.5223L22.5127 12.5523C23.5127 12.6523 24.1727 13.3123 24.2927 14.2823C24.3127 14.4923 24.2527 14.6823 24.1427 14.7923ZM18.5827 22.7323C19.4827 22.7323 20.0527 22.2423 20.1827 21.3823L20.1927 20.0223L16.9227 16.7423V20.8723C16.9227 22.0223 17.5127 22.7323 18.5827 22.7323Z","geometry":{"width":42.51953125,"height":33.00563495109249}}