{"path":"M2.8437 27.372C4.6337 27.372 5.7037 26.262 5.7037 24.402V18.462H10.5837C16.3237 18.462 20.2637 14.752 20.2637 9.242C20.2637 3.682 16.4437 0.002 10.8537 0.002H2.8437C1.0637 0.002 0.0037 1.092 0.0037 2.962V24.402C0.0037 26.262 1.0637 27.372 2.8437 27.372ZM5.7037 13.902V4.612H9.4737C12.6337 4.612 14.4737 6.252 14.4737 9.242C14.4737 12.252 12.6337 13.902 9.4637 13.902Z","geometry":{"width":20.26171875,"height":27.37109375}}