{"path":"M2.2044 23.4852H5.5644C7.0144 23.4852 7.7544 22.7452 7.7544 21.3052V2.2052C7.7544 0.7552 7.0144 0.0452 5.5644 -0.0048H2.2044C0.7344 -0.0048 0.0044 0.7552 0.0044 2.2052V21.3052C-0.0256 22.7452 0.7144 23.4852 2.2044 23.4852ZM13.2644 23.4852H16.6444C18.0844 23.4852 18.8244 22.7452 18.8244 21.3052V2.2052C18.8244 0.7552 18.0844 -0.0048 16.6444 -0.0048H13.2644C11.8144 -0.0048 11.0744 0.7552 11.0744 2.2052V21.3052C11.0744 22.7452 11.7844 23.4852 13.2644 23.4852Z","geometry":{"width":18.82690437474459,"height":23.48828125}}