{"path":"M4.8237 26.1377H27.8037C30.9437 26.1377 32.6337 24.4477 32.6337 21.3377V4.7977C32.6337 1.6977 30.9437 -0.0023 27.8037 -0.0023H4.8237C1.7137 -0.0023 0.0037 1.6977 0.0037 4.7977V21.3377C0.0037 24.4477 1.7137 26.1377 4.8237 26.1377ZM5.2137 22.6177C4.1137 22.6177 3.5237 22.0777 3.5237 20.9177V5.2177C3.5237 4.0577 4.1137 3.5277 5.2137 3.5277H27.4237C28.5237 3.5277 29.1037 4.0577 29.1037 5.2177V20.9177C29.1037 22.0777 28.5237 22.6177 27.4237 22.6177ZM12.3637 18.5277H13.9137C14.6537 18.5277 15.0437 18.0977 15.0437 17.4577V8.6677C15.0437 8.0277 14.6537 7.5977 13.9137 7.5977H12.3637C11.6337 7.5977 11.2337 8.0277 11.2337 8.6677V17.4577C11.2337 18.0977 11.6337 18.5277 12.3637 18.5277ZM18.7537 18.5277H20.3037C21.0237 18.5277 21.4237 18.0977 21.4237 17.4577V8.6677C21.4237 8.0277 21.0237 7.5977 20.3037 7.5977H18.7537C18.0237 7.5977 17.6237 8.0277 17.6237 8.6677V17.4577C17.6237 18.0977 18.0237 18.5277 18.7537 18.5277Z","geometry":{"width":32.634765625,"height":26.140625}}