{"path":"M0.0137 4.1716H4.3237V1.8416C4.3237 0.7016 3.6937 0.0016 2.6237 0.0016H1.6937C0.6337 0.0016 0.0137 0.7216 0.0137 1.8416ZM15.4037 32.3216H22.6537C24.8837 32.3216 26.3637 30.8116 26.3637 28.5716V4.0516C26.3637 1.7916 24.8837 0.3016 22.6537 0.3016H15.4037C13.1837 0.3016 11.6737 1.7916 11.6737 4.0516V28.5716C11.6737 30.8316 13.1837 32.3216 15.4037 32.3216ZM15.8437 29.4316C15.0837 29.4316 14.5837 28.9416 14.5837 28.2016V4.4116C14.5837 3.6816 15.0837 3.1816 15.8437 3.1816H22.2137C22.9737 3.1816 23.4737 3.6816 23.4737 4.4116V4.4416H18.2337C17.8937 4.4416 17.6237 4.7216 17.6237 5.0816C17.6237 5.4416 17.8937 5.7016 18.2337 5.7016H23.4737V6.7016H20.1237C19.7737 6.7016 19.5137 6.9716 19.5137 7.3316C19.5137 7.6816 19.7737 7.9416 20.1237 7.9416H23.4737V8.9416H20.1237C19.7737 8.9416 19.5137 9.2116 19.5137 9.5816C19.5137 9.9216 19.7737 10.2016 20.1237 10.2016H23.4737V11.1816H20.1237C19.7737 11.1816 19.5137 11.4616 19.5137 11.8116C19.5137 12.1816 19.7737 12.4316 20.1237 12.4316H23.4737V13.4216H20.1237C19.7737 13.4216 19.5137 13.7016 19.5137 14.0716C19.5137 14.4116 19.7737 14.6716 20.1237 14.6716H23.4737V15.6716H18.2337C17.8937 15.6716 17.6237 15.9416 17.6237 16.3016C17.6237 16.6616 17.8937 16.9116 18.2337 16.9116H23.4737V17.9116H20.1237C19.7737 17.9116 19.5137 18.1816 19.5137 18.5416C19.5137 18.9116 19.7737 19.1716 20.1237 19.1716H23.4737V20.1516H20.1237C19.7737 20.1516 19.5137 20.4216 19.5137 20.7916C19.5137 21.1516 19.7737 21.4116 20.1237 21.4116H23.4737V22.3916H20.1237C19.7737 22.3916 19.5137 22.6816 19.5137 23.0216C19.5137 23.3816 19.7737 23.6416 20.1237 23.6416H23.4737V24.6416H20.1237C19.7737 24.6416 19.5137 24.9116 19.5137 25.2616C19.5137 25.6316 19.7737 25.8916 20.1237 25.8916H23.4737V26.8816H18.2337C17.8937 26.8816 17.6237 27.1516 17.6237 27.5216C17.6237 27.8616 17.8937 28.1416 18.2337 28.1416H23.4737V28.2016C23.4737 28.9416 22.9737 29.4316 22.2137 29.4316ZM0.0037 28.5316L1.5037 31.9816C1.7537 32.5116 2.5337 32.5016 2.7437 32.0016L4.3237 28.5316V6.2316H0.0037Z","geometry":{"width":26.359375,"height":32.376726076751424}}