{"path":"M5.4482 25.3672C9.3482 29.2472 13.9382 30.4872 15.9882 30.7672C17.2082 30.9572 18.0382 30.4172 18.0682 29.3672C18.1082 28.4672 17.5882 27.9472 16.5882 27.6772C14.6882 27.2672 10.8382 26.2472 7.7182 23.1072C2.6882 18.0772 1.5682 10.0372 5.8482 5.7572C9.1582 2.4472 14.6082 2.6272 18.6482 4.8172L21.0082 2.4772C15.3782 -1.0228 8.0082 -0.9328 3.5882 3.4972C-1.7118 8.8072 -1.1818 18.7172 5.4482 25.3672ZM27.3382 4.8772L28.6082 3.5572C29.3082 2.8172 29.4182 1.7372 28.7082 1.0272L28.2182 0.5472C27.5982 -0.0628 26.5182 0.0572 25.8182 0.7572L24.4982 2.0472ZM13.8482 18.3672L26.2882 5.9172L23.4382 3.0872L11.0182 15.5172L9.7282 18.7772C9.5282 19.3172 10.0682 19.7972 10.5482 19.6172ZM10.9782 21.0972C15.1982 25.7272 23.1682 27.3272 27.3782 23.1172C30.7982 19.6872 30.7182 13.6072 26.8882 8.2572L24.5882 10.5672C27.1082 14.2572 27.5282 18.4272 25.1082 20.8672C22.0882 23.8772 17.2782 22.6172 14.4082 19.7972Z","geometry":{"width":29.85566077360906,"height":30.801345312684457}}