{"path":"M1.6295 26.1988C2.6195 26.1988 3.0995 25.6888 3.2795 24.8788L5.8595 13.0188H13.0095L15.6395 24.8788C15.8195 25.6888 16.2995 26.1988 17.2895 26.1988C18.6295 26.1988 19.1095 25.1688 18.8495 24.0487L16.1195 11.8788C15.8595 10.8387 15.0695 10.0188 14.0695 9.8888L10.8795 1.0388C10.6495 0.3788 10.1595 -0.0012 9.4495 -0.0012C8.7195 -0.0012 8.2195 0.3788 7.9795 1.0388L4.7995 9.8888C3.8095 10.0188 3.0095 10.8387 2.7695 11.8688L0.0695 24.0487C-0.1905 25.1788 0.2995 26.1988 1.6295 26.1988Z","geometry":{"width":18.919935897190946,"height":26.1953125}}