{"path":"M22.1279 5.3141L23.7779 3.6741C24.5879 2.8641 24.6079 1.9441 23.8579 1.1841L23.2179 0.5241C22.4679 -0.2259 21.5179 -0.1559 20.7279 0.6341L19.0779 2.2641ZM21.6279 22.1741C22.0779 22.6241 22.8179 22.6241 23.2579 22.1741C23.7079 21.7341 23.7079 20.9941 23.2579 20.5541L4.0479 1.3441C3.5979 0.8941 2.8479 0.8941 2.4079 1.3441C1.9679 1.7841 1.9679 2.5341 2.4079 2.9741ZM16.3579 11.0641L20.6179 6.7841L17.5879 3.7541L13.3179 8.0341ZM4.4779 22.9441L12.1579 15.2641L9.1079 12.2141L1.4379 19.9141L0.0479 23.4141C-0.1621 23.9641 0.3979 24.4841 0.9079 24.3041Z","geometry":{"width":24.404000966531996,"height":24.337474674515672}}