{"path":"M22.1279 5.3141L23.7779 3.6741C24.5879 2.8641 24.6079 1.9441 23.8779 1.1841L23.2179 0.5241C22.4679 -0.2259 21.5179 -0.1559 20.7279 0.6341L19.0779 2.2641ZM4.4779 22.9441L20.6179 6.7841L17.5879 3.7541L1.4279 19.9141L0.0479 23.4141C-0.1621 23.9641 0.3979 24.4941 0.9079 24.3041ZM5.9679 24.2641H27.4279C28.3979 24.2641 29.1879 23.4541 29.1879 22.4941C29.1879 21.5241 28.3979 20.7341 27.4279 20.7341H9.4879Z","geometry":{"width":29.191855612913574,"height":24.34170510702781}}