{"path":"M0.0137 4.1716H4.3237V1.8416C4.3237 0.7016 3.6937 0.0016 2.6237 0.0016H1.6937C0.6337 0.0016 0.0137 0.7216 0.0137 1.8416ZM15.2537 32.3316H22.5037C24.7337 32.3316 26.2137 30.8316 26.2137 28.5716V4.0516C26.2137 1.7916 24.7337 0.3016 22.5037 0.3016H15.2537C13.0137 0.3016 11.5237 1.8016 11.5237 4.0616V28.5916C11.5237 30.8316 13.0137 32.3316 15.2537 32.3316ZM23.1637 5.1316H18.1037C17.7437 5.1316 17.4737 4.8816 17.4737 4.5116C17.4737 4.1516 17.7437 3.8816 18.0837 3.8816H23.1637ZM0.0037 28.5316L1.5037 31.9816C1.7537 32.5116 2.5337 32.5016 2.7437 32.0016L4.3237 28.5316V6.2316H0.0037ZM23.1637 7.4916H19.9837C19.6237 7.4916 19.3637 7.2316 19.3637 6.8816C19.3637 6.5216 19.6237 6.2316 19.9737 6.2316H23.1637ZM23.1637 9.8616H19.9837C19.6237 9.8616 19.3637 9.6016 19.3637 9.2316C19.3637 8.8916 19.6237 8.6016 19.9737 8.6016H23.1637ZM23.1637 12.2116H19.9837C19.6237 12.2116 19.3637 11.9616 19.3637 11.5916C19.3637 11.2416 19.6237 10.9516 19.9737 10.9516H23.1637ZM23.1637 14.5616H19.9837C19.6237 14.5616 19.3637 14.3316 19.3637 13.9616C19.3637 13.6216 19.6237 13.3116 19.9737 13.3116H23.1637ZM23.1637 16.9216H18.1037C17.7437 16.9216 17.4737 16.6816 17.4737 16.3116C17.4737 15.9716 17.7437 15.6716 18.0837 15.6716H23.1637ZM23.1637 19.2916H19.9837C19.6237 19.2916 19.3637 19.0416 19.3637 18.6616C19.3637 18.3216 19.6237 18.0316 19.9737 18.0316H23.1637ZM23.1637 21.6416H19.9837C19.6237 21.6416 19.3637 21.3916 19.3637 21.0316C19.3637 20.6816 19.6237 20.4016 19.9737 20.4016H23.1637ZM23.1637 23.9916H19.9837C19.6237 23.9916 19.3637 23.7516 19.3637 23.3816C19.3637 23.0416 19.6237 22.7516 19.9737 22.7516H23.1637ZM23.1637 26.3616H19.9837C19.6237 26.3616 19.3637 26.1116 19.3637 25.7416C19.3637 25.4016 19.6237 25.1116 19.9737 25.1116H23.1637ZM23.1637 28.7116H18.1037C17.7437 28.7116 17.4737 28.4816 17.4737 28.1116C17.4737 27.7516 17.7437 27.4716 18.0837 27.4716H23.1637Z","geometry":{"width":26.208984375,"height":32.376726076751424}}