{"path":"M0.2982 14.2528L4.3082 26.4328C5.0282 28.6428 6.6482 29.8528 8.9982 29.8528H21.8482C24.1982 29.8528 25.8182 28.6428 26.5382 26.4328L30.5282 14.2728C31.2782 12.0028 30.6582 10.0928 28.7982 8.7228L18.3582 1.0528C16.4382 -0.3472 14.4082 -0.3472 12.4882 1.0528L2.0482 8.7228C0.1882 10.0928 -0.4318 12.0028 0.2982 14.2528ZM15.4182 3.5328C15.7482 3.5328 16.0882 3.6628 16.4582 3.9228L26.5782 11.3828C27.3182 11.9428 27.5082 12.5228 27.2382 13.3728L23.3382 25.2028C23.0782 26.0228 22.5282 26.4028 21.6682 26.4028H15.4182Z","geometry":{"width":30.840481407585692,"height":29.84912109375}}