{"path":"M0.301 14.2528L4.311 26.4328C5.031 28.6428 6.641 29.8528 9.001 29.8528H21.851C24.201 29.8528 25.811 28.6428 26.541 26.4328L30.531 14.2728C31.281 12.0028 30.651 10.0928 28.791 8.7228L18.361 1.0528C16.431 -0.3472 14.411 -0.3472 12.481 1.0528L2.051 8.7228C0.191 10.0928 -0.439 12.0028 0.301 14.2528ZM3.611 13.3428C3.341 12.5128 3.531 11.9428 4.271 11.3828L14.381 3.9228C15.091 3.4028 15.741 3.4028 16.461 3.9228L26.581 11.3828C27.321 11.9428 27.511 12.5228 27.231 13.3728L23.341 25.2028C23.081 26.0228 22.531 26.4028 21.671 26.4028H9.171C8.311 26.4028 7.771 26.0228 7.511 25.2028Z","geometry":{"width":30.840481407585685,"height":29.84912109375}}