{"path":"M5.9037 25.9163C6.6737 26.3663 7.7337 26.2063 8.2837 25.3863L23.4837 2.6363C24.0937 1.7363 23.8337 0.6763 23.0137 0.2163C22.2537 -0.2037 21.2837 -0.0137 20.7037 0.8563L5.4937 23.5263C4.8837 24.4463 5.1037 25.4363 5.9037 25.9163ZM5.5337 13.5563C8.9437 13.5563 11.0737 11.0063 11.0737 6.8363C11.0737 2.6363 8.9137 0.1763 5.5337 0.1763C2.1637 0.1763 0.0037 2.6463 0.0037 6.8463C0.0037 11.0263 2.1337 13.5563 5.5337 13.5563ZM5.5337 10.7863C4.1937 10.7863 3.4837 9.4163 3.4837 6.8463C3.4837 4.3063 4.2137 2.9463 5.5337 2.9463C6.8637 2.9463 7.5837 4.2863 7.5837 6.8463C7.5837 9.4163 6.8637 10.7863 5.5337 10.7863ZM23.4037 26.0263C26.8137 26.0263 28.9437 23.4763 28.9437 19.3063C28.9437 15.0863 26.7837 12.6263 23.4037 12.6263C20.0337 12.6263 17.8737 15.1063 17.8737 19.3063C17.8737 23.4863 20.0037 26.0263 23.4037 26.0263ZM23.4037 23.2563C22.0637 23.2563 21.3537 21.8863 21.3537 19.3063C21.3537 16.7563 22.0837 15.4063 23.4037 15.4063C24.7337 15.4063 25.4537 16.7463 25.4537 19.3063C25.4537 21.8863 24.7337 23.2563 23.4037 23.2563Z","geometry":{"width":28.943359375,"height":26.165545366983142}}