{"path":"M4.8237 26.1377H21.3137C24.4437 26.1377 26.1437 24.4477 26.1437 21.3377V4.7977C26.1437 1.6977 24.4437 -0.0023 21.3137 -0.0023H4.8237C1.7137 -0.0023 0.0037 1.6977 0.0037 4.7977V21.3377C0.0037 24.4477 1.7137 26.1377 4.8237 26.1377ZM3.5237 20.9177V5.2377C3.5237 4.0777 4.1137 3.5277 5.2137 3.5277H20.9337C22.0237 3.5277 22.6137 4.0777 22.6137 5.2377V20.9177C22.6137 21.8777 22.2037 22.4177 21.4337 22.5677C20.1437 19.7277 16.8937 17.8277 13.0837 17.8277C9.2537 17.8277 6.0137 19.7277 4.7137 22.5677C3.9337 22.4177 3.5237 21.8877 3.5237 20.9177ZM13.0837 15.7677C15.7137 15.7777 17.7237 13.5477 17.7237 10.6877C17.7237 8.0077 15.6837 5.7177 13.0837 5.7177C10.4837 5.7177 8.4337 8.0077 8.4537 10.6877C8.4537 13.5477 10.4637 15.7477 13.0837 15.7677Z","geometry":{"width":26.140625,"height":26.140625}}