{"path":"M0.0037 3.2302V20.0402C0.0037 22.4602 0.7937 23.2702 2.1437 23.2702C5.6337 23.2702 10.4337 18.7202 10.4337 11.6302C10.4337 4.5402 5.6337 0.0002 2.1437 0.0002C0.7937 0.0002 0.0037 0.8102 0.0037 3.2302ZM12.8137 11.6302C12.8137 14.7102 15.5137 17.2302 18.9537 17.2302C22.2837 17.2302 24.9537 14.7002 24.9537 11.6302C24.9537 8.5902 22.2537 6.0302 18.9337 6.0402C15.5137 6.0602 12.8137 8.5602 12.8137 11.6302Z","geometry":{"width":24.951171875,"height":23.26953125}}