{"path":"M11.6337 12.1274C14.7137 12.1274 17.2237 9.4374 17.2237 5.9974C17.2237 2.6674 14.6937 -0.0026 11.6337 -0.0026C8.5837 -0.0026 6.0337 2.6974 6.0437 6.0174C6.0537 9.4374 8.5537 12.1274 11.6337 12.1274ZM23.6637 9.7074C21.2737 9.7074 19.3637 11.6174 19.3637 13.9774C19.3637 15.7274 20.3537 17.2374 21.9137 17.9274V23.8974C21.9137 24.1274 22.0137 24.3474 22.1737 24.4974L23.3237 25.5974C23.5337 25.7874 23.8537 25.7974 24.0937 25.5674L26.0837 23.5874C26.3337 23.3274 26.3037 22.9674 26.0737 22.7274L25.0737 21.6974L26.5337 20.2374C26.7737 19.9974 26.7837 19.6374 26.5237 19.3574L25.1537 17.9874C26.9337 17.1474 27.9637 15.6974 27.9637 13.9774C27.9637 11.6174 26.0337 9.7074 23.6637 9.7074ZM23.6537 11.6474C24.3537 11.6474 24.9237 12.2274 24.9237 12.9174C24.9237 13.6174 24.3537 14.1874 23.6537 14.1874C22.9737 14.1874 22.3837 13.6174 22.3837 12.9174C22.3837 12.2274 22.9537 11.6474 23.6537 11.6474ZM2.6637 24.9474H20.1437C20.0037 24.6274 19.9337 24.2674 19.9337 23.8974V19.1374C18.9637 18.3774 18.2937 17.2974 18.0037 16.1074C16.2837 15.1474 14.1237 14.5174 11.6337 14.5174C4.5537 14.5174 0.0037 19.3074 0.0037 22.8074C0.0037 24.1474 0.9937 24.9474 2.6637 24.9474Z","geometry":{"width":27.958984375,"height":25.739055054194928}}