{"path":"M8.4527 16.9379H9.2427C9.0927 15.8279 9.0327 14.6879 9.2327 13.7379H8.6127C5.5127 13.7379 3.3527 11.5779 3.3527 8.4579C3.3527 5.3579 5.5227 3.1879 8.6127 3.1879H20.6327C23.7027 3.1879 25.8927 5.3579 25.8927 8.4579C25.8927 11.5779 23.7227 13.7379 20.6327 13.7379H16.9527C16.2427 14.3579 16.2827 16.1879 17.1127 16.9379H20.7827C25.7327 16.9379 29.2327 13.4379 29.2327 8.4579C29.2327 3.4979 25.7327 -0.0021 20.7827 -0.0021H8.4527C3.5127 -0.0021 0.0027 3.4979 0.0027 8.4579C0.0027 13.4379 3.5127 16.9379 8.4527 16.9379ZM19.5527 23.5679H31.8827C36.8227 23.5679 40.3327 20.0679 40.3327 15.1079C40.3327 10.1279 36.8227 6.6279 31.8827 6.6279H31.0927C31.2527 7.7279 31.2927 8.8779 31.1027 9.8279H31.7227C34.8227 9.8279 36.9827 11.9879 36.9827 15.1079C36.9827 18.2079 34.8127 20.3879 31.7227 20.3879H19.7027C16.6227 20.3879 14.4327 18.2079 14.4327 15.1079C14.4327 11.9879 16.6127 9.8279 19.7027 9.8279H23.3827C24.0127 9.1279 23.9627 7.3779 23.2027 6.6279H19.5527C14.6027 6.6279 11.1027 10.1279 11.1027 15.1079C11.1027 20.0679 14.6027 23.5679 19.5527 23.5679Z","geometry":{"width":40.33203125,"height":23.5703125}}