{"path":"M25.2237 9.6281C26.0837 9.6281 26.6837 9.1881 26.7837 8.5881C26.7837 8.5481 26.7937 8.4781 26.7937 8.4381C26.9037 7.8181 27.4537 7.3781 28.2337 6.8781C29.6237 5.9881 30.3637 5.2181 30.3637 3.7181C30.3637 1.4381 28.2737 -0.0019 25.6737 -0.0019C23.3337 -0.0019 21.6737 0.9981 21.1637 2.3081C21.0637 2.5681 21.0137 2.8181 21.0137 3.1081C21.0137 3.8381 21.5737 4.3881 22.3137 4.3881C22.8737 4.3881 23.2837 4.1881 23.5837 3.7781L23.7437 3.5681C24.1837 2.9081 24.7237 2.6281 25.3737 2.6281C26.2537 2.6281 26.8637 3.1681 26.8637 3.8981C26.8637 4.6581 26.2937 5.0281 25.1937 5.7981C24.2437 6.4481 23.5737 7.1181 23.5737 8.1881V8.2981C23.5737 9.1781 24.1737 9.6281 25.2237 9.6281ZM11.6337 13.0981C14.7137 13.0981 17.2237 10.4081 17.2237 6.9681C17.2237 3.6381 14.6837 0.9681 11.6337 0.9681C8.5837 0.9681 6.0337 3.6681 6.0437 6.9881C6.0437 10.4081 8.5537 13.0981 11.6337 13.0981ZM25.2237 14.0181C26.2537 14.0181 27.0337 13.3581 27.0337 12.3681C27.0337 11.3881 26.2537 10.7281 25.2237 10.7281C24.1837 10.7281 23.3937 11.3881 23.3937 12.3681C23.3937 13.3581 24.2037 14.0181 25.2237 14.0181ZM2.6637 25.9181H20.6037C22.2737 25.9181 23.2737 25.1181 23.2737 23.7781C23.2737 20.2781 18.7137 15.4881 11.6337 15.4881C4.5437 15.4881 0.0037 20.2781 0.0037 23.7781C0.0037 25.1181 0.9937 25.9181 2.6637 25.9181Z","geometry":{"width":30.365234375,"height":25.921875}}