{"path":"M5.6437 2.0358H23.0737C22.9737 0.7258 22.1437 -0.0042 20.7537 -0.0042H7.9737C6.5737 -0.0042 5.7537 0.7258 5.6437 2.0358ZM2.9137 6.2658H25.8137C25.6337 4.8658 24.8737 4.0458 23.2737 4.0458H5.4437C3.8437 4.0458 3.0937 4.8658 2.9137 6.2658ZM4.6637 31.5958H24.0537C27.0737 31.5958 28.7137 29.9558 28.7137 26.9658V13.1558C28.7137 10.1758 27.0737 8.5358 24.0537 8.5358H4.6637C1.6437 8.5358 0.0037 10.1758 0.0037 13.1558V26.9658C0.0037 29.9558 1.6437 31.5958 4.6637 31.5958ZM14.4137 22.1458C12.1037 22.1258 10.3237 20.1758 10.3037 17.6658C10.3037 15.2858 12.1237 13.2658 14.4137 13.2658C16.7037 13.2658 18.5137 15.2858 18.5137 17.6658C18.5137 20.1758 16.7337 22.1658 14.4137 22.1458ZM6.9137 28.3058C7.9937 25.6758 10.9237 23.8858 14.4137 23.8858C17.8937 23.8858 20.8337 25.6758 21.9137 28.3058Z","geometry":{"width":28.7109375,"height":31.595703125}}