{"path":"M18.8409 12.1274C21.9209 12.1274 24.4309 9.4374 24.4309 5.9974C24.4309 2.6674 21.8909 -0.0026 18.8409 -0.0026C15.7809 -0.0026 13.2309 2.6974 13.2509 6.0174C13.2509 9.4374 15.7609 12.1274 18.8409 12.1274ZM26.6909 5.9974C26.6909 6.7274 27.2709 7.2974 28.0009 7.2974H31.4009V9.0074C31.4009 10.0774 32.4409 10.4774 33.3009 9.8174L37.2509 6.8174C37.8009 6.4074 37.7909 5.6374 37.2509 5.2074L33.3009 2.2174C32.4609 1.5674 31.4009 1.9274 31.4009 3.0474V4.7074H28.0009C27.2709 4.7074 26.6909 5.2774 26.6909 5.9974ZM0.4109 6.8174L4.3609 9.8174C5.2109 10.4774 6.2609 10.0774 6.2609 9.0074V7.2974H9.6709C10.3909 7.2974 10.9609 6.7274 10.9609 5.9974C10.9609 5.2774 10.3909 4.7074 9.6709 4.7074H6.2609V3.0474C6.2609 1.9274 5.2109 1.5674 4.3609 2.2174L0.4109 5.2074C-0.1391 5.6374 -0.1391 6.4074 0.4109 6.8174ZM9.8609 24.9474H27.8109C29.4609 24.9474 30.4609 24.1474 30.4609 22.8074C30.4609 19.3074 25.9209 14.5174 18.8309 14.5174C11.7409 14.5174 7.2009 19.3074 7.2009 22.8074C7.2009 24.1474 8.1909 24.9474 9.8609 24.9474Z","geometry":{"width":37.66090489511062,"height":24.951171875}}