{"path":"M4.8237 26.1377H27.8037C30.9437 26.1377 32.6337 24.4477 32.6337 21.3377V4.7977C32.6337 1.6977 30.9437 -0.0023 27.8037 -0.0023H4.8237C1.7137 -0.0023 0.0037 1.6977 0.0037 4.7977V21.3377C0.0037 24.4477 1.7137 26.1377 4.8237 26.1377ZM6.0837 18.8777C4.7337 18.8777 4.0637 18.2277 4.0637 16.8977V9.2377C4.0637 7.9177 4.7337 7.2577 6.0837 7.2577H13.6437C15.0237 7.2577 15.6837 7.9277 15.6837 9.2377V16.8977C15.6837 18.2277 15.0237 18.8777 13.6437 18.8777ZM23.6637 18.7577C20.2337 18.7577 17.9637 16.5177 17.9637 13.0877C17.9637 9.6477 20.2437 7.3577 23.6137 7.3577C26.8637 7.3577 29.1037 9.4477 29.1037 12.4777C29.1037 14.7077 28.0537 16.1877 26.4437 16.1877C25.7737 16.1877 25.1837 15.9177 24.8737 15.4377C24.4737 15.9177 23.8937 16.1877 23.2537 16.1877C21.7237 16.1877 20.6537 14.9277 20.6537 13.0877C20.6537 11.2977 21.7237 10.0077 23.2137 10.0077C23.7637 10.0077 24.2237 10.2177 24.6137 10.5577V10.4977C24.7037 10.2177 25.0237 10.0077 25.3337 10.0077C25.7837 10.0077 26.1537 10.3477 26.1537 10.8377V14.1677C26.1537 14.5377 26.2937 14.6377 26.5937 14.6377C27.1637 14.6377 27.5537 13.8477 27.5537 12.5777C27.5537 10.3777 25.9637 8.9177 23.6137 8.9177C21.2437 8.9177 19.6437 10.5977 19.6437 13.0977C19.6437 15.6377 21.2237 17.1577 23.8437 17.1577C24.7237 17.1577 25.1037 16.9977 25.5437 16.9077C25.7037 16.8977 25.8137 16.8677 25.9537 16.8677C26.3637 16.8677 26.6637 17.1877 26.6637 17.5977C26.6637 17.9877 26.4137 18.2477 25.9737 18.4477C25.4437 18.6577 24.5937 18.7577 23.6637 18.7577ZM9.8737 14.1377C11.0737 14.1377 12.0337 13.0977 12.0337 11.7577C12.0337 10.4877 11.0737 9.4577 9.8737 9.4577C8.6537 9.4577 7.7137 10.4877 7.7137 11.7577C7.7137 13.0977 8.6537 14.1377 9.8737 14.1377ZM23.5037 14.5777C24.1837 14.5777 24.6137 13.9877 24.6137 13.0277C24.6137 12.1177 24.1837 11.5477 23.5337 11.5477C22.8337 11.5477 22.4337 12.0977 22.4337 13.0577C22.4337 14.0277 22.8337 14.5777 23.5037 14.5777ZM5.9037 17.2777H13.8337C13.3337 16.1177 11.8037 15.1877 9.8737 15.1877C7.9337 15.1877 6.3937 16.1177 5.9037 17.2777Z","geometry":{"width":32.634765625,"height":26.140625}}