{"path":"M27.7927 25.1395C32.2627 25.1395 35.8227 21.8495 35.8227 17.7095C35.8227 14.7395 34.1627 12.0195 31.3927 10.8695C31.3727 4.5495 26.8127 -0.0005 20.8627 -0.0005C17.3227 -0.0005 14.4627 1.7195 12.6227 4.3295C8.9827 3.4995 5.3727 6.1295 5.1427 10.0195C1.9527 10.6795 0.0027 13.5795 0.0027 17.1195C0.0027 21.5095 3.8427 25.1395 8.7927 25.1395ZM27.7927 21.6195H26.0627C24.8927 19.4595 22.2627 17.3995 18.6227 17.3995C14.9827 17.3995 12.3627 19.4595 11.1827 21.6195H8.8027C5.8427 21.6195 3.6127 19.5495 3.6127 17.1195C3.6127 14.4095 5.3427 12.5895 7.9727 12.5895C8.1927 12.5895 8.2827 12.4795 8.2727 12.2595C8.0427 8.3995 10.7827 6.8195 13.9327 7.7495C14.1127 7.8095 14.2327 7.7695 14.3327 7.5995C15.7227 5.2095 17.6327 3.5295 20.8227 3.5295C24.8527 3.5295 27.8127 6.7095 28.0127 10.5595C28.0527 11.4395 27.9827 12.3295 27.9027 13.0295C27.8727 13.2295 27.9627 13.3395 28.1627 13.3695C30.6427 13.7395 32.2227 15.3995 32.2227 17.7095C32.2227 19.8795 30.2827 21.6195 27.7927 21.6195ZM18.6227 15.8695C20.6027 15.8895 22.1627 14.1395 22.1627 11.9995C22.1627 9.9495 20.5927 8.2295 18.6227 8.2295C16.6627 8.2295 15.0927 9.9495 15.0927 11.9995C15.0927 14.1195 16.6527 15.8695 18.6227 15.8695Z","geometry":{"width":35.8203125,"height":25.142578125}}