{"path":"M19.2863 28.8886C27.2463 28.8886 33.7263 22.3386 33.7263 14.4386C33.7263 6.5186 27.2063 -0.0014 19.2763 -0.0014C11.9663 -0.0014 5.8663 5.5486 4.9763 12.6286C6.0962 12.3186 7.4463 12.2786 8.6363 12.5086C9.5263 7.4286 13.9363 3.5986 19.2763 3.5986C25.2963 3.5986 30.1363 8.4386 30.1363 14.4386C30.1363 17.4186 28.9563 20.0886 27.0263 22.0386C25.5163 20.5186 22.7863 19.2786 19.2763 19.2786C18.1863 19.2786 17.1563 19.3986 16.2263 19.6186C16.3763 20.2486 16.4563 20.9186 16.4563 21.5886C16.4563 23.9786 15.5063 26.1786 13.9763 27.8486C15.6263 28.5186 17.4162 28.8886 19.2863 28.8886ZM19.2763 17.1586C21.9563 17.1686 24.0263 14.8886 24.0263 11.9586C24.0263 9.2186 21.9263 6.8786 19.2763 6.8786C16.6263 6.8786 14.5163 9.2186 14.5463 11.9586C14.5563 14.8786 16.6163 17.1486 19.2763 17.1586ZM7.2063 28.8086C11.1263 28.8086 14.3963 25.5286 14.3963 21.5986C14.3963 17.6686 11.1563 14.4086 7.2063 14.4086C3.2563 14.4086 -0.0038 17.6686 -0.0038 21.5986C-0.0038 25.5386 3.2563 28.8086 7.2063 28.8086ZM6.9563 23.2786C6.3462 23.2786 5.8563 22.9686 5.8563 22.3686V22.3086C5.8563 21.5986 6.2863 21.1686 6.9363 20.7286C7.6463 20.2386 8.0563 19.9486 8.0563 19.4686C8.0563 19.0486 7.7263 18.7686 7.2363 18.7686C6.7963 18.7686 6.5063 18.9586 6.2063 19.2686C5.9763 19.4986 5.7163 19.7586 5.2063 19.7586C4.5162 19.7586 4.1463 19.3286 4.1463 18.8286C4.1463 17.5986 5.7463 16.7986 7.3163 16.7986C9.1962 16.7986 10.5163 17.8686 10.5163 19.3486C10.5163 20.5386 9.7063 20.9286 8.9263 21.4786C8.4863 21.7886 8.2162 22.0386 8.1163 22.4886C7.9663 23.0186 7.5363 23.2786 6.9563 23.2786ZM6.9463 26.2886C6.2163 26.2886 5.6463 25.8086 5.6463 25.0986C5.6463 24.4186 6.2163 23.9286 6.9463 23.9286C7.6863 23.9286 8.2263 24.4186 8.2263 25.0986C8.2263 25.8086 7.6863 26.2886 6.9463 26.2886Z","geometry":{"width":33.728515625,"height":28.888671875}}