{"path":"M12.1537 13.0959C15.5537 13.0959 18.2837 10.1459 18.2837 6.4759C18.2837 2.8959 15.5337 -0.0041 12.1537 -0.0041C8.8037 -0.0041 6.0337 2.9159 6.0437 6.4959C6.0537 10.1459 8.7637 13.0959 12.1537 13.0959ZM12.1537 10.1959C10.4637 10.1959 9.0237 8.6559 9.0137 6.4759C8.9937 4.4059 10.4637 2.8859 12.1537 2.8859C13.8737 2.8859 15.3137 4.3859 15.3137 6.4759C15.3137 8.6359 13.8937 10.1959 12.1537 10.1959ZM24.1837 10.1859C21.7937 10.1859 19.8937 12.0959 19.8937 14.4559C19.8937 16.2059 20.8937 17.7159 22.4337 18.4059V24.3759C22.4337 24.6059 22.5337 24.8259 22.6937 24.9759L23.8437 26.0759C24.0537 26.2659 24.3737 26.2759 24.6137 26.0459L26.6037 24.0659C26.8537 23.8059 26.8237 23.4459 26.5937 23.2059L25.5937 22.1759L27.0537 20.7159C27.3037 20.4759 27.3037 20.1159 27.0437 19.8359L25.6737 18.4659C27.4537 17.6259 28.4737 16.1759 28.4737 14.4559C28.4737 12.0959 26.5537 10.1859 24.1837 10.1859ZM24.1737 12.1259C24.8737 12.1259 25.4437 12.7059 25.4437 13.3959C25.4437 14.0959 24.8737 14.6659 24.1737 14.6659C23.4837 14.6659 22.9037 14.0959 22.9037 13.3959C22.9037 12.7059 23.4737 12.1259 24.1737 12.1259ZM3.7437 25.9059H20.9037C20.6337 25.4659 20.4637 24.9659 20.4637 24.4459C20.4637 23.9659 20.4537 23.4859 20.4537 23.0259H3.6537C3.3737 23.0259 3.2937 22.9159 3.2937 22.7059C3.2937 20.8759 6.5237 17.4059 12.1537 17.4059C16.3537 17.4059 19.1937 19.3759 20.2337 20.9959V19.4259C19.0537 18.5259 18.2937 17.1959 18.0837 15.7259C16.3937 14.9859 14.3837 14.5159 12.1537 14.5159C4.9637 14.5159 0.0037 19.2659 0.0037 23.2859C0.0037 25.0559 1.2437 25.9059 3.7437 25.9059Z","geometry":{"width":28.478515625,"height":26.217570679194928}}