{"path":"M18.7841 12.1274C21.8641 12.1274 24.3741 9.4374 24.3741 5.9974C24.3741 2.6674 21.8441 -0.0026 18.7841 -0.0026C15.7341 -0.0026 13.1841 2.6974 13.1941 6.0174C13.2041 9.4374 15.7041 12.1274 18.7841 12.1274ZM18.7841 14.5174C16.7041 14.5174 14.8441 14.9474 13.2941 15.6374C15.2341 17.3374 16.4641 19.8074 16.4641 22.5674C16.4641 23.3974 16.3541 24.1874 16.1341 24.9474H27.1941C29.6141 24.9474 30.4241 24.1574 30.4241 22.8074C30.4241 19.3074 25.8841 14.5174 18.7841 14.5174ZM7.2041 29.7774C11.1241 29.7774 14.4141 26.4974 14.4141 22.5674C14.4141 18.6374 11.1541 15.3774 7.2041 15.3774C3.2641 15.3774 0.0041 18.6374 0.0041 22.5674C0.0041 26.5274 3.2641 29.7774 7.2041 29.7774ZM7.2041 27.2374C6.5441 27.2374 6.1141 26.7974 6.1141 26.1374V23.6774H3.6641C3.0041 23.6774 2.5741 23.2374 2.5541 22.5874C2.5541 21.9174 2.9941 21.4774 3.6641 21.4774H6.1141V19.0474C6.1141 18.3874 6.5441 17.9474 7.2041 17.9474C7.8641 17.9374 8.2941 18.3774 8.2941 19.0474V21.4774H10.7641C11.4041 21.4774 11.8541 21.9174 11.8541 22.5874C11.8541 23.2374 11.4041 23.6774 10.7641 23.6774H8.2941V26.1374C8.2941 26.7974 7.8641 27.2374 7.2041 27.2374Z","geometry":{"width":30.419921875,"height":29.77734375}}