{"path":"M28.8237 20.8529C29.6237 21.3329 30.6137 21.1429 31.1337 20.3429C32.9737 17.6229 34.0137 14.1629 34.0137 10.5629C34.0137 6.9529 32.9737 3.4629 31.1337 0.7729C30.6137 -0.0271 29.6237 -0.2171 28.8237 0.2529C27.9337 0.7829 27.8237 1.8629 28.4337 2.8329C29.8337 4.9829 30.6237 7.7129 30.6237 10.5629C30.6237 13.4029 29.8137 16.1229 28.4337 18.2829C27.8337 19.2529 27.9337 20.3329 28.8237 20.8529ZM22.6637 17.0529C23.4337 17.5329 24.4037 17.3529 24.9137 16.6429C26.1037 15.0129 26.7937 12.8429 26.7937 10.5629C26.7937 8.2729 26.1037 6.1029 24.9137 4.4629C24.4037 3.7629 23.4337 3.5729 22.6637 4.0629C21.8237 4.5929 21.6337 5.6229 22.3237 6.7429C23.0237 7.7829 23.4037 9.1329 23.4037 10.5629C23.4037 11.9629 23.0137 13.3229 22.3237 14.3729C21.6337 15.5029 21.8237 16.5229 22.6637 17.0529ZM12.1537 17.1729C15.5537 17.1729 18.2837 14.2229 18.2837 10.5629C18.2837 6.9729 15.5337 4.0729 12.1537 4.0729C8.8037 4.0729 6.0337 7.0029 6.0437 10.5729C6.0537 14.2229 8.7637 17.1729 12.1537 17.1729ZM12.1537 14.2729C10.4637 14.2729 9.0137 12.6729 9.0137 10.5629C8.9937 8.5529 10.4637 6.9629 12.1537 6.9629C13.8737 6.9629 15.3137 8.5329 15.3137 10.5629C15.3137 12.6529 13.8937 14.2729 12.1537 14.2729ZM3.7437 30.0929H20.5637C23.0737 30.0929 24.3037 29.2429 24.3037 27.4729C24.3037 23.4529 19.3637 18.7029 12.1537 18.7029C4.9637 18.7029 0.0037 23.4529 0.0037 27.4729C0.0037 29.2429 1.2437 30.0929 3.7437 30.0929ZM3.6537 27.2129C3.3737 27.2129 3.2937 27.1029 3.2937 26.8929C3.2937 25.0629 6.5237 21.5929 12.1537 21.5929C17.7837 21.5929 21.0237 25.0629 21.0237 26.8929C21.0237 27.1029 20.9337 27.2129 20.6737 27.2129Z","geometry":{"width":34.015625,"height":30.095136256116255}}