{"path":"M4.8237 26.1377H27.8037C30.9437 26.1377 32.6337 24.4477 32.6337 21.3377V4.7977C32.6337 1.6977 30.9437 -0.0023 27.8037 -0.0023H4.8237C1.7137 -0.0023 0.0037 1.6977 0.0037 4.7977V21.3377C0.0037 24.4477 1.7137 26.1377 4.8237 26.1377ZM5.2137 22.6177C4.1137 22.6177 3.5237 22.0777 3.5237 20.9177V5.2177C3.5237 4.0577 4.1137 3.5277 5.2137 3.5277H27.4237C28.5237 3.5277 29.1037 4.0577 29.1037 5.2177V20.9177C29.1037 22.0777 28.5237 22.6177 27.4237 22.6177ZM11.1537 12.9777C12.7437 12.9877 14.0237 11.6377 14.0237 9.8477C14.0237 8.1577 12.7437 6.7677 11.1537 6.7677C9.5737 6.7677 8.2837 8.1577 8.2837 9.8477C8.2837 11.6377 9.5737 12.9777 11.1537 12.9777ZM19.6637 8.8777H26.1037C26.6237 8.8777 27.0137 8.4677 27.0137 7.9477C27.0137 7.4377 26.6237 7.0577 26.1037 7.0577H19.6637C19.1237 7.0577 18.7337 7.4377 18.7337 7.9477C18.7337 8.4677 19.1237 8.8777 19.6637 8.8777ZM19.6637 13.9877H26.1037C26.6237 13.9877 27.0137 13.5877 27.0137 13.0677C27.0137 12.5677 26.6237 12.1677 26.1037 12.1677H19.6637C19.1237 12.1677 18.7337 12.5677 18.7337 13.0677C18.7337 13.5877 19.1237 13.9877 19.6637 13.9877ZM6.3137 19.0977H15.9937C16.5537 19.0977 16.8437 18.6877 16.8437 18.1677C16.8437 16.9377 15.0937 13.8377 11.1537 13.8377C7.2237 13.8377 5.4537 16.9377 5.4537 18.1677C5.4537 18.6877 5.7537 19.0977 6.3137 19.0977ZM19.6637 19.0977H26.1037C26.6237 19.0977 27.0137 18.7077 27.0137 18.1977C27.0137 17.6877 26.6237 17.2777 26.1037 17.2777H19.6637C19.1237 17.2777 18.7337 17.6877 18.7337 18.1977C18.7337 18.7077 19.1237 19.0977 19.6637 19.0977Z","geometry":{"width":32.634765625,"height":26.140625}}