{"path":"M34.9951 26.1377C38.1151 26.1377 39.8251 24.4477 39.8251 21.3377V4.7977C39.8251 1.6977 38.1151 -0.0023 34.9951 -0.0023H12.0151C8.9051 -0.0023 7.1951 1.6977 7.1951 4.7977V12.0277C12.0751 12.0477 16.1151 15.8977 16.4151 20.6977C18.0351 18.9077 20.6051 17.7877 23.5151 17.7877C27.3851 17.7877 30.6551 19.7977 31.8551 22.7077H16.2651C16.1351 23.9577 15.6951 25.1177 15.0351 26.1377ZM23.5151 15.6577C20.9051 15.6377 18.9251 13.4677 18.9051 10.6477C18.9051 7.9877 20.9351 5.7177 23.5151 5.7177C26.0851 5.7177 28.1051 7.9877 28.1051 10.6477C28.1051 13.4677 26.1151 15.6777 23.5151 15.6577ZM7.1951 28.4877C11.1151 28.4877 14.3951 25.2277 14.3951 21.2877C14.3951 17.3477 11.1451 14.0977 7.1951 14.0977C3.2551 14.0977 -0.0049 17.3477 -0.0049 21.2877C-0.0049 25.2377 3.2551 28.4877 7.1951 28.4877ZM7.1951 25.9477C6.5351 25.9477 6.0951 25.5077 6.0951 24.8577V22.3977H3.6551C3.0051 22.3977 2.5551 21.9577 2.5551 21.2977C2.5451 20.6277 2.9851 20.1977 3.6551 20.1977H6.0951V17.7577C6.0951 17.1077 6.5351 16.6677 7.1951 16.6677C7.8651 16.6477 8.2951 17.0877 8.2951 17.7577V20.1977H10.7451C11.4051 20.1977 11.8351 20.6277 11.8351 21.2977C11.8351 21.9577 11.4051 22.3977 10.7451 22.3977H8.2951V24.8577C8.2951 25.5077 7.8651 25.9477 7.1951 25.9477Z","geometry":{"width":39.826171875,"height":28.4921875}}