{"path":"M0.0037 28.7802C0.0037 29.5702 0.5237 30.0902 1.3137 30.0902H22.9237C23.7237 30.0902 24.2437 29.5702 24.2437 28.7802V1.3302C24.2437 0.5302 23.7237 0.0002 22.9237 0.0002H1.3137C0.5237 0.0002 0.0037 0.5302 0.0037 1.3302ZM3.3637 26.3502V3.7502C3.3637 3.5002 3.4837 3.3802 3.7437 3.3802H20.4937C20.7537 3.3802 20.8737 3.5002 20.8737 3.7502V26.3502C20.8737 26.6102 20.7537 26.7302 20.4937 26.7302H3.7437C3.4837 26.7302 3.3637 26.6102 3.3637 26.3502ZM4.6437 24.8302C4.6437 25.2402 4.8537 25.4602 5.2337 25.4602H19.0037C19.3837 25.4602 19.6037 25.2402 19.6037 24.8302V5.2602C19.6037 4.8502 19.3837 4.6502 19.0037 4.6502H5.2337C4.8537 4.6502 4.6437 4.8502 4.6437 5.2602ZM12.1137 18.2902C9.1737 18.2902 7.2437 19.7402 6.2037 21.1802V6.4702C6.2037 6.3002 6.3037 6.2202 6.4537 6.2202H17.7837C17.9537 6.2202 18.0337 6.3002 18.0337 6.4702V21.2002C16.9937 19.7402 15.0637 18.2902 12.1137 18.2902ZM12.1137 17.2702C14.0237 17.2802 15.5737 15.6502 15.5737 13.4902C15.5737 11.4702 14.0237 9.8002 12.1137 9.8002C10.2037 9.8002 8.6537 11.4702 8.6537 13.4902C8.6537 15.6502 10.2037 17.2702 12.1137 17.2702Z","geometry":{"width":24.240234375,"height":30.091796875}}