{"path":"M1.7637 9.8597C2.9137 9.8597 3.5237 9.2197 3.5237 8.0797V5.2397C3.5237 4.0597 4.1137 3.5297 5.2137 3.5297H8.1037C9.2537 3.5297 9.8837 2.8997 9.8837 1.7597C9.8837 0.6297 9.2537 -0.0003 8.1037 -0.0003H4.8237C1.7137 -0.0003 0.0037 1.6997 0.0037 4.7997V8.0797C0.0037 9.2297 0.6337 9.8597 1.7637 9.8597ZM25.8837 9.8597C27.0337 9.8597 27.6437 9.2297 27.6437 8.0797V4.7997C27.6437 1.6997 25.9537 -0.0003 22.8137 -0.0003H19.5537C18.3937 -0.0003 17.7637 0.6297 17.7637 1.7597C17.7637 2.8997 18.4037 3.5297 19.5537 3.5297H22.4337C23.5337 3.5297 24.1137 4.0597 24.1137 5.2397V8.0797C24.1137 9.2297 24.7437 9.8597 25.8837 9.8597ZM13.8337 13.2197C15.9037 13.2197 17.5637 11.4697 17.5637 9.1297C17.5637 6.9497 15.9037 5.1397 13.8337 5.1397C11.7737 5.1397 10.1037 6.9497 10.1037 9.1297C10.1037 11.4697 11.7737 13.2097 13.8337 13.2197ZM7.5637 21.1797H20.1137C20.8637 21.1797 21.2437 20.6297 21.2437 19.9597C21.2437 18.3797 18.9537 14.3097 13.8337 14.3097C8.7137 14.3097 6.4237 18.3797 6.4237 19.9597C6.4237 20.6297 6.8037 21.1797 7.5637 21.1797ZM4.8237 27.6597H8.1037C9.2537 27.6597 9.8837 27.0297 9.8837 25.8797C9.8837 24.7497 9.2537 24.1197 8.1037 24.1197H5.2137C4.1137 24.1197 3.5237 23.5797 3.5237 22.4197V19.5797C3.5237 18.4197 2.8937 17.7997 1.7637 17.7997C0.6137 17.7997 0.0037 18.4197 0.0037 19.5797V22.8597C0.0037 25.9597 1.7137 27.6597 4.8237 27.6597ZM19.5537 27.6597H22.8137C25.9537 27.6597 27.6437 25.9497 27.6437 22.8597V19.5797C27.6437 18.4197 27.0337 17.7997 25.8837 17.7997C24.7437 17.7997 24.1137 18.4297 24.1137 19.5797V22.4197C24.1137 23.5797 23.5337 24.1197 22.4337 24.1197H19.5537C18.3937 24.1197 17.7637 24.7497 17.7637 25.8797C17.7637 27.0297 18.3937 27.6597 19.5537 27.6597Z","geometry":{"width":27.64453125,"height":27.658203125}}