{"path":"M5.3837 2.0755H19.3737C19.2637 0.7355 18.4337 -0.0045 16.9937 -0.0045H7.7637C6.3337 -0.0045 5.4937 0.7355 5.3837 2.0755ZM3.0937 6.3855H21.6737C21.4937 4.9755 20.7237 4.1255 19.1037 4.1255H5.6737C4.0337 4.1255 3.2637 4.9755 3.0937 6.3855ZM4.8237 33.5055H20.4137C23.3137 33.5055 25.0237 31.8055 25.0237 28.7155V13.2855C25.0237 10.1855 23.3137 8.4855 20.1937 8.4855H4.8237C1.7137 8.4855 0.0037 10.1855 0.0037 13.2855V28.7155C0.0037 31.8155 1.7137 33.5055 4.8237 33.5055ZM8.1737 24.3355C6.1537 24.3355 4.4837 25.2655 3.5237 26.4855V13.7155C3.5237 12.5555 4.1137 12.0155 5.2137 12.0155H19.8137C20.9037 12.0155 21.4937 12.5555 21.4937 13.7155V26.1655C20.4137 25.1255 18.7537 24.3455 16.6937 24.3455C12.8937 24.3455 10.4737 26.9855 10.4737 29.0955C10.4737 29.4655 10.5437 29.7455 10.6637 29.9855H8.9537C8.8637 29.6855 8.8137 29.3655 8.8137 29.0355C8.8137 27.5855 9.5337 26.0855 10.8237 24.9355C10.1337 24.5555 9.2237 24.3355 8.1737 24.3355ZM16.6937 22.8955C18.3437 22.8955 19.6837 21.4655 19.6837 19.6355C19.6837 17.8255 18.3337 16.4355 16.6937 16.4355C15.0637 16.4355 13.7037 17.8555 13.7137 19.6455C13.7137 21.4655 15.0537 22.8955 16.6937 22.8955ZM8.1937 23.0655C9.6237 23.0655 10.7837 21.8155 10.7837 20.2255C10.7837 18.6655 9.6137 17.4355 8.1937 17.4355C6.7637 17.4355 5.5737 18.6755 5.5737 20.2255C5.5737 21.8155 6.7537 23.0655 8.1937 23.0655Z","geometry":{"width":25.01953125,"height":33.509765625}}