{"path":"M18.7982 13.0959C22.1982 13.0959 24.9282 10.1459 24.9282 6.4759C24.9282 2.8959 22.1782 -0.0041 18.7982 -0.0041C15.4482 -0.0041 12.6782 2.9159 12.6882 6.4959C12.6982 10.1459 15.4082 13.0959 18.7982 13.0959ZM18.7982 10.1959C17.1082 10.1959 15.6582 8.5959 15.6582 6.4759C15.6382 4.4659 17.1082 2.8859 18.7982 2.8859C20.5182 2.8859 21.9582 4.4559 21.9582 6.4759C21.9582 8.5759 20.5382 10.1959 18.7982 10.1959ZM15.9682 25.9059H27.2082C29.7182 25.9059 30.9482 25.0559 30.9482 23.2859C30.9482 19.2659 26.0082 14.5159 18.7982 14.5159C16.5582 14.5159 14.5482 14.9859 12.8382 15.7459C13.6582 16.4059 14.3582 17.1859 14.8882 18.0859C16.0082 17.6659 17.3182 17.4059 18.7982 17.4059C24.4282 17.4059 27.6682 20.8759 27.6682 22.7059C27.6682 22.9159 27.5782 23.0259 27.3182 23.0259H16.4382C16.4382 24.0859 16.3382 24.8859 15.9682 25.9059ZM7.1882 30.2559C11.1182 30.2559 14.3982 26.9759 14.3982 23.0459C14.3982 19.1159 11.1382 15.8559 7.1882 15.8559C3.2582 15.8559 -0.0018 19.1159 -0.0018 23.0459C-0.0018 27.0059 3.2582 30.2559 7.1882 30.2559ZM7.1882 27.7159C6.5382 27.7159 6.0982 27.2759 6.0982 26.6159V24.1559H3.6482C3.0082 24.1559 2.5582 23.7159 2.5582 23.0659C2.5382 22.3959 2.9782 21.9559 3.6482 21.9559H6.0982V19.5259C6.0982 18.8659 6.5382 18.4259 7.1882 18.4259C7.8582 18.4159 8.2982 18.8559 8.2982 19.5259V21.9559H10.7482C11.3982 21.9559 11.8382 22.3959 11.8382 23.0659C11.8382 23.7159 11.3982 24.1559 10.7482 24.1559H8.2982V26.6159C8.2982 27.2759 7.8582 27.7159 7.1882 27.7159Z","geometry":{"width":30.953125,"height":30.255859375}}