{"path":"M4.8237 26.1377H27.8037C30.9437 26.1377 32.6337 24.4477 32.6337 21.3377V4.7977C32.6337 1.6977 30.9437 -0.0023 27.8037 -0.0023H4.8237C1.7137 -0.0023 0.0037 1.6977 0.0037 4.7977V21.3377C0.0037 24.4477 1.7137 26.1377 4.8237 26.1377ZM5.2137 22.6177C4.1137 22.6177 3.5237 22.0777 3.5237 20.9177V5.2177C3.5237 4.0577 4.1137 3.5277 5.2137 3.5277H27.4237C28.5237 3.5277 29.1037 4.0577 29.1037 5.2177V20.9177C29.1037 22.0777 28.5237 22.6177 27.4237 22.6177ZM7.1337 18.3177H13.9737C15.2137 18.3177 15.8037 17.7277 15.8037 16.5477V9.6077C15.8037 8.4177 15.2137 7.8177 13.9737 7.8177H7.1337C5.9037 7.8177 5.3037 8.4177 5.3037 9.6077V16.5477C5.3037 17.7277 5.9037 18.3177 7.1337 18.3177ZM22.4337 18.2077C23.2737 18.2077 24.0337 18.1277 24.5237 17.9277C24.9137 17.7577 25.1337 17.5177 25.1337 17.1577C25.1337 16.7877 24.8737 16.5177 24.5037 16.5177C24.3737 16.5177 24.2637 16.5477 24.1337 16.5677C23.7337 16.6277 23.3837 16.7877 22.6037 16.7877C20.2237 16.7877 18.7837 15.4077 18.7837 13.0977C18.7837 10.8277 20.2337 9.2977 22.3937 9.2977C24.5237 9.2977 25.9537 10.6277 25.9537 12.6377C25.9537 13.7677 25.6037 14.5177 25.0737 14.5177C24.8037 14.5177 24.6637 14.3977 24.6637 14.0577V11.0477C24.6637 10.6277 24.3537 10.3077 23.9437 10.3077C23.6637 10.3077 23.3937 10.4877 23.2837 10.7477V10.7977C22.9537 10.4977 22.5437 10.3077 22.0237 10.3077C20.6837 10.3077 19.7237 11.4677 19.7237 13.0877C19.7237 14.7377 20.6737 15.8877 22.0637 15.8877C22.6437 15.8877 23.1637 15.6377 23.5337 15.2077C23.8137 15.6377 24.3337 15.8877 24.9537 15.8877C26.4037 15.8877 27.3437 14.5477 27.3437 12.5377C27.3437 9.7977 25.3237 7.8977 22.3937 7.8977C19.3437 7.8977 17.2837 9.9977 17.2837 13.0877C17.2837 16.1777 19.3337 18.2077 22.4337 18.2077ZM10.5537 14.0377C9.4637 14.0377 8.6037 13.0977 8.6037 11.8777C8.6037 10.7277 9.4637 9.8177 10.5537 9.8177C11.6437 9.8177 12.5137 10.7277 12.5137 11.8777C12.5137 13.0977 11.6437 14.0377 10.5537 14.0377ZM22.2837 14.4377C21.6737 14.4377 21.3137 13.9477 21.3137 13.0577C21.3137 12.1777 21.6837 11.6877 22.3037 11.6877C22.9137 11.6877 23.2937 12.1977 23.2937 13.0277C23.2937 13.9077 22.9137 14.4377 22.2837 14.4377ZM6.9437 16.9077C7.3937 15.8477 8.7737 14.9877 10.5537 14.9877C12.3337 14.9877 13.7137 15.8477 14.1637 16.9077Z","geometry":{"width":32.634765625,"height":26.140625}}