{"path":"M3.2237 -0.0016C0.8037 -0.0016 0.0037 0.7884 0.0037 2.1484C0.0037 5.6284 4.5437 10.4284 11.6337 10.4284C18.7137 10.4284 23.2737 5.6284 23.2737 2.1484C23.2737 0.7884 22.4637 -0.0016 20.0437 -0.0016ZM11.6337 12.8084C8.5537 12.8084 6.0437 15.5184 6.0437 18.9384C6.0337 22.2484 8.5837 24.9484 11.6337 24.9484C14.6837 24.9484 17.2237 22.2884 17.2237 18.9484C17.2237 15.5184 14.7137 12.8084 11.6337 12.8084Z","geometry":{"width":23.26953125,"height":24.951171875}}