{"path":"M19.2863 28.8886C27.2463 28.8886 33.7263 22.3386 33.7263 14.4386C33.7263 6.5186 27.2063 -0.0014 19.2763 -0.0014C11.9663 -0.0014 5.8663 5.5486 4.9763 12.6286C6.0962 12.3186 7.4463 12.2786 8.6363 12.5086C9.5263 7.4286 13.9363 3.5986 19.2763 3.5986C25.2963 3.5986 30.1363 8.4386 30.1363 14.4386C30.1363 17.4186 28.9563 20.0886 27.0263 22.0386C25.5163 20.5186 22.7863 19.2786 19.2763 19.2786C18.1863 19.2786 17.1563 19.3986 16.2263 19.6186C16.3763 20.2486 16.4563 20.9186 16.4563 21.5886C16.4563 23.9786 15.5063 26.1786 13.9763 27.8486C15.6263 28.5186 17.4162 28.8886 19.2863 28.8886ZM19.2763 17.1586C21.9563 17.1686 24.0263 14.8886 24.0263 11.9586C24.0263 9.2186 21.9263 6.8786 19.2763 6.8786C16.6263 6.8786 14.5163 9.2186 14.5463 11.9586C14.5563 14.8786 16.6163 17.1486 19.2763 17.1586ZM7.2063 28.8086C11.1263 28.8086 14.3963 25.5286 14.3963 21.5986C14.3963 17.6686 11.1563 14.4086 7.2063 14.4086C3.2563 14.4086 -0.0038 17.6686 -0.0038 21.5986C-0.0038 25.5386 3.2563 28.8086 7.2063 28.8086ZM7.2063 26.2686C6.5463 26.2686 6.1163 25.8286 6.1163 25.1686V22.7086H3.6463C3.0063 22.7086 2.5663 22.2686 2.5563 21.5986C2.5563 20.9486 2.9963 20.5086 3.6463 20.5086H6.1163V18.0786C6.1163 17.4186 6.5463 16.9786 7.2063 16.9686C7.8663 16.9686 8.2963 17.4086 8.2963 18.0786V20.5086H10.7563C11.4063 20.5086 11.8563 20.9486 11.8563 21.5986C11.8563 22.2686 11.4063 22.7086 10.7563 22.7086H8.2963V25.1686C8.2963 25.8286 7.8663 26.2686 7.2063 26.2686Z","geometry":{"width":33.728515625,"height":28.888671875}}