{"path":"M24.9537 3.2302C24.9537 0.8102 24.1537 0.0002 22.8037 0.0002C19.3037 0.0002 14.5237 4.5402 14.5237 11.6302C14.5237 18.7202 19.3037 23.2702 22.8037 23.2702C24.1537 23.2702 24.9537 22.4602 24.9537 20.0402ZM12.1237 11.6302C12.1237 8.5602 9.4337 6.0602 6.0137 6.0402C2.6937 6.0302 0.0037 8.5902 0.0037 11.6302C0.0037 14.7002 2.6637 17.2302 6.0037 17.2302C9.4337 17.2302 12.1237 14.7102 12.1237 11.6302Z","geometry":{"width":24.951171875,"height":23.26953125}}