{"path":"M4.8237 26.1377H27.8037C30.9437 26.1377 32.6337 24.4477 32.6337 21.3377V4.7977C32.6337 1.6977 30.9437 -0.0023 27.8037 -0.0023H4.8237C1.7137 -0.0023 0.0037 1.6977 0.0037 4.7977V21.3377C0.0037 24.4477 1.7137 26.1377 4.8237 26.1377ZM10.8737 13.0277C9.2137 13.0277 7.8737 11.6377 7.8737 9.7577C7.8737 8.0077 9.2137 6.5477 10.8737 6.5477C12.5237 6.5477 13.8637 8.0077 13.8637 9.7577C13.8637 11.6377 12.5237 13.0477 10.8737 13.0277ZM19.8937 8.6977C19.3337 8.6977 18.9337 8.2677 18.9337 7.7277C18.9337 7.2077 19.3337 6.7777 19.8937 6.7777H26.5937C27.1437 6.7777 27.5337 7.2077 27.5337 7.7277C27.5337 8.2677 27.1437 8.6977 26.5937 8.6977ZM19.8937 14.0377C19.3337 14.0377 18.9337 13.6177 18.9337 13.0677C18.9337 12.5477 19.3337 12.1277 19.8937 12.1277H26.5937C27.1437 12.1277 27.5337 12.5477 27.5337 13.0677C27.5337 13.6177 27.1437 14.0377 26.5937 14.0377ZM5.8337 19.4277C5.2337 19.4277 4.9337 18.9877 4.9337 18.4477C4.9337 17.1677 6.7537 13.9177 10.8737 13.9177C14.9837 13.9177 16.8037 17.1677 16.8037 18.4477C16.8037 18.9877 16.5037 19.4277 15.9037 19.4277ZM19.8937 19.3777C19.3337 19.3777 18.9337 18.9677 18.9337 18.4277C18.9337 17.8877 19.3337 17.4577 19.8937 17.4577H26.5937C27.1437 17.4577 27.5337 17.8877 27.5337 18.4277C27.5337 18.9677 27.1437 19.3777 26.5937 19.3777Z","geometry":{"width":32.634765625,"height":26.140625}}