{"path":"M33.9037 31.2134C34.3537 31.6634 35.0937 31.6534 35.5337 31.2134C35.9737 30.7534 35.9837 30.0434 35.5337 29.5834L6.2737 0.3434C5.8237 -0.1166 5.0837 -0.1066 4.6337 0.3434C4.1937 0.7834 4.1937 1.5334 4.6337 1.9734ZM26.0337 14.4534C29.1037 14.4534 31.6337 11.7634 31.6337 8.3234C31.6337 4.9934 29.0937 2.3234 26.0337 2.3234C22.9837 2.3234 20.4237 5.0234 20.4437 8.3434C20.4537 11.7634 22.9537 14.4534 26.0337 14.4534ZM5.2537 9.4334C5.2637 12.4034 7.4537 14.7634 10.1337 14.7634C11.3937 14.7634 12.5537 14.2034 13.3937 13.3134L6.3137 6.2334C5.6637 7.0934 5.2537 8.2234 5.2537 9.4334ZM2.7237 27.2734H12.7437C11.2237 25.1434 12.5937 21.0434 15.8837 18.3934C14.4237 17.4834 12.4537 16.8134 10.1337 16.8134C4.1137 16.8134 0.0037 21.2434 0.0037 24.8334C0.0037 26.3734 0.6937 27.2734 2.7237 27.2734ZM35.6537 27.1234L36.0137 27.1034C37.2137 26.8234 37.6637 26.1434 37.6637 25.1334C37.6637 21.6334 33.1237 16.8434 26.0337 16.8434C25.8237 16.8434 25.6037 16.8634 25.4137 16.8834ZM14.3937 25.1334C14.3937 26.4834 15.2037 27.2734 17.6237 27.2734H27.3737L18.8637 18.7734C16.0237 20.4834 14.3937 23.0434 14.3937 25.1334Z","geometry":{"width":37.666015625,"height":31.54789040750931}}