{"path":"M4.8237 26.1377H27.8037C30.9437 26.1377 32.6337 24.4477 32.6337 21.3377V4.7977C32.6337 1.6977 30.9437 -0.0023 27.8037 -0.0023H4.8237C1.7137 -0.0023 0.0037 1.6977 0.0037 4.7977V21.3377C0.0037 24.4477 1.7137 26.1377 4.8237 26.1377ZM5.2137 22.6177C4.1137 22.6177 3.5237 22.0777 3.5237 20.9177V5.2177C3.5237 4.0577 4.1137 3.5277 5.2137 3.5277H27.4237C28.5237 3.5277 29.1037 4.0577 29.1037 5.2177V20.9177C29.1037 22.0777 28.5237 22.6177 27.4237 22.6177H24.7037C23.4237 19.7577 20.1637 17.8277 16.3237 17.8277C12.4837 17.8277 9.2237 19.7577 7.9437 22.6177ZM16.3237 15.7677C18.9537 15.7777 20.9637 13.5477 20.9637 10.6877C20.9637 8.0077 18.9237 5.7177 16.3237 5.7177C13.7237 5.7177 11.6737 8.0077 11.6937 10.6877C11.7037 13.5477 13.7037 15.7477 16.3237 15.7677Z","geometry":{"width":32.634765625,"height":26.140625}}