{"path":"M1.7937 18.883H5.7837V22.533C5.7837 25.193 7.4937 26.643 10.4437 27.093L15.7237 27.933V32.453C15.7237 33.553 16.5337 34.253 17.5037 34.253C18.4537 34.253 19.2637 33.553 19.2637 32.453V28.483L24.7037 29.323C27.6037 29.763 29.3637 27.783 29.3637 24.743V18.883H33.3737C34.4537 18.883 35.1537 18.073 35.1537 17.133C35.1537 16.143 34.4537 15.353 33.3737 15.353H29.3637V9.493C29.3637 6.383 27.6537 4.453 24.7037 4.923L19.2637 5.773V1.773C19.2637 0.693 18.4537 0.003 17.5037 0.003C16.5337 0.003 15.7237 0.693 15.7237 1.773V6.313L10.4437 7.133C7.4937 7.583 5.7837 9.033 5.7837 11.703V15.353H1.7937C0.7137 15.353 0.0037 16.143 0.0037 17.133C0.0037 18.073 0.7137 18.883 1.7937 18.883ZM24.2137 8.363C25.2637 8.203 25.9037 8.883 25.9037 10.063V15.353H19.2637V9.133ZM9.2037 12.113C9.2037 11.133 9.8437 10.583 10.8237 10.443L15.7237 9.683V15.353H9.2037ZM10.8237 23.803C9.8437 23.653 9.2037 23.103 9.2037 22.123V18.883H15.7237V24.553ZM24.2137 25.863L19.2637 25.103V18.883H25.9037V24.183C25.9037 25.323 25.2537 26.043 24.2137 25.863Z","geometry":{"width":35.150390625,"height":34.248046875}}