{"path":"M11.6337 12.1274C14.7137 12.1274 17.2237 9.4374 17.2237 5.9974C17.2237 2.6674 14.6837 -0.0026 11.6337 -0.0026C8.5837 -0.0026 6.0337 2.6974 6.0437 6.0174C6.0437 9.4374 8.5537 12.1274 11.6337 12.1274ZM2.6637 24.9474H20.6037C22.2737 24.9474 23.2737 24.1474 23.2737 22.8074C23.2737 19.3074 18.7137 14.5174 11.6337 14.5174C4.5437 14.5174 0.0037 19.3074 0.0037 22.8074C0.0037 24.1474 0.9937 24.9474 2.6637 24.9474Z","geometry":{"width":23.26953125,"height":24.951171875}}