{"path":"M33.2451 26.1377C36.3651 26.1377 38.0751 24.4477 38.0751 21.3377V4.7977C38.0751 1.6977 36.3651 -0.0023 33.2451 -0.0023H10.2651C7.1551 -0.0023 5.4451 1.6977 5.4451 4.7977V12.2377C6.6451 11.9777 7.7751 11.9777 8.9651 12.2477V5.2177C8.9651 4.0577 9.5551 3.5277 10.6551 3.5277H32.8651C33.9651 3.5277 34.5451 4.0577 34.5451 5.2177V20.9177C34.5451 22.0777 33.9651 22.6177 32.8651 22.6177H30.0951C28.8351 19.7677 25.5951 17.8277 21.7651 17.8277C19.6651 17.8277 17.7451 18.4277 16.2551 19.4277C16.3751 20.0277 16.4651 20.6577 16.4651 21.2977C16.4651 23.0677 15.9451 24.7277 15.0551 26.1377ZM21.7651 15.7677C24.3751 15.7677 26.4051 13.5477 26.4051 10.6877C26.4051 8.0077 24.3651 5.7177 21.7651 5.7177C19.1551 5.7177 17.1151 8.0077 17.1151 10.6877C17.1151 13.5477 19.1451 15.7677 21.7651 15.7677ZM7.2051 28.5077C11.1251 28.5077 14.3951 25.2277 14.3951 21.2977C14.3951 17.3677 11.1551 14.1077 7.2051 14.1077C3.2551 14.1077 -0.0049 17.3677 -0.0049 21.2977C-0.0049 25.2377 3.2551 28.5077 7.2051 28.5077ZM7.2051 25.9677C6.5451 25.9677 6.1151 25.5277 6.1151 24.8677V22.4077H3.6551C3.0051 22.4077 2.5751 21.9677 2.5551 21.2977C2.5551 20.6477 2.9951 20.2077 3.6551 20.2077H6.1151V17.7777C6.1151 17.1177 6.5451 16.6777 7.2051 16.6677C7.8651 16.6677 8.2951 17.1077 8.2951 17.7777V20.2077H10.7551C11.4051 20.2077 11.8551 20.6477 11.8551 21.2977C11.8551 21.9677 11.4051 22.4077 10.7551 22.4077H8.2951V24.8677C8.2951 25.5277 7.8651 25.9677 7.2051 25.9677Z","geometry":{"width":38.076171875,"height":28.505859375}}