{"path":"M18.7982 13.0959C22.1982 13.0959 24.9282 10.1459 24.9282 6.4759C24.9282 2.8959 22.1782 -0.0041 18.7982 -0.0041C15.4482 -0.0041 12.6782 2.9159 12.6882 6.4959C12.6982 10.1459 15.4082 13.0959 18.7982 13.0959ZM18.7982 10.1959C17.1082 10.1959 15.6582 8.5959 15.6582 6.4759C15.6382 4.4659 17.1082 2.8859 18.7982 2.8859C20.5182 2.8859 21.9582 4.4559 21.9582 6.4759C21.9582 8.5759 20.5382 10.1959 18.7982 10.1959ZM15.9682 25.9059H27.2082C29.7182 25.9059 30.9482 25.0559 30.9482 23.2859C30.9482 19.2659 26.0082 14.5159 18.7982 14.5159C16.5582 14.5159 14.5482 14.9859 12.8382 15.7459C13.6582 16.4059 14.3582 17.1859 14.8882 18.0859C16.0082 17.6659 17.3182 17.4059 18.7982 17.4059C24.4282 17.4059 27.6682 20.8759 27.6682 22.7059C27.6682 22.9159 27.5782 23.0259 27.3182 23.0259H16.4382C16.4382 24.0859 16.3382 24.8859 15.9682 25.9059ZM7.1882 30.2559C11.1182 30.2559 14.3982 26.9759 14.3982 23.0459C14.3982 19.1159 11.1382 15.8559 7.1882 15.8559C3.2582 15.8559 -0.0018 19.1159 -0.0018 23.0459C-0.0018 27.0059 3.2582 30.2559 7.1882 30.2559ZM3.9282 24.3759C3.2782 24.3759 2.7782 23.8759 2.7782 23.2459C2.7782 22.6159 3.2982 22.1059 3.9282 22.1059H6.1482V19.2659C6.1482 18.6259 6.6582 18.1259 7.2982 18.1259C7.9482 18.1259 8.4382 18.6259 8.4382 19.2659V23.2459C8.4382 23.8859 7.9482 24.3759 7.2982 24.3759Z","geometry":{"width":30.953125,"height":30.255859375}}