{"path":"M33.9037 31.2134C34.3537 31.6634 35.0937 31.6534 35.5337 31.2134C35.9737 30.7534 35.9837 30.0434 35.5337 29.5834L6.2737 0.3434C5.8237 -0.1166 5.0837 -0.1066 4.6337 0.3434C4.1937 0.7834 4.1937 1.5334 4.6337 1.9734ZM26.6037 14.9434C29.9937 14.9434 32.7337 11.9934 32.7337 8.3234C32.7337 4.7434 29.9837 1.8434 26.6037 1.8434C23.2437 1.8434 20.4837 4.7634 20.4937 8.3434C20.5037 11.9934 23.2137 14.9434 26.6037 14.9434ZM26.6037 12.0434C24.8937 12.0434 23.4637 10.4434 23.4637 8.3234C23.4437 6.3134 24.9137 4.7334 26.6037 4.7334C28.3237 4.7334 29.7537 6.3034 29.7537 8.3234C29.7537 10.4234 28.3237 12.0434 26.6037 12.0434ZM10.6137 15.1334C11.8837 15.1334 13.0337 14.6434 13.9137 13.8234L11.8237 11.7334C11.4937 12.0834 11.0737 12.2934 10.6137 12.2934C9.3137 12.2934 8.1937 11.0934 8.1237 9.5334C8.1037 9.0934 8.2337 8.7234 8.4337 8.3534L6.2237 6.1434C5.6237 7.0434 5.2537 8.1534 5.2537 9.3234C5.2637 12.5534 7.6437 15.1334 10.6137 15.1334ZM3.2137 27.7734H13.6437C12.7537 27.2234 12.2537 25.9634 12.3637 24.9234H3.4037C3.1737 24.9234 3.0937 24.8034 3.0937 24.6234C3.0937 21.9034 6.4637 19.1834 10.5937 19.1834C11.8237 19.1834 13.3337 19.5134 14.3037 19.9934C14.7937 19.1434 15.4737 18.4134 16.4337 17.8334C14.7537 16.9034 12.5237 16.3534 10.5937 16.3534C4.7437 16.3534 0.0037 20.4534 0.0037 24.9934C0.0037 26.8034 1.0637 27.7734 3.2137 27.7734ZM33.4037 24.8734L36.1737 27.6434L36.6637 27.5934C38.0637 27.2934 38.7637 26.4534 38.7637 25.1334C38.7637 21.1134 33.7937 16.3634 26.6037 16.3634C26.0437 16.3634 25.5137 16.3934 24.9937 16.4634L27.9137 19.3934C28.0937 19.3734 28.2037 19.3734 28.4237 19.4034C32.9337 19.9934 35.4637 22.9134 35.4637 24.5534C35.4637 24.7634 35.3837 24.8734 35.1137 24.8734ZM18.1937 27.7534H27.8537L24.9537 24.8734H18.0837C17.8237 24.8734 17.7437 24.7634 17.7437 24.5534C17.7437 23.4934 18.8137 21.8634 20.8037 20.7234L18.7137 18.6234C16.0237 20.3634 14.4537 22.8934 14.4537 25.1334C14.4537 26.9034 15.6937 27.7534 18.1937 27.7534Z","geometry":{"width":38.759765625,"height":31.54789040750931}}