{"path":"M12.1537 13.0959C15.5437 13.0959 18.2837 10.1459 18.2837 6.4759C18.2837 2.8959 15.5337 -0.0041 12.1537 -0.0041C8.7937 -0.0041 6.0337 2.9159 6.0437 6.4959C6.0537 10.1459 8.7637 13.0959 12.1537 13.0959ZM12.1537 10.1959C10.4437 10.1959 9.0237 8.6559 9.0137 6.4759C8.9937 4.4059 10.4637 2.8859 12.1537 2.8859C13.8737 2.8859 15.3037 4.3859 15.3037 6.4759C15.3037 8.6359 13.8737 10.1959 12.1537 10.1959ZM3.7437 25.9059H20.5637C23.0637 25.9059 24.3037 25.0559 24.3037 23.2859C24.3037 19.2659 19.3437 14.5159 12.1537 14.5159C4.9537 14.5159 0.0037 19.2659 0.0037 23.2859C0.0037 25.0559 1.2437 25.9059 3.7437 25.9059ZM3.6337 23.0259C3.3737 23.0259 3.2937 22.9159 3.2937 22.7059C3.2937 20.8759 6.5237 17.4059 12.1537 17.4059C17.7837 17.4059 21.0137 20.8759 21.0137 22.7059C21.0137 22.9159 20.9337 23.0259 20.6537 23.0259Z","geometry":{"width":24.30859375,"height":25.908203125}}