{"path":"M12.5737 9.8726C15.1337 9.8826 17.1437 7.6926 17.1437 4.8926C17.1437 2.2426 15.1237 0.0026 12.5737 0.0026C10.0537 0.0026 7.9937 2.2426 8.0137 4.8926C8.0237 7.6926 10.0237 9.8526 12.5737 9.8726ZM5.0437 19.9226H20.1137C21.2437 19.9226 21.9037 19.2726 21.9037 18.3026C21.9037 15.9026 18.5237 11.5926 12.5737 11.5926C6.6337 11.5926 3.2537 15.9026 3.2537 18.3026C3.2537 19.2726 3.9137 19.9226 5.0437 19.9226ZM1.6037 30.5126H23.5437C24.4337 30.5126 25.1537 29.7926 25.1537 28.9026C25.1537 28.0226 24.4337 27.3026 23.5437 27.3026H22.6937V24.8126C22.6937 23.0826 21.6537 21.9726 19.8537 21.9726H5.3037C3.5037 21.9726 2.4637 23.0826 2.4637 24.8126V27.3026H1.6037C0.7237 27.3026 0.0037 28.0226 0.0037 28.9026C0.0037 29.7926 0.7237 30.5126 1.6037 30.5126ZM9.9637 27.4126C9.3237 27.4126 8.8037 26.9026 8.8037 26.2526C8.8037 25.5926 9.3237 25.0926 9.9637 25.0926H15.1937C15.8437 25.0926 16.3537 25.5926 16.3537 26.2526C16.3537 26.9026 15.8437 27.4126 15.1937 27.4126Z","geometry":{"width":25.15625,"height":30.515625}}