{"path":"M10.4837 11.7348C13.5237 11.7348 15.9737 9.0948 15.9737 5.8148C15.9737 2.5948 13.5037 0.0048 10.4837 0.0048C7.4637 0.0048 4.9937 2.6148 5.0037 5.8148C5.0137 9.1048 7.4337 11.7348 10.4837 11.7348ZM39.6437 11.7748C42.6937 11.7748 45.1437 9.1348 45.1437 5.8548C45.1437 2.6248 42.6737 0.0248 39.6437 0.0248C36.6437 0.0248 34.1637 2.6548 34.1637 5.8548C34.1837 9.1448 36.6137 11.7748 39.6437 11.7748ZM10.4837 9.0048C9.0137 9.0048 7.8037 7.6948 7.7937 5.8148C7.7837 4.0148 9.0237 2.7248 10.4837 2.7248C11.9537 2.7248 13.1837 4.0048 13.1837 5.8148C13.1837 7.6848 11.9737 9.0048 10.4837 9.0048ZM39.6437 9.0348C38.1837 9.0348 36.9737 7.7348 36.9737 5.8548C36.9537 4.0648 38.2037 2.7648 39.6437 2.7648C41.1237 2.7648 42.3537 4.0348 42.3537 5.8548C42.3537 7.7248 41.1437 9.0348 39.6437 9.0348ZM19.6637 12.5348C20.7637 12.5348 21.6737 11.6448 21.6737 10.5248C21.6737 9.4248 20.7637 8.5148 19.6637 8.5148C18.5437 8.5148 17.6537 9.4248 17.6537 10.5248C17.6537 11.6448 18.5437 12.5348 19.6637 12.5348ZM25.0637 12.5348C26.1837 12.5348 27.0737 11.6448 27.0737 10.5248C27.0737 9.4248 26.1837 8.5148 25.0637 8.5148C23.9537 8.5148 23.0637 9.4248 23.0637 10.5248C23.0637 11.6448 23.9537 12.5348 25.0637 12.5348ZM30.4637 12.5348C31.5637 12.5348 32.4537 11.6448 32.4537 10.5248C32.4537 9.4248 31.5637 8.5148 30.4637 8.5148C29.3437 8.5148 28.4537 9.4248 28.4537 10.5248C28.4537 11.6448 29.3437 12.5348 30.4637 12.5348ZM3.3737 23.2148H17.5837C19.8237 23.2148 20.9637 22.4348 20.9637 20.8048C20.9637 17.2148 16.7937 12.9848 10.4737 12.9848C4.1737 12.9848 0.0037 17.2148 0.0037 20.8048C0.0037 22.4348 1.1337 23.2148 3.3737 23.2148ZM32.5537 23.2548H46.7437C48.9837 23.2548 50.1337 22.4748 50.1337 20.8448C50.1337 17.2548 45.9637 13.0248 39.6437 13.0248C33.3337 13.0248 29.1737 17.2548 29.1737 20.8448C29.1737 22.4748 30.3137 23.2548 32.5537 23.2548ZM3.3237 20.4948C3.1437 20.4948 3.0937 20.3948 3.0937 20.2748C3.0937 18.7348 5.6337 15.7048 10.4737 15.7048C15.3237 15.7048 17.8737 18.7348 17.8737 20.2748C17.8737 20.3948 17.8137 20.4948 17.6337 20.4948ZM32.4937 20.5348C32.3237 20.5348 32.2637 20.4348 32.2637 20.3148C32.2637 18.7748 34.8037 15.7548 39.6437 15.7548C44.4837 15.7548 47.0337 18.7748 47.0337 20.3148C47.0337 20.4348 46.9737 20.5348 46.8137 20.5348Z","geometry":{"width":50.134765625,"height":23.255859375}}