{"path":"M42.8037 20.8529C43.6037 21.3329 44.5837 21.1429 45.1137 20.3429C46.9537 17.6229 47.9837 14.1629 47.9837 10.5629C47.9837 6.9529 46.9537 3.4629 45.1137 0.7729C44.5837 -0.0271 43.6037 -0.2171 42.8037 0.2529C41.9037 0.7829 41.7937 1.8629 42.4137 2.8329C43.8037 4.9829 44.5937 7.7129 44.5937 10.5629C44.5937 13.4029 43.7937 16.1229 42.4137 18.2829C41.8037 19.2529 41.9037 20.3329 42.8037 20.8529ZM36.6437 17.0529C37.4037 17.5329 38.3737 17.3529 38.8837 16.6429C40.0737 15.0129 40.7737 12.8429 40.7737 10.5629C40.7737 8.2729 40.0737 6.1029 38.8837 4.4629C38.3737 3.7629 37.4037 3.5729 36.6437 4.0629C35.7937 4.5929 35.6037 5.6229 36.3037 6.7429C36.9937 7.7829 37.3837 9.1329 37.3837 10.5629C37.3837 11.9629 36.9837 13.3229 36.3037 14.3729C35.6037 15.5029 35.7937 16.5229 36.6437 17.0529ZM26.0437 16.7929C29.1237 16.7929 31.6337 14.1029 31.6337 10.6629C31.6337 7.3329 29.0937 4.6629 26.0437 4.6629C22.9837 4.6629 20.4437 7.3629 20.4537 10.6829C20.4537 14.1029 22.9737 16.7929 26.0437 16.7929ZM10.1337 17.1029C12.8137 17.1029 15.0137 14.7429 15.0137 11.7629C15.0137 8.8529 12.7837 6.5429 10.1337 6.5429C7.4737 6.5429 5.2537 8.8729 5.2637 11.7729C5.2637 14.7429 7.4537 17.1029 10.1337 17.1029ZM2.7337 29.6129H12.7437C11.2237 27.4829 12.5937 23.3829 15.8837 20.7329C14.4237 19.8229 12.4737 19.1529 10.1337 19.1529C4.1137 19.1529 0.0037 23.5829 0.0037 27.1729C0.0037 28.7129 0.7137 29.6129 2.7337 29.6129ZM17.6237 29.6129H34.4537C36.8637 29.6129 37.6637 28.8229 37.6637 27.4729C37.6637 23.9729 33.1237 19.1829 26.0337 19.1829C18.9537 19.1829 14.4137 23.9729 14.4137 27.4729C14.4137 28.8229 15.2137 29.6129 17.6237 29.6129Z","geometry":{"width":47.98828125,"height":29.616620631116255}}