{"path":"M12.5737 10.1336C15.2437 10.1336 17.3237 7.8736 17.3237 5.0136C17.3237 2.2536 15.2137 0.0036 12.5737 0.0036C9.9437 0.0036 7.8237 2.2536 7.8337 5.0336C7.8437 7.8936 9.9137 10.1336 12.5737 10.1336ZM12.5737 7.6136C11.3437 7.6136 10.4137 6.6036 10.4137 5.0136C10.4037 3.5436 11.3637 2.5136 12.5737 2.5136C13.7937 2.5136 14.7337 3.5436 14.7337 5.0136C14.7337 6.5936 13.8237 7.6136 12.5737 7.6136ZM5.4537 19.9636H19.6837C21.0437 19.9636 21.9037 19.2136 21.9037 17.8836C21.9037 14.7636 18.0837 11.2636 12.5737 11.2636C7.0537 11.2636 3.2437 14.7636 3.2437 17.8836C3.2437 19.2136 4.1037 19.9636 5.4537 19.9636ZM6.3037 17.4336C6.1237 17.4336 6.0537 17.3636 6.0737 17.2436C6.2237 15.9836 8.5337 13.7836 12.5737 13.7836C16.6137 13.7836 18.9337 15.9836 19.0837 17.2436C19.1037 17.3636 19.0137 17.4336 18.8537 17.4336ZM1.6037 30.5536H23.5437C24.4337 30.5536 25.1537 29.8336 25.1537 28.9436C25.1537 28.0636 24.4337 27.3436 23.5437 27.3436H22.6937V24.8536C22.6937 23.1236 21.6537 22.0136 19.8537 22.0136H5.3037C3.5037 22.0136 2.4637 23.1236 2.4637 24.8536V27.3436H1.6037C0.7237 27.3436 0.0037 28.0636 0.0037 28.9436C0.0037 29.8336 0.7237 30.5536 1.6037 30.5536ZM9.9637 27.4536C9.3237 27.4536 8.8037 26.9436 8.8037 26.2936C8.8037 25.6336 9.3237 25.1336 9.9637 25.1336H15.1937C15.8437 25.1336 16.3537 25.6336 16.3537 26.2936C16.3537 26.9436 15.8437 27.4536 15.1937 27.4536Z","geometry":{"width":25.15625,"height":30.556640625}}