{"path":"M2.4037 22.3501C2.4037 23.8401 3.3237 24.7701 4.7537 24.7701C6.1637 24.7701 7.0937 23.8401 7.0937 22.3501V17.0401H11.3337C16.2537 17.0401 19.4437 13.7401 19.7437 9.1601H21.2237C21.6737 9.1601 22.0237 8.8001 22.0237 8.3501C22.0237 7.9001 21.6737 7.5501 21.2237 7.5501H19.7437C19.3837 3.2001 16.4037 0.0001 11.6337 0.0001H4.8837C3.3037 0.0001 2.4037 0.9001 2.4037 2.5001V7.5501H0.7937C0.3537 7.5501 0.0037 7.9001 0.0037 8.3501C0.0037 8.8001 0.3537 9.1601 0.7937 9.1601H2.4037ZM7.0937 3.5801H10.3937C12.9637 3.5801 14.6837 4.8701 14.9837 7.5501H7.0937ZM7.0937 13.5101V9.1601H15.0137C14.7537 12.0901 12.9437 13.5101 10.3037 13.5101Z","geometry":{"width":22.025390625,"height":24.7734375}}