{"path":"M4.8237 26.1377H21.3137C24.4437 26.1377 26.1437 24.4477 26.1437 21.3377V4.7977C26.1437 1.6977 24.4437 -0.0023 21.3137 -0.0023H4.8237C1.7137 -0.0023 0.0037 1.6977 0.0037 4.7977V21.3377C0.0037 24.4477 1.7137 26.1377 4.8237 26.1377ZM7.9837 11.3077C7.9837 10.9277 8.2337 10.6677 8.6237 10.6677H9.2937V8.3077C9.2937 7.3877 9.8337 6.8477 10.7637 6.8477H14.2037C16.6637 6.8477 18.2937 8.4677 18.5637 10.6677H19.2137C19.6237 10.6677 19.8337 10.9277 19.8337 11.3077C19.8337 11.6577 19.6237 11.9377 19.2137 11.9377H18.5837C18.3337 14.2777 16.6537 15.9377 14.0937 15.9377H12.0837V18.4577C12.0837 19.3777 11.4937 19.8677 10.7237 19.8677C9.8937 19.8677 9.2937 19.3777 9.2937 18.4577V11.9377H8.6237C8.2337 11.9377 7.9837 11.6577 7.9837 11.3077ZM12.1037 10.6677H15.7337C15.5137 9.6077 14.7137 9.0877 13.6137 9.0877H12.1037ZM12.1037 13.7177L13.6037 13.7277C14.7637 13.7277 15.5737 13.1277 15.7537 11.9377H12.1037Z","geometry":{"width":26.140625,"height":26.140625}}