{"path":"M4.8237 26.1377H21.3137C24.4437 26.1377 26.1437 24.4477 26.1437 21.3377V4.7977C26.1437 1.6977 24.4437 -0.0023 21.3137 -0.0023H4.8237C1.7137 -0.0023 0.0037 1.6977 0.0037 4.7977V21.3377C0.0037 24.4477 1.7137 26.1377 4.8237 26.1377ZM7.7937 12.4977C7.7937 12.1177 8.0237 11.8577 8.4237 11.8577H9.1437V11.0877H8.4237C8.0237 11.0877 7.7937 10.8277 7.7937 10.4577C7.7937 10.0777 8.0237 9.8277 8.4237 9.8277H9.1437V8.3077C9.1437 7.3977 9.6837 6.8477 10.6137 6.8477H14.0537C16.1437 6.8477 17.6337 8.0677 18.1937 9.8277H19.0037C19.4137 9.8277 19.6437 10.0777 19.6437 10.4577C19.6437 10.8277 19.4137 11.0877 19.0037 11.0877H18.4437C18.4537 11.2277 18.4737 11.3477 18.4737 11.4877C18.4737 11.6177 18.4537 11.7577 18.4337 11.8577H19.0037C19.4137 11.8577 19.6437 12.1177 19.6437 12.4977C19.6437 12.8677 19.4137 13.1277 19.0037 13.1277H18.1937C17.6237 14.9277 16.0937 16.1477 13.9437 16.1477H11.9337V18.4577C11.9337 19.3877 11.3437 19.8777 10.5537 19.8777C9.7437 19.8777 9.1437 19.3877 9.1437 18.4577V13.1277H8.4237C8.0237 13.1277 7.7937 12.8677 7.7937 12.4977ZM11.9537 9.8277H15.1737C14.8037 9.3377 14.2037 9.0877 13.4837 9.0877H11.9537ZM11.9537 11.8577H15.6637C15.6837 11.7577 15.6837 11.6077 15.6837 11.4677C15.6837 11.3177 15.6837 11.2277 15.6637 11.0877H11.9537ZM11.9537 13.9177L13.4637 13.9277C14.2237 13.9277 14.8337 13.6577 15.2137 13.1277H11.9537Z","geometry":{"width":26.140625,"height":26.140625}}