{"path":"M4.8237 26.1377H21.3137C24.4437 26.1377 26.1437 24.4477 26.1437 21.3377V4.7977C26.1437 1.6977 24.4437 -0.0023 21.3137 -0.0023H4.8237C1.7137 -0.0023 0.0037 1.6977 0.0037 4.7977V21.3377C0.0037 24.4477 1.7137 26.1377 4.8237 26.1377ZM5.2137 22.6177C4.1137 22.6177 3.5237 22.0777 3.5237 20.9177V5.2377C3.5237 4.0777 4.1137 3.5277 5.2137 3.5277H20.9337C22.0237 3.5277 22.6137 4.0777 22.6137 5.2377V20.9177C22.6137 22.0777 22.0237 22.6177 20.9337 22.6177ZM7.9837 12.5077C7.9837 12.8677 8.2337 13.1077 8.6037 13.1077H9.2837V18.2077C9.2837 19.0677 9.8537 19.5277 10.6137 19.5277C11.3637 19.5277 11.9037 19.0677 11.9037 18.2077V15.9677H13.8237C15.8437 15.9677 17.3037 14.8177 17.8537 13.1077H18.6237C19.0037 13.1077 19.2337 12.8677 19.2337 12.5077C19.2337 12.1577 19.0037 11.9077 18.6237 11.9077H18.0737C18.1037 11.8077 18.1137 11.6877 18.1137 11.5477C18.1137 11.4177 18.1037 11.3077 18.0837 11.1877H18.6237C19.0037 11.1877 19.2337 10.9277 19.2337 10.5777C19.2337 10.2177 19.0037 9.9777 18.6237 9.9777H17.8537C17.3237 8.3277 15.9037 7.1677 13.9337 7.1677H10.6537C9.7937 7.1677 9.2837 7.6677 9.2837 8.5477V9.9777H8.6037C8.2337 9.9777 7.9837 10.2177 7.9837 10.5777C7.9837 10.9277 8.2337 11.1877 8.6037 11.1877H9.2837V11.9077H8.6037C8.2337 11.9077 7.9837 12.1577 7.9837 12.5077ZM11.9237 9.9777V9.2677H13.3837C14.0937 9.2677 14.6537 9.5177 15.0237 9.9777ZM11.9237 11.9077V11.1877H15.4737C15.4937 11.3077 15.4937 11.3977 15.4937 11.5377C15.4937 11.6777 15.4937 11.8077 15.4737 11.9077ZM11.9237 13.8777V13.1077H15.0537C14.6837 13.6177 14.0937 13.8877 13.3737 13.8877Z","geometry":{"width":26.140625,"height":26.140625}}