{"path":"M2.4237 22.3501C2.4237 23.8401 3.3537 24.7701 4.7737 24.7701C6.1937 24.7701 7.1137 23.8401 7.1137 22.3501V17.0401H11.3437C15.3437 17.0401 18.1937 14.8601 19.2937 11.5901H21.2337C21.6837 11.5901 22.0537 11.2201 22.0537 10.7901C22.0537 10.3401 21.6837 9.9701 21.2337 9.9701H19.6737C19.7537 9.4701 19.7837 8.9501 19.7837 8.4101C19.7837 8.1501 19.7837 7.8701 19.7537 7.6201H21.2337C21.6837 7.6201 22.0537 7.2501 22.0537 6.8101C22.0537 6.3601 21.6837 6.0001 21.2337 6.0001H19.5137C18.6437 2.4601 15.8337 0.0001 11.6437 0.0001H4.8937C3.3237 0.0001 2.4237 0.9001 2.4237 2.5001V6.0001H0.8037C0.3737 6.0001 0.0037 6.3601 0.0037 6.8101C0.0037 7.2501 0.3737 7.6201 0.8037 7.6201H2.4237V9.9701H0.8037C0.3737 9.9701 0.0037 10.3401 0.0037 10.7901C0.0037 11.2201 0.3737 11.5901 0.8037 11.5901H2.4237ZM7.1137 3.5801H10.4037C12.4137 3.5801 13.9037 4.3701 14.6037 6.0001H7.1137ZM15.0537 8.4401C15.0537 9.0001 14.9937 9.5001 14.9037 9.9701H7.1137V7.6201H15.0137C15.0437 7.8701 15.0537 8.1501 15.0537 8.4401ZM7.1137 13.5101V11.5901H14.2737C13.4637 12.8801 12.0737 13.5101 10.3237 13.5101Z","geometry":{"width":22.052734375,"height":24.7734375}}