{"path":"M7.3655 19.249C11.5555 23.449 16.5955 26.649 20.6955 26.649C22.5355 26.649 24.1555 26.019 25.4555 24.569C26.2055 23.739 26.6355 22.789 26.6355 21.829C26.6355 21.029 26.3155 20.259 25.5555 19.719L21.3255 16.709C20.6455 16.219 20.0655 15.999 19.5555 15.999C18.8955 15.999 18.3055 16.369 17.6655 17.019L16.6355 18.019C16.4855 18.179 16.2955 18.239 16.1055 18.239C15.8855 18.239 15.6655 18.159 15.5155 18.079C14.6455 17.579 13.1255 16.279 11.7355 14.889C10.3455 13.499 9.0355 11.989 8.5455 11.099C8.4655 10.949 8.3855 10.729 8.3855 10.509C8.3855 10.339 8.4355 10.149 8.5955 9.979L9.6155 8.969C10.2555 8.309 10.6255 7.729 10.6255 7.059C10.6255 6.549 10.4055 5.979 9.9155 5.289L6.9155 1.089C6.3755 0.329 5.5955 -0.001 4.7555 -0.001C3.8055 -0.001 2.8555 0.399 2.0355 1.179C0.6155 2.489 -0.0045 4.129 -0.0045 5.949C-0.0045 10.059 3.1755 15.069 7.3655 19.249ZM16.5255 11.729C16.9255 11.729 17.2855 11.579 17.5655 11.309L22.4855 6.389L24.0355 4.679L23.8055 7.529V9.379C23.8055 10.149 24.4055 10.719 25.1955 10.749C25.9855 10.759 26.6355 10.169 26.6355 9.389V2.039C26.6355 0.859 25.9755 0.209 24.7855 0.209H17.3455C16.5855 0.209 15.9955 0.829 16.0055 1.639C16.0255 2.429 16.5955 3.039 17.3655 3.039H19.2955L22.2155 2.789L20.4555 4.329L15.5355 9.269C15.2155 9.569 15.0655 9.939 15.0655 10.379C15.0655 11.139 15.6855 11.729 16.5255 11.729Z","geometry":{"width":26.6328125,"height":26.646484375}}