{"path":"M22.2855 13.6759C22.7655 13.6759 23.1455 13.2859 23.1455 12.7959V0.8759C23.1455 0.3859 22.7655 -0.0041 22.2855 -0.0041C21.7955 -0.0041 21.4255 0.3959 21.4255 0.8759V12.7959C21.4255 13.2859 21.7955 13.6759 22.2855 13.6759ZM7.3555 20.8759C11.5355 25.0759 16.5955 28.2759 20.6955 28.2759C22.5355 28.2759 24.1555 27.6459 25.4455 26.1959C26.2055 25.3659 26.6355 24.4159 26.6355 23.4559C26.6355 22.6559 26.3155 21.8859 25.5555 21.3459L21.3255 18.3359C20.6455 17.8459 20.0655 17.6259 19.5555 17.6259C18.8955 17.6259 18.3055 17.9959 17.6655 18.6459L16.6355 19.6459C16.4855 19.8059 16.2955 19.8659 16.1055 19.8659C15.8855 19.8659 15.6655 19.7859 15.5155 19.7059C14.6455 19.2059 13.1255 17.9059 11.7355 16.5159C10.3355 15.1259 9.0355 13.6159 8.5455 12.7259C8.4655 12.5759 8.3855 12.3559 8.3855 12.1359C8.3855 11.9659 8.4355 11.7759 8.5955 11.6059L9.5955 10.5959C10.2355 9.9359 10.6255 9.3559 10.6255 8.6859C10.6255 8.1759 10.4055 7.6059 9.9155 6.9159L6.9155 2.7159C6.3755 1.9559 5.5755 1.6259 4.7555 1.6259C3.8055 1.6259 2.8555 2.0259 2.0355 2.8059C0.6155 4.1159 -0.0045 5.7559 -0.0045 7.5759C-0.0045 11.6859 3.1755 16.6959 7.3555 20.8759ZM25.6355 11.7759C26.1155 11.7759 26.4955 11.3759 26.4955 10.8959V2.7759C26.4955 2.2859 26.1155 1.9159 25.6355 1.9159C25.1555 1.9159 24.7555 2.2959 24.7555 2.7759V10.8959C24.7555 11.3759 25.1555 11.7759 25.6355 11.7759ZM18.9255 11.5359C19.4155 11.5359 19.7955 11.1559 19.7955 10.6659V2.9959C19.7955 2.5159 19.4155 2.1359 18.9255 2.1359C18.4455 2.1359 18.0655 2.5159 18.0655 2.9959V10.6659C18.0655 11.1559 18.4455 11.5359 18.9255 11.5359ZM28.9855 9.5859C29.4755 9.5859 29.8455 9.2059 29.8455 8.7059V4.9659C29.8455 4.4659 29.4655 4.0859 28.9855 4.0859C28.4955 4.0859 28.1055 4.4859 28.1055 4.9659V8.7059C28.1055 9.2059 28.4955 9.5859 28.9855 9.5859ZM15.5555 8.8759C16.0655 8.8759 16.4455 8.4859 16.4455 8.0159V5.6559C16.4455 5.1859 16.0655 4.7959 15.5555 4.7959C15.0955 4.7959 14.7155 5.1859 14.7155 5.6559V8.0159C14.7155 8.4859 15.0955 8.8759 15.5555 8.8759Z","geometry":{"width":29.845703125,"height":28.2734375}}