{"path":"M8.3037 29.7795C8.9237 29.7795 9.4237 29.5195 10.1737 28.8295L15.3537 24.2295H23.8437C28.0237 24.2295 30.5437 21.6795 30.5437 17.5395V6.6995C30.5437 2.5395 28.0237 -0.0005 23.8437 -0.0005H6.7037C2.5137 -0.0005 0.0037 2.5395 0.0037 6.6995V17.5395C0.0037 21.6795 2.6837 24.2295 6.4637 24.2295H6.8537V28.1595C6.8537 29.1495 7.3937 29.7795 8.3037 29.7795ZM11.9237 15.4195C8.6037 12.1095 6.5237 7.9695 8.9837 5.4795C9.0537 5.4295 9.1037 5.3695 9.1737 5.3195C10.1737 4.5795 11.0237 4.4995 11.5937 5.3195L13.3137 7.7495C13.9137 8.6295 13.7537 9.0895 13.1437 9.7595L12.5937 10.3395C12.4137 10.5295 12.4837 10.7895 12.5737 10.9395C12.8537 11.4195 13.5537 12.2795 14.3137 13.0295C15.0837 13.7995 15.9037 14.4695 16.3937 14.7695C16.5837 14.8895 16.8737 14.8995 17.0337 14.7495L17.5837 14.2095C18.1937 13.5895 18.7337 13.4295 19.5937 14.0295C20.5737 14.7095 21.3137 15.2395 22.0537 15.7495C22.9037 16.3795 22.6837 17.3395 22.1037 18.0495C22.0437 18.1595 21.9537 18.2495 21.8437 18.3595C19.3837 20.8195 15.2337 18.7395 11.9237 15.4195Z","geometry":{"width":30.54296875,"height":29.77734375}}