{"path":"M0.0027 11.3741C0.0027 13.2041 1.0527 14.4341 2.8527 14.4541C3.1427 14.4541 3.5527 14.4241 4.0727 14.3541L9.6927 13.5641C11.9127 13.2641 12.4427 12.3641 12.4427 10.5641C12.4427 10.0241 12.4427 9.5041 12.4527 8.9541C12.4527 8.5141 12.6427 8.3241 12.9627 8.2541C14.9827 7.8341 19.9727 7.8341 22.0027 8.2541C22.3127 8.3241 22.5027 8.5141 22.5027 8.9541C22.5027 9.5041 22.5027 10.0241 22.5027 10.5641C22.5127 12.3641 23.0527 13.2641 25.2627 13.5641L30.8727 14.3541C31.4027 14.4241 31.8027 14.4541 32.1027 14.4541C33.9027 14.4341 34.9627 13.2041 34.9627 11.3741V10.0941C34.9627 3.3741 27.6127 0.0041 17.4727 0.0041C7.3427 0.0041 0.0027 3.3741 0.0027 10.0941ZM2.7727 10.9941V10.2241C2.7727 4.5541 10.0927 2.5441 17.4727 2.5441C24.8527 2.5441 32.1827 4.5541 32.1827 10.2241V10.9941C32.1827 11.5341 31.8927 11.9241 31.3927 11.9241C31.2227 11.9241 31.0627 11.9041 30.8127 11.8541L25.8227 10.9241C25.5127 10.8541 25.2827 10.7041 25.2827 10.2441V8.4041C25.2827 6.7641 24.7327 6.1541 23.8527 5.8941C21.5027 5.2341 13.4527 5.2341 11.1027 5.8941C10.2127 6.1541 9.6627 6.7641 9.6627 8.4041V10.2441C9.6627 10.7041 9.4427 10.8541 9.1327 10.9241L4.1427 11.8541C3.8927 11.9041 3.7327 11.9241 3.5727 11.9241C3.0527 11.9241 2.7727 11.5341 2.7727 10.9941Z","geometry":{"width":34.958984375,"height":14.451171875}}