{"path":"M23.717 26.649C25.527 26.649 27.127 26.049 28.397 24.649C29.167 23.829 29.657 22.829 29.657 21.829C29.657 21.029 29.337 20.259 28.577 19.719C27.177 18.719 25.757 17.709 24.347 16.709C23.667 16.219 23.087 15.999 22.587 15.999C21.917 15.999 21.327 16.369 20.687 17.019L19.677 18.019C19.507 18.179 19.317 18.239 19.127 18.239C18.907 18.239 18.687 18.159 18.537 18.079C17.677 17.569 16.147 16.279 14.757 14.889C13.367 13.499 12.057 11.989 11.567 11.099C11.497 10.949 11.407 10.729 11.407 10.509C11.407 10.339 11.457 10.149 11.617 9.979L12.637 8.969C13.277 8.309 13.647 7.729 13.647 7.059C13.647 6.549 13.427 5.979 12.937 5.289C11.937 3.899 10.937 2.479 9.937 1.089C9.397 0.329 8.617 -0.001 7.777 -0.001C6.807 -0.001 5.827 0.449 5.057 1.179C3.647 2.499 3.017 4.129 3.017 5.949C3.017 7.929 3.777 10.129 5.017 12.349C5.717 12.169 6.457 12.089 7.207 12.089C12.277 12.089 16.457 16.269 16.457 21.329C16.457 22.219 16.327 23.079 16.077 23.899C18.717 25.589 21.387 26.649 23.717 26.649ZM7.207 28.529C11.127 28.529 14.397 25.269 14.397 21.329C14.397 17.389 11.147 14.139 7.207 14.139C3.257 14.139 -0.003 17.389 -0.003 21.329C-0.003 25.279 3.257 28.529 7.207 28.529ZM6.467 25.269C6.157 25.269 5.767 25.169 5.527 24.899L3.277 22.459C3.067 22.219 2.917 21.919 2.917 21.619C2.917 20.859 3.497 20.429 4.097 20.429C4.457 20.429 4.757 20.549 4.967 20.799L6.387 22.379L9.417 18.179C9.657 17.869 10.007 17.669 10.407 17.669C11.047 17.669 11.577 18.179 11.577 18.839C11.577 19.049 11.507 19.309 11.357 19.509L7.437 24.839C7.237 25.099 6.867 25.269 6.467 25.269Z","geometry":{"width":29.654296875,"height":28.533203125}}