{"path":"M28.453 19.4411L24.213 16.5011C22.843 15.5411 21.303 15.5011 20.153 16.6711L19.263 17.5511C18.813 18.0111 18.263 18.0511 17.633 17.5711C17.023 17.1211 15.773 16.0111 14.903 15.1311C14.073 14.3111 13.153 13.2911 12.713 12.6511C12.233 12.0211 12.273 11.4611 12.733 11.0211L13.603 10.1311C14.783 8.9811 14.743 7.4411 13.783 6.0611L10.673 1.6711C9.903 0.5611 8.863 0.0111 7.753 0.0011C6.853 -0.0089 5.893 0.3711 5.003 1.1211L4.713 1.3711C2.903 2.9511 2.183 4.6811 2.183 7.3311C2.183 9.2011 2.643 11.2011 3.723 13.5311C4.563 13.1811 5.483 12.9511 6.443 12.8811C5.293 10.5711 4.813 8.7811 4.843 7.1411C4.853 5.7111 5.363 4.4611 6.343 3.6111C6.453 3.5111 6.573 3.4211 6.683 3.3411C7.023 3.0511 7.413 2.9011 7.753 2.9011C8.153 2.9011 8.503 3.0811 8.773 3.4911L11.223 7.1111C11.593 7.6611 11.583 8.2811 11.043 8.7911L10.113 9.6911C8.953 10.7911 9.093 12.0611 9.843 13.1011C10.573 14.0911 11.913 15.5211 13.343 16.9411C14.933 18.4811 16.313 19.7711 17.183 20.4311C18.223 21.1911 19.493 21.3111 20.593 20.1711L21.493 19.2411C22.003 18.6911 22.613 18.6911 23.173 19.0611L26.633 21.3411C27.073 21.6111 27.223 21.9711 27.223 22.3711C27.223 22.7111 27.073 23.0811 26.783 23.4311C26.683 23.5411 26.603 23.6711 26.513 23.7711C25.663 24.7611 24.393 25.2611 22.983 25.2811C21.073 25.3111 18.973 24.7211 16.383 23.1711C16.283 24.1311 15.993 25.0611 15.583 25.8911C18.333 27.3311 20.673 27.8811 23.023 27.8811C25.433 27.8811 27.123 27.1111 28.713 25.4311C28.803 25.3311 28.903 25.2211 29.003 25.1111C29.763 24.2411 30.203 23.2111 30.203 22.3311C30.203 21.2511 29.683 20.2911 28.453 19.4411ZM7.203 29.2811C11.133 29.2811 14.393 26.0211 14.393 22.0811C14.393 18.1411 11.143 14.8911 7.203 14.8911C3.253 14.8911 0.003 18.1411 0.003 22.0811C0.003 26.0311 3.253 29.2811 7.203 29.2811ZM7.203 26.7411C6.533 26.7411 6.113 26.3011 6.113 25.6611V23.1911H3.653C3.003 23.1911 2.573 22.7511 2.553 22.0911C2.553 21.4411 2.993 21.0011 3.653 21.0011H6.113V18.5511C6.113 17.9111 6.533 17.4611 7.203 17.4611C7.863 17.4411 8.303 17.9011 8.303 18.5511V21.0011H10.763C11.403 21.0011 11.843 21.4411 11.843 22.0911C11.843 22.7511 11.403 23.1911 10.763 23.1911H8.303V25.6611C8.303 26.3011 7.863 26.7411 7.203 26.7411Z","geometry":{"width":30.201171875,"height":29.285509973243137}}