{"path":"M4.8237 26.1377H27.8037C30.9437 26.1377 32.6337 24.4477 32.6337 21.3377V4.7977C32.6337 1.6977 30.9437 -0.0023 27.8037 -0.0023H4.8237C1.7137 -0.0023 0.0037 1.6977 0.0037 4.7977V21.3377C0.0037 24.4477 1.7137 26.1377 4.8237 26.1377ZM11.3637 13.2177C9.4437 13.2177 7.8937 11.6577 7.8937 9.7577C7.8937 7.8777 9.4437 6.2877 11.3637 6.2877C13.2437 6.2877 14.8037 7.8777 14.8037 9.7577C14.8037 11.6577 13.2437 13.2177 11.3637 13.2177ZM5.3137 22.6177C4.2137 22.6177 3.5237 21.9477 3.5237 20.8177V19.3177L6.8337 16.4177C7.4237 15.8977 7.9837 15.6377 8.6437 15.6377C9.2937 15.6377 9.9637 15.9177 10.5537 16.4477L13.1237 18.7477L19.4737 13.0877C20.1137 12.5077 20.8337 12.2477 21.5837 12.2477C22.3137 12.2477 23.0737 12.5277 23.6937 13.0977L29.1037 18.1177V20.8177C29.1037 21.9477 28.3537 22.6177 27.3337 22.6177Z","geometry":{"width":32.634765625,"height":26.140625}}