{"path":"M5.9437 2.0402H23.3937C23.2837 0.7202 22.4537 0.0002 21.0537 0.0002H8.2837C6.8937 0.0002 6.0537 0.7202 5.9437 2.0402ZM3.2237 6.2602H26.1137C25.9337 4.8702 25.1837 4.0302 23.5837 4.0302H5.7537C4.1537 4.0302 3.4037 4.8702 3.2237 6.2602ZM4.8237 32.2102H24.5037C27.6137 32.2102 29.3437 30.5202 29.3437 27.4102V13.3302C29.3437 10.2302 27.6137 8.5302 24.5037 8.5302H4.8237C1.7137 8.5302 0.0037 10.2302 0.0037 13.3302V27.4102C0.0037 30.5202 1.7137 32.2102 4.8237 32.2102ZM3.5237 13.7502C3.5237 12.5902 4.1137 12.0602 5.2137 12.0602H24.1137C25.2137 12.0602 25.8137 12.5902 25.8137 13.7502V25.0202L20.7437 20.3002C20.2337 19.8202 19.6037 19.5802 18.9337 19.5802C18.2937 19.5802 17.6937 19.8102 17.1437 20.2902L11.6937 25.1102L9.5037 23.1502C9.0137 22.7002 8.4537 22.4802 7.8737 22.4802C7.3237 22.4802 6.7937 22.7002 6.3037 23.1202L3.5237 25.6102ZM10.8737 20.5802C12.5137 20.5802 13.8637 19.2102 13.8637 17.5702C13.8637 15.9302 12.5137 14.5702 10.8737 14.5702C9.2037 14.5702 7.8637 15.9302 7.8637 17.5702C7.8637 19.2102 9.2037 20.5802 10.8737 20.5802Z","geometry":{"width":29.33984375,"height":32.2109375}}