{"path":"M4.8237 26.1377C1.7137 26.1377 0.0037 24.4477 0.0037 21.3377V4.7977C0.0037 1.6977 1.7137 -0.0023 4.8237 -0.0023H27.8037C30.9437 -0.0023 32.6337 1.6977 32.6337 4.7977V21.3377C32.6337 24.4477 30.9437 26.1377 27.8037 26.1377H24.7637V15.4777H24.9937C25.6237 15.4777 26.2137 15.1177 26.2137 14.1777V-0.0023H21.9037V14.1777C21.9037 15.1177 22.5037 15.4777 23.1237 15.4777H23.3637V26.1377H17.0037V15.4777H17.2537C17.8837 15.4777 18.4737 15.1177 18.4737 14.1777V-0.0023H14.1637V14.1777C14.1637 15.1177 14.8337 15.4777 15.3837 15.4777H15.6237V26.1377H9.2737V15.4777H9.5137C10.1337 15.4777 10.7337 15.1177 10.7337 14.1777V-0.0023H6.4237V14.1777C6.4237 15.1177 7.0237 15.4777 7.6437 15.4777H7.8937V26.1377H7.8937Z","geometry":{"width":32.634765625,"height":26.140625}}