{"path":"M4.8237 26.1377H27.8037C30.9437 26.1377 32.6337 24.4477 32.6337 21.3377V4.7977C32.6337 1.6977 30.9437 -0.0023 27.8037 -0.0023H4.8237C1.7137 -0.0023 0.0037 1.6977 0.0037 4.7977V21.3377C0.0037 24.4477 1.7137 26.1377 4.8237 26.1377ZM5.2137 22.6177C4.1137 22.6177 3.5237 22.0777 3.5237 20.9177V5.2177C3.5237 4.0577 4.1137 3.5277 5.2137 3.5277H6.9037V13.8677C6.9037 14.8077 7.5037 15.1577 8.1237 15.1577H8.3637V22.6177ZM9.9937 15.1577C10.6237 15.1577 11.2137 14.8077 11.2137 13.8677V3.5277H14.1637V13.8677C14.1637 14.8077 14.8337 15.1577 15.3837 15.1577H15.6237V22.6177H9.7437V15.1577ZM17.2537 15.1577C17.8837 15.1577 18.4737 14.8077 18.4737 13.8677V3.5277H21.4237V13.8677C21.4237 14.8077 22.0237 15.1577 22.6437 15.1577H22.8837V22.6177H17.0037V15.1577ZM24.5137 15.1577C25.1437 15.1577 25.7337 14.8077 25.7337 13.8677V3.5277H27.4237C28.5237 3.5277 29.1037 4.0577 29.1037 5.2177V20.9177C29.1037 22.0777 28.5237 22.6177 27.4237 22.6177H24.2637V15.1577Z","geometry":{"width":32.634765625,"height":26.140625}}