{"path":"M2.2932 26.4774C5.4332 29.6174 10.0932 29.5074 13.4432 26.1574L26.1532 13.4574C29.5132 10.0974 29.6232 5.4474 26.4632 2.2774C23.3232 -0.8726 18.6432 -0.7426 15.3032 2.5874L2.6032 15.2874C-0.7568 18.6574 -0.8668 23.3074 2.2932 26.4774ZM17.6332 4.9874C19.6432 2.9774 22.2932 2.5874 24.2332 4.5174C26.1632 6.4574 25.8032 9.0874 23.7732 11.1374L18.5632 16.3474L12.4232 10.2074ZM4.5232 24.2374C2.5932 22.3174 2.9632 19.6674 4.9932 17.6274L10.2332 12.3774L16.3832 18.5174L11.1332 23.7674C9.1232 25.7874 6.4632 26.1574 4.5232 24.2374Z","geometry":{"width":28.753699611258202,"height":28.755605964647394}}