{"path":"M26.2014 2.2473C23.1014 -0.8627 18.5614 -0.7327 15.2714 2.5573L10.0714 7.7373L20.7114 18.3873L25.8914 13.2073C29.2014 9.8973 29.3114 5.3773 26.2014 2.2473ZM7.7714 10.0473L2.5614 15.2573C-0.7386 18.5673 -0.8486 23.0973 2.2414 26.2273C5.3514 29.3273 9.8914 29.2073 13.1914 25.9073L18.4114 20.6873Z","geometry":{"width":28.454893649781475,"height":28.47045217815443}}