{"path":"M2.1438 21.9175C5.0338 24.7775 8.8738 24.7875 11.7338 21.9375L21.9138 11.7375C24.7538 8.8875 24.7538 4.9975 21.9038 2.1475C19.0338 -0.7125 15.1738 -0.7225 12.3138 2.1375L2.1338 12.3175C-0.7162 15.1675 -0.7162 19.0775 2.1438 21.9175ZM14.7238 4.8475C16.1738 3.4075 17.9738 3.3575 19.3338 4.7175C20.6838 6.0875 20.6438 7.8875 19.2038 9.3275L15.5538 12.9775L11.0738 8.4975ZM4.7138 19.3475C3.3638 17.9775 3.4038 16.1675 4.8338 14.7375L8.5038 11.0675L12.9838 15.5475L9.3238 19.2275C7.8738 20.6575 6.0638 20.7075 4.7138 19.3475ZM26.7538 30.4075C31.2838 30.4075 34.9338 26.7475 34.9338 22.2375C34.9338 17.7475 31.2638 14.0875 26.7538 14.0875C22.2538 14.0875 18.5938 17.7475 18.5938 22.2375C18.5938 26.7275 22.2538 30.4075 26.7538 30.4075ZM26.7538 17.6175C28.7138 17.6175 30.3938 18.8175 31.0738 20.5275H22.4438C23.1338 18.8175 24.8038 17.6175 26.7538 17.6175ZM26.7538 26.8675C24.8038 26.8675 23.1138 25.6675 22.4338 23.9475H31.0738C30.4038 25.6675 28.7238 26.8675 26.7538 26.8675Z","geometry":{"width":34.92993471434085,"height":30.409680234141298}}