{"path":"M4.8237 26.1377H21.3137C24.4437 26.1377 26.1437 24.4477 26.1437 21.3377V4.7977C26.1437 1.6977 24.4437 -0.0023 21.3137 -0.0023H4.8237C1.7137 -0.0023 0.0037 1.6977 0.0037 4.7977V21.3377C0.0037 24.4477 1.7137 26.1377 4.8237 26.1377ZM7.5437 15.5677C7.5437 14.0777 8.8837 12.6177 10.8037 11.8977L11.0237 8.7077C9.9937 8.1177 9.2237 7.5077 8.8737 7.0677C8.6637 6.8077 8.5537 6.5377 8.5537 6.2877C8.5537 5.7977 8.9537 5.4277 9.4837 5.4277H16.8437C17.3737 5.4277 17.7737 5.7977 17.7737 6.2877C17.7737 6.5377 17.6637 6.8077 17.4737 7.0577C17.1337 7.5077 16.3537 8.1177 15.3137 8.7077L15.5337 11.8977C17.4437 12.6177 18.8037 14.0777 18.8037 15.5677C18.8037 16.2577 18.3337 16.6977 17.6637 16.6977H14.2637V19.1377C14.2637 20.2877 13.4837 21.8877 13.1637 21.8877C12.8537 21.8877 12.0737 20.2877 12.0737 19.1377V16.6977H8.6637C7.9937 16.6977 7.5437 16.2577 7.5437 15.5677Z","geometry":{"width":26.140625,"height":26.140625}}