{"path":"M4.877 1.762C4.877 2.252 5.077 2.802 5.487 3.312C6.177 4.202 7.747 5.452 9.567 6.662L9.497 7.752L12.167 10.432L12.447 5.432C12.467 5.122 12.397 4.972 12.167 4.842C10.647 4.042 9.467 3.182 9.077 2.842C8.947 2.722 9.017 2.582 9.157 2.582H19.367C19.507 2.582 19.577 2.722 19.467 2.842C19.067 3.182 17.887 4.042 16.357 4.842C16.137 4.972 16.057 5.122 16.087 5.432L16.487 12.412C15.777 12.292 15.037 12.232 14.267 12.232H13.977L17.007 15.282C19.997 15.712 22.337 18.302 22.337 20.072C22.337 20.122 22.317 20.162 22.317 20.222L24.477 22.502C25.017 22.152 25.387 21.502 25.387 20.642C25.387 17.612 22.987 14.702 19.407 13.232L18.967 6.662C20.777 5.452 22.347 4.202 23.047 3.312C23.447 2.802 23.647 2.252 23.647 1.762C23.647 0.742 22.867 0.002 21.737 0.002H6.807C5.667 0.002 4.877 0.742 4.877 1.762ZM0.327 4.522L25.817 29.992C26.287 30.452 27.027 30.432 27.447 29.992C27.897 29.532 27.887 28.822 27.447 28.382L1.967 2.912C1.517 2.462 0.757 2.452 0.327 2.902C-0.113 3.332 -0.103 4.102 0.327 4.522ZM3.157 20.642C3.157 22.012 4.087 22.932 5.507 22.932H12.667V29.522C12.667 31.162 13.817 33.452 14.267 33.452C14.707 33.452 15.867 31.162 15.867 29.522V23.142H16.247L13.297 20.182H6.267C6.067 20.182 5.967 20.052 6.007 19.812C6.217 18.412 7.407 17.022 9.207 16.102L7.307 14.192C4.757 15.762 3.157 18.152 3.157 20.642Z","geometry":{"width":27.7812900592073,"height":33.455078125}}