{"path":"M0.0039 20.642C0.0039 22.012 0.9439 22.932 2.3539 22.932H9.5139V29.522C9.5139 31.162 10.6739 33.452 11.1139 33.452C11.5539 33.452 12.7139 31.162 12.7139 29.522V22.932H19.8839C21.2839 22.932 22.2339 22.012 22.2339 20.642C22.2339 17.612 19.8339 14.612 15.9539 13.152L15.5039 6.662C17.6239 5.452 19.1939 4.202 19.8939 3.322C20.3039 2.802 20.4939 2.252 20.4939 1.762C20.4939 0.742 19.7139 0.002 18.5839 0.002H3.6539C2.5139 0.002 1.7339 0.742 1.7339 1.762C1.7339 2.252 1.9239 2.802 2.3339 3.322C3.0339 4.202 4.6039 5.472 6.7239 6.662L6.2939 13.152C2.3939 14.612 0.0039 17.612 0.0039 20.642Z","geometry":{"width":22.23046875,"height":33.455078125}}