{"path":"M18.5837 9.8452H29.8337V4.7952C29.8337 1.7052 28.1237 -0.0048 25.0037 -0.0048H4.8237C1.7137 -0.0048 0.0037 1.6952 0.0037 4.7952V18.9252C0.0037 22.0252 1.7137 23.7252 4.8237 23.7252H11.5437V16.8552C11.5437 12.5352 14.2337 9.8452 18.5837 9.8452ZM18.5837 30.5152H32.2637C35.3837 30.5152 37.0937 28.8252 37.0937 25.7152V16.8552C37.0937 13.7652 35.3837 12.0552 32.2637 12.0552H18.5837C15.4637 12.0552 13.7537 13.7552 13.7537 16.8552V25.7152C13.7537 28.8252 15.4637 30.5152 18.5837 30.5152Z","geometry":{"width":37.091796875,"height":30.515625}}