{"path":"M4.8237 23.7252H13.1137V25.7152C13.1137 28.8252 14.8237 30.5152 17.9337 30.5152H32.2637C35.3837 30.5152 37.0937 28.8252 37.0937 25.7152V16.2252C37.0937 13.1252 35.3837 11.4252 32.2637 11.4252H29.8337V4.7952C29.8337 1.7052 28.1237 -0.0048 25.0037 -0.0048H4.8237C1.7137 -0.0048 0.0037 1.6952 0.0037 4.7952V18.9252C0.0037 22.0252 1.7137 23.7252 4.8237 23.7252ZM5.2137 20.1952C4.1137 20.1952 3.5237 19.6452 3.5237 18.4852V5.2352C3.5237 4.0752 4.1137 3.5452 5.2137 3.5452H24.6237C25.7137 3.5452 26.3037 4.0752 26.3037 5.2352V11.4252H17.9337C14.8237 11.4252 13.1137 13.1252 13.1137 16.2252V20.1952ZM21.4137 26.1152C20.5937 26.1152 19.9437 25.4752 19.9437 24.6352C19.9437 24.2552 20.1137 23.8952 20.3837 23.6152L23.0237 20.9752L20.3837 18.3352C20.1137 18.0452 19.9437 17.6952 19.9437 17.3052C19.9437 16.4752 20.5937 15.8452 21.4137 15.8452C21.8437 15.8452 22.1937 15.9852 22.4937 16.2652L25.1037 18.8852L27.7537 16.2652C28.0537 15.9652 28.3837 15.8352 28.8237 15.8352C29.6437 15.8352 30.2937 16.4752 30.2937 17.3052C30.2937 17.6952 30.1337 18.0352 29.8437 18.3252L27.2237 20.9752L29.8337 23.5952C30.1237 23.8852 30.2837 24.2352 30.2837 24.6352C30.2837 25.4752 29.6437 26.1152 28.8037 26.1152C28.3737 26.1152 28.0137 25.9652 27.7237 25.6752L25.1037 23.0752L22.5037 25.6752C22.2137 25.9752 21.8437 26.1152 21.4137 26.1152Z","geometry":{"width":37.091796875,"height":30.515625}}