{"path":"M4.8237 23.7252H13.1137V25.7152C13.1137 28.8252 14.8237 30.5152 17.9337 30.5152H32.2637C35.3837 30.5152 37.0937 28.8252 37.0937 25.7152V16.2252C37.0937 13.1252 35.3837 11.4252 32.2637 11.4252H29.8337V4.7952C29.8337 1.7052 28.1237 -0.0048 25.0037 -0.0048H4.8237C1.7137 -0.0048 0.0037 1.6952 0.0037 4.7952V18.9252C0.0037 22.0252 1.7137 23.7252 4.8237 23.7252ZM5.2137 20.1952C4.1137 20.1952 3.5237 19.6452 3.5237 18.4852V5.2352C3.5237 4.0752 4.1137 3.5452 5.2137 3.5452H24.6237C25.7137 3.5452 26.3037 4.0752 26.3037 5.2352V11.4252H17.9337C14.8237 11.4252 13.1137 13.1252 13.1137 16.2252V20.1952ZM18.3337 26.9852C17.2237 26.9852 16.6437 26.4552 16.6437 25.2952V16.6552C16.6437 15.4852 17.2237 14.9552 18.3337 14.9552H31.8837C32.9737 14.9552 33.5637 15.4852 33.5637 16.6552V25.2952C33.5637 26.4552 32.9737 26.9852 31.8837 26.9852Z","geometry":{"width":37.091796875,"height":30.515625}}