{"path":"M3.2637 15.8913H5.1837C7.2637 15.8913 8.4537 14.7213 8.4537 12.7013V12.4713H12.5937L14.0537 9.7213H8.4537V6.1113H26.6037V9.7213H21.0037L22.4737 12.4713H26.6037V12.7013C26.6037 14.7213 27.8037 15.8913 29.8737 15.8913H31.7837C33.8637 15.8913 35.0537 14.7213 35.0537 12.7013V3.1713C35.0537 1.1613 33.8637 0.0013 31.7837 0.0013H29.8737C27.8037 0.0013 26.6037 1.1613 26.6037 3.1713V3.3613H8.4537V3.1713C8.4537 1.1613 7.2637 0.0013 5.1837 0.0013H3.2637C1.2037 0.0013 0.0037 1.1613 0.0037 3.1713V12.7013C0.0037 14.7213 1.2037 15.8913 3.2637 15.8913ZM3.4437 12.9913C3.0937 12.9913 2.8937 12.7813 2.8937 12.4113V3.4713C2.8937 3.0913 3.0937 2.8813 3.4437 2.8813H5.0037C5.3637 2.8813 5.5637 3.0913 5.5637 3.4713V12.4113C5.5637 12.7813 5.3637 12.9913 5.0037 12.9913ZM30.0637 12.9913C29.6937 12.9913 29.5037 12.7813 29.5037 12.4113V3.4713C29.5037 3.0913 29.6937 2.8813 30.0637 2.8813H31.6237C31.9737 2.8813 32.1737 3.0913 32.1737 3.4713V12.4113C32.1737 12.7813 31.9737 12.9913 31.6237 12.9913ZM17.5437 27.5213C21.0837 27.5213 23.8937 24.7413 23.8937 21.3013C23.8937 19.4013 22.9537 17.5713 22.2037 16.1513L19.1437 10.4413C18.7537 9.7513 18.2337 9.3913 17.5437 9.3913C16.8337 9.3913 16.3137 9.7513 15.9237 10.4413L12.8837 16.1513C12.1237 17.5713 11.1837 19.4013 11.1837 21.3013C11.1837 24.7413 14.0137 27.5213 17.5437 27.5213ZM17.5437 24.8713C15.4737 24.8713 13.8337 23.2813 13.8337 21.3013C13.8337 20.0313 14.4737 18.8013 15.2337 17.3913L17.4037 13.3413C17.4737 13.2113 17.6237 13.2113 17.6937 13.3413L19.8337 17.3913C20.5937 18.8013 21.2437 20.0313 21.2437 21.3013C21.2437 23.2813 19.6037 24.8713 17.5437 24.8713Z","geometry":{"width":35.0546875,"height":27.521484375}}