{"path":"M6.9037 28.0511H17.6737C21.8437 28.0511 24.5837 25.2811 24.5837 21.0111V12.7711H24.8137C25.8237 12.7711 26.4837 12.0711 26.4837 10.9811V8.6911C26.4837 7.6011 25.8237 6.8911 24.8137 6.8911H24.5837C24.5137 2.6911 21.8037 0.0011 17.6737 0.0011H6.9037C2.7337 0.0011 0.0037 2.7611 0.0037 7.0111V21.0111C0.0037 25.2811 2.7337 28.0511 6.9037 28.0511ZM6.8537 24.7011C4.6437 24.7011 3.3637 23.3611 3.3637 21.0711V7.0011C3.3637 4.7211 4.6437 3.3911 6.8537 3.3911H17.7237C19.9337 3.3911 21.2237 4.7211 21.2237 7.0011V21.0711C21.2237 23.3611 19.9337 24.7011 17.7237 24.7011ZM4.9537 21.1811C4.9537 22.3911 5.6237 23.1211 6.7537 23.1211H17.8237C18.9637 23.1211 19.6337 22.3911 19.6337 21.1811V18.6511C19.6337 17.4611 18.9337 16.7111 17.8237 16.7111H6.7537C5.6437 16.7111 4.9537 17.4611 4.9537 18.6511Z","geometry":{"width":26.482421875,"height":28.0546875}}