{"path":"M6.9037 28.0511H17.6737C21.8437 28.0511 24.5837 25.2811 24.5837 21.0111V12.7711H24.8137C25.8237 12.7711 26.4837 12.0711 26.4837 10.9811V8.6911C26.4837 7.6011 25.8237 6.8911 24.8137 6.8911H24.5837C24.5137 2.6911 21.8037 0.0011 17.6737 0.0011H6.9037C2.7337 0.0011 0.0037 2.7611 0.0037 7.0111V21.0111C0.0037 25.2811 2.7337 28.0511 6.9037 28.0511ZM6.8537 24.7011C4.6437 24.7011 3.3637 23.3611 3.3637 21.0711V7.0011C3.3637 4.7211 4.6437 3.3911 6.8537 3.3911H17.7237C19.9337 3.3911 21.2237 4.7211 21.2237 7.0011V21.0711C21.2237 23.3611 19.9337 24.7011 17.7237 24.7011ZM4.9537 21.2611C4.9537 22.4111 5.6037 23.1211 6.6737 23.1211H17.9137C18.9737 23.1211 19.6337 22.4111 19.6337 21.2611V18.5711C19.6337 17.4211 18.9737 16.7111 17.9137 16.7111H6.6737C5.6037 16.7111 4.9537 17.4211 4.9537 18.5711ZM6.8937 20.8511V18.9811C6.8937 18.7811 7.0037 18.6611 7.1937 18.6611H17.3737C17.5837 18.6611 17.6937 18.7811 17.6937 18.9811V20.8511C17.6937 21.0411 17.5837 21.1611 17.3737 21.1611H7.1937C7.0037 21.1611 6.8937 21.0411 6.8937 20.8511Z","geometry":{"width":26.482421875,"height":28.0546875}}