{"path":"M4.5537 32.5206H20.0937C22.8837 32.5206 24.6537 30.8206 24.6537 28.0706V4.4606C24.6537 1.7106 22.8837 0.0006 20.0937 0.0006H4.5537C1.7537 0.0006 0.0037 1.7106 0.0037 4.4606V28.0706C0.0037 30.8206 1.7537 32.5206 4.5537 32.5206ZM5.0737 29.0006C4.0437 29.0006 3.5237 28.4606 3.5237 27.5106V5.0206C3.5237 4.0506 4.0437 3.5106 5.0737 3.5106H19.5737C20.6037 3.5106 21.1237 4.0506 21.1237 5.0206V27.4906C21.1237 28.4606 20.6037 29.0006 19.5737 29.0006ZM7.4337 13.7006H17.2137C17.9337 13.7006 18.4337 13.2106 18.4337 12.4506V9.4306C18.4337 8.6806 17.9337 8.1906 17.2137 8.1906H7.4337C6.7137 8.1906 6.2337 8.6806 6.2337 9.4306V12.4506C6.2337 13.2106 6.7137 13.7006 7.4337 13.7006ZM7.4337 24.2906H17.2137C17.9337 24.2906 18.4337 23.8206 18.4337 23.0606V20.0306C18.4337 19.2806 17.9337 18.7806 17.2137 18.7806H7.4337C6.7137 18.7806 6.2337 19.2806 6.2337 20.0306V23.0606C6.2337 23.8206 6.7137 24.2906 7.4337 24.2906Z","geometry":{"width":24.650390625,"height":32.525390625}}