{"path":"M0.0002 27.4631C0.0002 29.9531 1.7202 31.6131 4.3102 31.6131H16.1502C18.6302 31.6131 20.2902 29.9531 20.2902 27.4631V4.1531C20.2902 1.6631 18.6302 0.0031 16.1502 0.0031H4.3102C1.7202 0.0031 0.0002 1.6631 0.0002 4.1531ZM3.5302 26.3831V5.2331C3.5302 4.2831 4.1002 3.7431 5.0702 3.7431H15.2202C16.1902 3.7431 16.7602 4.2931 16.7602 5.2531V26.3731C16.7602 27.3331 16.1902 27.8731 15.2202 27.8731H5.0702C4.1002 27.8731 3.5302 27.3431 3.5302 26.3831ZM6.5602 9.9531H13.7302C14.4502 9.9531 14.9402 9.4731 14.9402 8.7231V6.8131C14.9402 6.0531 14.4502 5.5631 13.7302 5.5631H6.5602C5.8402 5.5631 5.3502 6.0531 5.3502 6.8131V8.7231C5.3502 9.4731 5.8402 9.9531 6.5602 9.9531Z","geometry":{"width":20.2890625,"height":31.609375}}