{"path":"M4.1437 20.313H27.4637C29.9437 20.313 31.6137 18.583 31.6137 15.993V4.153C31.6137 1.663 29.9437 0.003 27.4537 0.003H4.1537C1.6637 0.003 0.0037 1.663 0.0037 4.153V15.993C0.0037 18.583 1.6637 20.313 4.1437 20.313ZM5.2337 16.793C4.2837 16.793 3.7337 16.203 3.7337 15.233V5.073C3.7337 4.113 4.2937 3.523 5.2337 3.523H26.3737C27.3137 3.523 27.8737 4.113 27.8737 5.073V15.233C27.8737 16.203 27.3337 16.793 26.3737 16.793ZM7.6737 12.863H13.5637C14.2737 12.863 14.7637 12.383 14.7637 11.623V8.683C14.7637 7.933 14.2737 7.433 13.5637 7.433H7.6737C6.9437 7.433 6.4537 7.933 6.4537 8.683V11.623C6.4537 12.383 6.9437 12.863 7.6737 12.863ZM18.0637 12.863H23.9537C24.6637 12.863 25.1537 12.383 25.1537 11.623V8.683C25.1537 7.933 24.6637 7.433 23.9537 7.433H18.0637C17.3337 7.433 16.8437 7.933 16.8437 8.683V11.623C16.8437 12.383 17.3337 12.863 18.0637 12.863Z","geometry":{"width":31.609375,"height":20.31640625}}