{"path":"M4.8237 26.1377H27.8037C30.9437 26.1377 32.6337 24.4477 32.6337 21.3377V4.7977C32.6337 1.6977 30.9437 -0.0023 27.8037 -0.0023H4.8237C1.7137 -0.0023 0.0037 1.6977 0.0037 4.7977V21.3377C0.0037 24.4477 1.7137 26.1377 4.8237 26.1377ZM5.2137 22.6177C4.1137 22.6177 3.5237 22.0777 3.5237 20.9177V5.2177C3.5237 4.0577 4.1137 3.5277 5.2137 3.5277H27.4237C28.5237 3.5277 29.1037 4.0577 29.1037 5.2177V20.9177C29.1037 22.0777 28.5237 22.6177 27.4237 22.6177ZM13.7237 18.5077L21.7337 13.8677C22.3237 13.5177 22.3137 12.6477 21.7337 12.3077L13.7237 7.6177C13.1137 7.2577 12.3037 7.5877 12.3037 8.2877V17.8677C12.3037 18.5477 13.0837 18.9077 13.7237 18.5077Z","geometry":{"width":32.634765625,"height":26.140625}}