{"path":"M27.0137 23.4852H30.3837C31.8237 23.4852 32.5637 22.7452 32.5637 21.3052V2.2052C32.5637 0.7552 31.8237 -0.0048 30.3837 -0.0048H27.0137C25.5537 -0.0048 24.8137 0.7552 24.8137 2.2052V21.3052C24.8137 22.7452 25.5237 23.4852 27.0137 23.4852ZM39.0837 23.4852H42.4537C43.9137 23.4852 44.6537 22.7452 44.6537 21.3052V2.2052C44.6537 0.7552 43.9137 -0.0048 42.4537 -0.0048H39.0837C37.6437 -0.0048 36.9037 0.7552 36.9037 2.2052V21.3052C36.9037 22.7452 37.6137 23.4852 39.0837 23.4852ZM2.5837 23.1552C3.2537 23.1552 3.8537 22.9952 4.5137 22.6152L18.6337 14.3452C19.7537 13.6852 20.4537 12.8652 20.4537 11.7352C20.4537 10.5952 19.7837 9.8252 18.6337 9.1552L4.5137 0.8852C3.8437 0.5052 3.2537 0.3252 2.5737 0.3252C1.1637 0.3252 0.0037 1.3852 0.0037 3.2652V20.2352C0.0037 22.1052 1.1937 23.1552 2.5837 23.1552Z","geometry":{"width":44.65234375,"height":23.48828125}}