{"path":"M12.0137 4.5804H28.1937V4.4704C28.0637 1.5704 26.3837 0.0004 23.3837 0.0004H4.8237C1.7137 0.0004 0.0037 1.6904 0.0037 4.8004V17.9604C0.0037 21.0004 1.6237 22.6804 4.6437 22.7504H4.9637V11.6104C4.9637 7.2704 7.6737 4.5804 12.0137 4.5804ZM12.0137 29.5604H30.6537C33.7737 29.5604 35.4737 27.8604 35.4737 24.7604V11.6104C35.4737 8.5004 33.7737 6.8104 30.6537 6.8104H12.0137C8.8837 6.8104 7.1937 8.5004 7.1937 11.6104V24.7604C7.1937 27.8604 8.8837 29.5604 12.0137 29.5604ZM17.3037 23.0104V13.3804C17.3037 12.7004 18.0337 12.3704 18.6237 12.7304L26.7437 17.4904C27.3037 17.8004 27.3137 18.5804 26.7537 18.9104L18.6237 23.6404C18.0337 23.9804 17.3037 23.6704 17.3037 23.0104Z","geometry":{"width":35.478515625,"height":29.55859375}}