{"path":"M20.8121 16.6132L23.6021 14.9932C24.8521 14.2732 25.4821 13.6032 25.4821 12.5332C25.4821 11.4832 24.8521 10.8132 23.6021 10.0732L7.1921 0.5632C6.3021 0.0532 5.3321 -0.1468 4.5621 0.1232L11.8221 7.4232L20.4521 12.4032C20.5121 12.4432 20.5521 12.4832 20.5521 12.5332C20.5521 12.6032 20.5121 12.6332 20.4521 12.6732L18.1821 13.9832ZM22.2721 23.9132C22.7121 24.3632 23.4621 24.3632 23.9021 23.9132C24.3321 23.4632 24.3521 22.7332 23.9021 22.2832L1.9721 0.3832C1.5221 -0.0668 0.7821 -0.0668 0.3321 0.3832C-0.1079 0.8232 -0.1079 1.5732 0.3321 2.0132ZM15.4321 19.7232L12.7921 17.0932L6.8921 20.4932C6.8221 20.5332 6.7821 20.5432 6.7221 20.5432C6.6621 20.5432 6.6221 20.4932 6.6221 20.4132V10.8932L2.9021 7.1632V22.5332C2.9021 24.1732 3.9421 25.1532 5.2221 25.1532C5.8521 25.1532 6.4221 24.9532 7.1921 24.5132Z","geometry":{"width":25.484375,"height":25.154906016556318}}