{"path":"M3.8737 24.3586H12.4137V26.5086H12.3737C11.5537 26.5086 10.8937 27.2086 10.8937 27.9886C10.8937 28.7686 11.5537 29.4586 12.3737 29.4586H21.8637C22.6837 29.4586 23.3337 28.7686 23.3337 27.9886C23.3337 27.2086 22.6837 26.5086 21.8637 26.5086H21.8237V24.3586H30.3537C32.7837 24.3586 34.2337 22.9186 34.2337 20.4786V3.8686C34.2337 1.4486 32.7837 -0.0014 30.3537 -0.0014H3.8737C1.4537 -0.0014 0.0037 1.4486 0.0037 3.8686V20.4786C0.0037 22.9186 1.4537 24.3586 3.8737 24.3586ZM4.2537 20.9886C3.7037 20.9886 3.3637 20.6586 3.3637 20.1086V4.2386C3.3637 3.6886 3.7037 3.3586 4.2537 3.3586H29.9837C30.5337 3.3586 30.8537 3.6886 30.8537 4.2386V20.1086C30.8537 20.6586 30.5337 20.9886 29.9837 20.9886ZM13.5337 16.5286C13.5337 17.1286 14.1937 17.4086 14.7137 17.0986L22.0637 12.8286C22.5737 12.5386 22.5537 11.8386 22.0537 11.5386L14.7137 7.2486C14.1937 6.9486 13.5337 7.2186 13.5337 7.8386Z","geometry":{"width":34.234375,"height":29.462890625}}