{"path":"M4.8237 23.7252H7.1137V25.7152C7.1137 28.8252 8.8137 30.5152 11.9337 30.5152H25.9937C29.1037 30.5152 30.8137 28.8252 30.8137 25.7152V11.6052C30.8137 8.5052 29.1037 6.8052 25.9937 6.8052H23.7037V4.7952C23.7037 1.7052 21.9937 -0.0048 18.8837 -0.0048H4.8237C1.7137 -0.0048 0.0037 1.6952 0.0037 4.7952V18.9252C0.0037 22.0252 1.7137 23.7252 4.8237 23.7252ZM5.2137 20.1952C4.1137 20.1952 3.5237 19.6452 3.5237 18.4852V5.2352C3.5237 4.0752 4.1137 3.5452 5.2137 3.5452H18.4937C19.5937 3.5452 20.1837 4.0752 20.1837 5.2352V6.8052H11.9337C8.8137 6.8052 7.1137 8.5052 7.1137 11.6052V20.1952ZM12.3137 26.9852C11.2237 26.9852 10.6337 26.4552 10.6337 25.2952V12.0352C10.6337 10.8652 11.2237 10.3352 12.3137 10.3352H25.6037C26.7037 10.3352 27.2937 10.8652 27.2937 12.0352V25.2952C27.2937 26.4552 26.7037 26.9852 25.6037 26.9852ZM12.6837 18.6652C12.6837 19.5352 13.3137 20.1652 14.1937 20.1652H17.4637V23.4452C17.4637 24.3052 18.1037 24.9352 18.9637 24.9352C19.8537 24.9352 20.4937 24.3052 20.4937 23.4452V20.1652H23.7637C24.6337 20.1652 25.2637 19.5352 25.2637 18.6652C25.2637 17.7752 24.6337 17.1352 23.7637 17.1352H20.4937V13.8652C20.4937 12.9852 19.8537 12.3752 18.9637 12.3752C18.1037 12.3752 17.4637 13.0052 17.4637 13.8652V17.1352H14.1937C13.3137 17.1352 12.6837 17.7752 12.6837 18.6652Z","geometry":{"width":30.81640625,"height":30.515625}}