{"path":"M21.3837 17.6616H33.1037C36.1337 17.6616 37.8037 15.9916 37.8037 12.9716V4.6916C37.8037 1.6716 36.1337 0.0016 33.1037 0.0016H21.3837C18.3337 0.0016 16.6837 1.6716 16.6837 4.6916V12.9716C16.6837 15.9916 18.3337 17.6616 21.3837 17.6616ZM0.0037 10.0716H14.4537V5.0616C14.4537 4.4616 14.5237 3.8416 14.5637 3.5316C14.3237 3.5116 14.1737 3.5016 13.9437 3.5016C13.2737 3.4316 12.8237 3.2116 12.2637 2.7516L11.7437 2.3216C10.6737 1.4916 9.9537 1.2216 8.3837 1.2216H4.5637C1.7337 1.2216 0.0037 2.9216 0.0037 6.0116ZM27.2437 13.4816C26.5737 13.4816 26.1537 13.0416 26.1537 12.4016V9.9216H23.6937C23.0537 9.9216 22.6137 9.4916 22.6037 8.8316C22.6037 8.1716 23.0337 7.7416 23.6937 7.7416H26.1537V5.2916C26.1537 4.6516 26.5737 4.2116 27.2437 4.2016C27.9037 4.1816 28.3437 4.6316 28.3437 5.2916V7.7416H30.8037C31.4437 7.7416 31.8837 8.1716 31.8837 8.8316C31.8837 9.4916 31.4437 9.9216 30.8037 9.9216H28.3437V12.4016C28.3437 13.0416 27.9037 13.4816 27.2437 13.4816ZM4.8237 27.4816H27.2337C30.1337 27.4816 31.8237 25.6216 31.8237 22.5316V19.8816H21.3837C17.1137 19.8816 14.4537 17.2416 14.4537 13.0716V12.3416H0.0037V22.6816C0.0037 25.7816 1.7137 27.4816 4.8237 27.4816Z","geometry":{"width":37.802734375,"height":27.48046875}}