{"path":"M1.7637 9.8597C2.9137 9.8597 3.5237 9.2197 3.5237 8.0797V5.2397C3.5237 4.0597 4.1137 3.5297 5.2137 3.5297H8.1037C9.2537 3.5297 9.8837 2.8997 9.8837 1.7597C9.8837 0.6297 9.2537 -0.0003 8.1037 -0.0003H4.8237C1.7137 -0.0003 0.0037 1.6997 0.0037 4.7997V8.0797C0.0037 9.2297 0.6337 9.8597 1.7637 9.8597ZM25.8837 9.8597C27.0337 9.8597 27.6437 9.2297 27.6437 8.0797V4.7997C27.6437 1.6997 25.9537 -0.0003 22.8137 -0.0003H19.5537C18.3937 -0.0003 17.7637 0.6297 17.7637 1.7597C17.7637 2.8997 18.4037 3.5297 19.5537 3.5297H22.4337C23.5337 3.5297 24.1137 4.0597 24.1137 5.2397V8.0797C24.1137 9.2297 24.7437 9.8597 25.8837 9.8597ZM7.5437 13.8197C7.5437 14.6997 8.1737 15.3397 9.0537 15.3397H12.3137V18.6097C12.3137 19.4697 12.9637 20.0997 13.8237 20.0997C14.7137 20.0997 15.3537 19.4697 15.3537 18.6097V15.3397H18.6237C19.4937 15.3397 20.1237 14.6997 20.1237 13.8197C20.1237 12.9497 19.4937 12.2997 18.6237 12.2997H15.3537V9.0397C15.3537 8.1597 14.7137 7.5297 13.8237 7.5297C12.9637 7.5297 12.3137 8.1597 12.3137 9.0397V12.2997H9.0537C8.1737 12.2997 7.5437 12.9497 7.5437 13.8197ZM4.8237 27.6597H8.1037C9.2537 27.6597 9.8837 27.0297 9.8837 25.8797C9.8837 24.7497 9.2537 24.1197 8.1037 24.1197H5.2137C4.1137 24.1197 3.5237 23.5797 3.5237 22.4197V19.5797C3.5237 18.4197 2.8937 17.7997 1.7637 17.7997C0.6137 17.7997 0.0037 18.4197 0.0037 19.5797V22.8597C0.0037 25.9597 1.7137 27.6597 4.8237 27.6597ZM19.5537 27.6597H22.8137C25.9537 27.6597 27.6437 25.9497 27.6437 22.8597V19.5797C27.6437 18.4197 27.0337 17.7997 25.8837 17.7997C24.7437 17.7997 24.1137 18.4297 24.1137 19.5797V22.4197C24.1137 23.5797 23.5337 24.1197 22.4337 24.1197H19.5537C18.3937 24.1197 17.7637 24.7497 17.7637 25.8797C17.7637 27.0297 18.3937 27.6597 19.5537 27.6597Z","geometry":{"width":27.64453125,"height":27.658203125}}