{"path":"M0.0037 11.7316C0.0037 12.8816 0.9337 13.8116 2.0737 13.8116H9.6637V21.3916C9.6637 22.5316 10.5837 23.4716 11.7337 23.4716C12.8837 23.4716 13.8037 22.5316 13.8037 21.3916V13.8116H21.3937C22.5337 13.8116 23.4637 12.8816 23.4637 11.7316C23.4637 10.5916 22.5337 9.6616 21.3937 9.6616H13.8037V2.0816C13.8037 0.9416 12.8837 0.0016 11.7337 0.0016C10.5837 0.0016 9.6637 0.9416 9.6637 2.0816V9.6616H2.0737C0.9337 9.6616 0.0037 10.5916 0.0037 11.7316Z","geometry":{"width":23.4609375,"height":23.474609375}}