{"path":"M24.2237 1.792C22.8037 0.372 20.8737 0.002 18.1337 0.002H7.8637C5.1237 0.002 3.2037 0.372 1.7737 1.792C0.3537 3.222 0.0037 5.112 0.0037 7.862V18.072C0.0037 20.852 0.3437 22.752 1.7737 24.162C3.2037 25.582 5.1237 25.952 7.8737 25.952H18.1337C20.8737 25.952 22.8037 25.582 24.2237 24.162C25.6637 22.732 26.0037 20.852 26.0037 18.072V7.892C26.0037 5.112 25.6637 3.212 24.2237 1.792ZM22.4737 7.502V18.452C22.4737 19.892 22.2837 20.932 21.6437 21.572C21.0037 22.212 19.9437 22.422 18.5137 22.422H7.4937C6.0537 22.422 5.0037 22.212 4.3637 21.572C3.7237 20.932 3.5237 19.892 3.5237 18.452V7.522C3.5237 6.052 3.7237 5.032 4.3637 4.372C5.0037 3.732 6.0737 3.542 7.5237 3.542H18.5137C19.9437 3.542 21.0037 3.742 21.6437 4.372C22.2837 5.032 22.4737 6.052 22.4737 7.502ZM6.7237 12.962C6.7237 13.832 7.3537 14.462 8.2337 14.462H11.4937V17.742C11.4937 18.612 12.1237 19.232 13.0037 19.232C13.8737 19.232 14.5337 18.612 14.5337 17.742V14.462H17.8037C18.6637 14.462 19.2937 13.832 19.2937 12.962C19.2937 12.072 18.6637 11.432 17.8037 11.432H14.5337V8.162C14.5337 7.292 13.8737 6.672 13.0037 6.672C12.1237 6.672 11.4937 7.292 11.4937 8.162V11.432H8.2337C7.3537 11.432 6.7237 12.072 6.7237 12.962Z","geometry":{"width":26.00390625,"height":25.94921875}}