{"path":"M0.0037 8.7366C0.0037 9.9366 0.8637 10.8166 2.0737 10.8166H6.8237V15.4466C6.8237 16.6566 7.6837 17.5166 8.9037 17.5166C10.1037 17.5166 10.9637 16.6566 10.9637 15.4466V10.8166H15.7237C16.9437 10.8166 17.8037 9.9366 17.8037 8.7366C17.8037 7.5366 16.9437 6.6766 15.7237 6.6766H10.9637V2.0466C10.9637 0.8466 10.1037 -0.0034 8.9037 -0.0034C7.6837 -0.0034 6.8237 0.8466 6.8237 2.0466V6.6766H2.0737C0.8637 6.6766 0.0037 7.5366 0.0037 8.7366ZM0.0037 23.1566C0.0037 24.3666 0.8737 25.2266 2.0737 25.2266H15.7237C16.9237 25.2266 17.8037 24.3666 17.8037 23.1566C17.8037 21.9566 16.9237 21.0866 15.7237 21.0866H2.0737C0.8737 21.0866 0.0037 21.9566 0.0037 23.1566Z","geometry":{"width":17.80078125,"height":25.224609375}}