{"path":"M1.6607 19.5129L12.6807 30.5129C14.8807 32.7129 17.2807 32.7329 19.4907 30.5329L30.5207 19.4829C32.7207 17.2929 32.7207 14.8929 30.5007 12.6729L19.5007 1.6729C17.2807 -0.5471 14.8907 -0.5571 12.6907 1.6529L1.6407 12.6829C-0.5593 14.8929 -0.5393 17.2929 1.6607 19.5129ZM4.4307 17.2829C3.6507 16.4929 3.6107 15.7229 4.4507 14.8929L14.8807 4.4529C15.7107 3.6229 16.4807 3.6529 17.2707 4.4429L27.7307 14.9029C28.5207 15.6829 28.5507 16.4629 27.7307 17.2929L17.2807 27.7229C16.4507 28.5629 15.6707 28.5329 14.8907 27.7429ZM9.8107 16.0929C9.8107 16.9629 10.4307 17.5929 11.3007 17.5929H14.5607V20.8729C14.5607 21.7429 15.2107 22.3629 16.0807 22.3629C16.9607 22.3629 17.6007 21.7429 17.6007 20.8729V17.5929H20.8807C21.7407 17.5929 22.3707 16.9629 22.3707 16.0929C22.3707 15.2029 21.7407 14.5629 20.8807 14.5629H17.6007V11.2929C17.6007 10.4229 16.9607 9.8029 16.0807 9.8029C15.2107 9.8029 14.5607 10.4229 14.5607 11.2929V14.5629H11.3007C10.4207 14.5629 9.8107 15.2029 9.8107 16.0929Z","geometry":{"width":32.16823278097361,"height":32.17337158969121}}