{"path":"M0.0037 25.2702C0.0037 28.4002 1.6937 30.0902 4.8037 30.0902H19.4437C22.5437 30.0902 24.2437 28.4002 24.2437 25.2702V4.8302C24.2437 1.7102 22.5437 0.0002 19.4437 0.0002H4.8037C1.6937 0.0002 0.0037 1.7102 0.0037 4.8302ZM3.5237 24.8802V5.2202C3.5237 4.1202 4.0637 3.5302 5.2237 3.5302H19.0137C20.1837 3.5302 20.7137 4.1202 20.7137 5.2202V24.8802C20.7137 25.9802 20.1837 26.5602 19.0137 26.5602H5.2237C4.0637 26.5602 3.5237 25.9802 3.5237 24.8802ZM5.8537 15.0402C5.8537 15.9102 6.4837 16.5402 7.3437 16.5402H10.6137V19.8202C10.6137 20.6902 11.2537 21.3102 12.1237 21.3102C13.0037 21.3102 13.6437 20.6902 13.6437 19.8202V16.5402H16.9237C17.7837 16.5402 18.4137 15.9102 18.4137 15.0402C18.4137 14.1502 17.7837 13.5102 16.9237 13.5102H13.6437V10.2402C13.6437 9.3702 13.0037 8.7502 12.1237 8.7502C11.2537 8.7502 10.6137 9.3702 10.6137 10.2402V13.5102H7.3437C6.4637 13.5102 5.8537 14.1502 5.8537 15.0402Z","geometry":{"width":24.240234375,"height":30.091796875}}