{"path":"M4.8237 26.1377H21.3137C24.4437 26.1377 26.1437 24.4477 26.1437 21.3377V4.7977C26.1437 1.6977 24.4437 -0.0023 21.3137 -0.0023H4.8237C1.7137 -0.0023 0.0037 1.6977 0.0037 4.7977V21.3377C0.0037 24.4477 1.7137 26.1377 4.8237 26.1377ZM6.4537 13.0577C6.4537 12.1277 7.1237 11.4477 8.0537 11.4477H11.5537V7.9477C11.5537 7.0277 12.2237 6.3477 13.1537 6.3477C14.0837 6.3477 14.7637 7.0277 14.7637 7.9477V11.4477H18.2837C19.1937 11.4477 19.8637 12.1277 19.8637 13.0577C19.8637 13.9877 19.1937 14.6677 18.2837 14.6677H14.7637V18.1677C14.7637 19.0877 14.0837 19.7577 13.1537 19.7577C12.2237 19.7577 11.5537 19.0877 11.5537 18.1677V14.6677H8.0537C7.1337 14.6677 6.4537 13.9877 6.4537 13.0577Z","geometry":{"width":26.140625,"height":26.140625}}