{"path":"M0.0037 25.2702C0.0037 28.4002 1.6937 30.0902 4.8037 30.0902H19.4437C22.5437 30.0902 24.2437 28.4002 24.2437 25.2702V4.8302C24.2437 1.7102 22.5437 0.0002 19.4437 0.0002H4.8037C1.6937 0.0002 0.0037 1.7102 0.0037 4.8302ZM5.4237 15.0502C5.4237 14.1202 6.0937 13.4402 7.0137 13.4402H10.5137V9.9402C10.5137 9.0202 11.1937 8.3402 12.1237 8.3402C13.0537 8.3402 13.7437 9.0102 13.7437 9.9402V13.4402H17.2537C18.1537 13.4402 18.8437 14.1202 18.8437 15.0502C18.8437 15.9802 18.1537 16.6502 17.2537 16.6502H13.7437V20.1702C13.7437 21.0802 13.0537 21.7502 12.1237 21.7502C11.1937 21.7502 10.5137 21.0802 10.5137 20.1702V16.6502H7.0137C6.0937 16.6502 5.4237 15.9802 5.4237 15.0502Z","geometry":{"width":24.240234375,"height":30.091796875}}