{"path":"M5.0537 10.1353C7.8637 10.1353 10.1437 7.8653 10.1437 5.0553C10.1437 2.2653 7.8637 -0.0047 5.0537 -0.0047C2.2737 -0.0047 0.0037 2.2653 0.0037 5.0553C0.0037 7.8653 2.2737 10.1353 5.0537 10.1353ZM26.2537 10.1353C29.0537 10.1353 31.3237 7.8653 31.3237 5.0553C31.3237 2.2653 29.0537 -0.0047 26.2537 -0.0047C23.4637 -0.0047 21.1737 2.2653 21.1737 5.0553C21.1737 7.8653 23.4637 10.1353 26.2537 10.1353ZM12.2737 6.3753C12.9637 6.3753 13.5037 5.8153 13.5037 5.1253C13.5037 4.4553 12.9637 3.8953 12.2737 3.8953C11.6037 3.8953 11.0437 4.4553 11.0437 5.1253C11.0437 5.8153 11.5937 6.3753 12.2737 6.3753ZM15.6437 6.3753C16.3237 6.3753 16.8837 5.8153 16.8837 5.1253C16.8837 4.4553 16.3237 3.8953 15.6437 3.8953C14.9737 3.8953 14.4137 4.4553 14.4137 5.1253C14.4137 5.8153 14.9737 6.3753 15.6437 6.3753ZM19.0137 6.3753C19.7037 6.3753 20.2637 5.8153 20.2637 5.1253C20.2637 4.4553 19.7037 3.8953 19.0137 3.8953C18.3437 3.8953 17.7837 4.4553 17.7837 5.1253C17.7837 5.8153 18.3437 6.3753 19.0137 6.3753ZM22.6137 12.7453C23.2937 12.7453 23.8437 12.1853 23.8437 11.4953C23.8437 10.8253 23.2937 10.2653 22.6137 10.2653C21.9437 10.2653 21.3837 10.8253 21.3837 11.4953C21.3837 12.1853 21.9337 12.7453 22.6137 12.7453ZM8.6937 12.7453C9.3637 12.7453 9.9237 12.1853 9.9237 11.4953C9.9237 10.8253 9.3637 10.2653 8.6937 10.2653C8.0237 10.2653 7.4537 10.8253 7.4537 11.4953C7.4537 12.1853 8.0137 12.7453 8.6937 12.7453ZM19.9637 15.6553C20.6437 15.6553 21.2037 15.0953 21.2037 14.4053C21.2037 13.7353 20.6437 13.1753 19.9637 13.1753C19.3037 13.1753 18.7337 13.7353 18.7337 14.4053C18.7337 15.0953 19.2937 15.6553 19.9637 15.6553ZM11.3337 15.6553C12.0137 15.6553 12.5637 15.0953 12.5637 14.4053C12.5637 13.7353 12.0137 13.1753 11.3337 13.1753C10.6637 13.1753 10.1037 13.7353 10.1037 14.4053C10.1037 15.0953 10.6537 15.6553 11.3337 15.6553ZM15.6537 25.7053C18.4537 25.7053 20.7237 23.4353 20.7237 20.6153C20.7237 17.8253 18.4537 15.5553 15.6537 15.5553C12.8637 15.5553 10.5937 17.8253 10.5937 20.6153C10.5937 23.4353 12.8637 25.7053 15.6537 25.7053Z","geometry":{"width":31.322265625,"height":25.703125}}