{"path":"M0.4063 10.0505C1.2763 9.5305 2.2863 9.2605 3.2963 9.2605C4.8263 9.2605 6.3463 9.8705 7.3463 11.1305C8.3663 9.7305 10.1063 9.0005 11.8363 9.0005C13.5863 9.0005 15.3163 9.7305 16.3563 11.1305C17.3363 9.8705 18.8663 9.2605 20.4163 9.2605C21.4363 9.2605 22.4763 9.5405 23.3563 10.1005C23.7063 9.4705 23.9263 8.7505 23.9263 7.9605C23.9263 5.4405 22.3663 3.6805 20.0663 3.5705C19.3963 2.1505 18.2563 1.3005 16.7463 1.3005C15.7663 1.3005 14.8663 1.6305 14.1463 2.2405C13.8663 2.1605 13.4963 2.1305 13.1763 2.1905C12.4963 0.8505 11.1463 0.0005 9.6263 0.0005C7.6563 0.0005 6.2063 1.1605 5.8763 2.5205C4.9063 2.5205 4.0763 3.3805 4.0063 4.2705C1.7863 4.2705 -0.0037 6.0805 -0.0037 8.3305C-0.0037 8.9305 0.1263 9.5005 0.4063 10.0505ZM10.1263 33.0005H12.5363V32.9805C11.9363 32.1105 11.6063 31.0605 11.6063 29.9405C11.6063 27.9705 12.6063 26.2105 14.2463 25.2405L15.2163 14.5305C15.4363 12.1005 13.4763 11.0505 11.8363 11.0505C10.2163 11.0505 8.2563 12.1005 8.4663 14.5305ZM6.5463 33.0005H8.1163L6.3863 14.2005C6.2063 12.2205 4.7063 11.2805 3.1963 11.2805C1.4463 11.2805 -0.3137 12.6005 0.1763 15.1605L2.9163 29.5905C3.3063 31.7205 4.3863 33.0005 6.5463 33.0005ZM19.8963 21.4505C20.7363 21.4505 21.5163 21.6405 22.2163 21.9805L23.5163 15.1605C23.9963 12.6005 22.2463 11.2805 20.4763 11.2805C18.9863 11.2805 17.4763 12.2205 17.2963 14.2005L16.5163 22.6405C17.4363 21.9005 18.6063 21.4505 19.8963 21.4505ZM19.8963 35.2205C21.2563 35.2205 22.4863 34.4705 23.0063 33.3605C24.7463 32.9405 25.7463 31.5105 25.7463 29.9405C25.7463 28.5305 24.8463 27.1205 23.2963 26.6205C23.1363 24.7905 21.7363 23.5205 19.8963 23.5205C18.0863 23.5205 16.6763 24.7605 16.4463 26.5505C14.7063 26.9105 13.6763 28.3605 13.6763 29.9405C13.6763 31.6205 14.7963 33.0705 16.6663 33.4005C17.3063 34.4905 18.5663 35.2205 19.8963 35.2205Z","geometry":{"width":25.744140625,"height":35.21875}}