{"path":"M4.8237 26.1377H21.3137C24.4437 26.1377 26.1437 24.4477 26.1437 21.3377V4.7977C26.1437 1.6977 24.4437 -0.0023 21.3137 -0.0023H4.8237C1.7137 -0.0023 0.0037 1.6977 0.0037 4.7977V21.3377C0.0037 24.4477 1.7137 26.1377 4.8237 26.1377ZM5.2137 22.6177C4.1137 22.6177 3.5237 22.0777 3.5237 20.9177V5.2377C3.5237 4.0777 4.1137 3.5277 5.2137 3.5277H20.9337C22.0237 3.5277 22.6137 4.0777 22.6137 5.2377V20.9177C22.6137 22.0777 22.0237 22.6177 20.9337 22.6177ZM10.7237 20.5177H15.4237C16.3537 20.5177 16.9937 19.8777 16.9937 18.9477V7.1777C16.9937 6.2577 16.3537 5.6077 15.4237 5.6077H10.7237C9.7937 5.6077 9.1437 6.2577 9.1437 7.1777V18.9477C9.1437 19.8777 9.7937 20.5177 10.7237 20.5177ZM13.0837 10.2777C12.3137 10.2777 11.6937 9.6677 11.6937 8.8977C11.6937 8.1377 12.3137 7.5377 13.0837 7.5377C13.8337 7.5377 14.4537 8.1377 14.4537 8.8977C14.4537 9.6677 13.8337 10.2777 13.0837 10.2777ZM13.0837 14.4377C12.3137 14.4377 11.6937 13.8177 11.6937 13.0577C11.6937 12.2877 12.3137 11.6777 13.0837 11.6777C13.8337 11.6777 14.4537 12.3077 14.4537 13.0577C14.4537 13.8177 13.8337 14.4377 13.0837 14.4377ZM13.0837 18.5977C12.3137 18.5977 11.6937 17.9777 11.6937 17.2177C11.6937 16.4477 12.3137 15.8277 13.0837 15.8277C13.8337 15.8277 14.4537 16.4477 14.4537 17.2177C14.4537 17.9777 13.8337 18.5977 13.0837 18.5977Z","geometry":{"width":26.140625,"height":26.140625}}