{"path":"M4.8237 26.1377H22.2537C25.3737 26.1377 27.0837 24.4477 27.0837 21.3377V4.7977C27.0837 1.6977 25.3737 -0.0023 22.2537 -0.0023H4.8237C1.7137 -0.0023 0.0037 1.6977 0.0037 4.7977V21.3377C0.0037 24.4477 1.7137 26.1377 4.8237 26.1377ZM12.9837 11.6177C12.3337 11.6177 11.8637 11.1677 11.8637 10.5177V6.6577C11.8637 5.9977 12.3437 5.5377 12.9837 5.5377H14.0837C14.7337 5.5377 15.2037 5.9977 15.2037 6.6577V10.5177C15.2037 11.1677 14.7537 11.6177 14.0837 11.6177ZM7.0937 19.9477C6.4237 19.9477 5.9737 19.4777 5.9737 18.8277V17.7177C5.9737 17.0777 6.4437 16.6077 7.0937 16.6077H10.6237C11.2837 16.6077 11.7437 17.0777 11.7437 17.7177V18.8277C11.7437 19.4777 11.2937 19.9477 10.6237 19.9477ZM16.4637 19.9477C15.7937 19.9477 15.3437 19.4777 15.3437 18.8277V17.7177C15.3437 17.0777 15.8037 16.6077 16.4637 16.6077H19.9837C20.6437 16.6077 21.1237 17.0777 21.1237 17.7177V18.8277C21.1237 19.4777 20.6537 19.9477 19.9837 19.9477Z","geometry":{"width":27.083984375,"height":26.140625}}