{"path":"M4.8237 26.1377H21.3137C24.4437 26.1377 26.1437 24.4477 26.1437 21.3377V4.7977C26.1437 1.6977 24.4437 -0.0023 21.3137 -0.0023H4.8237C1.7137 -0.0023 0.0037 1.6977 0.0037 4.7977V21.3377C0.0037 24.4477 1.7137 26.1377 4.8237 26.1377ZM5.2137 22.6177C4.1137 22.6177 3.5237 22.0777 3.5237 20.9177V5.2377C3.5237 4.0777 4.1137 3.5277 5.2137 3.5277H20.9337C22.0237 3.5277 22.6137 4.0777 22.6137 5.2377V20.9177C22.6137 22.0777 22.0237 22.6177 20.9337 22.6177ZM8.3437 19.1677H17.8137C18.7337 19.1677 19.3837 18.5277 19.3837 17.5977V8.5177C19.3837 7.5877 18.7337 6.9277 17.8137 6.9277H8.3437C7.4137 6.9277 6.7537 7.5877 6.7537 8.5177V17.5977C6.7537 18.5277 7.4137 19.1677 8.3437 19.1677ZM13.0837 12.3177C12.3137 12.3177 11.7137 11.7077 11.7137 10.9477C11.7137 10.1977 12.3137 9.6077 13.0837 9.6077C13.8237 9.6077 14.4337 10.2177 14.4337 10.9477C14.4337 11.7077 13.8237 12.3177 13.0837 12.3177ZM10.3737 16.4977C9.6237 16.4977 9.0137 15.8977 9.0137 15.1477C9.0137 14.3877 9.6237 13.7977 10.3737 13.7977C11.1137 13.7977 11.7337 14.3977 11.7337 15.1477C11.7337 15.8977 11.1137 16.4977 10.3737 16.4977ZM15.7937 16.4977C15.0437 16.4977 14.4237 15.8977 14.4237 15.1477C14.4237 14.3977 15.0437 13.7977 15.7937 13.7977C16.5337 13.7977 17.1537 14.3977 17.1537 15.1477C17.1537 15.8977 16.5337 16.4977 15.7937 16.4977Z","geometry":{"width":26.140625,"height":26.140625}}