{"path":"M0.0037 16.3063C0.0037 18.7563 1.3237 20.0563 3.7837 20.0563H8.6437C10.5537 20.0563 11.5137 20.5263 12.7537 22.1763C15.1237 25.3063 18.7737 27.0263 22.6437 27.0263H28.0237C29.2837 27.0263 30.1437 26.1863 30.1437 24.9363V21.7063H37.2237C38.6937 21.7063 39.8837 20.5263 39.8837 19.0763C39.8837 17.6063 38.6937 16.4162 37.2237 16.4162H30.1437V10.7863H37.2237C38.6937 10.7863 39.8837 9.5963 39.8837 8.1363C39.8837 6.6863 38.6937 5.4963 37.2237 5.4963H30.1437V2.0763C30.1437 0.8463 29.2837 -0.0038 28.0237 -0.0038H22.6437C18.7737 -0.0038 15.1237 1.7263 12.7537 4.8562C11.5137 6.5063 10.5537 6.9763 8.6437 6.9763H3.7837C1.3237 6.9763 0.0037 8.2762 0.0037 10.7163Z","geometry":{"width":39.880859375,"height":27.029296875}}