{"path":"M4.8237 26.1377H21.3137C24.4437 26.1377 26.1437 24.4477 26.1437 21.3377V4.7977C26.1437 1.6977 24.4437 -0.0023 21.3137 -0.0023H4.8237C1.7137 -0.0023 0.0037 1.6977 0.0037 4.7977V21.3377C0.0037 24.4477 1.7137 26.1377 4.8237 26.1377ZM8.6137 8.3677H17.5237C18.8437 8.3677 19.3337 8.8477 20.0937 9.5877L22.3637 11.8577C23.0737 12.5677 23.0937 13.5377 22.3637 14.2277L20.0837 16.5177C19.3137 17.2677 18.7537 17.7477 17.5237 17.7477H8.6137C7.3837 17.7477 6.8237 17.2677 6.0537 16.5177L3.7737 14.2277C3.0637 13.5377 3.0637 12.5677 3.7737 11.8577L6.0537 9.5877C6.8037 8.8477 7.3137 8.3677 8.6137 8.3677ZM7.7537 11.5777C6.9337 11.5777 6.2737 12.2477 6.2737 13.0577C6.2737 13.8777 6.9337 14.5377 7.7537 14.5377C8.5537 14.5377 9.2237 13.8777 9.2237 13.0577C9.2237 12.2477 8.5537 11.5777 7.7537 11.5777ZM18.3937 11.5777C17.5837 11.5777 16.9137 12.2477 16.9137 13.0577C16.9137 13.8777 17.5837 14.5377 18.3937 14.5377C19.2137 14.5377 19.8637 13.8777 19.8637 13.0577C19.8637 12.2477 19.2137 11.5777 18.3937 11.5777ZM13.0737 12.6877C12.2637 12.6877 11.5937 13.3477 11.5937 14.1477C11.5937 14.9677 12.2637 15.6277 13.0737 15.6277C13.8737 15.6277 14.5437 14.9677 14.5437 14.1477C14.5437 13.3477 13.8737 12.6877 13.0737 12.6877Z","geometry":{"width":26.140625,"height":26.140625}}