{"path":"M4.8237 26.1377H21.3137C24.4437 26.1377 26.1437 24.4477 26.1437 21.3377V4.7977C26.1437 1.6977 24.4437 -0.0023 21.3137 -0.0023H4.8237C1.7137 -0.0023 0.0037 1.6977 0.0037 4.7977V21.3377C0.0037 24.4477 1.7137 26.1377 4.8237 26.1377ZM5.2137 22.6177C4.1137 22.6177 3.5237 22.0777 3.5237 20.9177V5.2377C3.5237 4.0777 4.1137 3.5277 5.2137 3.5277H20.9337C22.0237 3.5277 22.6137 4.0777 22.6137 5.2377V20.9177C22.6137 22.0777 22.0237 22.6177 20.9337 22.6177ZM8.3437 19.1677H17.8137C18.7337 19.1677 19.3837 18.5277 19.3837 17.5977V8.5177C19.3837 7.5877 18.7337 6.9277 17.8137 6.9277H8.3437C7.4137 6.9277 6.7537 7.5877 6.7537 8.5177V17.5977C6.7537 18.5277 7.4137 19.1677 8.3437 19.1677ZM13.0837 12.3977C12.1837 12.3977 11.4537 11.6577 11.4537 10.7777C11.4537 9.8677 12.1837 9.1577 13.0837 9.1577C13.9737 9.1577 14.6937 9.8677 14.6937 10.7777C14.6937 11.6577 13.9737 12.3977 13.0837 12.3977ZM10.3737 16.9377C9.6237 16.9377 9.0137 16.3377 9.0137 15.5877C9.0137 14.8377 9.6237 14.2477 10.3737 14.2477C11.1137 14.2477 11.7337 14.8477 11.7337 15.5877C11.7337 16.3377 11.1137 16.9377 10.3737 16.9377ZM15.7937 16.9377C15.0437 16.9377 14.4237 16.3377 14.4237 15.5877C14.4237 14.8477 15.0437 14.2477 15.7937 14.2477C16.5337 14.2477 17.1537 14.8477 17.1537 15.5877C17.1537 16.3377 16.5337 16.9377 15.7937 16.9377Z","geometry":{"width":26.140625,"height":26.140625}}