{"path":"M4.8237 26.1377H22.2537C25.3737 26.1377 27.0837 24.4477 27.0837 21.3377V4.7977C27.0837 1.6977 25.3737 -0.0023 22.2537 -0.0023H4.8237C1.7137 -0.0023 0.0037 1.6977 0.0037 4.7977V21.3377C0.0037 24.4477 1.7137 26.1377 4.8237 26.1377ZM5.2137 22.6177C4.1137 22.6177 3.5237 22.0777 3.5237 20.9177V5.2377C3.5237 4.0777 4.1137 3.5277 5.2137 3.5277H21.8737C22.9737 3.5277 23.5537 4.0777 23.5537 5.2377V20.9177C23.5537 22.0777 22.9737 22.6177 21.8737 22.6177ZM13.0137 11.6877H14.0537C14.6837 11.6877 15.0937 11.2677 15.0937 10.6477V7.0177C15.0937 6.3977 14.6737 5.9577 14.0537 5.9577H13.0137C12.4137 5.9577 11.9937 6.3977 11.9937 7.0177V10.6477C11.9937 11.2677 12.4037 11.6877 13.0137 11.6877ZM7.4637 19.5277H10.7737C11.4037 19.5277 11.8137 19.0977 11.8137 18.4677V17.4277C11.8137 16.8277 11.3937 16.4077 10.7737 16.4077H7.4637C6.8537 16.4077 6.4137 16.8277 6.4137 17.4277V18.4677C6.4137 19.0977 6.8337 19.5277 7.4637 19.5277ZM16.3137 19.5277H19.6337C20.2437 19.5277 20.6737 19.0877 20.6737 18.4677V17.4277C20.6737 16.8277 20.2337 16.4077 19.6337 16.4077H16.3137C15.6937 16.4077 15.2537 16.8277 15.2537 17.4277V18.4677C15.2537 19.0977 15.6837 19.5277 16.3137 19.5277Z","geometry":{"width":27.083984375,"height":26.140625}}