{"path":"M4.8237 26.1377H22.2537C25.3737 26.1377 27.0837 24.4477 27.0837 21.3377V4.7977C27.0837 1.6977 25.3737 -0.0023 22.2537 -0.0023H4.8237C1.7137 -0.0023 0.0037 1.6977 0.0037 4.7977V21.3377C0.0037 24.4477 1.7137 26.1377 4.8237 26.1377ZM19.9737 12.5677C19.5137 13.0577 18.8837 13.0477 18.4037 12.5677L15.3637 9.5577C14.9137 9.1077 14.9137 8.4477 15.3837 7.9677L16.1637 7.2077C16.6237 6.7377 17.2837 6.7277 17.7337 7.2077L20.7437 10.2277C21.2237 10.7077 21.2237 11.3177 20.7537 11.7977ZM6.3337 11.7977C5.8637 11.3177 5.8637 10.6877 6.3337 10.2277L9.3537 7.2077C9.8137 6.7277 10.4637 6.7377 10.9237 7.2077L11.7037 7.9677C12.1637 8.4477 12.1637 9.1077 11.7137 9.5577L8.6837 12.5777C8.2037 13.0477 7.5737 13.0577 7.1137 12.5777ZM13.0037 20.2077C12.3437 20.2077 11.8937 19.7677 11.8937 19.0977V15.1377C11.8937 14.4777 12.3437 14.0177 13.0037 14.0177H14.0937C14.7537 14.0177 15.2137 14.4777 15.2137 15.1377V19.0977C15.2137 19.7677 14.7537 20.2077 14.0937 20.2077Z","geometry":{"width":27.083984375,"height":26.140625}}