{"path":"M4.8237 26.1377H22.2537C25.3737 26.1377 27.0837 24.4477 27.0837 21.3377V4.7977C27.0837 1.6977 25.3737 -0.0023 22.2537 -0.0023H4.8237C1.7137 -0.0023 0.0037 1.6977 0.0037 4.7977V21.3377C0.0037 24.4477 1.7137 26.1377 4.8237 26.1377ZM13.5337 11.6777C12.2637 11.6777 11.2337 10.6677 11.2337 9.3777C11.2337 8.1177 12.2637 7.0777 13.5337 7.0777C14.8037 7.0777 15.8337 8.1177 15.8337 9.3777C15.8337 10.6677 14.8037 11.6777 13.5337 11.6777ZM8.9237 19.0277C7.6537 19.0277 6.6337 18.0077 6.6337 16.7377C6.6337 15.4677 7.6537 14.4377 8.9237 14.4377C10.2037 14.4377 11.2237 15.4677 11.2237 16.7377C11.2237 18.0077 10.2037 19.0277 8.9237 19.0277ZM18.1737 19.0277C16.8837 19.0277 15.8637 18.0077 15.8637 16.7377C15.8637 15.4677 16.8837 14.4377 18.1737 14.4377C19.4237 14.4377 20.4537 15.4677 20.4537 16.7377C20.4537 18.0077 19.4237 19.0277 18.1737 19.0277Z","geometry":{"width":27.083984375,"height":26.140625}}