{"path":"M4.8237 26.1377H21.3137C24.4437 26.1377 26.1437 24.4477 26.1437 21.3377V4.7977C26.1437 1.6977 24.4437 -0.0023 21.3137 -0.0023H4.8237C1.7137 -0.0023 0.0037 1.6977 0.0037 4.7977V21.3377C0.0037 24.4477 1.7137 26.1377 4.8237 26.1377ZM8.6137 7.7277H17.5237C18.8437 7.7277 19.4437 8.1177 20.0937 8.9577L22.2837 11.7677C22.8837 12.5277 22.8837 13.5377 22.2837 14.3177L20.0837 17.1577C19.4237 17.9877 18.7537 18.3777 17.5237 18.3777H8.6137C7.3837 18.3777 6.7137 17.9877 6.0537 17.1577L3.8537 14.3177C3.2537 13.5377 3.2537 12.5277 3.8537 11.7677L6.0537 8.9577C6.7137 8.1177 7.3137 7.7277 8.6137 7.7277ZM7.7537 11.5777C6.9337 11.5777 6.2737 12.2477 6.2737 13.0577C6.2737 13.8777 6.9337 14.5377 7.7537 14.5377C8.5537 14.5377 9.2237 13.8777 9.2237 13.0577C9.2237 12.2477 8.5537 11.5777 7.7537 11.5777ZM18.3937 11.5777C17.5837 11.5777 16.9137 12.2477 16.9137 13.0577C16.9137 13.8777 17.5837 14.5377 18.3937 14.5377C19.2137 14.5377 19.8637 13.8777 19.8637 13.0577C19.8637 12.2477 19.2137 11.5777 18.3937 11.5777ZM13.0737 13.3877C12.2637 13.3877 11.5937 14.0377 11.5937 14.8577C11.5937 15.6677 12.2637 16.3277 13.0737 16.3277C13.8737 16.3277 14.5437 15.6677 14.5437 14.8577C14.5437 14.0377 13.8737 13.3877 13.0737 13.3877Z","geometry":{"width":26.140625,"height":26.140625}}