{"path":"M4.8237 26.1377H21.3137C24.4437 26.1377 26.1437 24.4477 26.1437 21.3377V4.7977C26.1437 1.6977 24.4437 -0.0023 21.3137 -0.0023H4.8237C1.7137 -0.0023 0.0037 1.6977 0.0037 4.7977V21.3377C0.0037 24.4477 1.7137 26.1377 4.8237 26.1377ZM5.2137 22.6177C4.1137 22.6177 3.5237 22.0777 3.5237 20.9177V5.2377C3.5237 4.0777 4.1137 3.5277 5.2137 3.5277H20.9337C22.0237 3.5277 22.6137 4.0777 22.6137 5.2377V20.9177C22.6137 22.0777 22.0237 22.6177 20.9337 22.6177ZM8.3937 19.1777H17.7837C18.7137 19.1777 19.3737 18.5277 19.3737 17.5977V8.5277C19.3737 7.5877 18.7137 6.9477 17.7837 6.9477H8.3937C7.4637 6.9477 6.8037 7.5877 6.8037 8.5277V17.5977C6.8037 18.5277 7.4637 19.1777 8.3937 19.1777ZM16.8737 12.7977C16.6437 13.0477 16.3137 13.0477 16.0737 12.7977L14.3537 11.0877C14.1137 10.8277 14.1137 10.5177 14.3437 10.2677L14.8037 9.8177C15.0437 9.5577 15.3537 9.5877 15.6137 9.8277L17.3337 11.5377C17.5837 11.7877 17.5837 12.0977 17.3337 12.3477ZM8.8437 12.3477C8.6037 12.0977 8.6037 11.7877 8.8437 11.5377L10.5637 9.8277C10.8237 9.5877 11.1437 9.5677 11.3737 9.8177L11.8237 10.2677C12.0737 10.5177 12.0537 10.8377 11.8237 11.0877L10.0937 12.7977C9.8537 13.0477 9.5437 13.0477 9.3137 12.7977ZM12.7737 17.1877C12.4537 17.1877 12.1937 16.9577 12.1937 16.6277V14.4277C12.1937 14.0677 12.4437 13.8477 12.7737 13.8477H13.4137C13.7437 13.8477 13.9837 14.0677 13.9837 14.4277V16.6277C13.9837 16.9677 13.7237 17.1877 13.4137 17.1877Z","geometry":{"width":26.140625,"height":26.140625}}