{"path":"M0.0027 17.6885C0.0027 18.9585 0.8727 19.8385 2.1427 19.8385H2.9927V20.7285C2.9927 25.6885 9.3127 30.2185 16.1727 30.2185C23.0227 30.2185 29.3427 25.6885 29.3427 20.7285V19.8385H30.2027C31.4627 19.8385 32.3327 18.9585 32.3327 17.6885V12.5185C32.3327 11.2485 31.4627 10.3785 30.2027 10.3785H29.3427V9.4885C29.3427 4.5085 23.0227 -0.0015 16.1727 -0.0015C9.3127 -0.0015 2.9927 4.5085 2.9927 9.4885V10.3785H2.1427C0.8727 10.3785 0.0027 11.2485 0.0027 12.5185ZM9.6827 17.9485C8.1027 17.9485 6.8227 16.6785 6.8227 15.1085C6.8227 13.5385 8.1027 12.2485 9.6827 12.2485C11.2527 12.2485 12.5227 13.5385 12.5227 15.1085C12.5227 16.6785 11.2527 17.9485 9.6827 17.9485ZM22.6527 17.9485C21.0927 17.9485 19.8127 16.6785 19.8127 15.1085C19.8127 13.5385 21.0927 12.2485 22.6527 12.2485C24.2227 12.2485 25.5127 13.5385 25.5127 15.1085C25.5127 16.6785 24.2227 17.9485 22.6527 17.9485Z","geometry":{"width":32.333984375,"height":30.21484375}}