{"path":"M2.0737 27.292C3.2637 27.292 4.1537 26.412 4.1537 25.262V2.022C4.1537 0.862 3.2637 0.002 2.0737 0.002C0.8937 0.002 0.0037 0.862 0.0037 2.022V25.262C0.0037 26.412 0.8937 27.292 2.0737 27.292Z","geometry":{"width":4.15625,"height":27.2890625}}