{"path":"M14.3327 4.1115C15.4627 4.1115 16.3827 3.1815 16.3827 2.0515C16.3827 0.9115 15.4627 0.0015 14.3327 0.0015C13.1827 0.0015 12.2727 0.9315 12.2727 2.0515C12.2727 3.2015 13.1927 4.1115 14.3327 4.1115ZM4.8627 10.0215C5.9927 10.0215 6.9027 9.0915 6.9227 7.9715C6.9227 6.8215 5.9927 5.9215 4.8627 5.9215C3.7227 5.9215 2.8027 6.8315 2.8027 7.9715C2.8127 9.1015 3.7327 10.0215 4.8627 10.0215ZM23.7927 10.0215C24.9227 10.0215 25.8427 9.1015 25.8427 7.9715C25.8527 6.8315 24.9327 5.9215 23.7927 5.9215C22.6727 5.9215 21.7227 6.8215 21.7427 7.9715C21.7527 9.0915 22.6527 10.0215 23.7927 10.0215ZM14.3327 10.5015C15.4627 10.5015 16.3827 9.6015 16.3827 8.4615C16.3827 7.3115 15.4727 6.4115 14.3327 6.4115C13.1927 6.4115 12.2727 7.3115 12.2727 8.4515C12.2727 9.6015 13.2027 10.5015 14.3327 10.5015ZM2.0527 16.1715C3.2027 16.1715 4.1027 15.2415 4.1027 14.1115C4.1027 12.9715 3.1827 12.0615 2.0527 12.0615C0.9127 12.0615 0.0027 12.9715 0.0027 14.1115C0.0027 15.2615 0.9127 16.1715 2.0527 16.1715ZM26.6027 16.1715C27.7427 16.1715 28.6527 15.2615 28.6527 14.1115C28.6527 12.9715 27.7427 12.0615 26.6027 12.0615C25.4727 12.0615 24.5427 12.9715 24.5427 14.1115C24.5427 15.2415 25.4527 16.1715 26.6027 16.1715ZM14.3327 16.9115C15.4627 16.9115 16.3827 15.9815 16.3827 14.8515C16.3827 13.7115 15.4627 12.8015 14.3327 12.8015C13.1827 12.8015 12.2727 13.7315 12.2727 14.8515C12.2727 16.0115 13.1927 16.9115 14.3327 16.9115ZM3.1127 22.9015C4.2527 22.9015 5.1727 21.9715 5.1727 20.8515C5.1727 19.7015 4.2527 18.8015 3.1127 18.8015C1.9727 18.8015 1.0627 19.7115 1.0627 20.8515C1.0627 21.9815 1.9827 22.9015 3.1127 22.9015ZM25.5427 22.9015C26.6727 22.9015 27.5927 21.9815 27.5927 20.8515C27.5927 19.7115 26.6727 18.8015 25.5427 18.8015C24.4027 18.8015 23.4927 19.7015 23.4927 20.8515C23.4927 21.9715 24.3927 22.9015 25.5427 22.9015ZM7.6927 28.2015C8.8327 28.2015 9.7527 27.2915 9.7527 26.1515C9.7627 25.0015 8.8227 24.1015 7.6927 24.1015C6.5527 24.1015 5.6327 25.0215 5.6427 26.1515C5.6427 27.3015 6.5627 28.2015 7.6927 28.2015ZM20.9627 28.2015C22.0927 28.2015 22.9927 27.3015 23.0127 26.1515C23.0127 25.0215 22.1027 24.1015 20.9627 24.1015C19.8227 24.1015 18.8927 25.0015 18.8927 26.1515C18.9127 27.2915 19.8227 28.2015 20.9627 28.2015ZM14.3327 30.2815C15.4627 30.2815 16.3827 29.3815 16.3827 28.2315C16.3827 27.1015 15.4627 26.1815 14.3327 26.1815C13.1927 26.1815 12.2727 27.1015 12.2727 28.2315C12.2727 29.3715 13.1827 30.2815 14.3327 30.2815Z","geometry":{"width":28.65625,"height":30.283203125}}