{"path":"M10.2092 0.0016C8.0892 0.0016 6.6392 0.7616 5.2592 2.5016L1.0892 7.8716C-0.3708 9.7516 -0.3608 12.2616 1.0892 14.1516L5.2492 19.5916C6.5092 21.2316 8.2292 22.0916 10.2092 22.0916H26.1292C28.1092 22.0916 29.8292 21.2316 31.0892 19.5916L35.2492 14.1516C36.6892 12.2616 36.7092 9.7316 35.2492 7.8716L31.0792 2.5016C29.7092 0.7616 28.2492 0.0016 26.1292 0.0016ZM9.3592 8.4116C10.7692 8.4116 11.9292 9.5416 11.9292 10.9516C11.9292 12.3616 10.7692 13.5216 9.3592 13.5216C7.9592 13.5216 6.8092 12.3616 6.8092 10.9516C6.8092 9.5416 7.9592 8.4116 9.3592 8.4116ZM26.9692 8.4116C28.3792 8.4116 29.5292 9.5416 29.5292 10.9516C29.5292 12.3616 28.3792 13.5216 26.9692 13.5216C25.5692 13.5216 24.3992 12.3616 24.3992 10.9516C24.3992 9.5416 25.5692 8.4116 26.9692 8.4116ZM18.1692 11.6216C19.5792 11.6216 20.7292 12.7716 20.7292 14.1816C20.7292 15.5816 19.5792 16.7316 18.1692 16.7316C16.7592 16.7316 15.6092 15.5816 15.6092 14.1816C15.6092 12.7716 16.7592 11.6216 18.1692 11.6216Z","geometry":{"width":36.3364378162186,"height":22.09375}}