{"path":"M4.8237 26.1377H21.3137C24.4437 26.1377 26.1437 24.4477 26.1437 21.3377V4.7977C26.1437 1.6977 24.4437 -0.0023 21.3137 -0.0023H4.8237C1.7137 -0.0023 0.0037 1.6977 0.0037 4.7977V21.3377C0.0037 24.4477 1.7137 26.1377 4.8237 26.1377ZM13.0737 20.8177C8.7737 20.8177 5.3037 17.3477 5.3037 13.0577C5.3037 8.7477 8.7737 5.2877 13.0737 5.2877C17.3637 5.2877 20.8337 8.7477 20.8337 13.0577C20.8337 17.3477 17.3637 20.8177 13.0737 20.8177ZM13.0737 10.2577C13.7237 10.2577 14.2837 9.7077 14.2837 9.0477C14.2837 8.3977 13.7237 7.8377 13.0737 7.8377C12.4037 7.8377 11.8537 8.3977 11.8537 9.0477C11.8537 9.7077 12.4037 10.2577 13.0737 10.2577ZM16.8537 14.7477C17.8237 14.7477 18.6237 13.9477 18.6237 12.9777C18.6237 11.9877 17.8137 11.1977 16.8537 11.1977C15.8737 11.1977 15.0637 12.0077 15.0637 12.9777C15.0637 13.9477 15.8737 14.7477 16.8537 14.7477ZM9.2837 14.7677C10.2537 14.7677 11.0637 13.9577 11.0637 12.9877C11.0637 12.0177 10.2537 11.2077 9.2837 11.2077C8.3137 11.2077 7.5037 12.0077 7.5037 12.9877C7.5037 13.9677 8.3137 14.7677 9.2837 14.7677Z","geometry":{"width":26.140625,"height":26.140625}}