{"path":"M0.0037 16.7454C0.0037 19.3154 1.4237 20.7154 4.0337 20.7154H8.9737C10.8837 20.7154 11.7837 21.1754 13.0537 22.8154C15.5037 25.9854 19.2937 27.7654 23.2737 27.7654H28.4737C29.8337 27.7654 30.7737 26.8254 30.7737 25.4754V22.0754H37.3937C38.8537 22.0754 40.0437 20.8954 40.0437 19.4454C40.0437 17.9754 38.8537 16.7854 37.3937 16.7854H30.7737V11.1554H37.3937C38.8537 11.1554 40.0437 9.9654 40.0437 8.5054C40.0437 7.0554 38.8537 5.8654 37.3937 5.8654H30.7737V2.2854C30.7737 0.9254 29.8337 -0.0046 28.4737 -0.0046H23.2737C19.2937 -0.0046 15.5037 1.7954 13.0537 4.9454C11.7837 6.5854 10.8837 7.0554 8.9737 7.0554H4.0337C1.4237 7.0554 0.0037 8.4454 0.0037 11.0154ZM3.2437 16.4854V11.2754C3.2437 10.6054 3.5637 10.2954 4.1937 10.2954H8.9737C11.8837 10.2954 13.7437 9.3654 15.6037 6.9354C17.4437 4.5554 20.2637 3.2554 23.2737 3.2554H27.0437C27.3837 3.2554 27.5337 3.4054 27.5337 3.7454V24.0254C27.5337 24.3754 27.3837 24.5254 27.0437 24.5254H23.2737C20.2637 24.5254 17.4437 23.2254 15.6037 20.8354C13.7437 18.4154 11.8837 17.4754 8.9737 17.4754H4.1937C3.5637 17.4754 3.2437 17.1754 3.2437 16.4854Z","geometry":{"width":40.044921875,"height":27.767578125}}