{"path":"M4.8237 26.1377H21.3137C24.4437 26.1377 26.1437 24.4477 26.1437 21.3377V4.7977C26.1437 1.6977 24.4437 -0.0023 21.3137 -0.0023H4.8237C1.7137 -0.0023 0.0037 1.6977 0.0037 4.7977V21.3377C0.0037 24.4477 1.7137 26.1377 4.8237 26.1377ZM10.3937 21.4877C9.3137 21.4877 8.5537 20.7377 8.5537 19.6577V6.4677C8.5537 5.3877 9.3137 4.6377 10.3937 4.6377H15.7537C16.8337 4.6377 17.5837 5.3877 17.5837 6.4677V19.6577C17.5837 20.7377 16.8337 21.4877 15.7537 21.4877ZM13.0837 9.9377C13.9437 9.9377 14.6437 9.2277 14.6437 8.3577C14.6437 7.4877 13.9437 6.7977 13.0837 6.7977C12.1937 6.7977 11.4937 7.4877 11.4937 8.3577C11.4937 9.2277 12.1937 9.9377 13.0837 9.9377ZM13.0837 14.6277C13.9437 14.6277 14.6437 13.9177 14.6437 13.0577C14.6437 12.1977 13.9437 11.4877 13.0837 11.4877C12.1937 11.4877 11.4937 12.1777 11.4937 13.0577C11.4937 13.9177 12.1937 14.6277 13.0837 14.6277ZM13.0837 19.3177C13.9437 19.3177 14.6437 18.6177 14.6437 17.7477C14.6437 16.8877 13.9437 16.1877 13.0837 16.1877C12.1937 16.1877 11.4937 16.8877 11.4937 17.7477C11.4937 18.6177 12.1937 19.3177 13.0837 19.3177Z","geometry":{"width":26.140625,"height":26.140625}}