{"path":"M4.8237 26.1377H21.3137C24.4437 26.1377 26.1437 24.4477 26.1437 21.3377V4.7977C26.1437 1.6977 24.4437 -0.0023 21.3137 -0.0023H4.8237C1.7137 -0.0023 0.0037 1.6977 0.0037 4.7977V21.3377C0.0037 24.4477 1.7137 26.1377 4.8237 26.1377ZM7.8037 19.9977C6.7237 19.9977 5.9737 19.2477 5.9737 18.1577V7.9577C5.9737 6.8777 6.7237 6.1277 7.8037 6.1277H18.3637C19.4537 6.1277 20.2037 6.8777 20.2037 7.9577V18.1577C20.2037 19.2477 19.4537 19.9977 18.3637 19.9977ZM12.7737 12.0077H13.4137C13.8237 12.0077 14.1237 11.7177 14.1237 11.2977V9.0377C14.1237 8.6277 13.8237 8.3277 13.4137 8.3277H12.7737C12.3637 8.3277 12.0437 8.6277 12.0437 9.0377V11.2977C12.0437 11.7177 12.3437 12.0077 12.7737 12.0077ZM9.0637 17.6377H11.1437C11.5537 17.6377 11.8437 17.3377 11.8437 16.9077V16.2577C11.8437 15.8477 11.5537 15.5577 11.1437 15.5577H9.0637C8.6437 15.5577 8.3437 15.8577 8.3437 16.2577V16.9077C8.3437 17.3377 8.6237 17.6377 9.0637 17.6377ZM15.0937 17.6377H17.1537C17.5837 17.6377 17.8837 17.3377 17.8837 16.9077V16.2577C17.8837 15.8577 17.5937 15.5577 17.1537 15.5577H15.0937C14.6737 15.5577 14.3737 15.8477 14.3737 16.2577V16.9077C14.3737 17.3377 14.6737 17.6377 15.0937 17.6377Z","geometry":{"width":26.140625,"height":26.140625}}