{"path":"M4.8237 26.1377H22.2537C25.3737 26.1377 27.0837 24.4477 27.0837 21.3377V4.7977C27.0837 1.6977 25.3737 -0.0023 22.2537 -0.0023H4.8237C1.7137 -0.0023 0.0037 1.6977 0.0037 4.7977V21.3377C0.0037 24.4477 1.7137 26.1377 4.8237 26.1377ZM5.2137 22.6177C4.1137 22.6177 3.5237 22.0777 3.5237 20.9177V5.2377C3.5237 4.0777 4.1137 3.5277 5.2137 3.5277H21.8737C22.9737 3.5277 23.5537 4.0777 23.5537 5.2377V20.9177C23.5537 22.0777 22.9737 22.6177 21.8737 22.6177ZM8.9737 13.2077C9.7437 13.2077 10.3637 12.5877 10.3637 11.7977V7.8977C10.3637 7.1277 9.7437 6.4977 8.9737 6.4977C8.1737 6.4977 7.5737 7.1277 7.5737 7.8977V11.7977C7.5737 12.6077 8.1737 13.2077 8.9737 13.2077ZM18.1037 13.2077C18.8837 13.2077 19.5137 12.5877 19.5137 11.7977V7.8977C19.5137 7.1277 18.8837 6.4977 18.1037 6.4977C17.3237 6.4977 16.7037 7.1277 16.7037 7.8977V11.7977C16.7037 12.6077 17.3237 13.2077 18.1037 13.2077ZM11.9537 20.2577H15.1337C15.5737 20.2577 15.8337 20.0177 15.8337 19.5877V18.2477C15.8337 16.9677 14.8237 15.9577 13.5337 15.9577C12.2537 15.9577 11.2537 16.9677 11.2537 18.2477V19.5877C11.2537 20.0177 11.5137 20.2577 11.9537 20.2577Z","geometry":{"width":27.083984375,"height":26.140625}}