{"path":"M4.8237 26.1377H21.3137C24.4437 26.1377 26.1437 24.4477 26.1437 21.3377V4.7977C26.1437 1.6977 24.4437 -0.0023 21.3137 -0.0023H4.8237C1.7137 -0.0023 0.0037 1.6977 0.0037 4.7977V21.3377C0.0037 24.4477 1.7137 26.1377 4.8237 26.1377ZM5.2137 22.6177C4.1137 22.6177 3.5237 22.0777 3.5237 20.9177V5.2377C3.5237 4.0777 4.1137 3.5277 5.2137 3.5277H20.9337C22.0237 3.5277 22.6137 4.0777 22.6137 5.2377V20.9177C22.6137 22.0777 22.0237 22.6177 20.9337 22.6177ZM13.0737 19.9077C16.8737 19.9077 19.9237 16.8577 19.9237 13.0577C19.9237 9.2577 16.8737 6.2077 13.0737 6.2077C9.2737 6.2077 6.2237 9.2577 6.2237 13.0577C6.2237 16.8577 9.2737 19.9077 13.0737 19.9077ZM13.0737 10.6677C12.4837 10.6677 12.0137 10.1877 12.0137 9.6077C12.0137 9.0277 12.4837 8.5477 13.0737 8.5477C13.6537 8.5477 14.1337 9.0277 14.1337 9.6077C14.1337 10.1877 13.6537 10.6677 13.0737 10.6677ZM16.4237 14.5577C15.5537 14.5577 14.8437 13.8477 14.8437 12.9877C14.8437 12.1377 15.5537 11.4277 16.4237 11.4277C17.2637 11.4277 17.9737 12.1277 17.9737 12.9877C17.9737 13.8477 17.2637 14.5577 16.4237 14.5577ZM9.7237 14.5777C8.8637 14.5777 8.1437 13.8677 8.1437 12.9977C8.1437 12.1377 8.8637 11.4477 9.7237 11.4477C10.5637 11.4477 11.2937 12.1577 11.2937 12.9977C11.2937 13.8677 10.5637 14.5777 9.7237 14.5777Z","geometry":{"width":26.140625,"height":26.140625}}