{"path":"M4.8237 26.1377H21.3137C24.4437 26.1377 26.1437 24.4477 26.1437 21.3377V4.7977C26.1437 1.6977 24.4437 -0.0023 21.3137 -0.0023H4.8237C1.7137 -0.0023 0.0037 1.6977 0.0037 4.7977V21.3377C0.0037 24.4477 1.7137 26.1377 4.8237 26.1377ZM5.2137 22.6177C4.1137 22.6177 3.5237 22.0777 3.5237 20.9177V5.2377C3.5237 4.0777 4.1137 3.5277 5.2137 3.5277H20.9337C22.0237 3.5277 22.6137 4.0777 22.6137 5.2377V20.9177C22.6137 22.0777 22.0237 22.6177 20.9337 22.6177ZM8.3837 19.2077H17.8037C18.7337 19.2077 19.3737 18.5477 19.3737 17.6077V8.5277C19.3737 7.5877 18.7337 6.9277 17.8037 6.9277H8.3837C7.4537 6.9277 6.8037 7.5877 6.8037 8.5277V17.6077C6.8037 18.5477 7.4537 19.2077 8.3837 19.2077ZM12.8137 12.1177C12.4437 12.1177 12.1837 11.8777 12.1837 11.5077V9.5177C12.1837 9.1577 12.4537 8.8877 12.8137 8.8877H13.3737C13.7237 8.8877 14.0037 9.1577 14.0037 9.5177V11.5077C14.0037 11.8777 13.7237 12.1177 13.3737 12.1177ZM9.5037 17.1077C9.1337 17.1077 8.8837 16.8477 8.8837 16.4777V15.8877C8.8837 15.5477 9.1337 15.2877 9.5037 15.2877H11.3337C11.6937 15.2877 11.9337 15.5277 11.9337 15.8877V16.4777C11.9337 16.8477 11.7037 17.1077 11.3337 17.1077ZM14.8937 17.1077C14.5237 17.1077 14.2737 16.8477 14.2737 16.4777V15.8877C14.2737 15.5277 14.5237 15.2877 14.8937 15.2877H16.7037C17.0737 15.2877 17.3337 15.5477 17.3337 15.8877V16.4777C17.3337 16.8277 17.0637 17.1077 16.7037 17.1077Z","geometry":{"width":26.140625,"height":26.140625}}