{"path":"M4.8237 26.1377H22.2537C25.3737 26.1377 27.0837 24.4477 27.0837 21.3377V4.7977C27.0837 1.6977 25.3737 -0.0023 22.2537 -0.0023H4.8237C1.7137 -0.0023 0.0037 1.6977 0.0037 4.7977V21.3377C0.0037 24.4477 1.7137 26.1377 4.8237 26.1377ZM13.5337 10.9477C12.2637 10.9477 11.2337 9.9277 11.2337 8.6577C11.2337 7.3977 12.2637 6.3677 13.5337 6.3677C14.8037 6.3677 15.8337 7.3977 15.8337 8.6577C15.8337 9.9277 14.8037 10.9477 13.5337 10.9477ZM8.9237 19.7377C7.6537 19.7377 6.6337 18.7177 6.6337 17.4477C6.6337 16.1777 7.6537 15.1477 8.9237 15.1477C10.2037 15.1477 11.2237 16.1777 11.2237 17.4477C11.2237 18.7177 10.2037 19.7377 8.9237 19.7377ZM18.1737 19.7377C16.8837 19.7377 15.8637 18.7177 15.8637 17.4477C15.8637 16.1777 16.8837 15.1477 18.1737 15.1477C19.4237 15.1477 20.4537 16.1777 20.4537 17.4477C20.4537 18.7177 19.4237 19.7377 18.1737 19.7377Z","geometry":{"width":27.083984375,"height":26.140625}}