{"path":"M10.6592 0.002C8.5592 0.002 7.2892 0.912 5.7292 2.502L1.2392 7.122C-0.4208 8.822 -0.4008 11.322 1.2292 13.032L5.6992 17.732C7.1392 19.222 8.6792 20.252 10.6592 20.252H26.5992C28.5892 20.252 30.1492 19.222 31.5692 17.732L36.0392 13.032C37.6792 11.302 37.7092 8.822 36.0392 7.122L31.5492 2.502C29.9992 0.912 28.7192 0.002 26.5992 0.002ZM9.7492 7.602C11.1392 7.602 12.2992 8.752 12.2992 10.162C12.2992 11.562 11.1392 12.732 9.7492 12.732C8.3392 12.732 7.1892 11.562 7.1892 10.162C7.1892 8.752 8.3392 7.602 9.7492 7.602ZM27.5492 7.602C28.9592 7.602 30.0892 8.752 30.0892 10.162C30.0892 11.562 28.9592 12.732 27.5492 12.732C26.1392 12.732 24.9792 11.562 24.9792 10.162C24.9792 8.752 26.1392 7.602 27.5492 7.602ZM18.6492 9.732C20.0592 9.732 21.1992 10.892 21.1992 12.292C21.1992 13.702 20.0592 14.852 18.6492 14.852C17.2392 14.852 16.0892 13.702 16.0892 12.292C16.0892 10.892 17.2392 9.732 18.6492 9.732Z","geometry":{"width":37.27810267521754,"height":20.248046875}}