{"path":"M10.2092 0.0016C8.0892 0.0016 6.6392 0.7616 5.2592 2.5016L1.0892 7.8716C-0.3708 9.7516 -0.3608 12.2616 1.0892 14.1516L5.2492 19.5916C6.5092 21.2316 8.2292 22.0916 10.2092 22.0916H26.1292C28.1092 22.0916 29.8292 21.2316 31.0892 19.5916L35.2492 14.1516C36.6892 12.2616 36.7092 9.7316 35.2492 7.8716L31.0792 2.5016C29.7092 0.7616 28.2492 0.0016 26.1292 0.0016ZM10.2092 3.3616H26.1292C27.2192 3.3616 27.6692 3.5916 28.4192 4.5616L32.5892 9.9216C33.1292 10.6116 33.1092 11.4116 32.5892 12.0816L28.4192 17.5316C27.7692 18.3616 27.0792 18.7316 26.1292 18.7316H10.2092C9.2492 18.7316 8.5692 18.3616 7.9292 17.5316L3.7492 12.0816C3.2292 11.4116 3.2092 10.6116 3.7492 9.9216L7.9192 4.5616C8.6692 3.5916 9.1192 3.3616 10.2092 3.3616ZM9.8592 8.6416C8.5392 8.6416 7.4592 9.7316 7.4592 11.0516C7.4592 12.3716 8.5392 13.4516 9.8592 13.4516C11.1792 13.4516 12.2592 12.3716 12.2592 11.0516C12.2592 9.7316 11.1792 8.6416 9.8592 8.6416ZM26.4792 8.6416C25.1592 8.6416 24.0792 9.7316 24.0792 11.0516C24.0792 12.3716 25.1592 13.4516 26.4792 13.4516C27.7892 13.4516 28.8892 12.3716 28.8892 11.0516C28.8892 9.7316 27.7892 8.6416 26.4792 8.6416ZM18.1692 11.6716C16.8392 11.6716 15.7592 12.7716 15.7592 14.0816C15.7592 15.4116 16.8392 16.4916 18.1692 16.4916C19.4992 16.4916 20.5792 15.4116 20.5792 14.0816C20.5792 12.7716 19.4992 11.6716 18.1692 11.6716Z","geometry":{"width":36.3364378162186,"height":22.09375}}