{"path":"M4.8237 26.1377H21.3137C24.4437 26.1377 26.1437 24.4477 26.1437 21.3377V4.7977C26.1437 1.6977 24.4437 -0.0023 21.3137 -0.0023H4.8237C1.7137 -0.0023 0.0037 1.6977 0.0037 4.7977V21.3377C0.0037 24.4477 1.7137 26.1377 4.8237 26.1377ZM7.7537 19.9877C6.6737 19.9877 5.9237 19.2377 5.9237 18.1577V7.9577C5.9237 6.8777 6.6737 6.1277 7.7537 6.1277H18.3937C19.4737 6.1277 20.2237 6.8777 20.2237 7.9577V18.1577C20.2237 19.2377 19.4737 19.9877 18.3937 19.9877ZM10.1037 13.2377C10.6337 13.2377 11.0737 12.8077 11.0737 12.2777V9.7477C11.0737 9.2177 10.6337 8.7877 10.1037 8.7877C9.5737 8.7877 9.1637 9.2177 9.1637 9.7477V12.2777C9.1637 12.8077 9.5737 13.2377 10.1037 13.2377ZM16.0237 13.2377C16.5537 13.2377 16.9837 12.8077 16.9837 12.2777V9.7477C16.9837 9.2177 16.5537 8.7877 16.0237 8.7877C15.4937 8.7877 15.0837 9.2177 15.0837 9.7477V12.2777C15.0837 12.8077 15.4937 13.2377 16.0237 13.2377ZM12.0437 17.7177H14.0937C14.4137 17.7177 14.5637 17.5577 14.5637 17.2577V16.4177C14.5637 15.5677 13.9137 14.9177 13.0737 14.9177C12.2237 14.9177 11.5837 15.5677 11.5837 16.4177V17.2577C11.5837 17.5577 11.7437 17.7177 12.0437 17.7177Z","geometry":{"width":26.140625,"height":26.140625}}