{"path":"M4.8237 26.1377H21.3137C24.4437 26.1377 26.1437 24.4477 26.1437 21.3377V4.7977C26.1437 1.6977 24.4437 -0.0023 21.3137 -0.0023H4.8237C1.7137 -0.0023 0.0037 1.6977 0.0037 4.7977V21.3377C0.0037 24.4477 1.7137 26.1377 4.8237 26.1377ZM8.5537 19.8077C7.9937 19.8077 7.4937 19.6377 7.1337 19.3077C5.6037 17.8377 4.4937 15.5077 4.4937 13.0677C4.4937 10.6277 5.6237 8.2677 7.1737 6.8077C7.5237 6.4977 8.0137 6.3277 8.5537 6.3277H17.5837C18.1437 6.3277 18.6437 6.5077 19.0037 6.8477C20.5337 8.3077 21.6537 10.6377 21.6537 13.0677C21.6537 15.5077 20.5337 17.8377 19.0037 19.3077C18.6437 19.6377 18.1437 19.8077 17.5837 19.8077ZM9.4737 16.5577C10.0237 16.5577 10.4637 16.1177 10.4637 15.5577V10.5677C10.4637 10.0077 10.0237 9.5677 9.4737 9.5677C8.9137 9.5677 8.4737 10.0077 8.4737 10.5677V15.5577C8.4737 16.1177 8.9137 16.5577 9.4737 16.5577ZM16.6637 16.5577C17.2237 16.5577 17.6637 16.1177 17.6637 15.5577V10.5677C17.6637 10.0077 17.2237 9.5677 16.6637 9.5677C16.1237 9.5677 15.6837 10.0077 15.6837 10.5677V15.5577C15.6837 16.1177 16.1237 16.5577 16.6637 16.5577Z","geometry":{"width":26.140625,"height":26.140625}}