{"path":"M4.8237 26.1377H22.2537C25.3737 26.1377 27.0837 24.4477 27.0837 21.3377V4.7977C27.0837 1.6977 25.3737 -0.0023 22.2537 -0.0023H4.8237C1.7137 -0.0023 0.0037 1.6977 0.0037 4.7977V21.3377C0.0037 24.4477 1.7137 26.1377 4.8237 26.1377ZM5.2137 22.6177C4.1137 22.6177 3.5237 22.0777 3.5237 20.9177V5.2377C3.5237 4.0777 4.1137 3.5277 5.2137 3.5277H21.8737C22.9737 3.5277 23.5537 4.0777 23.5537 5.2377V20.9177C23.5537 22.0777 22.9737 22.6177 21.8737 22.6177ZM13.5337 11.8277C15.0137 11.8277 16.1837 10.6377 16.1837 9.1777C16.1837 7.7077 15.0137 6.5377 13.5337 6.5377C12.0737 6.5377 10.8937 7.7077 10.8937 9.1777C10.8937 10.6377 12.0737 11.8277 13.5337 11.8277ZM9.1837 19.6177C10.3737 19.6177 11.3437 18.6477 11.3437 17.4577C11.3437 16.2677 10.3737 15.2977 9.1837 15.2977C7.9937 15.2977 7.0237 16.2677 7.0237 17.4577C7.0237 18.6477 7.9937 19.6177 9.1837 19.6177ZM17.8937 19.6177C19.0837 19.6177 20.0437 18.6477 20.0437 17.4577C20.0437 16.2677 19.0837 15.2977 17.8937 15.2977C16.7037 15.2977 15.7337 16.2677 15.7337 17.4577C15.7337 18.6477 16.7037 19.6177 17.8937 19.6177Z","geometry":{"width":27.083984375,"height":26.140625}}