{"path":"M4.7837 31.2444H12.9837C16.0737 31.2444 17.7837 29.5444 17.7837 26.4844V4.7744C17.7837 1.7044 16.0737 0.0044 12.9837 0.0044H4.7837C1.7237 0.0044 0.0037 1.7044 0.0037 4.7744V26.4844C0.0037 29.5444 1.7237 31.2444 4.7837 31.2444ZM5.1837 27.7144C4.1137 27.7144 3.5237 27.1644 3.5237 26.0444V5.1944C3.5237 4.0744 4.1137 3.5244 5.1837 3.5244H12.6037C13.6537 3.5244 14.2637 4.0744 14.2637 5.1944V26.0444C14.2637 27.1644 13.6537 27.7144 12.6037 27.7144ZM8.9037 10.5944C10.0937 10.5944 11.0437 9.6244 11.0437 8.4344C11.0437 7.2444 10.0937 6.2744 8.9037 6.2744C7.6937 6.2744 6.7437 7.2444 6.7437 8.4344C6.7437 9.6244 7.6937 10.5944 8.9037 10.5944ZM8.9037 17.7744C10.0937 17.7744 11.0437 16.8144 11.0437 15.6144C11.0437 14.4344 10.0937 13.4644 8.9037 13.4644C7.6937 13.4644 6.7437 14.4344 6.7437 15.6144C6.7437 16.8144 7.6937 17.7744 8.9037 17.7744ZM8.9037 24.9644C10.0937 24.9644 11.0437 24.0044 11.0437 22.8044C11.0437 21.6144 10.0937 20.6544 8.9037 20.6544C7.6937 20.6544 6.7437 21.6144 6.7437 22.8044C6.7437 24.0044 7.6937 24.9644 8.9037 24.9644Z","geometry":{"width":17.787109375,"height":31.240234375}}