{"path":"M4.8237 26.1377H21.3137C24.4437 26.1377 26.1437 24.4477 26.1437 21.3377V4.7977C26.1437 1.6977 24.4437 -0.0023 21.3137 -0.0023H4.8237C1.7137 -0.0023 0.0037 1.6977 0.0037 4.7977V21.3377C0.0037 24.4477 1.7137 26.1377 4.8237 26.1377ZM13.0737 20.8177C8.7737 20.8177 5.3037 17.3477 5.3037 13.0577C5.3037 8.7477 8.7737 5.2877 13.0737 5.2877C17.3637 5.2877 20.8337 8.7477 20.8337 13.0577C20.8337 17.3477 17.3637 20.8177 13.0737 20.8177ZM9.4337 14.9277C10.4637 14.9277 11.3237 14.0777 11.3237 13.0577C11.3237 12.0277 10.4637 11.1877 9.4337 11.1877C8.3937 11.1877 7.5637 12.0277 7.5637 13.0577C7.5637 14.0777 8.3937 14.9277 9.4337 14.9277ZM16.6937 14.9277C17.7337 14.9277 18.5837 14.0777 18.5837 13.0577C18.5837 12.0277 17.7337 11.1877 16.6937 11.1877C15.6637 11.1877 14.8237 12.0277 14.8237 13.0577C14.8237 14.0777 15.6637 14.9277 16.6937 14.9277ZM13.0737 18.9677C13.9337 18.9677 14.6137 18.2977 14.6137 17.4277V16.7777C14.6137 16.4777 14.4637 16.3277 14.1537 16.3277H11.9937C11.6737 16.3277 11.5237 16.4777 11.5237 16.7777V17.4277C11.5237 18.2977 12.1837 18.9677 13.0737 18.9677Z","geometry":{"width":26.140625,"height":26.140625}}