{"path":"M4.8237 26.1377H21.3137C24.4437 26.1377 26.1437 24.4477 26.1437 21.3377V4.7977C26.1437 1.6977 24.4437 -0.0023 21.3137 -0.0023H4.8237C1.7137 -0.0023 0.0037 1.6977 0.0037 4.7977V21.3377C0.0037 24.4477 1.7137 26.1377 4.8237 26.1377ZM4.6937 14.4077V11.7277C4.6937 11.0577 5.1437 10.6077 5.7937 10.6077H6.2337V10.1477C6.2337 7.5777 9.5137 5.2377 13.0737 5.2377C16.6237 5.2377 19.9037 7.5777 19.9037 10.1477V10.6077H20.3437C21.0037 10.6077 21.4637 11.0577 21.4637 11.7277V14.4077C21.4637 15.0677 21.0037 15.5177 20.3437 15.5177H19.9037V15.9777C19.9037 18.5477 16.6237 20.8877 13.0737 20.8877C9.5137 20.8877 6.2337 18.5477 6.2337 15.9777V15.5177H5.7937C5.1437 15.5177 4.6937 15.0677 4.6937 14.4077ZM9.3637 14.7277C10.2837 14.7277 11.0337 13.9877 11.0337 13.0677C11.0337 12.1577 10.2837 11.3977 9.3637 11.3977C8.4637 11.3977 7.7237 12.1377 7.7237 13.0677C7.7237 13.9877 8.4637 14.7277 9.3637 14.7277ZM16.7737 14.7277C17.6737 14.7277 18.4337 13.9877 18.4337 13.0677C18.4337 12.1377 17.6737 11.3977 16.7737 11.3977C15.8637 11.3977 15.1037 12.1577 15.1037 13.0677C15.1037 13.9877 15.8637 14.7277 16.7737 14.7277Z","geometry":{"width":26.140625,"height":26.140625}}