{"path":"M4.8237 26.1377H21.3137C24.4437 26.1377 26.1437 24.4477 26.1437 21.3377V4.7977C26.1437 1.6977 24.4437 -0.0023 21.3137 -0.0023H4.8237C1.7137 -0.0023 0.0037 1.6977 0.0037 4.7977V21.3377C0.0037 24.4477 1.7137 26.1377 4.8237 26.1377ZM7.7537 19.9877C6.6737 19.9877 5.9237 19.2377 5.9237 18.1577V7.9577C5.9237 6.8777 6.6737 6.1277 7.7537 6.1277H18.3937C19.4737 6.1277 20.2237 6.8777 20.2237 7.9577V18.1577C20.2237 19.2377 19.4737 19.9877 18.3937 19.9877ZM13.0837 12.3477C14.0937 12.3477 14.9137 11.5077 14.9137 10.4977C14.9137 9.4877 14.0937 8.6677 13.0837 8.6677C12.0537 8.6677 11.2337 9.4877 11.2337 10.4977C11.2337 11.5077 12.0537 12.3477 13.0837 12.3477ZM10.0337 17.4277C10.8837 17.4277 11.5837 16.7477 11.5837 15.8977C11.5837 15.0477 10.8837 14.3577 10.0337 14.3577C9.1737 14.3577 8.4937 15.0377 8.4937 15.8977C8.4937 16.7477 9.1737 17.4277 10.0337 17.4277ZM16.1237 17.4277C16.9837 17.4277 17.6737 16.7477 17.6737 15.8977C17.6737 15.0477 16.9837 14.3577 16.1237 14.3577C15.2737 14.3577 14.5837 15.0477 14.5837 15.8977C14.5837 16.7477 15.2737 17.4277 16.1237 17.4277Z","geometry":{"width":26.140625,"height":26.140625}}