{"path":"M4.8237 26.1377H21.3137C24.4437 26.1377 26.1437 24.4477 26.1437 21.3377V4.7977C26.1437 1.6977 24.4437 -0.0023 21.3137 -0.0023H4.8237C1.7137 -0.0023 0.0037 1.6977 0.0037 4.7977V21.3377C0.0037 24.4477 1.7137 26.1377 4.8237 26.1377ZM5.2137 22.6177C4.1137 22.6177 3.5237 22.0777 3.5237 20.9177V5.2377C3.5237 4.0777 4.1137 3.5277 5.2137 3.5277H20.9337C22.0237 3.5277 22.6137 4.0777 22.6137 5.2377V20.9177C22.6137 22.0777 22.0237 22.6177 20.9337 22.6177ZM13.0737 19.9077C16.8737 19.9077 19.9237 16.8577 19.9237 13.0577C19.9237 9.2577 16.8737 6.2077 13.0737 6.2077C9.2737 6.2077 6.2237 9.2577 6.2237 13.0577C6.2237 16.8577 9.2737 19.9077 13.0737 19.9077ZM9.8537 14.6877C8.9537 14.6877 8.2137 13.9577 8.2137 13.0577C8.2137 12.1577 8.9537 11.4177 9.8537 11.4177C10.7637 11.4177 11.5137 12.1577 11.5137 13.0577C11.5137 13.9577 10.7637 14.6877 9.8537 14.6877ZM16.2837 14.6877C15.3837 14.6877 14.6337 13.9577 14.6337 13.0577C14.6337 12.1577 15.3837 11.4177 16.2837 11.4177C17.1837 11.4177 17.9137 12.1577 17.9137 13.0577C17.9137 13.9577 17.1837 14.6877 16.2837 14.6877ZM13.0737 18.2677C12.2937 18.2677 11.7037 17.6877 11.7037 16.9077V16.3377C11.7037 16.0777 11.8437 15.9377 12.1137 15.9377H14.0237C14.3037 15.9377 14.4337 16.0777 14.4337 16.3377V16.9077C14.4337 17.6877 13.8237 18.2677 13.0737 18.2677Z","geometry":{"width":26.140625,"height":26.140625}}