{"path":"M4.8237 26.1377H21.3137C24.4437 26.1377 26.1437 24.4477 26.1437 21.3377V4.7977C26.1437 1.6977 24.4437 -0.0023 21.3137 -0.0023H4.8237C1.7137 -0.0023 0.0037 1.6977 0.0037 4.7977V21.3377C0.0037 24.4477 1.7137 26.1377 4.8237 26.1377ZM5.2137 22.6177C4.1137 22.6177 3.5237 22.0777 3.5237 20.9177V5.2377C3.5237 4.0777 4.1137 3.5277 5.2137 3.5277H20.9337C22.0237 3.5277 22.6137 4.0777 22.6137 5.2377V20.9177C22.6137 22.0777 22.0237 22.6177 20.9337 22.6177ZM9.0637 19.0177H17.0737C17.5437 19.0177 17.9937 18.8777 18.2937 18.5677C19.6737 17.2777 20.6437 15.2277 20.6437 13.0677C20.6437 10.9277 19.6737 8.8577 18.2937 7.5777C17.9937 7.2577 17.5437 7.1277 17.0737 7.1277H9.0637C8.6037 7.1277 8.1737 7.2577 7.8737 7.5377C6.4937 8.8277 5.4937 10.8977 5.4937 13.0677C5.4937 15.2277 6.4837 17.2777 7.8437 18.5677C8.1437 18.8777 8.6037 19.0177 9.0637 19.0177ZM9.8937 16.1477C9.4237 16.1477 9.0337 15.7677 9.0337 15.2877V10.8577C9.0337 10.3677 9.4237 9.9977 9.8937 9.9977C10.3737 9.9977 10.7637 10.3677 10.7637 10.8577V15.2877C10.7637 15.7677 10.3737 16.1477 9.8937 16.1477ZM16.2437 16.1477C15.7637 16.1477 15.3837 15.7777 15.3837 15.2877V10.8577C15.3837 10.3777 15.7637 9.9977 16.2437 9.9977C16.7237 9.9977 17.1137 10.3777 17.1137 10.8577V15.2877C17.1137 15.7777 16.7237 16.1477 16.2437 16.1477Z","geometry":{"width":26.140625,"height":26.140625}}