{"path":"M10.6592 0.002C8.5592 0.002 7.2892 0.912 5.7292 2.502L1.2392 7.122C-0.4208 8.822 -0.4008 11.322 1.2292 13.032L5.6992 17.732C7.1392 19.222 8.6792 20.252 10.6592 20.252H26.5992C28.5892 20.252 30.1492 19.222 31.5692 17.732L36.0392 13.032C37.6792 11.302 37.7092 8.822 36.0392 7.122L31.5492 2.502C29.9992 0.912 28.7192 0.002 26.5992 0.002ZM10.6592 3.362H26.5992C27.6992 3.362 28.0392 3.692 28.8992 4.552L33.3892 9.142C33.9892 9.762 33.9692 10.392 33.3692 11.002L28.8892 15.672C28.1592 16.422 27.5592 16.872 26.5992 16.872H10.6592C9.7192 16.872 9.1192 16.422 8.3792 15.672L3.8992 11.002C3.2892 10.392 3.2892 9.762 3.8992 9.142L8.3792 4.552C9.2292 3.692 9.5692 3.362 10.6592 3.362ZM10.2492 7.802C8.9292 7.802 7.8492 8.902 7.8492 10.212C7.8492 11.542 8.9292 12.622 10.2492 12.622C11.5692 12.622 12.6592 11.542 12.6592 10.212C12.6592 8.902 11.5692 7.802 10.2492 7.802ZM27.0392 7.802C25.7192 7.802 24.6392 8.902 24.6392 10.212C24.6392 11.542 25.7192 12.622 27.0392 12.622C28.3492 12.622 29.4492 11.542 29.4492 10.212C29.4492 8.902 28.3492 7.802 27.0392 7.802ZM18.6492 9.832C17.3192 9.832 16.2392 10.922 16.2392 12.232C16.2392 13.562 17.3192 14.642 18.6492 14.642C19.9592 14.642 21.0492 13.562 21.0492 12.232C21.0492 10.922 19.9592 9.832 18.6492 9.832Z","geometry":{"width":37.27810267521754,"height":20.248046875}}