{"path":"M4.8237 26.1377H21.3137C24.4437 26.1377 26.1437 24.4477 26.1437 21.3377V4.7977C26.1437 1.6977 24.4437 -0.0023 21.3137 -0.0023H4.8237C1.7137 -0.0023 0.0037 1.6977 0.0037 4.7977V21.3377C0.0037 24.4477 1.7137 26.1377 4.8237 26.1377ZM5.2137 22.6177C4.1137 22.6177 3.5237 22.0777 3.5237 20.9177V5.2377C3.5237 4.0777 4.1137 3.5277 5.2137 3.5277H20.9337C22.0237 3.5277 22.6137 4.0777 22.6137 5.2377V20.9177C22.6137 22.0777 22.0237 22.6177 20.9337 22.6177ZM8.3237 19.1977H17.8137C18.7437 19.1977 19.4037 18.5277 19.4037 17.5977V8.5077C19.4037 7.5777 18.7437 6.9177 17.8137 6.9177H8.3237C7.3937 6.9177 6.7437 7.5777 6.7437 8.5077V17.5977C6.7437 18.5277 7.3937 19.1977 8.3237 19.1977ZM10.4637 13.2077C9.9937 13.2077 9.6437 12.8377 9.6437 12.3777V10.1477C9.6437 9.6677 9.9937 9.2977 10.4637 9.2977C10.9237 9.2977 11.2937 9.6677 11.2937 10.1477V12.3777C11.2937 12.8277 10.9237 13.2077 10.4637 13.2077ZM15.6637 13.2077C15.2037 13.2077 14.8437 12.8377 14.8437 12.3777V10.1477C14.8437 9.6677 15.2037 9.2977 15.6637 9.2977C16.1337 9.2977 16.5037 9.6677 16.5037 10.1477V12.3777C16.5037 12.8277 16.1337 13.2077 15.6637 13.2077ZM12.1637 17.1577C11.9037 17.1577 11.7537 17.0377 11.7537 16.7777V16.0277C11.7537 15.2877 12.3337 14.7077 13.0737 14.7077C13.8037 14.7077 14.3837 15.2877 14.3837 16.0277V16.7777C14.3837 17.0377 14.2337 17.1577 13.9737 17.1577Z","geometry":{"width":26.140625,"height":26.140625}}