{"path":"M5.7737 3.3346H25.7137V3.1846C25.7137 1.0546 23.8937 0.0046 21.4937 0.0046H9.9937C7.6537 0.0046 5.7737 1.0546 5.7737 3.1846ZM4.6237 25.4846H4.8037V18.3246C4.8037 15.9946 6.1137 14.6846 8.4337 14.6846H23.0237C25.3437 14.6846 26.6637 15.9946 26.6637 18.3246V25.4846H26.8637C29.8337 25.4846 31.4837 23.8746 31.4837 20.8946V10.1146C31.4837 7.1546 29.8337 5.5246 26.8637 5.5246H4.6237C1.7337 5.5246 0.0037 7.1546 0.0037 10.1146V20.8946C0.0037 23.8746 1.6537 25.4846 4.6237 25.4846ZM22.0437 10.6246C22.0437 9.5946 22.9137 8.7046 23.9637 8.7046C24.9937 8.7046 25.8837 9.5946 25.8837 10.6246C25.8837 11.6846 25.0037 12.5246 23.9637 12.5346C22.9137 12.5546 22.0437 11.7046 22.0437 10.6246ZM7.0137 28.8746C7.0137 30.0146 7.7637 30.7646 8.9037 30.7646H22.5537C23.6937 30.7646 24.4437 30.0146 24.4437 28.8746V18.3246C24.4437 17.4746 23.8737 16.8946 23.0237 16.8946H8.4337C7.5837 16.8946 7.0137 17.4746 7.0137 18.3246ZM11.7837 22.5446C11.1537 22.5446 10.6737 22.0646 10.6737 21.4346C10.6737 20.8346 11.1437 20.3746 11.7837 20.3746H19.7437C20.3537 20.3746 20.8237 20.8346 20.8237 21.4346C20.8237 22.0646 20.3537 22.5446 19.7437 22.5446ZM11.7837 27.2846C11.1437 27.2846 10.6737 26.8246 10.6737 26.2246C10.6737 25.6046 11.1537 25.1146 11.7837 25.1146H19.7437C20.3537 25.1146 20.8237 25.6046 20.8237 26.2246C20.8237 26.8246 20.3537 27.2846 19.7437 27.2846Z","geometry":{"width":31.486328125,"height":30.76171875}}