{"path":"M5.7737 3.3346H25.7137V3.1846C25.7137 1.0546 23.8937 0.0046 21.4937 0.0046H9.9937C7.6537 0.0046 5.7737 1.0546 5.7737 3.1846ZM4.6237 25.4846H4.8037V18.3246C4.8037 15.9846 6.0937 14.6846 8.4337 14.6846H23.0237C25.3637 14.6846 26.6637 15.9846 26.6637 18.3246V25.4846H26.8637C29.8337 25.4846 31.4837 23.8746 31.4837 20.8946V10.1146C31.4837 7.1546 29.8337 5.5246 26.8637 5.5246H4.6237C1.7337 5.5246 0.0037 7.1546 0.0037 10.1146V20.8946C0.0037 23.8746 1.6537 25.4846 4.6237 25.4846ZM22.0437 10.6246C22.0437 9.5946 22.9137 8.7046 23.9637 8.7046C24.9937 8.7046 25.8837 9.5946 25.8837 10.6246C25.8837 11.6846 25.0037 12.5246 23.9637 12.5346C22.9137 12.5546 22.0437 11.7046 22.0437 10.6246ZM7.0137 28.8746C7.0137 30.0146 7.7637 30.7646 8.9037 30.7646H22.5537C23.6937 30.7646 24.4437 30.0146 24.4437 28.8746V18.3246C24.4437 17.4746 23.8737 16.8946 23.0237 16.8946H8.4337C7.5837 16.8946 7.0137 17.4746 7.0137 18.3246ZM11.8037 21.4346C11.0837 21.4346 10.5137 20.8646 10.5137 20.1546C10.5137 19.4246 11.0837 18.8646 11.8037 18.8646C12.5237 18.8646 13.0937 19.4246 13.0937 20.1546C13.0937 20.8646 12.5237 21.4346 11.8037 21.4346ZM19.6637 21.4346C18.9637 21.4346 18.3737 20.8646 18.3737 20.1546C18.3737 19.4246 18.9637 18.8646 19.6637 18.8646C20.3837 18.8646 20.9637 19.4246 20.9637 20.1546C20.9637 20.8646 20.3837 21.4346 19.6637 21.4346ZM11.8037 25.1146C11.0837 25.1146 10.5137 24.5546 10.5137 23.8346C10.5137 23.1146 11.0837 22.5446 11.8037 22.5446C12.5237 22.5446 13.0937 23.1146 13.0937 23.8346C13.0937 24.5546 12.5237 25.1146 11.8037 25.1146ZM19.6637 25.1146C18.9637 25.1146 18.3737 24.5646 18.3737 23.8346C18.3737 23.1146 18.9637 22.5446 19.6637 22.5446C20.3837 22.5446 20.9637 23.1146 20.9637 23.8346C20.9637 24.5546 20.3837 25.1146 19.6637 25.1146ZM11.8037 28.8046C11.0837 28.8046 10.5137 28.2346 10.5137 27.5046C10.5137 26.7946 11.0837 26.2246 11.8037 26.2246C12.5237 26.2246 13.0937 26.7946 13.0937 27.5046C13.0937 28.2346 12.5237 28.8046 11.8037 28.8046ZM19.6637 28.8046C18.9637 28.8046 18.3737 28.2346 18.3737 27.5046C18.3737 26.7946 18.9637 26.2246 19.6637 26.2246C20.3837 26.2246 20.9637 26.7946 20.9637 27.5046C20.9637 28.2346 20.3837 28.8046 19.6637 28.8046Z","geometry":{"width":31.486328125,"height":30.76171875}}