{"path":"M2.1437 19.3218C2.8137 19.3218 3.3537 19.0418 3.7637 18.6118L12.4037 9.3918L21.0437 18.6118C21.4337 19.0418 21.9837 19.3218 22.6537 19.3218C23.8537 19.3218 24.8037 18.3218 24.8037 17.1218C24.8037 16.5818 24.6637 16.1318 24.2037 15.6318L14.0837 4.8718C13.7137 4.4618 13.3037 4.2218 12.8237 4.1418H22.2837C23.5137 4.1418 24.3637 3.2418 24.3637 2.0618C24.3637 0.8918 23.5137 0.0018 22.2837 0.0018H2.5137C1.2837 0.0018 0.4237 0.9118 0.4237 2.0618C0.4237 3.2418 1.2837 4.1418 2.5137 4.1418H11.9737C11.4937 4.2218 11.0837 4.4618 10.7237 4.8818L0.6037 15.6318C0.1337 16.1318 0.0037 16.5818 0.0037 17.1218C0.0037 18.3218 0.9537 19.3218 2.1437 19.3218Z","geometry":{"width":24.80078125,"height":19.318359375}}