{"path":"M0.0037 20.5787C0.0037 21.1687 0.2037 21.5887 0.6837 22.0387L5.1937 26.4687C5.7437 26.9987 6.4837 27.3187 7.1737 27.3187C7.8937 27.3187 8.6137 26.9987 9.1637 26.4687L13.6737 22.0387C14.1637 21.5587 14.3537 21.1487 14.3537 20.5587C14.3537 19.5387 13.5237 18.8287 12.6037 18.8287C11.9537 18.8287 11.5437 19.0187 11.1137 19.5387L10.2637 20.4387L8.8137 22.1387L9.0537 18.7287V9.4287C9.0537 5.7587 10.8937 3.6687 13.8537 3.6687C16.5537 3.6687 18.4137 5.4987 18.4137 8.2187C18.4137 10.7687 16.7037 12.5487 14.2837 12.5487C13.3737 12.5487 13.0137 12.4187 12.6037 12.4187C11.6237 12.4187 10.9937 13.0987 10.9937 13.9687C10.9937 14.6387 11.3337 15.1787 11.8837 15.5487C12.4837 15.9587 13.3737 16.1287 14.2837 16.1287C18.9537 16.1287 22.0437 12.9187 22.0437 8.2187C22.0437 3.3587 18.7337 -0.0013 13.8537 -0.0013C8.6037 -0.0013 5.3037 3.3387 5.3037 9.1087V18.7287L5.5337 22.1387L4.0837 20.4387L3.2537 19.5387C2.8137 19.0287 2.4037 18.8287 1.7637 18.8287C0.8337 18.8287 0.0037 19.5487 0.0037 20.5787Z","geometry":{"width":22.0390625,"height":27.31640625}}