{"path":"M0.0037 22.9313C0.0037 25.7613 1.7137 27.4413 4.5837 27.4413H21.5637C24.4337 27.4413 26.1437 25.7613 26.1437 22.9313V18.7813C26.1437 18.5513 26.2937 18.4713 26.5537 18.6213C27.2637 19.0613 28.1137 19.3313 29.0837 19.3313C31.8437 19.3313 34.4437 17.1713 34.4437 13.7513C34.4437 10.3213 31.8437 8.1613 29.0837 8.1613C28.1137 8.1613 27.2637 8.4313 26.5537 8.8713C26.2937 9.0213 26.1437 8.9413 26.1437 8.7113V4.5113C26.1437 1.6813 24.4337 0.0013 21.5637 0.0013H4.5837C1.7137 0.0013 0.0037 1.6813 0.0037 4.5113V10.5113C0.0037 11.8913 0.9437 12.8413 2.1837 12.8413C2.8937 12.8413 3.4637 12.5813 3.9937 12.1513C4.5937 11.6613 5.2237 11.3113 5.9837 11.3113C7.3237 11.3113 8.3837 12.2613 8.3837 13.7313C8.3837 15.1913 7.3237 16.1613 5.9837 16.1613C5.2237 16.1613 4.5937 15.7913 3.9937 15.3113C3.4637 14.8913 2.8937 14.6113 2.1837 14.6113C0.9437 14.6113 0.0037 15.5613 0.0037 16.9513ZM3.2137 22.8013V18.8813C3.2137 18.4113 3.4737 18.5213 3.7337 18.6613C4.4137 19.0613 5.2237 19.3013 6.1537 19.3013C8.9137 19.3013 11.5137 17.1613 11.5137 13.7313C11.5137 10.2913 8.9137 8.1513 6.1537 8.1513C5.2237 8.1513 4.4137 8.4113 3.7337 8.7913C3.4737 8.9413 3.2137 9.0513 3.2137 8.5813V4.6513C3.2137 3.7313 3.7437 3.2113 4.6237 3.2113H21.5237C22.3937 3.2113 22.9237 3.7313 22.9237 4.6513V10.5113C22.9237 11.8913 23.8737 12.8613 25.1137 12.8613C25.8237 12.8613 26.3837 12.5913 26.9237 12.1713C27.5237 11.6913 28.1537 11.3213 28.9137 11.3213C30.2537 11.3213 31.3037 12.2913 31.3037 13.7513C31.3037 15.2213 30.2537 16.1713 28.9137 16.1713C28.1537 16.1713 27.5237 15.8013 26.9237 15.3213C26.3837 14.9013 25.8237 14.6313 25.1137 14.6313C23.8737 14.6313 22.9237 15.6013 22.9237 16.9913V22.8013C22.9237 23.7113 22.3937 24.2313 21.5237 24.2313H4.6237C3.7437 24.2313 3.2137 23.7113 3.2137 22.8013Z","geometry":{"width":34.439453125,"height":27.439453125}}