{"path":"M0.0037 13.6903C0.0037 16.6203 2.0737 18.2503 4.4337 18.2503C5.3837 18.2503 6.1237 17.9803 6.9437 17.4703C7.7837 16.9803 8.3637 17.2503 8.3637 17.9803V22.7203C8.3637 25.7703 10.0037 27.3803 13.0937 27.3803H16.3937C17.1137 27.3803 17.3937 26.7803 16.8937 25.9503C16.3937 25.1303 16.1237 24.3903 16.1237 23.4303C16.1237 21.1003 17.7437 19.0003 20.6837 19.0003C23.6437 19.0003 25.2637 21.1003 25.2637 23.4303C25.2637 24.3903 24.9937 25.1303 24.4837 25.9503C23.9937 26.7803 24.2637 27.3803 24.9937 27.3803H28.2837C31.3737 27.3803 33.0037 25.7703 33.0037 22.7203V17.9803C33.0037 17.2503 33.6037 16.9803 34.4437 17.4703C35.2637 17.9803 35.9937 18.2503 36.9537 18.2503C39.2937 18.2503 41.3837 16.6203 41.3837 13.6903C41.3837 10.7303 39.2937 9.1103 36.9537 9.1103C35.9937 9.1103 35.2637 9.3803 34.4437 9.8803C33.6037 10.3803 33.0037 10.1003 33.0037 9.3803V4.6503C33.0037 1.6003 31.3737 0.0003 28.2837 0.0003H24.9937C24.2637 0.0003 23.9937 0.5903 24.4837 1.4203C24.9937 2.2603 25.2637 2.9903 25.2637 3.9503C25.2637 6.2903 23.6437 8.3703 20.6837 8.3703C17.7437 8.3703 16.1237 6.2903 16.1237 3.9503C16.1237 2.9903 16.3937 2.2603 16.8937 1.4203C17.3937 0.5903 17.1137 0.0003 16.3937 0.0003H13.0937C10.0037 0.0003 8.3637 1.6003 8.3637 4.6503V9.3803C8.3637 10.1003 7.7837 10.3803 6.9437 9.8803C6.1237 9.3803 5.3837 9.1103 4.4337 9.1103C2.0737 9.1103 0.0037 10.7303 0.0037 13.6903Z","geometry":{"width":41.384765625,"height":27.384765625}}