{"path":"M0.0037 22.7477C0.0037 25.8077 1.6237 27.4277 4.6937 27.4277H21.4137C24.5037 27.4277 26.1237 25.8277 26.1237 22.7777V17.8177C26.1237 17.4977 26.3637 17.4477 26.5937 17.5777C27.2437 17.9877 28.0037 18.2977 28.9037 18.2977C31.5437 18.2977 33.4237 16.3777 33.4237 13.7377C33.4237 11.0977 31.5437 9.1977 28.9037 9.1977C28.0037 9.1977 27.2437 9.4877 26.5937 9.8977C26.3637 10.0477 26.1237 9.9777 26.1237 9.6777V4.6477C26.1237 1.5977 24.5037 -0.0023 21.4137 -0.0023H4.6937C1.6237 -0.0023 0.0037 1.6177 0.0037 4.6777V10.6477C0.0037 11.7577 0.8237 12.3877 1.7337 12.3877C2.2937 12.3877 2.9137 12.1277 3.3537 11.6077C3.8837 11.0177 4.7837 10.0577 6.4537 10.0577C8.5137 10.0577 10.1537 11.7277 10.2037 13.8177C10.2437 15.9177 8.5337 17.5977 6.4537 17.5977C4.7837 17.5977 3.8837 16.6377 3.3537 16.0477C2.9137 15.5277 2.2937 15.2677 1.7337 15.2677C0.8237 15.2677 0.0037 15.8977 0.0037 17.0077Z","geometry":{"width":33.427734375,"height":27.42578125}}