{"path":"M0.422 22.227C-0.358 23.527 -0.038 24.777 1.192 25.317L12.862 30.487C13.142 30.607 13.382 30.717 13.642 30.807V-0.003C13.472 0.147 13.322 0.337 13.182 0.557ZM29.782 22.247L17.022 0.577C16.872 0.357 16.732 0.167 16.562 0.027V30.817C16.802 30.737 17.062 30.607 17.352 30.507L29.012 25.347C30.242 24.787 30.542 23.547 29.782 22.247Z","geometry":{"width":30.197171816036082,"height":30.81640625}}