{"path":"M4.8237 26.1377H21.3137C24.4437 26.1377 26.1437 24.4477 26.1437 21.3377V4.7977C26.1437 1.6977 24.4437 -0.0023 21.3137 -0.0023H4.8237C1.7137 -0.0023 0.0037 1.6977 0.0037 4.7977V21.3377C0.0037 24.4477 1.7137 26.1377 4.8237 26.1377ZM5.2137 22.6177C4.1137 22.6177 3.5237 22.0777 3.5237 20.9177V5.2377C3.5237 4.0777 4.1137 3.5277 5.2137 3.5277H20.9337C22.0237 3.5277 22.6137 4.0777 22.6137 5.2377V20.9177C22.6137 22.0777 22.0237 22.6177 20.9337 22.6177ZM13.0737 19.3977C13.7037 19.3977 14.3037 19.3077 14.8337 19.1377L15.4237 19.9577C15.7737 20.5177 16.1337 20.7277 16.6637 20.7277C17.3937 20.7277 17.8937 20.2477 17.8937 19.5677C17.8937 19.2377 17.8037 18.9777 17.5237 18.5777L17.0737 17.9777C18.3437 16.8677 19.1037 15.1477 19.1037 12.9977C19.1037 9.0877 16.5737 6.6077 13.0737 6.6077C9.5837 6.6077 7.0537 9.0877 7.0537 12.9977C7.0537 16.9077 9.5837 19.3977 13.0737 19.3977ZM13.0737 16.7377C11.4737 16.7377 10.3637 15.3777 10.3637 12.9977C10.3637 10.6277 11.4737 9.2577 13.0737 9.2577C14.6837 9.2577 15.7937 10.6277 15.7937 12.9977C15.7937 14.0377 15.5437 14.8977 15.0837 15.4877L14.6437 14.9177C14.4937 14.7377 14.3237 14.6677 14.0637 14.6677C13.5737 14.6677 13.1637 15.0277 13.1637 15.5277C13.1637 15.7677 13.2437 15.9377 13.3837 16.1377L13.7537 16.6477C13.5537 16.7077 13.3137 16.7377 13.0737 16.7377Z","geometry":{"width":26.140625,"height":26.140625}}