{"path":"M1.7637 9.8597C2.9137 9.8597 3.5237 9.2197 3.5237 8.0797V5.2397C3.5237 4.0597 4.1137 3.5297 5.2137 3.5297H8.1037C9.2537 3.5297 9.8837 2.8997 9.8837 1.7597C9.8837 0.6297 9.2537 -0.0003 8.1037 -0.0003H4.8237C1.7137 -0.0003 0.0037 1.6997 0.0037 4.7997V8.0797C0.0037 9.2297 0.6337 9.8597 1.7637 9.8597ZM25.8837 9.8597C27.0337 9.8597 27.6437 9.2297 27.6437 8.0797V4.7997C27.6437 1.6997 25.9537 -0.0003 22.8137 -0.0003H19.5537C18.3937 -0.0003 17.7637 0.6297 17.7637 1.7597C17.7637 2.8997 18.4037 3.5297 19.5537 3.5297H22.4337C23.5337 3.5297 24.1137 4.0597 24.1137 5.2397V8.0797C24.1137 9.2297 24.7437 9.8597 25.8837 9.8597ZM7.9137 13.2297H12.6437C12.9837 13.2297 13.2337 12.9897 13.2337 12.6497V7.9197C13.2337 7.5697 12.9837 7.3297 12.6437 7.3297H7.9137C7.5737 7.3297 7.3137 7.5697 7.3137 7.9197V12.6497C7.3137 12.9897 7.5737 13.2297 7.9137 13.2297ZM14.9937 13.2297H19.7237C20.0737 13.2297 20.3337 12.9897 20.3337 12.6497V7.9197C20.3337 7.5697 20.0737 7.3297 19.7237 7.3297H14.9937C14.6737 7.3297 14.4137 7.5697 14.4137 7.9197V12.6497C14.4137 12.9897 14.6737 13.2297 14.9937 13.2297ZM8.5037 12.0497V8.4997H12.0437V12.0497ZM15.6037 12.0497V8.4997H19.1437V12.0497ZM9.5437 11.0197H11.0237V9.5397H9.5437ZM16.6237 11.0197H18.1037V9.5397H16.6237ZM7.9137 20.3297H12.6437C12.9837 20.3297 13.2337 20.0797 13.2337 19.7297V15.0097C13.2337 14.6697 12.9837 14.4197 12.6437 14.4197H7.9137C7.5737 14.4197 7.3137 14.6697 7.3137 15.0097V19.7297C7.3137 20.0797 7.5737 20.3297 7.9137 20.3297ZM14.5737 16.0597H16.0637V14.5897H14.5737ZM18.6737 16.0597H20.1537V14.5897H18.6737ZM8.5037 19.1397V15.5997H12.0437V19.1397ZM9.5437 18.0997H11.0237V16.6297H9.5437ZM16.6237 18.1197H18.1037V16.6397H16.6237ZM4.8237 27.6597H8.1037C9.2537 27.6597 9.8837 27.0297 9.8837 25.8797C9.8837 24.7497 9.2537 24.1197 8.1037 24.1197H5.2137C4.1137 24.1197 3.5237 23.5797 3.5237 22.4197V19.5797C3.5237 18.4197 2.8937 17.7997 1.7637 17.7997C0.6137 17.7997 0.0037 18.4197 0.0037 19.5797V22.8597C0.0037 25.9597 1.7137 27.6597 4.8237 27.6597ZM19.5537 27.6597H22.8137C25.9537 27.6597 27.6437 25.9497 27.6437 22.8597V19.5797C27.6437 18.4197 27.0337 17.7997 25.8837 17.7997C24.7437 17.7997 24.1137 18.4297 24.1137 19.5797V22.4197C24.1137 23.5797 23.5337 24.1197 22.4337 24.1197H19.5537C18.3937 24.1197 17.7637 24.7497 17.7637 25.8797C17.7637 27.0297 18.3937 27.6597 19.5537 27.6597ZM14.5737 20.1497H16.0637V18.6897H14.5737ZM18.6737 20.1497H20.1537V18.6897H18.6737Z","geometry":{"width":27.64453125,"height":27.658203125}}