{"path":"M9.5837 3.542H16.4237V0.002H9.5837ZM1.7737 1.792C0.4637 3.122 0.0137 4.822 0.0137 7.192V7.272H3.5437V7.152C3.5437 5.962 3.7637 4.992 4.3637 4.372C4.9737 3.772 5.9837 3.542 7.2237 3.542H7.3537V0.012H7.2637C4.8537 0.012 3.1037 0.462 1.7737 1.792ZM24.2237 1.792C22.9037 0.462 21.1537 0.012 18.7137 0.012H18.6437V3.542H18.8037C20.0137 3.542 21.0237 3.772 21.6437 4.372C22.2437 4.992 22.4637 5.962 22.4637 7.122V7.272H25.9937V7.202C25.9937 4.822 25.5537 3.102 24.2237 1.792ZM12.6737 15.502C13.5237 15.502 14.1237 15.062 14.2237 14.462C14.2237 14.422 14.2337 14.352 14.2437 14.312C14.3437 13.702 14.8937 13.262 15.6637 12.752C17.0637 11.872 17.8037 11.102 17.8037 9.602C17.8037 7.312 15.7137 5.882 13.1137 5.882C10.7737 5.882 9.1237 6.872 8.6037 8.192C8.5037 8.452 8.4537 8.692 8.4537 8.982C8.4537 9.722 9.0137 10.272 9.7437 10.272C10.3037 10.272 10.7237 10.062 11.0237 9.652L11.1837 9.452C11.6237 8.792 12.1537 8.502 12.8137 8.502C13.6837 8.502 14.3037 9.062 14.3037 9.772C14.3037 10.542 13.7237 10.912 12.6337 11.672C11.6737 12.332 11.0237 13.002 11.0237 14.072V14.182C11.0237 15.052 11.6037 15.502 12.6737 15.502ZM22.4737 16.472H26.0037V9.492H22.4737ZM0.0037 16.472H3.5237V9.492H0.0037ZM12.6637 19.892C13.6837 19.892 14.4737 19.232 14.4737 18.252C14.4737 17.272 13.6837 16.612 12.6637 16.612C11.6337 16.612 10.8237 17.272 10.8237 18.252C10.8237 19.232 11.6337 19.892 12.6637 19.892ZM24.2237 24.162C25.5537 22.842 25.9937 21.132 25.9937 18.742V18.692H22.4637V18.822C22.4637 19.992 22.2437 20.972 21.6437 21.572C21.0237 22.192 20.0137 22.412 18.8037 22.412H18.6437V25.932H18.7137C21.1537 25.932 22.9037 25.482 24.2237 24.162ZM1.7737 24.162C3.1037 25.482 4.8537 25.932 7.2837 25.932H7.3537V22.412H7.2037C5.9837 22.412 4.9737 22.192 4.3637 21.572C3.7637 20.972 3.5437 19.992 3.5437 18.822V18.692H0.0137V18.742C0.0137 21.132 0.4537 22.842 1.7737 24.162ZM9.5837 25.952H16.4237V22.422H9.5837Z","geometry":{"width":26.00390625,"height":25.94921875}}