{"path":"M24.0537 1.7873C22.6137 0.3573 20.7037 -0.0027 17.9537 -0.0027H7.8637C5.1237 -0.0027 3.2037 0.3673 1.7737 1.7873C0.3537 3.2173 0.0037 5.0973 0.0037 7.8573V17.9373C0.0037 20.7173 0.3437 22.6173 1.7737 24.0373C3.2037 25.4573 5.1237 25.8273 7.8737 25.8273H17.9537C20.7037 25.8273 22.6237 25.4573 24.0537 24.0373C25.4737 22.6173 25.8237 20.7173 25.8237 17.9373V7.8773C25.8237 5.0973 25.4737 3.1973 24.0537 1.7873ZM12.5537 15.5973C11.4137 15.5973 10.7837 15.1073 10.7837 14.1673V14.0673C10.7837 12.9473 11.4937 12.2473 12.4937 11.5373C13.6437 10.7473 14.2437 10.3673 14.2437 9.5573C14.2437 8.8073 13.6037 8.2273 12.7037 8.2273C12.0037 8.2273 11.4537 8.5173 10.9937 9.2173L10.8237 9.4173C10.5037 9.8573 10.0637 10.0773 9.4737 10.0773C8.6937 10.0773 8.0837 9.4873 8.0837 8.7073C8.0837 8.4073 8.1437 8.1473 8.2537 7.8773C8.8037 6.4773 10.5537 5.4373 13.0137 5.4373C15.7737 5.4373 17.9937 6.9573 17.9937 9.3473C17.9937 10.9473 17.2037 11.7573 15.7337 12.6873C14.9137 13.2173 14.3437 13.6873 14.2237 14.3273C14.2237 14.3673 14.2037 14.4373 14.1937 14.4873C14.0937 15.1173 13.4537 15.5973 12.5537 15.5973ZM12.5537 20.2173C11.4537 20.2173 10.5937 19.5273 10.5937 18.4873C10.5937 17.4473 11.4537 16.7473 12.5537 16.7473C13.6437 16.7473 14.4637 17.4573 14.4637 18.4873C14.4637 19.5373 13.6337 20.2173 12.5537 20.2173Z","geometry":{"width":25.826171875,"height":25.826171875}}