{"path":"M4.8237 26.2648H27.2337C30.1337 26.2648 31.8237 24.5548 31.8237 21.4648V7.3648C31.8237 4.2648 30.1237 2.5748 27.0037 2.5748H14.9937C13.9437 2.5748 13.3037 2.3248 12.4237 1.6548L11.7437 1.1048C10.6737 0.2748 9.9537 0.0048 8.3837 0.0048H4.5637C1.7337 0.0048 0.0037 1.7048 0.0037 4.7948V21.4648C0.0037 24.5648 1.7137 26.2648 4.8237 26.2648ZM5.2137 22.7348C4.1137 22.7348 3.5237 22.1848 3.5237 21.0248V5.2048C3.5237 4.1248 4.1737 3.5248 5.2537 3.5248H7.4337C8.4937 3.5248 9.1037 3.7548 9.9937 4.4448L10.6737 5.0048C11.7437 5.8248 12.4837 6.0948 14.0437 6.0948H26.6237C27.7137 6.0948 28.3037 6.6348 28.3037 7.7948V21.0448C28.3037 22.1848 27.7137 22.7348 26.6237 22.7348ZM15.6137 16.7048C16.4037 16.7048 16.9537 16.2948 17.0337 15.7548C17.0537 15.7048 17.0637 15.6448 17.0637 15.5948C17.1537 15.0348 17.6637 14.6248 18.3737 14.1748C19.6637 13.3548 20.3437 12.6448 20.3437 11.2648C20.3437 9.1748 18.4137 7.8648 16.0237 7.8648C13.8737 7.8648 12.3637 8.7648 11.8837 9.9848C11.7837 10.2148 11.7437 10.4448 11.7437 10.7048C11.7437 11.3748 12.2637 11.8848 12.9337 11.8848C13.4537 11.8848 13.8337 11.6848 14.1137 11.3248L14.2637 11.1248C14.6537 10.5248 15.1437 10.2648 15.7537 10.2648C16.5537 10.2648 17.1137 10.7748 17.1137 11.4448C17.1137 12.1448 16.5937 12.4848 15.5837 13.1748C14.7137 13.7848 14.0937 14.3948 14.0937 15.3848V15.4748C14.0937 16.2848 14.6437 16.7048 15.6137 16.7048ZM15.6137 20.7248C16.5537 20.7248 17.2837 20.1248 17.2837 19.2248C17.2837 18.3248 16.5537 17.7148 15.6137 17.7148C14.6737 17.7148 13.9337 18.3248 13.9337 19.2248C13.9337 20.1248 14.6737 20.7248 15.6137 20.7248Z","geometry":{"width":31.828125,"height":26.263671875}}