{"path":"M4.8237 26.1377H21.3137C24.4437 26.1377 26.1437 24.4477 26.1437 21.3377V4.7977C26.1437 1.6977 24.4437 -0.0023 21.3137 -0.0023H4.8237C1.7137 -0.0023 0.0037 1.6977 0.0037 4.7977V21.3377C0.0037 24.4477 1.7137 26.1377 4.8237 26.1377ZM12.7937 15.7477C11.6637 15.7477 11.0337 15.2577 11.0337 14.3177V14.2177C11.0337 13.0977 11.7337 12.3977 12.7437 11.6877C13.8937 10.8977 14.4937 10.5177 14.4937 9.7077C14.4937 8.9577 13.8337 8.3777 12.9337 8.3777C12.2537 8.3777 11.6937 8.6677 11.2337 9.3677L11.0737 9.5677C10.7437 10.0077 10.3037 10.2277 9.7237 10.2277C8.9437 10.2277 8.3237 9.6377 8.3237 8.8577C8.3237 8.5577 8.3937 8.2977 8.4937 8.0277C9.0337 6.6277 10.7837 5.5877 13.2637 5.5877C16.0137 5.5877 18.2237 7.1077 18.2237 9.4977C18.2237 11.0977 17.4437 11.9077 15.9737 12.8377C15.1637 13.3677 14.5737 13.8377 14.4637 14.4777C14.4537 14.5177 14.4337 14.5877 14.4337 14.6377C14.3237 15.2677 13.7037 15.7477 12.7937 15.7477ZM12.7837 20.3677C11.7037 20.3677 10.8437 19.6777 10.8437 18.6377C10.8437 17.5977 11.6937 16.8977 12.7837 16.8977C13.8737 16.8977 14.7137 17.6077 14.7137 18.6377C14.7137 19.6877 13.8737 20.3677 12.7837 20.3677Z","geometry":{"width":26.140625,"height":26.140625}}