{"path":"M8.3037 29.7795C8.9237 29.7795 9.4237 29.5195 10.1737 28.8295L15.3537 24.2295H23.8437C28.0237 24.2295 30.5437 21.6795 30.5437 17.5395V6.6995C30.5437 2.5395 28.0237 -0.0005 23.8437 -0.0005H6.7037C2.5137 -0.0005 0.0037 2.5395 0.0037 6.6995V17.5395C0.0037 21.6795 2.6837 24.2295 6.4637 24.2295H6.8537V28.1595C6.8537 29.1495 7.3937 29.7795 8.3037 29.7795ZM14.9137 14.7895C13.7837 14.7895 13.1537 14.3095 13.1537 13.3695V13.2595C13.1537 12.1495 13.8637 11.4595 14.8637 10.7495C16.0137 9.9495 16.6137 9.5595 16.6137 8.7595C16.6137 8.0095 15.9737 7.4395 15.0637 7.4395C14.3737 7.4395 13.8237 7.7295 13.3537 8.4095L13.1937 8.6295C12.8837 9.0595 12.4237 9.2795 11.8537 9.2795C11.0637 9.2795 10.4437 8.6995 10.4437 7.9195C10.4437 7.6195 10.5137 7.3595 10.6237 7.0795C11.1737 5.6895 12.9237 4.6495 15.3837 4.6495C18.1437 4.6495 20.3537 6.1495 20.3537 8.5595C20.3537 10.1595 19.5737 10.9695 18.1037 11.8995C17.2837 12.4095 16.7037 12.8895 16.5837 13.5395C16.5837 13.5795 16.5737 13.6495 16.5737 13.6995C16.4637 14.3295 15.8337 14.7895 14.9137 14.7895ZM14.9137 19.4295C13.8237 19.4295 12.9637 18.7295 12.9637 17.6895C12.9637 16.6495 13.8237 15.9595 14.9137 15.9595C16.0137 15.9595 16.8337 16.6495 16.8337 17.6895C16.8337 18.7395 15.9937 19.4295 14.9137 19.4295Z","geometry":{"width":30.54296875,"height":29.77734375}}