{"path":"M7.4138 18.2337C8.5838 18.2337 9.2938 17.6137 9.4838 16.5537C9.4838 16.4637 9.5138 16.3237 9.5138 16.2237C9.6838 14.7937 10.2838 14.1537 12.5538 12.7437C15.0438 11.1737 16.3838 9.3937 16.3838 6.7937C16.3838 2.5537 12.9238 0.0037 8.1038 0.0037C4.5438 0.0037 1.6638 1.4737 0.4738 3.8837C0.1538 4.5237 0.0038 5.1937 0.0038 5.8237C-0.0162 7.0637 0.7938 7.9037 2.1238 7.9037C3.1138 7.9037 3.9238 7.3837 4.2938 6.4837C4.9238 4.6037 6.1938 3.8737 7.8938 3.8737C9.8938 3.8737 11.4738 5.0537 11.4738 6.8637C11.4738 8.5737 10.5438 9.4437 8.4638 10.7637C6.5038 12.0337 5.1838 13.4237 5.1838 15.5437V16.0537C5.1838 17.3537 6.0538 18.2337 7.4138 18.2337ZM7.4638 26.0837C8.9838 26.0837 10.2238 24.9137 10.2238 23.4237C10.2238 21.9437 8.9838 20.7637 7.4638 20.7637C5.9338 20.7637 4.7038 21.9437 4.7038 23.4237C4.7038 24.9137 5.9338 26.0837 7.4638 26.0837Z","geometry":{"width":16.37907732290084,"height":26.0859375}}