{"path":"M4.8237 26.2648H27.2337C30.1337 26.2648 31.8237 24.5548 31.8237 21.4648V7.3648C31.8237 4.2648 30.1237 2.5748 27.0037 2.5748H14.9937C13.9437 2.5748 13.3037 2.3248 12.4237 1.6548L11.7437 1.1048C10.6737 0.2748 9.9537 0.0048 8.3837 0.0048H4.5637C1.7337 0.0048 0.0037 1.7048 0.0037 4.7948V21.4648C0.0037 24.5648 1.7137 26.2648 4.8237 26.2648ZM15.6037 16.8348C14.5637 16.8348 13.9737 16.3748 13.9737 15.5148V15.4248C13.9737 14.3948 14.6337 13.7548 15.5437 13.1148C16.5937 12.3848 17.1537 12.0148 17.1537 11.2948C17.1537 10.5948 16.5537 10.0648 15.7337 10.0648C15.0937 10.0648 14.5837 10.3348 14.1637 10.9648L14.0137 11.1548C13.7137 11.5548 13.3137 11.7548 12.7737 11.7548C12.0537 11.7548 11.4837 11.2248 11.4837 10.5048C11.4837 10.2248 11.5537 9.9948 11.6437 9.7448C12.1537 8.4648 13.7537 7.5048 16.0237 7.5048C18.5537 7.5048 20.5937 8.8848 20.5937 11.1048C20.5937 12.5648 19.8637 13.3048 18.5137 14.1648C17.7737 14.6448 17.2437 15.0848 17.1337 15.6648C17.1137 15.7048 17.1137 15.7648 17.1037 15.8148C17.0037 16.4048 16.4337 16.8348 15.6037 16.8348ZM15.5837 21.0848C14.5837 21.0848 13.7937 20.4548 13.7937 19.4948C13.7937 18.5348 14.5837 17.8948 15.5837 17.8948C16.5937 17.8948 17.3637 18.5348 17.3637 19.4948C17.3637 20.4548 16.5837 21.0848 15.5837 21.0848Z","geometry":{"width":31.828125,"height":26.263671875}}