{"path":"M9.0237 29.6795C9.9537 29.6795 10.6937 29.2895 11.8437 28.2895L16.4637 24.2395H23.8437C28.0237 24.2395 30.5437 21.6795 30.5437 17.5395V6.6995C30.5437 2.5395 28.0237 -0.0005 23.8437 -0.0005H6.7037C2.5137 -0.0005 0.0037 2.5395 0.0037 6.6995V17.5395C0.0037 21.6795 2.6837 24.2395 6.4637 24.2395H6.8537V27.2795C6.8537 28.7695 7.6737 29.6795 9.0237 29.6795ZM9.8737 25.7695V21.9795C9.8737 21.0595 9.4337 20.7095 8.6037 20.7095H6.9137C4.6337 20.7095 3.5237 19.5595 3.5237 17.3195V6.8995C3.5237 4.6595 4.6337 3.5295 6.9137 3.5295H23.6237C25.8937 3.5295 27.0137 4.6595 27.0137 6.8995V17.3195C27.0137 19.5595 25.8937 20.7095 23.6237 20.7095H16.2037C15.2537 20.7095 14.8337 20.8895 14.1537 21.5695ZM14.9537 14.5895C15.7937 14.5895 16.3637 14.1495 16.4637 13.5795C16.4637 13.5395 16.4737 13.4695 16.4837 13.4295C16.5837 12.8395 17.1137 12.3995 17.8737 11.9195C19.2137 11.0595 19.9337 10.3195 19.9337 8.8695C19.9337 6.6695 17.9137 5.2895 15.3937 5.2895C13.1437 5.2895 11.5237 6.2495 11.0337 7.5195C10.9337 7.7695 10.8837 7.9995 10.8837 8.2695C10.8837 8.9795 11.4337 9.5195 12.1437 9.5195C12.6737 9.5195 13.0837 9.3095 13.3737 8.9295L13.5337 8.7195C13.9437 8.0895 14.4637 7.8095 15.1037 7.8095C15.9437 7.8095 16.5437 8.3495 16.5437 9.0495C16.5437 9.7895 15.9937 10.1495 14.9337 10.8695C14.0137 11.5095 13.3737 12.1495 13.3737 13.1895V13.2895C13.3737 14.1495 13.9337 14.5895 14.9537 14.5895ZM14.9537 18.8095C15.9437 18.8095 16.7037 18.1795 16.7037 17.2395C16.7037 16.2795 15.9537 15.6495 14.9537 15.6495C13.9637 15.6495 13.1937 16.2795 13.1937 17.2395C13.1937 18.1795 13.9737 18.8095 14.9537 18.8095Z","geometry":{"width":30.54296875,"height":29.681640625}}