{"path":"M4.8237 26.1377H21.3137C24.4437 26.1377 26.1437 24.4477 26.1437 21.3377V4.7977C26.1437 1.6977 24.4437 -0.0023 21.3137 -0.0023H4.8237C1.7137 -0.0023 0.0037 1.6977 0.0037 4.7977V21.3377C0.0037 24.4477 1.7137 26.1377 4.8237 26.1377ZM5.2137 22.6177C4.1137 22.6177 3.5237 22.0777 3.5237 20.9177V5.2377C3.5237 4.0777 4.1137 3.5277 5.2137 3.5277H20.9337C22.0237 3.5277 22.6137 4.0777 22.6137 5.2377V20.9177C22.6137 22.0777 22.0237 22.6177 20.9337 22.6177ZM12.7437 15.5977C13.5937 15.5977 14.1937 15.1577 14.2837 14.5577C14.2837 14.5177 14.3037 14.4477 14.3137 14.4077C14.4137 13.7977 14.9537 13.3577 15.7337 12.8477C17.1337 11.9677 17.8737 11.1977 17.8737 9.6977C17.8737 7.4077 15.7737 5.9777 13.1837 5.9777C10.8437 5.9777 9.1837 6.9677 8.6637 8.2877C8.5737 8.5477 8.5137 8.7877 8.5137 9.0777C8.5137 9.8177 9.0737 10.3677 9.8137 10.3677C10.3737 10.3677 10.7837 10.1577 11.0837 9.7477L11.2537 9.5477C11.6937 8.8877 12.2237 8.5977 12.8837 8.5977C13.7537 8.5977 14.3737 9.1577 14.3737 9.8677C14.3737 10.6377 13.7937 11.0077 12.7037 11.7677C11.7437 12.4277 11.0837 13.0977 11.0837 14.1677V14.2777C11.0837 15.1477 11.6737 15.5977 12.7437 15.5977ZM12.7237 19.9877C13.7537 19.9877 14.5437 19.3277 14.5437 18.3477C14.5437 17.3677 13.7537 16.7077 12.7237 16.7077C11.7037 16.7077 10.8937 17.3677 10.8937 18.3477C10.8937 19.3277 11.7037 19.9877 12.7237 19.9877Z","geometry":{"width":26.140625,"height":26.140625}}