{"path":"M1.6607 19.5129L12.6807 30.5129C14.8807 32.7129 17.2807 32.7329 19.4907 30.5329L30.5207 19.4829C32.7207 17.2929 32.7207 14.8929 30.5007 12.6729L19.5007 1.6729C17.2807 -0.5471 14.8907 -0.5571 12.6907 1.6529L1.6407 12.6829C-0.5593 14.8929 -0.5393 17.2929 1.6607 19.5129ZM15.7107 18.7829C14.5807 18.7829 13.9507 18.2929 13.9507 17.3529V17.2529C13.9507 16.1329 14.6607 15.4329 15.6607 14.7229C16.8207 13.9329 17.4107 13.5529 17.4107 12.7429C17.4107 11.9929 16.7607 11.4129 15.8607 11.4129C15.1607 11.4129 14.6207 11.7029 14.1507 12.4029L14.0007 12.6029C13.6707 13.0429 13.2207 13.2629 12.6507 13.2629C11.8607 13.2629 11.2407 12.6729 11.2407 11.8929C11.2407 11.5929 11.3107 11.3329 11.4207 11.0629C11.9707 9.6629 13.7207 8.6229 16.1807 8.6229C18.9407 8.6229 21.1507 10.1429 21.1507 12.5329C21.1507 14.1329 20.3707 14.9429 18.9007 15.8729C18.0807 16.4029 17.5007 16.8729 17.3807 17.5129C17.3807 17.5529 17.3707 17.6229 17.3707 17.6729C17.2607 18.3029 16.6307 18.7829 15.7107 18.7829ZM15.7107 23.4029C14.6207 23.4029 13.7607 22.7129 13.7607 21.6729C13.7607 20.6329 14.6207 19.9329 15.7107 19.9329C16.8107 19.9329 17.6307 20.6429 17.6307 21.6729C17.6307 22.7229 16.7907 23.4029 15.7107 23.4029Z","geometry":{"width":32.16823278097361,"height":32.17337158969121}}