{"path":"M7.4138 18.2337C8.5838 18.2337 9.2938 17.6137 9.4838 16.5537C9.4838 16.4637 9.5138 16.3237 9.5138 16.2237C9.6838 14.7937 10.2838 14.1537 12.5538 12.7437C15.0438 11.1737 16.3838 9.3937 16.3838 6.7937C16.3838 2.5537 12.9238 0.0037 8.1038 0.0037C4.5438 0.0037 1.6638 1.4737 0.4738 3.8837C0.1538 4.5237 0.0038 5.1937 0.0038 5.8237C-0.0162 7.0637 0.7938 7.9037 2.1238 7.9037C3.1138 7.9037 3.9238 7.3837 4.2938 6.4837C4.9238 4.6037 6.1938 3.8737 7.8938 3.8737C9.8938 3.8737 11.4738 5.0537 11.4738 6.8637C11.4738 8.5737 10.5438 9.4437 8.4638 10.7637C6.5038 12.0337 5.1838 13.4237 5.1838 15.5437V16.0537C5.1838 17.3537 6.0538 18.2337 7.4138 18.2337ZM40.9238 12.8937C40.9238 9.3337 38.0738 6.4937 34.5538 6.4937C32.0038 6.4937 29.7538 7.9437 28.7138 10.2437H20.0938C19.7438 10.2437 19.3838 10.3537 19.1238 10.6337L17.5438 12.3337C17.2438 12.6637 17.2138 13.2337 17.5838 13.6137L20.4638 16.5137C20.8738 16.9237 21.5038 16.9137 21.9338 16.5037L23.2938 15.1237L25.3438 17.1737C25.7438 17.5637 26.3838 17.5637 26.7938 17.1537L28.6838 15.3037C29.9438 17.8437 32.0638 19.2737 34.5538 19.2737C38.0638 19.2737 40.9238 16.4237 40.9238 12.8937ZM35.3138 13.0437C35.3138 12.1537 36.0438 11.4337 36.9138 11.4337C37.8338 11.4337 38.5438 12.1537 38.5438 13.0437C38.5438 13.9137 37.8038 14.6437 36.9138 14.6437C36.0438 14.6437 35.3138 13.9137 35.3138 13.0437ZM7.4638 26.0837C8.9838 26.0837 10.2238 24.9137 10.2238 23.4237C10.2238 21.9437 8.9838 20.7637 7.4638 20.7637C5.9338 20.7637 4.7038 21.9437 4.7038 23.4237C4.7038 24.9137 5.9338 26.0837 7.4638 26.0837Z","geometry":{"width":40.92009294790084,"height":26.0859375}}