{"path":"M1.6607 19.5129L12.6807 30.5129C14.8807 32.7129 17.2807 32.7329 19.4907 30.5329L30.5207 19.4829C32.7207 17.2929 32.7207 14.8929 30.5007 12.6729L19.5007 1.6729C17.2807 -0.5471 14.8907 -0.5571 12.6907 1.6529L1.6407 12.6829C-0.5593 14.8929 -0.5393 17.2929 1.6607 19.5129ZM4.4307 17.2829C3.6507 16.4929 3.6107 15.7229 4.4507 14.8929L14.8807 4.4529C15.7107 3.6229 16.4807 3.6529 17.2707 4.4429L27.7307 14.9029C28.5207 15.6829 28.5507 16.4629 27.7307 17.2929L17.2807 27.7229C16.4507 28.5629 15.6707 28.5329 14.8907 27.7429ZM15.7407 18.6329C16.6007 18.6329 17.1907 18.1929 17.2807 17.5929C17.3007 17.5529 17.3107 17.4829 17.3107 17.4429C17.4207 16.8329 17.9707 16.3929 18.7507 15.8829C20.1407 15.0029 20.8807 14.2329 20.8807 12.7329C20.8807 10.4429 18.7907 9.0129 16.1807 9.0129C13.8507 9.0129 12.1807 10.0029 11.6807 11.3229C11.5707 11.5829 11.5107 11.8229 11.5107 12.1129C11.5107 12.8529 12.0907 13.4029 12.8307 13.4029C13.3707 13.4029 13.8007 13.1929 14.1007 12.7829L14.2607 12.5829C14.6907 11.9229 15.2307 11.6329 15.8907 11.6329C16.7507 11.6329 17.3807 12.1929 17.3807 12.9029C17.3807 13.6729 16.8107 14.0429 15.7107 14.8029C14.7507 15.4629 14.0807 16.1329 14.0807 17.2029V17.3129C14.0807 18.1829 14.6707 18.6329 15.7407 18.6329ZM15.7407 23.0229C16.7507 23.0229 17.5407 22.3629 17.5407 21.3829C17.5407 20.4029 16.7607 19.7429 15.7407 19.7429C14.7007 19.7429 13.9107 20.4029 13.9107 21.3829C13.9107 22.3629 14.7107 23.0229 15.7407 23.0229Z","geometry":{"width":32.16823278097361,"height":32.17337158969121}}