{"path":"M0.0037 7.0663C0.0037 11.0163 2.6937 13.9363 6.2637 13.9363C8.0637 13.9363 9.5837 13.3063 10.6537 12.0463H11.2537C10.5837 14.4063 8.2337 16.6563 4.8837 17.4563C4.4337 17.5963 4.0737 17.7362 3.8737 17.9763C3.6237 18.1863 3.5037 18.4963 3.5037 18.8663C3.5037 19.5663 4.0737 20.0663 4.8637 20.0663C5.5937 20.0663 6.0737 19.9463 6.9337 19.6763C8.6937 19.0763 10.3937 18.0163 11.7437 16.6163C13.7137 14.5363 14.7637 11.7963 14.7637 8.7463C14.7637 3.2162 11.3337 -0.0038 7.0437 -0.0038C2.9937 -0.0038 0.0037 2.9563 0.0037 7.0663ZM17.7437 7.0663C17.7437 11.0163 20.4237 13.9363 24.0037 13.9363C25.8037 13.9363 27.3037 13.3063 28.3937 12.0463H28.9837C28.3237 14.4063 25.9737 16.6563 22.6237 17.4563C22.1637 17.5963 21.8237 17.7362 21.6037 17.9763C21.3737 18.1863 21.2437 18.4963 21.2437 18.8663C21.2437 19.5663 21.8237 20.0663 22.6137 20.0663C23.3237 20.0663 23.8137 19.9463 24.6637 19.6763C26.4437 19.0763 28.1237 18.0163 29.4737 16.6163C31.4637 14.5363 32.5137 11.7963 32.5137 8.7463C32.5137 3.2162 29.0837 -0.0038 24.7737 -0.0038C20.7237 -0.0038 17.7437 2.9563 17.7437 7.0663Z","geometry":{"width":32.51171875,"height":20.0703125}}