{"path":"M9.0237 29.6795C9.9537 29.6795 10.6937 29.2895 11.8437 28.2895L16.4637 24.2395H23.8437C28.0237 24.2395 30.5437 21.6795 30.5437 17.5395V6.6995C30.5437 2.5395 28.0237 -0.0005 23.8437 -0.0005H6.7037C2.5137 -0.0005 0.0037 2.5395 0.0037 6.6995V17.5395C0.0037 21.6795 2.6837 24.2395 6.4637 24.2395H6.8537V27.2795C6.8537 28.7695 7.6737 29.6795 9.0237 29.6795ZM9.8737 25.7695V21.9795C9.8737 21.0595 9.4337 20.7095 8.6037 20.7095H6.9137C4.6337 20.7095 3.5237 19.5595 3.5237 17.3195V6.8995C3.5237 4.6595 4.6337 3.5295 6.9137 3.5295H23.6237C25.8937 3.5295 27.0137 4.6595 27.0137 6.8995V17.3195C27.0137 19.5595 25.8937 20.7095 23.6237 20.7095H16.2037C15.2537 20.7095 14.8337 20.8895 14.1537 21.5695ZM8.5337 10.7495C8.5337 12.3895 9.5737 13.5995 11.1137 13.5995C11.8037 13.5995 12.3837 13.4295 12.7737 12.9795H13.0037C12.6337 13.9895 11.6337 14.7795 10.4337 15.0695C10.0037 15.1595 9.8137 15.4095 9.8137 15.7395C9.8137 16.1295 10.1437 16.3895 10.5637 16.3895C12.1437 16.3895 14.7337 14.5095 14.7337 11.3995C14.7337 9.3795 13.5037 7.7895 11.5437 7.7895C9.8037 7.7895 8.5337 9.0195 8.5337 10.7495ZM16.0137 10.7495C16.0137 12.3895 17.0537 13.5995 18.5837 13.5995C19.2637 13.5995 19.8637 13.4295 20.2337 12.9795H20.4637C20.1137 13.9895 19.1037 14.7795 17.9137 15.0695C17.4737 15.1595 17.2837 15.4095 17.2837 15.7395C17.2837 16.1295 17.6137 16.3895 18.0337 16.3895C19.6037 16.3895 22.2137 14.5095 22.2137 11.3995C22.2137 9.3795 20.9737 7.7895 19.0037 7.7895C17.2837 7.7895 16.0137 9.0195 16.0137 10.7495Z","geometry":{"width":30.54296875,"height":29.681640625}}