{"path":"M8.3037 29.7795C8.9237 29.7795 9.4237 29.5195 10.1737 28.8295L15.3537 24.2295H23.8437C28.0237 24.2295 30.5437 21.6795 30.5437 17.5395V6.6995C30.5437 2.5395 28.0237 -0.0005 23.8437 -0.0005H6.7037C2.5137 -0.0005 0.0037 2.5395 0.0037 6.6995V17.5395C0.0037 21.6795 2.6837 24.2295 6.4637 24.2295H6.8537V28.1595C6.8537 29.1495 7.3937 29.7795 8.3037 29.7795ZM8.1637 10.6895C8.1637 8.8695 9.5137 7.5595 11.3437 7.5595C13.4237 7.5595 14.7237 9.2595 14.7237 11.3795C14.7237 14.6395 11.9937 16.6395 10.3037 16.6395C9.8737 16.6395 9.5137 16.3695 9.5137 15.9395C9.5137 15.5895 9.7237 15.3495 10.1737 15.2295C11.4437 14.9395 12.4937 14.0995 12.8837 13.0395H12.6337C12.2337 13.5195 11.6037 13.6995 10.8837 13.6995C9.2537 13.6995 8.1637 12.4095 8.1637 10.6895ZM16.0337 10.6895C16.0337 8.8695 17.3737 7.5595 19.2137 7.5595C21.2837 7.5595 22.6037 9.2595 22.6037 11.3795C22.6037 14.6395 19.8637 16.6395 18.1937 16.6395C17.7437 16.6395 17.4037 16.3695 17.4037 15.9395C17.4037 15.5895 17.6137 15.3495 18.0437 15.2295C19.3337 14.9395 20.3837 14.0995 20.7537 13.0395H20.5037C20.1137 13.5195 19.4837 13.6995 18.7537 13.6995C17.1337 13.6995 16.0337 12.4095 16.0337 10.6895Z","geometry":{"width":30.54296875,"height":29.77734375}}