{"path":"M18.1927 -0.0016C8.1527 -0.0016 0.0027 8.1484 0.0027 18.1984C0.0027 26.0584 5.0027 32.7684 12.0027 35.2984C11.7127 34.2184 11.9627 33.1284 12.6327 32.3484C6.9827 30.1284 2.9627 24.6384 2.9627 18.1984C2.9627 9.7984 9.8027 2.9684 18.1927 2.9684C26.5927 2.9684 33.4327 9.7984 33.4327 18.1984C33.4327 24.6184 29.4227 30.1184 23.7727 32.3484C24.4427 33.1284 24.7027 34.2184 24.4227 35.2884C31.4027 32.7484 36.3927 26.0484 36.3927 18.1984C36.3927 8.1484 28.2327 -0.0016 18.1927 -0.0016ZM18.1927 5.8684C11.4027 5.8684 5.8627 11.3984 5.8627 18.1984C5.8627 24.9884 11.4027 30.5284 18.1927 30.5284C24.9927 30.5284 30.5327 24.9884 30.5327 18.1984C30.5327 11.3984 24.9927 5.8684 18.1927 5.8684ZM18.1927 9.1584C23.1827 9.1584 27.2327 13.2084 27.2327 18.1984C27.2327 23.1784 23.1827 27.2384 18.1927 27.2384C13.2027 27.2384 9.1627 23.1784 9.1627 18.1984C9.1627 13.2084 13.2027 9.1584 18.1927 9.1584ZM14.9827 23.8584C15.8727 23.8584 16.3927 23.2784 16.3927 22.3084V19.9484H17.9527L19.7427 22.8584C20.2027 23.6084 20.5627 23.8584 21.1827 23.8584C21.9427 23.8584 22.4927 23.3484 22.4927 22.6384C22.4927 22.2884 22.3927 22.0284 22.1727 21.7084L20.6327 19.4384C22.0127 19.0084 22.8827 17.7784 22.8827 16.2584C22.8827 13.9684 21.2827 12.6284 18.5527 12.6284H15.2127C14.1327 12.6284 13.5927 13.2484 13.5927 14.3384V22.3084C13.5927 23.2684 14.0827 23.8584 14.9827 23.8584ZM16.3927 17.8984V14.7284H18.1927C19.2627 14.7284 19.9427 15.3084 19.9427 16.3284C19.9427 17.3084 19.2527 17.8984 18.1727 17.8984ZM14.3927 35.3284L17.3927 39.2784C17.8127 39.8284 18.5827 39.8284 19.0027 39.2784L22.0127 35.3284C22.6527 34.4784 22.3027 33.4284 21.1827 33.4284H15.2127C14.1327 33.4284 13.7527 34.4684 14.3927 35.3284Z","geometry":{"width":36.39453125,"height":39.689453125}}