{"path":"M15.1027 19.4028C24.3927 19.4028 30.2127 15.2428 30.2127 9.6928C30.2127 4.1328 24.3727 0.0028 15.0927 0.0028C5.8227 0.0028 0.0027 4.1328 0.0027 9.6928C0.0027 15.2428 5.8227 19.4028 15.1027 19.4028ZM15.1027 16.0228C8.2627 16.0228 3.6827 13.4828 3.6827 9.6928C3.6827 5.9228 8.2627 3.3628 15.0927 3.3628C21.9427 3.3628 26.5227 5.9228 26.5227 9.6928C26.5227 13.4828 21.9527 16.0228 15.1027 16.0228ZM12.9327 13.9328C13.6427 13.9328 14.0827 13.4428 14.0827 12.6428V10.9828H15.1027L16.4227 13.1228C16.8127 13.7428 17.0927 13.9328 17.5827 13.9328C18.2227 13.9328 18.6927 13.5228 18.6927 12.9228C18.6927 12.6328 18.6027 12.4128 18.4327 12.1728L17.3227 10.5528C18.3427 10.1828 18.9727 9.2528 18.9727 8.1228C18.9727 6.3428 17.7327 5.3028 15.6227 5.3028H13.1127C12.2527 5.3028 11.7827 5.8128 11.7827 6.7128V12.6428C11.7827 13.4528 12.2127 13.9328 12.9327 13.9328ZM14.0827 9.2428V7.0728H15.3527C16.1027 7.0728 16.5427 7.5028 16.5427 8.1728C16.5427 8.8328 16.0927 9.2428 15.3227 9.2428ZM15.1027 26.0328C18.9727 26.0328 21.3827 24.2128 21.3827 21.1228V20.7828C19.4727 21.2328 17.3627 21.4628 15.1027 21.4628C12.8527 21.4628 10.7327 21.2328 8.8327 20.7828V21.1228C8.8327 24.2128 11.2427 26.0328 15.1027 26.0328Z","geometry":{"width":30.21484375,"height":26.03125}}