{"path":"M11.2927 1.9001L14.2827 5.8501C14.7127 6.4101 15.4727 6.4001 15.9027 5.8501L18.9127 1.9001C19.5527 1.0701 19.1927 0.0001 18.0727 0.0001H12.1127C11.0327 0.0001 10.6527 1.0501 11.2927 1.9001ZM15.0427 26.8701C24.4427 26.8701 30.0927 22.6301 30.0927 17.3901C30.0927 12.1501 24.4427 7.9201 15.0227 7.9201C5.6427 7.9201 0.0027 12.1501 0.0027 17.3901C0.0027 22.6301 5.6427 26.8701 15.0427 26.8701ZM12.6427 22.1201C11.8127 22.1201 11.3327 21.5901 11.3327 20.6701V14.1101C11.3327 13.0701 11.8627 12.5001 12.8627 12.5001H15.6527C18.0327 12.5001 19.4327 13.6601 19.4327 15.6501C19.4327 16.9101 18.7327 17.9501 17.5827 18.3501L18.8027 20.1201C19.0027 20.4001 19.0827 20.6601 19.0827 20.9701C19.0827 21.6701 18.5527 22.1301 17.8427 22.1301C17.2827 22.1301 16.9427 21.9201 16.5127 21.2001L15.0527 18.8501H13.9627V20.6701C13.9627 21.5701 13.4527 22.1201 12.6427 22.1201ZM13.9627 16.8701H15.3227C16.1627 16.8701 16.6427 16.4301 16.6427 15.7001C16.6427 14.9701 16.1627 14.5101 15.3427 14.5101H13.9627ZM15.0427 33.7301C18.9127 33.7301 21.3327 31.9101 21.3327 28.8201V28.4001C19.4027 28.8501 17.2927 29.0801 15.0427 29.0801C12.7927 29.0801 10.6927 28.8501 8.7627 28.4001V28.8201C8.7627 31.9101 11.1727 33.7301 15.0427 33.7301Z","geometry":{"width":30.091796875,"height":33.728515625}}