{"path":"M14.3927 4.3684C13.7527 5.2184 14.1327 6.2684 15.2127 6.2684H21.1827C22.3027 6.2684 22.6527 5.2184 22.0127 4.3684L19.0027 0.4184C18.5827 -0.1316 17.8127 -0.1416 17.3927 0.4184ZM18.1927 39.6984C28.2327 39.6984 36.3927 31.5284 36.3927 21.4984C36.3927 13.6484 31.4027 6.9384 24.4227 4.4084C24.7027 5.4784 24.4427 6.5684 23.7727 7.3484C29.4227 9.5584 33.4327 15.0684 33.4327 21.4984C33.4327 29.8884 26.5927 36.7284 18.1927 36.7284C9.8027 36.7284 2.9627 29.8884 2.9627 21.4984C2.9627 15.0584 6.9827 9.5584 12.6327 7.3484C11.9627 6.5684 11.7127 5.4584 12.0027 4.3984C5.0027 6.9184 0.0027 13.6184 0.0027 21.4984C0.0027 31.5284 8.1527 39.6984 18.1927 39.6984ZM18.1927 33.8284C24.9927 33.8284 30.5327 28.2884 30.5327 21.4984C30.5327 14.6984 24.9927 9.1684 18.1927 9.1684C11.4027 9.1684 5.8627 14.6984 5.8627 21.4984C5.8627 28.2884 11.4027 33.8284 18.1927 33.8284ZM14.5927 27.7684C13.5927 27.7684 13.0427 27.1184 13.0427 26.0384V17.2584C13.0427 16.0284 13.6627 15.3284 14.8627 15.3284H18.5527C21.5927 15.3284 23.3627 16.8184 23.3627 19.3484C23.3627 21.0284 22.4127 22.3984 20.8727 22.8784L22.5727 25.3784C22.8027 25.7184 22.9127 26.0184 22.9127 26.4184C22.9127 27.2084 22.3127 27.7684 21.4527 27.7684C20.7527 27.7684 20.3727 27.4984 19.8427 26.6484L17.8827 23.4484H16.1627V26.0384C16.1627 27.1284 15.5827 27.7684 14.5927 27.7684ZM16.1627 21.1584H18.1327C19.3227 21.1584 20.0727 20.5084 20.0727 19.4284C20.0727 18.3284 19.3227 17.6684 18.1527 17.6684H16.1627Z","geometry":{"width":36.39453125,"height":39.6945959008487}}