{"path":"M11.2927 1.9001L14.2827 5.8501C14.7127 6.4101 15.4727 6.4001 15.9027 5.8501L18.9127 1.9001C19.5527 1.0701 19.1927 0.0001 18.0727 0.0001H12.1127C11.0327 0.0001 10.6527 1.0501 11.2927 1.9001ZM15.1027 27.1001C24.3927 27.1001 30.2127 22.9401 30.2127 17.3901C30.2127 11.8301 24.3727 7.7001 15.0927 7.7001C5.8227 7.7001 0.0027 11.8301 0.0027 17.3901C0.0027 22.9401 5.8227 27.1001 15.1027 27.1001ZM15.1027 23.7201C8.2627 23.7201 3.6827 21.1801 3.6827 17.3901C3.6827 13.6201 8.2627 11.0601 15.0927 11.0601C21.9427 11.0601 26.5227 13.6201 26.5227 17.3901C26.5227 21.1801 21.9527 23.7201 15.1027 23.7201ZM12.9327 21.6301C13.6427 21.6301 14.0827 21.1401 14.0827 20.3401V18.6801H15.1027L16.4227 20.8201C16.8127 21.4401 17.0927 21.6301 17.5827 21.6301C18.2227 21.6301 18.6927 21.2201 18.6927 20.6201C18.6927 20.3301 18.6027 20.1101 18.4327 19.8701L17.3227 18.2501C18.3427 17.8801 18.9727 16.9501 18.9727 15.8201C18.9727 14.0401 17.7327 13.0001 15.6227 13.0001H13.1127C12.2527 13.0001 11.7827 13.5101 11.7827 14.4101V20.3401C11.7827 21.1501 12.2127 21.6301 12.9327 21.6301ZM14.0827 16.9401V14.7701H15.3527C16.1027 14.7701 16.5427 15.2001 16.5427 15.8701C16.5427 16.5301 16.0927 16.9401 15.3227 16.9401ZM15.1027 33.7301C18.9727 33.7301 21.3827 31.9101 21.3827 28.8201V28.4801C19.4727 28.9301 17.3627 29.1601 15.1027 29.1601C12.8527 29.1601 10.7327 28.9301 8.8327 28.4801V28.8201C8.8327 31.9101 11.2427 33.7301 15.1027 33.7301Z","geometry":{"width":30.21484375,"height":33.728515625}}