{"path":"M14.3927 4.3684C13.7527 5.2184 14.1327 6.2684 15.2127 6.2684H21.1827C22.3027 6.2684 22.6527 5.2184 22.0127 4.3684L19.0027 0.4184C18.5827 -0.1316 17.8127 -0.1416 17.3927 0.4184ZM18.1927 39.6984C28.2327 39.6984 36.3927 31.5284 36.3927 21.4984C36.3927 13.6484 31.4027 6.9384 24.4227 4.4084C24.7027 5.4784 24.4427 6.5684 23.7727 7.3484C29.4227 9.5584 33.4327 15.0684 33.4327 21.4984C33.4327 29.8884 26.5927 36.7284 18.1927 36.7284C9.8027 36.7284 2.9627 29.8884 2.9627 21.4984C2.9627 15.0584 6.9827 9.5584 12.6327 7.3484C11.9627 6.5684 11.7127 5.4584 12.0027 4.3984C5.0027 6.9184 0.0027 13.6184 0.0027 21.4984C0.0027 31.5284 8.1527 39.6984 18.1927 39.6984ZM18.1927 33.8284C24.9927 33.8284 30.5327 28.2884 30.5327 21.4984C30.5327 14.6984 24.9927 9.1684 18.1927 9.1684C11.4027 9.1684 5.8627 14.6984 5.8627 21.4984C5.8627 28.2884 11.4027 33.8284 18.1927 33.8284ZM18.1927 30.5384C13.2027 30.5384 9.1627 26.4784 9.1627 21.4984C9.1627 16.5084 13.2027 12.4584 18.1927 12.4584C23.1827 12.4584 27.2327 16.5084 27.2327 21.4984C27.2327 26.4784 23.1827 30.5384 18.1927 30.5384ZM14.9827 27.1584C15.8727 27.1584 16.3927 26.5784 16.3927 25.6084V23.2484H17.9527L19.7427 26.1584C20.2027 26.9084 20.5627 27.1584 21.1827 27.1584C21.9427 27.1584 22.4927 26.6484 22.4927 25.9384C22.4927 25.5884 22.3927 25.3284 22.1727 25.0084L20.6327 22.7384C22.0127 22.3084 22.8827 21.0784 22.8827 19.5584C22.8827 17.2684 21.2827 15.9284 18.5527 15.9284H15.2127C14.1327 15.9284 13.5927 16.5484 13.5927 17.6384V25.6084C13.5927 26.5684 14.0827 27.1584 14.9827 27.1584ZM16.3927 21.1984V18.0284H18.1927C19.2627 18.0284 19.9427 18.6084 19.9427 19.6284C19.9427 20.6084 19.2527 21.1984 18.1727 21.1984Z","geometry":{"width":36.39453125,"height":39.6945959008487}}