{"path":"M18.1927 -0.0016C8.1527 -0.0016 0.0027 8.1484 0.0027 18.1984C0.0027 26.0584 5.0027 32.7684 12.0027 35.2984C11.7127 34.2184 11.9627 33.1284 12.6327 32.3484C6.9827 30.1284 2.9627 24.6384 2.9627 18.1984C2.9627 9.7984 9.8027 2.9684 18.1927 2.9684C26.5927 2.9684 33.4327 9.7984 33.4327 18.1984C33.4327 24.6184 29.4227 30.1184 23.7727 32.3484C24.4427 33.1284 24.7027 34.2184 24.4227 35.2884C31.4027 32.7484 36.3927 26.0484 36.3927 18.1984C36.3927 8.1484 28.2327 -0.0016 18.1927 -0.0016ZM18.1927 5.8684C11.4027 5.8684 5.8627 11.3984 5.8627 18.1984C5.8627 24.9884 11.4027 30.5284 18.1927 30.5284C24.9927 30.5284 30.5327 24.9884 30.5327 18.1984C30.5327 11.3984 24.9927 5.8684 18.1927 5.8684ZM14.5927 24.4684C13.5927 24.4684 13.0427 23.8184 13.0427 22.7384V13.9584C13.0427 12.7284 13.6627 12.0284 14.8627 12.0284H18.5527C21.5927 12.0284 23.3627 13.5184 23.3627 16.0484C23.3627 17.7284 22.4127 19.0984 20.8727 19.5784L22.5727 22.0784C22.8027 22.4184 22.9127 22.7184 22.9127 23.1184C22.9127 23.9084 22.3127 24.4684 21.4527 24.4684C20.7527 24.4684 20.3727 24.1984 19.8427 23.3484L17.8827 20.1484H16.1627V22.7384C16.1627 23.8284 15.5827 24.4684 14.5927 24.4684ZM16.1627 17.8584H18.1327C19.3227 17.8584 20.0727 17.2084 20.0727 16.1284C20.0727 15.0284 19.3227 14.3684 18.1527 14.3684H16.1627ZM14.3927 35.3284L17.3927 39.2784C17.8127 39.8284 18.5827 39.8284 19.0027 39.2784L22.0127 35.3284C22.6527 34.4784 22.3027 33.4284 21.1827 33.4284H15.2127C14.1327 33.4284 13.7527 34.4684 14.3927 35.3284Z","geometry":{"width":36.39453125,"height":39.689453125}}