{"path":"M11.7627 26.1377H21.6527C29.9127 26.1377 33.4127 22.5277 33.4127 14.4277V4.7977C33.4127 1.6977 31.7027 -0.0023 28.5927 -0.0023H4.8227C1.7127 -0.0023 0.0027 1.6977 0.0027 4.7977V14.4277C0.0027 22.5277 3.5027 26.1377 11.7627 26.1377ZM11.8927 22.5977C6.0327 22.5977 3.5227 20.0977 3.5227 14.4477V5.2377C3.5227 4.1277 4.1427 3.5277 5.2127 3.5277H28.1927C29.2727 3.5277 29.8827 4.1277 29.8827 5.2377V14.4477C29.8827 20.0977 27.3827 22.5977 21.5227 22.5977ZM13.1227 19.3477C14.1127 19.3477 14.6827 18.7177 14.6827 17.6377V15.0377H16.4027L18.3927 18.2477C18.9127 19.0677 19.2927 19.3477 19.9727 19.3477C20.8227 19.3477 21.4227 18.7977 21.4227 18.0077C21.4227 17.6277 21.3327 17.3177 21.0827 16.9777L19.3727 14.4677C20.9027 13.9877 21.8727 12.6177 21.8727 10.9477C21.8727 8.4177 20.0927 6.9277 17.0727 6.9277H13.4027C12.1927 6.9277 11.5927 7.6277 11.5927 8.8277V17.6377C11.5927 18.7077 12.1427 19.3477 13.1227 19.3477ZM14.6827 12.7577V9.2377H16.6827C17.8727 9.2377 18.6227 9.9077 18.6227 11.0177C18.6227 12.1177 17.8527 12.7577 16.6527 12.7577Z","geometry":{"width":33.4140625,"height":26.140625}}