{"path":"M11.7627 26.1377H21.6527C29.9127 26.1377 33.4127 22.5277 33.4127 14.4277V4.7977C33.4127 1.6977 31.7027 -0.0023 28.5927 -0.0023H4.8227C1.7127 -0.0023 0.0027 1.6977 0.0027 4.7977V14.4277C0.0027 22.5277 3.5027 26.1377 11.7627 26.1377ZM12.9227 19.6977C11.8627 19.6977 11.2927 19.0177 11.2927 17.8677V8.6277C11.2927 7.3377 11.9327 6.6077 13.2027 6.6077H17.0927C20.2927 6.6077 22.1627 8.1577 22.1627 10.8377C22.1627 12.6077 21.1527 14.0377 19.5327 14.5477L21.3127 17.1877C21.5727 17.5377 21.6827 17.8577 21.6827 18.2677C21.6827 19.1177 21.0427 19.6977 20.1427 19.6977C19.4127 19.6977 19.0027 19.3977 18.4527 18.5277L16.3827 15.1477H14.5727V17.8677C14.5727 19.0177 13.9727 19.6977 12.9227 19.6977ZM14.5727 12.7277H16.6527C17.8927 12.7277 18.6927 12.0577 18.6927 10.9277C18.6927 9.7577 17.9127 9.0677 16.6827 9.0677H14.5727Z","geometry":{"width":33.4140625,"height":26.140625}}