{"path":"M18.5637 -0.0048H4.8237C1.7137 -0.0048 0.0037 1.6952 0.0037 4.7952V18.5952C0.0037 21.6952 1.7137 23.3952 4.8237 23.3952H18.5637C21.6837 23.3952 23.3937 21.6952 23.3937 18.5952V4.7952C23.3937 1.6952 21.6837 -0.0048 18.5637 -0.0048ZM7.9137 18.3052C6.8637 18.3052 6.2737 17.6252 6.2737 16.4752V7.2352C6.2737 5.9452 6.9337 5.2052 8.1937 5.2052H12.0837C15.2737 5.2052 17.1437 6.7652 17.1437 9.4452C17.1437 11.2152 16.1337 12.6452 14.5337 13.1552L16.3137 15.7952C16.5737 16.1452 16.6637 16.4652 16.6637 16.8752C16.6637 17.7152 16.0337 18.3052 15.1337 18.3052C14.4137 18.3052 14.0037 18.0052 13.4437 17.1352L11.3737 13.7552H9.5737V16.4752C9.5737 17.6252 8.9537 18.3052 7.9137 18.3052ZM30.8137 11.5952C30.8137 8.5552 29.1637 6.8052 25.9937 6.8052H25.6037V18.5952C25.6037 22.9252 22.9137 25.6052 18.5637 25.6052H7.1137V25.7352C7.1137 28.8252 8.8137 30.5152 11.9337 30.5152H25.9937C29.1237 30.5152 30.8137 28.8252 30.8137 25.7152ZM9.5737 11.3352H11.6337C12.8937 11.3352 13.6837 10.6652 13.6837 9.5252C13.6837 8.3652 12.8937 7.6652 11.6737 7.6652H9.5737Z","geometry":{"width":30.81640625,"height":30.515625}}