{"path":"M11.7627 26.1377H21.6527C29.9127 26.1377 33.4127 22.5277 33.4127 14.4277V4.7977C33.4127 1.6977 31.7027 -0.0023 28.5927 -0.0023H4.8227C1.7127 -0.0023 0.0027 1.6977 0.0027 4.7977V14.4277C0.0027 22.5277 3.5027 26.1377 11.7627 26.1377ZM24.5827 19.5477C23.5527 19.5477 22.8827 18.9677 22.8827 17.7477V10.0177H22.7727L21.3527 10.9677C20.9627 11.2277 20.7627 11.2777 20.4827 11.2777C19.8427 11.2777 19.3627 10.7477 19.3627 10.1077C19.3627 9.5677 19.5827 9.2377 20.0527 8.9177L22.2827 7.4377C23.0627 6.9177 23.6427 6.7177 24.3727 6.7177C25.5127 6.7177 26.2727 7.4277 26.2727 8.5177V17.7477C26.2727 18.9677 25.6027 19.5477 24.5827 19.5477ZM9.0927 19.4277C8.0927 19.4277 7.5427 18.7677 7.5427 17.6877V8.7777C7.5427 7.5777 8.1627 6.8777 9.3527 6.8777H13.0727C16.1227 6.8777 17.9127 8.3777 17.9127 10.9477C17.9127 12.6177 16.9427 13.9977 15.3927 14.4777L17.1127 17.0477C17.3627 17.3777 17.4627 17.6777 17.4627 18.0577C17.4627 18.8677 16.8727 19.4277 16.0127 19.4277C15.3227 19.4277 14.9327 19.1377 14.4127 18.3077L12.4127 15.0477H10.6527V17.6877C10.6527 18.7677 10.0727 19.4277 9.0927 19.4277ZM10.6527 12.7677H12.6427C13.8727 12.7677 14.6427 12.1177 14.6427 11.0077C14.6427 9.8677 13.8727 9.1977 12.6727 9.1977H10.6527Z","geometry":{"width":33.4140625,"height":26.140625}}