{"path":"M11.7627 -0.0023C3.5027 -0.0023 0.0027 3.6077 0.0027 11.7177V21.3377C0.0027 24.4477 1.7127 26.1377 4.8227 26.1377H28.5927C31.7027 26.1377 33.4127 24.4477 33.4127 21.3377V11.7177C33.4127 3.6077 29.9127 -0.0023 21.6527 -0.0023ZM11.8927 3.5377H21.5227C27.3827 3.5377 29.8827 6.0577 29.8827 11.7077V20.9177C29.8827 22.0277 29.2727 22.6177 28.1927 22.6177H5.2127C4.1427 22.6177 3.5227 22.0277 3.5227 20.9177V11.7077C3.5227 6.0577 6.0327 3.5377 11.8927 3.5377ZM19.3727 18.8977H25.8027C26.6327 18.8977 27.1827 18.4177 27.1827 17.6477C27.1827 16.8577 26.6427 16.4077 25.8027 16.4077H22.3627V16.2977L24.6227 14.0377C25.9627 12.7577 26.7327 11.7577 26.7327 10.4277C26.7327 8.3677 24.9827 6.9877 22.3627 6.9877C20.3127 6.9877 18.5827 8.0377 18.1027 9.5477C18.0327 9.7577 17.9927 9.9777 17.9927 10.1977C17.9927 10.9477 18.5227 11.3877 19.3227 11.3877C19.9727 11.3877 20.2927 11.0377 20.5627 10.6477C20.8927 10.0377 21.3827 9.4377 22.3027 9.4377C23.1727 9.4377 23.7327 9.9277 23.7327 10.6877C23.7327 11.4177 23.1627 12.0477 22.3227 12.8477L18.6627 16.4077C18.1827 16.8477 18.0427 17.2577 18.0427 17.6777C18.0427 18.3977 18.5827 18.8977 19.3727 18.8977ZM8.4327 19.0977C9.3627 19.0977 9.9127 18.4877 9.9127 17.4677V14.9277H11.5927L13.5227 18.0477C14.0027 18.8377 14.3727 19.0977 15.0127 19.0977C15.8027 19.0977 16.3827 18.5677 16.3827 17.8277C16.3827 17.4577 16.2827 17.1677 16.0527 16.8577L14.3927 14.4077C15.8727 13.9477 16.8027 12.6377 16.8027 11.0377C16.8027 8.6177 15.0927 7.1777 12.2227 7.1777H8.6727C7.5427 7.1777 6.9827 7.8377 6.9827 8.9677V17.4677C6.9827 18.4877 7.5027 19.0977 8.4327 19.0977ZM9.9127 12.7877V9.3677H11.8427C13.0027 9.3677 13.7427 10.0077 13.7427 11.0977C13.7427 12.1677 12.9927 12.7877 11.8127 12.7877Z","geometry":{"width":33.4140625,"height":26.140625}}