{"path":"M11.7627 26.1377H21.6527C29.9127 26.1377 33.4127 22.5277 33.4127 14.4277V4.7977C33.4127 1.6977 31.7027 -0.0023 28.5927 -0.0023H4.8227C1.7127 -0.0023 0.0027 1.6977 0.0027 4.7977V14.4277C0.0027 22.5277 3.5027 26.1377 11.7627 26.1377ZM19.7827 19.2177C18.5427 19.2177 17.8927 18.5677 17.8927 17.3177V8.7777C17.8927 7.5377 18.5427 6.8777 19.7827 6.8777H23.9127C26.3027 6.8777 27.8127 8.0377 27.8127 9.9077C27.8127 11.2777 26.9027 12.3477 25.4827 12.6177V12.7177C27.3327 12.9477 28.4127 14.0977 28.4127 15.8077C28.4127 17.8577 26.6427 19.2177 24.0227 19.2177ZM7.5327 19.4177C6.5527 19.4177 6.0027 18.7677 6.0027 17.6877V8.7877C6.0027 7.5777 6.6127 6.8877 7.7927 6.8877H11.5227C14.5627 6.8877 16.3827 8.3677 16.3827 10.9377C16.3827 12.6177 15.3927 13.9977 13.8527 14.4777L15.5727 17.0377C15.8027 17.3777 15.9127 17.6777 15.9127 18.0777C15.9127 18.8677 15.3127 19.4177 14.4627 19.4177C13.7827 19.4177 13.3827 19.1377 12.8627 18.3077L10.8727 15.0477H9.0927V17.6877C9.0927 18.7877 8.5327 19.4177 7.5327 19.4177ZM21.0127 11.9077H22.6127C23.9827 11.9077 24.7327 11.3577 24.7327 10.4077C24.7327 9.5277 24.0527 8.9777 22.9527 8.9777H21.0127ZM9.0927 12.7677H11.1027C12.3327 12.7677 13.0927 12.1177 13.0927 11.0077C13.0927 9.8877 12.3327 9.1977 11.1427 9.1977H9.0927ZM21.0027 17.0077H22.7327C24.3527 17.0077 25.1527 16.4877 25.1527 15.4077C25.1527 14.3977 24.3927 13.7977 23.1027 13.7977H21.0027Z","geometry":{"width":33.4140625,"height":26.140625}}