{"path":"M0.0027 9.5714C0.0027 14.8714 4.2927 19.1514 9.5827 19.1514H33.5927C38.8727 19.1514 43.1627 14.8614 43.1627 9.5714C43.1627 4.2614 38.8727 0.0014 33.5927 0.0014C28.2827 0.0014 23.9927 4.2814 23.9927 9.5714C23.9927 11.8114 24.8427 13.9014 26.2527 15.4614H16.9127C18.3227 13.9014 19.1727 11.8114 19.1727 9.5714C19.1727 4.2614 14.8727 0.0014 9.5827 0.0014C4.2927 0.0014 0.0027 4.2814 0.0027 9.5714ZM3.6927 9.5614C3.6927 6.3014 6.3327 3.6614 9.5827 3.6614C12.8427 3.6614 15.4727 6.3014 15.4727 9.5614C15.4727 12.8214 12.8427 15.4614 9.5827 15.4614C6.3327 15.4614 3.6927 12.8214 3.6927 9.5614ZM27.6827 9.5614C27.6827 6.3014 30.3227 3.6614 33.5827 3.6614C36.8327 3.6614 39.4727 6.3014 39.4727 9.5614C39.4727 12.8214 36.8327 15.4614 33.5827 15.4614C30.3227 15.4614 27.6827 12.8214 27.6827 9.5614Z","geometry":{"width":43.162109375,"height":19.154296875}}