{"path":"M4.8237 22.7504H7.1937V24.7604C7.1937 27.8604 8.8837 29.5604 12.0137 29.5604H30.6537C33.7737 29.5604 35.4737 27.8604 35.4737 24.7604V11.6104C35.4737 8.5004 33.7737 6.8104 30.6537 6.8104H28.2237V4.8004C28.2237 1.7104 26.4937 0.0004 23.3837 0.0004H4.8237C1.7137 0.0004 0.0037 1.6904 0.0037 4.8004V17.9604C0.0037 21.0504 1.7137 22.7504 4.8237 22.7504ZM5.2137 19.2204C4.1137 19.2204 3.5237 18.6904 3.5237 17.5304V5.2404C3.5237 4.0704 4.1137 3.5304 5.2137 3.5304H22.9937C24.0937 3.5304 24.6937 4.0704 24.6937 5.2404V6.8104H12.0137C8.8837 6.8104 7.1937 8.5004 7.1937 11.6104V19.2204ZM12.4037 26.0304C11.2937 26.0304 10.7237 25.4804 10.7237 24.3204V12.0304C10.7237 10.8704 11.2937 10.3404 12.4037 10.3404H30.2537C31.3537 10.3404 31.9537 10.8704 31.9537 12.0304V24.3204C31.9537 25.4804 31.3537 26.0304 30.2537 26.0304Z","geometry":{"width":35.478515625,"height":29.55859375}}