{"path":"M13.8937 30.0902V0.0002H19.4437C22.5437 0.0002 24.2437 1.7102 24.2437 4.8302V25.2702C24.2437 28.4002 22.5437 30.0902 19.4437 30.0902ZM0.0037 25.2702V4.8302C0.0037 1.7102 1.6937 0.0002 4.8037 0.0002H10.3637V30.0902H4.8037C1.6937 30.0902 0.0037 28.4002 0.0037 25.2702Z","geometry":{"width":24.240234375,"height":30.091796875}}