{"path":"M0.0037 7.3677H3.5237V5.2377C3.5237 4.0777 4.1137 3.5277 5.2137 3.5277H7.3237V-0.0023H4.8237C1.7137 -0.0023 0.0037 1.6977 0.0037 4.7977ZM32.6337 7.3677V4.7977C32.6337 1.6977 30.9237 -0.0023 27.8037 -0.0023H25.3037V3.5277H27.4237C28.5237 3.5277 29.1037 4.0777 29.1037 5.2377V7.3677ZM9.5537 3.5277H15.2037V-0.0023H9.5537ZM17.4337 3.5277H23.0937V-0.0023H17.4337ZM0.0037 16.5677H3.5237V9.5877H0.0037ZM32.6337 16.5677V9.5877H29.1037V16.5677ZM4.8237 26.1377H7.3237V22.6177H5.2137C4.1137 22.6177 3.5237 22.0777 3.5237 20.9177V18.7877H0.0037V21.3377C0.0037 24.4477 1.7137 26.1377 4.8237 26.1377ZM27.8037 26.1377C30.9237 26.1377 32.6337 24.4477 32.6337 21.3377V18.7877H29.1037V20.9177C29.1037 22.0777 28.5237 22.6177 27.4237 22.6177H25.3037V26.1377ZM9.5537 26.1377H15.2037V22.6177H9.5537ZM17.4337 26.1377H23.0937V22.6177H17.4337Z","geometry":{"width":32.634765625,"height":26.140625}}