{"path":"M3.5137 12.1177H11.2137C13.6037 12.1177 14.7337 10.9877 14.7337 8.5677V3.5577C14.7337 1.1377 13.6037 -0.0023 11.2137 -0.0023H3.5137C1.1337 -0.0023 0.0037 1.1377 0.0037 3.5577V8.5677C0.0037 10.9877 1.1337 12.1177 3.5137 12.1177ZM20.1637 12.1177H27.8637C30.2437 12.1177 31.3737 10.9877 31.3737 8.5677V3.5577C31.3737 1.1377 30.2437 -0.0023 27.8637 -0.0023H20.1637C17.7737 -0.0023 16.6437 1.1377 16.6437 3.5577V8.5677C16.6437 10.9877 17.7737 12.1177 20.1637 12.1177ZM3.5137 9.2977C3.0337 9.2977 2.8137 9.0777 2.8137 8.5877V3.5277C2.8137 3.0477 3.0337 2.8177 3.5137 2.8177H11.2137C11.6937 2.8177 11.9037 3.0477 11.9037 3.5277V8.5877C11.9037 9.0777 11.6937 9.2977 11.2137 9.2977ZM20.1637 9.2977C19.6837 9.2977 19.4737 9.0777 19.4737 8.5877V3.5277C19.4737 3.0477 19.6837 2.8177 20.1637 2.8177H27.8637C28.3437 2.8177 28.5637 3.0477 28.5637 3.5277V8.5877C28.5637 9.0777 28.3437 9.2977 27.8637 9.2977ZM3.5137 26.1377H11.2137C13.6037 26.1377 14.7337 25.0177 14.7337 22.5977V17.5777C14.7337 15.1577 13.6037 14.0277 11.2137 14.0277H3.5137C1.1337 14.0277 0.0037 15.1577 0.0037 17.5777V22.5977C0.0037 25.0177 1.1337 26.1377 3.5137 26.1377ZM20.1637 26.1377H27.8637C30.2437 26.1377 31.3737 25.0177 31.3737 22.5977V17.5777C31.3737 15.1577 30.2437 14.0277 27.8637 14.0277H20.1637C17.7737 14.0277 16.6437 15.1577 16.6437 17.5777V22.5977C16.6437 25.0177 17.7737 26.1377 20.1637 26.1377ZM3.5137 23.3277C3.0337 23.3277 2.8137 23.1077 2.8137 22.6177V17.5677C2.8137 17.0777 3.0337 16.8477 3.5137 16.8477H11.2137C11.6937 16.8477 11.9037 17.0777 11.9037 17.5677V22.6177C11.9037 23.1077 11.6937 23.3277 11.2137 23.3277ZM20.1637 23.3277C19.6837 23.3277 19.4737 23.1077 19.4737 22.6177V17.5677C19.4737 17.0777 19.6837 16.8477 20.1637 16.8477H27.8637C28.3437 16.8477 28.5637 17.0777 28.5637 17.5677V22.6177C28.5637 23.1077 28.3437 23.3277 27.8637 23.3277Z","geometry":{"width":31.376953125,"height":26.140625}}