{"path":"M4.8237 26.1377H27.8037C30.9437 26.1377 32.6337 24.4477 32.6337 21.3377V4.7977C32.6337 1.6977 30.9437 -0.0023 27.8037 -0.0023H4.8237C1.7137 -0.0023 0.0037 1.6977 0.0037 4.7977V21.3377C0.0037 24.4477 1.7137 26.1377 4.8237 26.1377ZM5.2137 22.6177C4.1137 22.6177 3.5237 22.0777 3.5237 20.9177V5.2177C3.5237 4.0577 4.1137 3.5277 5.2137 3.5277H27.4237C28.5237 3.5277 29.1037 4.0577 29.1037 5.2177V20.9177C29.1037 22.0777 28.5237 22.6177 27.4237 22.6177ZM6.6037 10.5977H26.0337C26.6437 10.5977 26.8937 10.3377 26.8937 9.7077V6.6277C26.8937 5.9977 26.6437 5.7377 26.0337 5.7377H6.6037C5.9837 5.7377 5.7437 5.9977 5.7437 6.6277V9.7077C5.7437 10.3377 5.9837 10.5977 6.6037 10.5977Z","geometry":{"width":32.634765625,"height":26.140625}}