{"path":"M11.3851 2.0402H28.8351C28.7251 0.7202 27.8951 0.0002 26.4951 0.0002H13.7251C12.3351 0.0002 11.4951 0.7202 11.3851 2.0402ZM8.6651 6.2602H31.5551C31.3751 4.8702 30.6251 4.0302 29.0251 4.0302H11.1951C9.5951 4.0302 8.8451 4.8702 8.6651 6.2602ZM14.4951 32.2102H29.9451C33.0551 32.2102 34.7851 30.5202 34.7851 27.4102V13.3302C34.7851 10.2302 33.0551 8.5302 29.9451 8.5302H10.2651C7.1551 8.5302 5.4451 10.2302 5.4451 13.3302V17.5302C6.0151 17.4202 6.5851 17.3402 7.1951 17.3402C7.7951 17.3402 8.3951 17.4202 8.9651 17.5402V13.7502C8.9651 12.5902 9.5551 12.0602 10.6551 12.0602H29.5551C30.6551 12.0602 31.2551 12.5902 31.2551 13.7502V26.9902C31.2551 28.1502 30.6551 28.6802 29.5551 28.6802H16.1651C15.9051 30.0002 15.3151 31.2002 14.4951 32.2102ZM7.2051 33.8002C11.1251 33.8002 14.3951 30.5302 14.3951 26.5902C14.3951 22.6502 11.1551 19.4002 7.2051 19.4002C3.2551 19.4002 -0.0049 22.6502 -0.0049 26.5902C-0.0049 30.5402 3.2551 33.8002 7.2051 33.8002ZM4.7851 29.3502V23.8302C4.7851 23.1302 5.4651 22.8202 6.0751 23.1702L10.5251 25.8802C11.1251 26.2502 11.1451 26.9702 10.5851 27.3002L6.0751 30.0102C5.4651 30.3702 4.7851 30.0502 4.7851 29.3502Z","geometry":{"width":34.78125,"height":33.796875}}