{"path":"M4.6337 23.4787H9.7037C8.8037 22.4387 8.3137 21.3787 8.2137 20.3487H5.0137C3.7837 20.3487 3.1437 19.6887 3.1437 18.4387V5.0287C3.1437 3.7987 3.7837 3.1487 5.0137 3.1487H22.5537C23.7937 3.1487 24.4437 3.7987 24.4437 5.0287V9.9787C25.4337 9.7587 26.4737 9.8587 27.5737 10.2787V4.6087C27.5737 1.6087 25.9637 -0.0013 22.9537 -0.0013H4.6337C1.6237 -0.0013 0.0037 1.5987 0.0037 4.6087V18.8687C0.0037 21.8787 1.6237 23.4787 4.6337 23.4787ZM27.8037 30.8187C33.5937 28.7287 35.6037 23.8887 33.3737 17.7287L32.4437 15.1487C31.6137 12.8387 29.9037 11.6887 28.5037 12.1987C28.1237 12.3287 27.9837 12.6487 28.1137 12.9987L28.4937 14.0787C28.6537 14.5187 28.5337 14.8187 28.2837 14.8987C28.0137 15.0087 27.7437 14.8587 27.5737 14.4287L27.3337 13.7087C26.7937 12.2887 25.5237 11.6587 24.2537 12.1087C23.6437 12.3287 23.4237 12.7387 23.6237 13.2987L24.1737 14.7687C24.3337 15.2187 24.2137 15.5087 23.9637 15.5887C23.6837 15.6787 23.4237 15.5587 23.2437 15.1087L22.7537 13.7387C22.1937 12.1987 20.9837 11.6887 19.6837 12.1587C19.1037 12.3587 18.8637 12.7987 19.0737 13.3187L20.1437 16.2587C20.2937 16.6787 20.1637 16.9787 19.9337 17.0587C19.6637 17.1587 19.3737 17.0187 19.2237 16.5887L15.7537 7.0387C15.3637 5.9887 14.3937 5.5187 13.4637 5.8687C12.4937 6.2187 12.0537 7.1887 12.4537 8.2487L17.4437 21.9287C17.5537 22.2287 17.4337 22.4387 17.2637 22.4887C17.1137 22.5487 16.9437 22.5087 16.7337 22.2887L13.4437 18.7287C12.8837 18.1187 12.2137 17.8287 11.4337 18.1287C10.4037 18.4987 9.9537 19.4387 10.2837 20.3887C10.3937 20.6987 10.5637 20.9587 10.7337 21.1687L15.3237 26.8087C19.0837 31.4187 23.3637 32.4287 27.8037 30.8187Z","geometry":{"width":34.26050776612422,"height":31.534020536073918}}