{"path":"M5.6437 2.0358H23.0737C22.9737 0.7258 22.1437 -0.0042 20.7537 -0.0042H7.9737C6.5737 -0.0042 5.7537 0.7258 5.6437 2.0358ZM2.9137 6.2658H25.8137C25.6337 4.8658 24.8737 4.0458 23.2737 4.0458H5.4437C3.8437 4.0458 3.0937 4.8658 2.9137 6.2658ZM4.6637 31.5958H24.0537C27.0737 31.5958 28.7137 29.9558 28.7137 26.9658V13.1558C28.7137 10.1758 27.0737 8.5358 24.0537 8.5358H4.6637C1.6437 8.5358 0.0037 10.1758 0.0037 13.1558V26.9658C0.0037 29.9558 1.6437 31.5958 4.6637 31.5958Z","geometry":{"width":28.7109375,"height":31.595703125}}