{"path":"M11.7537 26.1377H21.6537C29.9137 26.1377 33.4137 22.5277 33.4137 14.4277V4.7977C33.4137 1.6977 31.7037 -0.0023 28.5837 -0.0023H4.8237C1.7137 -0.0023 0.0037 1.6977 0.0037 4.7977V14.4277C0.0037 22.5277 3.5037 26.1377 11.7537 26.1377ZM11.8937 22.5977C6.0337 22.5977 3.5237 20.0977 3.5237 14.4477V5.2377C3.5237 4.1277 4.1437 3.5277 5.2137 3.5277H28.1937C29.2737 3.5277 29.8837 4.1277 29.8837 5.2377V14.4477C29.8837 20.0977 27.3837 22.5977 21.5237 22.5977Z","geometry":{"width":33.4140625,"height":26.140625}}