{"path":"M3.8137 13.3183H16.3837C18.8937 13.3183 20.1937 12.0283 20.1937 9.5183V3.7883C20.1937 1.2683 18.8937 -0.0017 16.3837 -0.0017H3.8137C1.3037 -0.0017 0.0037 1.2683 0.0037 3.7883V9.5183C0.0037 12.0283 1.3037 13.3183 3.8137 13.3183ZM27.5037 25.0783H36.0137C38.5237 25.0783 39.8237 23.7983 39.8237 21.2783V6.2183C39.8237 3.6883 38.5237 2.4183 36.0137 2.4183H27.5037C24.9937 2.4183 23.6937 3.6883 23.6937 6.2183V21.2783C23.6937 23.7983 24.9937 25.0783 27.5037 25.0783ZM4.4437 9.8583C3.8037 9.8583 3.4637 9.5183 3.4637 8.8483V4.4583C3.4637 3.7883 3.8037 3.4483 4.4437 3.4483H15.7337C16.3837 3.4483 16.7337 3.7883 16.7337 4.4583V8.8483C16.7337 9.5183 16.3837 9.8583 15.7337 9.8583ZM28.1337 21.6183C27.4937 21.6183 27.1537 21.2783 27.1537 20.6183V6.8783C27.1537 6.2083 27.4937 5.8783 28.1337 5.8783H35.3737C36.0237 5.8783 36.3837 6.2083 36.3837 6.8783V20.6183C36.3837 21.2783 36.0237 21.6183 35.3737 21.6183ZM7.1537 27.1383H17.6137C20.1237 27.1383 21.4237 25.8683 21.4237 23.3383V19.4783C21.4237 16.9683 20.1237 15.6783 17.6137 15.6783H7.1537C4.6237 15.6783 3.3337 16.9683 3.3337 19.4783V23.3383C3.3337 25.8683 4.6237 27.1383 7.1537 27.1383ZM7.7837 23.6983C7.1337 23.6983 6.7837 23.3383 6.7837 22.6783V20.1483C6.7837 19.4683 7.1337 19.1383 7.7837 19.1383H16.9637C17.6237 19.1383 17.9637 19.4683 17.9637 20.1483V22.6783C17.9637 23.3383 17.6237 23.6983 16.9637 23.6983Z","geometry":{"width":39.826171875,"height":27.138671875}}