{"path":"M4.8237 26.1377H19.9237C19.4537 25.0977 19.5937 23.7777 20.0937 22.6177H5.2237C4.1137 22.6177 3.5237 22.0777 3.5237 20.9177V5.2177C3.5237 4.0577 4.1137 3.5277 5.2237 3.5277H27.4237C28.5237 3.5277 29.1037 4.0577 29.1037 5.2177V6.1677C30.2237 5.8877 31.5037 5.9377 32.6337 6.4377V4.7977C32.6337 1.6977 30.9437 -0.0023 27.8037 -0.0023H4.8237C1.7137 -0.0023 0.0037 1.6977 0.0037 4.7977V21.3377C0.0037 24.4477 1.7137 26.1377 4.8237 26.1377ZM6.6137 20.3977H21.5337C22.4237 18.9877 24.0337 17.8277 25.9237 17.1977C24.7237 16.0477 23.9637 14.3677 23.9637 12.4977C23.9637 10.2277 25.1737 8.2277 26.8937 7.2277V6.6277C26.8937 6.0577 26.5937 5.7377 26.0337 5.7377H6.6137C6.0537 5.7377 5.7537 6.0577 5.7537 6.6277V19.5077C5.7537 20.0877 6.0537 20.3977 6.6137 20.3977ZM30.2237 16.8977C32.4437 16.8977 34.2437 14.9577 34.2437 12.4677C34.2437 10.0777 32.4337 8.1577 30.2237 8.1577C28.0237 8.1577 26.1837 10.0877 26.1937 12.4977C26.1937 14.9577 28.0137 16.8977 30.2237 16.8977ZM23.7437 26.1377H36.6937C37.8837 26.1377 38.6137 25.5677 38.6137 24.5977C38.6137 22.0677 35.3237 18.6177 30.2237 18.6177C25.1037 18.6177 21.8337 22.0677 21.8337 24.5977C21.8337 25.5677 22.5537 26.1377 23.7437 26.1377Z","geometry":{"width":38.609375,"height":26.140625}}