{"path":"M29.3537 29.571C29.8037 30.021 30.5437 30.021 30.9837 29.571C31.4137 29.121 31.4337 28.391 30.9837 27.941L3.3537 0.341C2.8937 -0.109 2.1637 -0.109 1.7137 0.341C1.2737 0.771 1.2737 1.531 1.7137 1.961ZM27.8037 1.881H7.4937L11.0237 5.411H14.6337V9.031L18.0037 12.381V5.411H27.4237C28.5237 5.411 29.1037 5.941 29.1037 7.101V22.341C29.1037 22.721 29.0137 23.011 28.8337 23.211L31.8037 26.181C32.3437 25.451 32.6337 24.451 32.6337 23.221V6.681C32.6337 3.581 30.9437 1.881 27.8037 1.881ZM4.8237 28.021H25.2137L21.6837 24.501H18.0037V20.821L14.6337 17.451V24.501H5.2137C4.1137 24.501 3.5237 23.961 3.5237 22.801V7.561C3.5237 7.161 3.6337 6.871 3.8137 6.651L0.8637 3.701C0.2837 4.441 0.0037 5.441 0.0037 6.681V23.221C0.0037 26.331 1.7137 28.021 4.8237 28.021Z","geometry":{"width":32.634765625,"height":29.9072265625}}