{"path":"M8.3037 29.7795C8.9237 29.7795 9.4237 29.5195 10.1737 28.8295L15.3537 24.2295H23.8437C28.0237 24.2295 30.5437 21.6795 30.5437 17.5395V6.6995C30.5437 2.5395 28.0237 -0.0005 23.8437 -0.0005H6.7037C2.5137 -0.0005 0.0037 2.5395 0.0037 6.6995V17.5395C0.0037 21.6795 2.6837 24.2295 6.4637 24.2295H6.8537V28.1595C6.8537 29.1495 7.3937 29.7795 8.3037 29.7795ZM7.6537 11.7895C6.4837 11.7895 5.9037 11.2295 5.9037 10.0495V7.6695C5.9037 6.4795 6.4837 5.9295 7.6537 5.9295H13.2237C14.3937 5.9295 14.9737 6.4795 14.9737 7.6695V10.0495C14.9737 11.2295 14.3937 11.7895 13.2237 11.7895ZM18.8937 17.3595C17.7237 17.3595 17.1437 16.7995 17.1437 15.6295V8.6095C17.1437 7.4395 17.7237 6.8795 18.8937 6.8795H22.8637C24.0537 6.8795 24.6137 7.4395 24.6137 8.6095V15.6295C24.6137 16.7995 24.0537 17.3595 22.8637 17.3595ZM9.0637 18.2795C7.8937 18.2795 7.3237 17.7195 7.3237 16.5295V14.9695C7.3237 13.7995 7.8937 13.2195 9.0637 13.2195H13.9637C15.1337 13.2195 15.6937 13.7995 15.6937 14.9695V16.5295C15.6937 17.7195 15.1337 18.2795 13.9637 18.2795Z","geometry":{"width":30.54296875,"height":29.77734375}}