{"path":"M15.0388 26.1377H35.0088C38.1488 26.1377 39.8388 24.4477 39.8388 21.3377V4.7977C39.8388 1.6977 38.1488 -0.0023 35.0088 -0.0023H12.0288C8.9188 -0.0023 7.2088 1.6977 7.2088 4.7977V12.0477C12.2788 12.0477 16.4488 16.2277 16.4488 21.2877C16.4488 23.0677 15.9388 24.7277 15.0388 26.1377ZM7.2088 28.4877C11.1288 28.4877 14.3988 25.2277 14.3988 21.2877C14.3988 17.3477 11.1588 14.0977 7.2088 14.0977C3.2588 14.0977 -0.0013 17.3477 -0.0013 21.2877C-0.0013 25.2377 3.2588 28.4877 7.2088 28.4877ZM7.2088 25.9477C6.5488 25.9477 6.1088 25.5077 6.1088 24.8677V22.3977H3.6488C3.0088 22.3977 2.5688 21.9577 2.5588 21.2977C2.5588 20.6477 2.9988 20.2077 3.6488 20.2077H6.1088V17.7577C6.1088 17.1177 6.5488 16.6677 7.2088 16.6677C7.8588 16.6477 8.2988 17.1077 8.2988 17.7577V20.2077H10.7587C11.3988 20.2077 11.8488 20.6477 11.8488 21.2977C11.8488 21.9577 11.3988 22.3977 10.7587 22.3977H8.2988V24.8677C8.2988 25.5077 7.8588 25.9477 7.2088 25.9477Z","geometry":{"width":39.83984375,"height":28.4921875}}