{"path":"M5.4451 7.3677H8.9651V5.2377C8.9651 4.0777 9.5551 3.5277 10.6551 3.5277H12.7651V-0.0023H10.2651C7.1551 -0.0023 5.4451 1.6977 5.4451 4.7977ZM14.9951 3.5277H20.6451V-0.0023H14.9951ZM22.8751 3.5277H28.5351V-0.0023H22.8751ZM38.0751 7.3677V4.7977C38.0751 1.6977 36.3651 -0.0023 33.2451 -0.0023H30.7451V3.5277H32.8651C33.9651 3.5277 34.5451 4.0777 34.5451 5.2377V7.3677ZM5.4451 12.2377C6.0051 12.1177 6.5851 12.0477 7.1951 12.0477C7.8051 12.0477 8.3951 12.1177 8.9651 12.2477V9.5877H5.4451ZM38.0751 16.5677V9.5877H34.5451V16.5677ZM7.1951 28.5077C11.1451 28.5077 14.3851 25.2677 14.3851 21.3177C14.3851 17.3677 11.1251 14.1077 7.1951 14.1077C3.2451 14.1077 -0.0049 17.3677 -0.0049 21.3177C-0.0049 25.2677 3.2451 28.5077 7.1951 28.5077ZM7.1951 26.4577C4.3451 26.4577 2.0651 24.1577 2.0651 21.3177C2.0651 18.4677 4.3451 16.1577 7.1951 16.1577C10.0351 16.1577 12.3351 18.4677 12.3351 21.3177C12.3451 24.1577 10.0351 26.4577 7.1951 26.4577ZM7.1951 25.1677C9.3151 25.1677 11.0451 23.4177 11.0451 21.3177C11.0451 19.1977 9.2951 17.4477 7.1951 17.4477C5.0751 17.4477 3.3351 19.1977 3.3351 21.3177C3.3351 23.4177 5.0951 25.1677 7.1951 25.1677ZM33.2451 26.1377C36.3651 26.1377 38.0751 24.4477 38.0751 21.3377V18.7877H34.5451V20.9177C34.5451 22.0777 33.9651 22.6177 32.8651 22.6177H30.7451V26.1377ZM22.8751 26.1377H28.5351V22.6177H22.8751ZM15.0651 26.1377H20.6451V22.6177H16.2951C16.1651 23.8977 15.7351 25.0877 15.0651 26.1377Z","geometry":{"width":38.076171875,"height":28.505859375}}