{"path":"M16.3237 11.4193C17.1537 11.4193 17.7737 10.7993 17.7737 9.9693V6.0293L17.6337 3.8193L18.4837 4.8693L19.9037 6.4293C20.1137 6.6693 20.4637 6.8393 20.8337 6.8393C21.5737 6.8393 22.1637 6.2793 22.1637 5.5393C22.1637 5.1693 22.0237 4.8693 21.7337 4.6093L17.3637 0.4893C17.0237 0.1493 16.7037 -0.0007 16.3237 -0.0007C15.9237 -0.0007 15.6137 0.1593 15.2537 0.4893L10.8837 4.6093C10.6137 4.8693 10.4737 5.1693 10.4737 5.5393C10.4737 6.2793 11.0437 6.8393 11.8037 6.8393C12.1537 6.8393 12.5237 6.6693 12.7237 6.4293L14.1537 4.8693L14.9937 3.8193L14.8637 6.0293V9.9693C14.8637 10.7993 15.4737 11.4193 16.3237 11.4193ZM4.4337 26.4693H9.0537V23.5793H5.0837C3.9737 23.5793 3.2637 22.8593 3.2637 21.8193V12.1793C3.2637 11.1393 3.9737 10.4193 5.0837 10.4193H9.0537V7.5293H4.4337C1.7237 7.5293 0.0037 9.1693 0.0037 11.6593V22.3393C0.0037 24.8293 1.7237 26.4693 4.4337 26.4693ZM28.2037 26.4693C30.9137 26.4693 32.6337 24.8293 32.6337 22.3393V11.6593C32.6337 9.1693 30.9137 7.5293 28.2037 7.5293H23.5837V10.4193H27.5537C28.6737 10.4193 29.3637 11.1393 29.3637 12.1793V21.8193C29.3637 22.8593 28.6737 23.5793 27.5537 23.5793H23.5837V26.4693ZM16.3237 33.9993C16.7037 33.9993 17.0237 33.8393 17.3737 33.5093L21.7537 29.3993C22.0237 29.1393 22.1637 28.8293 22.1637 28.4693C22.1637 27.7293 21.5837 27.1693 20.8337 27.1693C20.4837 27.1693 20.1137 27.3293 19.9037 27.5793L18.4837 29.1393L17.6337 30.1893L17.7737 27.9693V24.0393C17.7737 23.1993 17.1537 22.5893 16.3237 22.5893C15.4737 22.5893 14.8637 23.1993 14.8637 24.0393V27.9693L14.9937 30.1893L14.1537 29.1393L12.7237 27.5793C12.5237 27.3293 12.1637 27.1693 11.8037 27.1693C11.0637 27.1693 10.4737 27.7293 10.4737 28.4693C10.4737 28.8293 10.6137 29.1393 10.8937 29.3993L15.2737 33.5093C15.6137 33.8393 15.9237 33.9993 16.3237 33.9993Z","geometry":{"width":32.634765625,"height":34.001953125}}