{"path":"M3.5137 12.1177H11.2137C13.6037 12.1177 14.7337 10.9877 14.7337 8.5677V3.5577C14.7337 1.1377 13.6037 -0.0023 11.2137 -0.0023H3.5137C1.1337 -0.0023 0.0037 1.1377 0.0037 3.5577V8.5677C0.0037 10.9877 1.1337 12.1177 3.5137 12.1177ZM20.1637 12.1177H27.8637C30.2437 12.1177 31.3737 10.9877 31.3737 8.5677V3.5577C31.3737 1.1377 30.2437 -0.0023 27.8637 -0.0023H20.1637C17.7737 -0.0023 16.6437 1.1377 16.6437 3.5577V8.5677C16.6437 10.9877 17.7737 12.1177 20.1637 12.1177ZM3.5137 26.1377H11.2137C13.6037 26.1377 14.7337 25.0177 14.7337 22.5977V17.5777C14.7337 15.1577 13.6037 14.0277 11.2137 14.0277H3.5137C1.1337 14.0277 0.0037 15.1577 0.0037 17.5777V22.5977C0.0037 25.0177 1.1337 26.1377 3.5137 26.1377ZM20.1637 26.1377H27.8637C30.2437 26.1377 31.3737 25.0177 31.3737 22.5977V17.5777C31.3737 15.1577 30.2437 14.0277 27.8637 14.0277H20.1637C17.7737 14.0277 16.6437 15.1577 16.6437 17.5777V22.5977C16.6437 25.0177 17.7737 26.1377 20.1637 26.1377Z","geometry":{"width":31.376953125,"height":26.140625}}