{"path":"M11.7537 -0.0023C3.5037 -0.0023 0.0037 3.6077 0.0037 11.7177V21.3377C0.0037 24.4477 1.7137 26.1377 4.8237 26.1377H28.5837C31.7037 26.1377 33.4137 24.4477 33.4137 21.3377V11.7177C33.4137 3.6077 29.9137 -0.0023 21.6537 -0.0023ZM11.8937 3.5377H21.5237C27.3837 3.5377 29.8837 6.0577 29.8837 11.7077V20.9177C29.8837 22.0277 29.2737 22.6177 28.1937 22.6177H5.2137C4.1437 22.6177 3.5237 22.0277 3.5237 20.9177V11.7077C3.5237 6.0577 6.0337 3.5377 11.8937 3.5377Z","geometry":{"width":33.4140625,"height":26.140625}}