{"path":"M0.0037 21.3377C0.0037 24.4477 1.7137 26.1377 4.8237 26.1377H27.8037C30.9437 26.1377 32.6337 24.4477 32.6337 21.3377V4.7977C32.6337 1.6977 30.9437 -0.0023 27.8037 -0.0023H4.8237C1.7137 -0.0023 0.0037 1.6977 0.0037 4.7977ZM3.5237 13.0577V5.2177C3.5237 4.0577 4.1137 3.5277 5.2137 3.5277H27.4237C28.5237 3.5277 29.1037 4.0577 29.1037 5.2177V13.0577Z","geometry":{"width":32.634765625,"height":26.140625}}