{"path":"M31.3071 12.4974C31.3071 9.3674 29.6171 7.6574 26.5171 7.6574H23.1471L22.5171 4.0374C21.9871 0.9474 20.0071 -0.4226 16.9571 0.1174L4.0071 2.3974C0.9471 2.9274 -0.4229 4.8974 0.1171 7.9874L3.3371 26.2574C3.8571 29.2074 5.7071 30.5974 8.5571 30.2174V31.1174C8.5571 34.2374 10.2671 35.9574 13.3571 35.9574H26.5171C29.6171 35.9574 31.3071 34.2374 31.3071 31.1174ZM6.7471 25.2574L3.6571 7.7374C3.4771 6.6574 3.8871 5.9874 5.0471 5.7874L17.1471 3.6574C18.2971 3.4574 18.9271 3.9374 19.1071 5.0174L19.5771 7.6574H13.3571C10.2571 7.6574 8.5571 9.3674 8.5571 12.4974V26.6474C7.5071 26.7874 6.9171 26.2974 6.7471 25.2574ZM27.7871 12.8774V30.7374C27.7871 31.8274 27.2471 32.4174 26.0871 32.4174H13.7971C12.6371 32.4174 12.0871 31.8274 12.0871 30.7374V12.8774C12.0871 11.7774 12.6371 11.1874 13.7971 11.1874H26.0871C27.2471 11.1874 27.7871 11.7774 27.7871 12.8774Z","geometry":{"width":31.311994305458477,"height":35.96035467575913}}