{"path":"M11.7537 26.1377H21.6537C29.9137 26.1377 33.4137 22.5277 33.4137 14.4277V4.7977C33.4137 1.6977 31.7037 -0.0023 28.5837 -0.0023H4.8237C1.7137 -0.0023 0.0037 1.6977 0.0037 4.7977V14.4277C0.0037 22.5277 3.5037 26.1377 11.7537 26.1377Z","geometry":{"width":33.4140625,"height":26.140625}}