{"path":"M32.9037 33.2767C33.3637 33.7267 34.0937 33.7267 34.5337 33.2767C34.9737 32.8267 34.9837 32.0967 34.5337 31.6467L3.2137 0.3367C2.7737 -0.1133 2.0337 -0.1133 1.5737 0.3367C1.1437 0.7767 1.1437 1.5267 1.5737 1.9667ZM23.3837 2.0067H7.4637L10.9937 5.5367H22.9937C24.0937 5.5367 24.6937 6.0767 24.6937 7.2467V8.8167H14.2637L17.7837 12.3467H30.2537C31.3537 12.3467 31.9537 12.8767 31.9537 14.0367V24.6767C31.9537 25.2767 31.8837 25.8367 31.7737 26.3267L34.8237 29.3867C35.2637 28.6967 35.4737 27.8167 35.4737 26.7667V13.6167C35.4737 10.5067 33.7737 8.8167 30.6537 8.8167H28.2237V6.8067C28.2237 3.7167 26.4937 2.0067 23.3837 2.0067ZM12.0137 31.5667H28.6037L25.0737 28.0367H12.4037C11.2937 28.0367 10.7237 27.4867 10.7237 26.3267V15.7567C10.7237 15.0767 10.7837 14.4367 10.9337 13.8867L7.8937 10.8567C7.4237 11.5467 7.1937 12.4667 7.1937 13.6167V21.2267H5.2137C4.1137 21.2267 3.5237 20.6967 3.5237 19.5367V8.9267C3.5237 8.1067 3.6337 7.3967 3.8537 6.8067L0.8737 3.8267C0.3037 4.5467 0.0037 5.5467 0.0037 6.8067V19.9667C0.0037 23.0567 1.7137 24.7567 4.8237 24.7567H7.1937V26.7667C7.1937 29.8667 8.8837 31.5667 12.0137 31.5667Z","geometry":{"width":35.478515625,"height":33.6123046875}}