{"path":"M1.4311 14.0421H4.5111V4.7721C4.5111 3.8021 5.0811 3.2221 6.1011 3.2221H17.9511C18.9511 3.2221 19.5411 3.8121 19.5411 4.7721V5.4321H22.6111V4.2621C22.6111 1.6421 20.9611 0.0021 18.3311 0.0021H5.7111C3.0811 0.0021 1.4311 1.6421 1.4311 4.2621ZM16.9211 7.1921C16.1511 7.1921 15.7211 7.7921 15.7211 8.4121C15.7211 9.0121 16.1511 9.6121 16.9711 9.6121H18.9211L20.3711 9.3521L18.6911 10.7021L16.8011 12.5821C16.4711 12.8921 16.3511 13.2321 16.3511 13.5621C16.3511 14.2721 16.9811 14.9021 17.7011 14.9021C18.0311 14.9021 18.3711 14.7621 18.7011 14.4521L20.5611 12.5621L21.8511 10.9221L21.6111 12.3221V14.3021C21.6111 15.1221 22.2211 15.5421 22.8311 15.5421C23.4311 15.5421 24.0511 15.1221 24.0511 14.3321V8.6421C24.0511 7.7221 23.5111 7.1921 22.6011 7.1921ZM1.4511 24.0921H7.1111C7.9011 24.0921 8.3311 23.4721 8.3311 22.8721C8.3311 22.2621 7.9111 21.6521 7.0811 21.6521H5.1311L3.6811 21.9121L5.3611 20.5721L7.2511 18.7021C7.5711 18.3921 7.7011 18.0321 7.7011 17.7021C7.7011 16.9921 7.0511 16.3821 6.3411 16.3821C6.0111 16.3821 5.6711 16.5021 5.3411 16.8321L3.4911 18.7121L2.1911 20.3621L2.4311 18.9521V16.9821C2.4311 16.1421 1.8311 15.7321 1.2211 15.7321C0.6011 15.7321 0.0011 16.1421 0.0011 16.9421V22.6221C0.0011 23.5421 0.5311 24.0921 1.4511 24.0921ZM5.7111 31.2821H18.3311C20.9711 31.2821 22.6111 29.6221 22.6111 27.0121V17.2221H19.5411V26.5121C19.5411 27.4621 18.9611 28.0421 17.9511 28.0421H6.1011C5.1011 28.0421 4.5111 27.4521 4.5111 26.4921V25.8521H1.4311V27.0021C1.4311 29.6221 3.0911 31.2821 5.7111 31.2821Z","geometry":{"width":24.048828125,"height":31.28125}}