{"path":"M2.4063 21.8515C2.9463 24.9015 4.9063 26.2715 7.9863 25.7415L8.0863 25.7215C8.0863 28.8115 9.7963 30.5115 12.9263 30.5115H31.5463C34.6563 30.5115 36.3863 28.8115 36.3863 25.7115V12.5615C36.3863 9.4515 34.6563 7.7615 31.5463 7.7615H28.5663L27.8963 4.0015C27.3563 0.9515 25.3963 -0.4285 22.3163 0.1215L4.0363 3.3315C0.9563 3.8815 -0.4237 5.8415 0.1163 8.9115ZM5.7963 20.8115L3.6663 8.7215C3.4463 7.5715 3.9363 6.9415 5.0363 6.7515L22.5463 3.6615C23.6263 3.4715 24.2963 3.8915 24.5063 5.0415L24.9763 7.7615H12.9263C9.7963 7.7615 8.0863 9.4515 8.0863 12.5615V22.1415L7.7563 22.2015C6.6763 22.3915 6.0063 21.9615 5.7963 20.8115ZM13.3063 26.9815C12.1963 26.9815 11.6063 26.4315 11.6063 25.2715V12.9815C11.6063 11.8215 12.1963 11.2915 13.3063 11.2915H31.1563C32.2563 11.2915 32.8463 11.8215 32.8463 12.9815V25.2715C32.8463 26.4315 32.2563 26.9815 31.1563 26.9815Z","geometry":{"width":36.38348402307174,"height":30.509686677700977}}