{"path":"M4.8237 15.1216H14.7637C17.8837 15.1216 19.5937 13.4216 19.5937 10.3216V4.8016C19.5937 1.6916 17.8837 0.0016 14.7637 0.0016H4.8237C1.7137 0.0016 0.0037 1.6916 0.0037 4.8016V10.3216C0.0037 13.4216 1.7137 15.1216 4.8237 15.1216ZM31.5137 16.3816C31.9637 16.9716 32.6237 16.9516 33.0737 16.3816L35.9537 12.5516C36.6137 11.6716 36.2837 10.7216 35.1537 10.7216H33.4437V10.0216C33.4437 5.8816 30.5137 2.9016 26.2937 2.9016H23.9437C23.2737 2.9016 22.7237 3.4416 22.7237 4.1116C22.7237 4.7816 23.2737 5.3316 23.9437 5.3316H26.2937C29.1237 5.3316 31.1537 7.2216 31.1537 9.9916V10.7216H29.4237C28.3237 10.7216 28.0037 11.6916 28.6437 12.5516ZM5.2137 11.5916C4.1137 11.5916 3.5237 11.0616 3.5237 9.8816V5.2316C3.5237 4.0616 4.1137 3.5316 5.2137 3.5316H14.3837C15.4737 3.5316 16.0637 4.0616 16.0637 5.2316V9.8816C16.0637 11.0616 15.4737 11.5916 14.3837 11.5916ZM12.8937 31.0616H15.2437C15.9137 31.0616 16.4737 30.5116 16.4737 29.8416C16.4737 29.1716 15.9137 28.6316 15.2437 28.6316H12.9037C10.0737 28.6316 8.0437 26.7416 8.0437 23.9716V23.2416H9.7737C10.8737 23.2416 11.1937 22.2716 10.5537 21.4116L7.6737 17.5816C7.2237 16.9816 6.5737 17.0116 6.1237 17.5816L3.2237 21.4116C2.5737 22.2716 2.8937 23.2416 4.0337 23.2416H5.7437V23.9416C5.7437 28.0716 8.6637 31.0616 12.8937 31.0616ZM24.4137 33.9616H34.3737C37.4837 33.9616 39.1937 32.2516 39.1937 29.1616V23.6416C39.1937 20.5316 37.4837 18.8416 34.3737 18.8416H24.4137C21.3037 18.8416 19.5937 20.5316 19.5937 23.6416V29.1616C19.5937 32.2616 21.3037 33.9616 24.4137 33.9616ZM24.8137 30.4316C23.7037 30.4316 23.1237 29.8916 23.1237 28.7216V24.0616C23.1237 22.9016 23.7037 22.3716 24.8137 22.3716H33.9737C35.0637 22.3716 35.6737 22.9016 35.6737 24.0616V28.7216C35.6737 29.8916 35.0637 30.4316 33.9737 30.4316Z","geometry":{"width":39.197265625,"height":33.9609375}}