{"path":"M15.0388 26.1377H35.0088C38.1488 26.1377 39.8388 24.4477 39.8388 21.3377V4.7977C39.8388 1.6977 38.1488 -0.0023 35.0088 -0.0023H12.0288C8.9188 -0.0023 7.2088 1.6977 7.2088 4.7977V12.0477C12.2788 12.0477 16.4488 16.2277 16.4488 21.2877C16.4488 23.0677 15.9388 24.7277 15.0388 26.1377ZM7.2088 28.4877C11.1288 28.4877 14.3988 25.2277 14.3988 21.2877C14.3988 17.3477 11.1588 14.0977 7.2088 14.0977C3.2588 14.0977 -0.0013 17.3477 -0.0013 21.2877C-0.0013 25.2377 3.2588 28.4877 7.2088 28.4877ZM7.2088 21.4277C6.0188 21.4277 5.0988 20.4577 5.0988 19.1177C5.0988 17.8977 6.0188 16.8877 7.2088 16.8877C8.3788 16.8877 9.3088 17.8977 9.3088 19.1177C9.3088 20.4577 8.3788 21.4277 7.2088 21.4277ZM7.2088 26.4177C5.2188 26.4177 3.7188 25.3377 3.3588 24.4477V24.3877C3.7988 23.5277 5.3188 22.6177 7.2088 22.6177C9.0888 22.6177 10.6088 23.5477 11.0287 24.3877V24.4477C10.6788 25.3477 9.1887 26.4177 7.2088 26.4177Z","geometry":{"width":39.83984375,"height":28.4921875}}