{"path":"M11.7537 -0.0023C3.5037 -0.0023 0.0037 3.6077 0.0037 11.7177V21.3377C0.0037 24.4477 1.7137 26.1377 4.8237 26.1377H28.5837C31.7037 26.1377 33.4137 24.4477 33.4137 21.3377V11.7177C33.4137 3.6077 29.9137 -0.0023 21.6537 -0.0023Z","geometry":{"width":33.4140625,"height":26.140625}}