{"path":"M15.0388 26.1377H35.0088C38.1488 26.1377 39.8388 24.4477 39.8388 21.3377V4.7977C39.8388 1.6977 38.1488 -0.0023 35.0088 -0.0023H12.0288C8.9188 -0.0023 7.2088 1.6977 7.2088 4.7977V12.0477C12.2788 12.0477 16.4488 16.2277 16.4488 21.2877C16.4488 23.0677 15.9388 24.7277 15.0388 26.1377ZM7.2088 28.4877C11.1288 28.4877 14.3988 25.2277 14.3988 21.2877C14.3988 17.3477 11.1588 14.0977 7.2088 14.0977C3.2588 14.0977 -0.0013 17.3477 -0.0013 21.2877C-0.0013 25.2377 3.2588 28.4877 7.2088 28.4877ZM5.4288 24.6777C5.0088 25.1177 4.2788 25.0777 3.8588 24.6477C3.4188 24.2377 3.3888 23.4977 3.8288 23.0777L5.6288 21.2777L3.9288 19.5477C3.5088 19.1277 3.4988 18.4277 3.9288 18.0077C4.3488 17.5977 5.0488 17.5977 5.4688 18.0077L7.1888 19.7277L8.9988 17.9077C9.4288 17.4677 10.1288 17.5277 10.5588 17.9477C10.9788 18.3877 11.0287 19.0677 10.5987 19.5077L8.7787 21.3277L10.4888 23.0377C10.9088 23.4577 10.9088 24.1477 10.4888 24.5677C10.0588 24.9877 9.3788 24.9877 8.9387 24.5777L7.2288 22.8777Z","geometry":{"width":39.83984375,"height":28.4921875}}