{"path":"M4.8237 26.1377H21.3137C24.4437 26.1377 26.1437 24.4477 26.1437 21.3377V4.7977C26.1437 1.6977 24.4437 -0.0023 21.3137 -0.0023H4.8237C1.7137 -0.0023 0.0037 1.6977 0.0037 4.7977V21.3377C0.0037 24.4477 1.7137 26.1377 4.8237 26.1377ZM7.3937 11.2377V16.6077H7.2237C5.9437 16.6077 5.2337 15.9277 5.2337 14.6177V8.4077C5.2337 7.0977 5.9437 6.3977 7.2637 6.3977H15.9537C17.2837 6.3977 17.9937 7.0977 17.9937 8.3077V8.3977H10.2437C8.4037 8.3977 7.3937 9.4077 7.3937 11.2377ZM10.3537 19.5777C9.0237 19.5777 8.3137 18.8977 8.3137 17.5677V11.3477C8.3137 10.0377 9.0237 9.3377 10.3537 9.3377H19.0437C20.3537 9.3377 21.0637 10.0377 21.0637 11.3477V17.5677C21.0637 18.8977 20.3537 19.5777 19.0437 19.5777Z","geometry":{"width":26.140625,"height":26.140625}}