{"path":"M8.7755 4.8231V23.3531C8.7755 26.4831 10.4755 28.1731 13.5755 28.1731H23.1655C26.2555 28.1731 27.9655 26.4831 27.9655 23.3531V4.8231C27.9655 1.7131 26.2655 0.0031 23.1655 0.0031H13.5755C10.4755 0.0031 8.7755 1.7131 8.7755 4.8231ZM12.3055 5.2231C12.3055 4.1131 12.8355 3.5231 14.0055 3.5231H22.7255C23.8855 3.5231 24.4355 4.1131 24.4355 5.2231V22.9731C24.4355 24.0631 23.8855 24.6531 22.7255 24.6531H14.0055C12.8355 24.6531 12.3055 24.0631 12.3055 22.9731ZM4.6055 17.8531C5.4955 18.4531 6.5255 18.1131 6.5255 17.0231V11.1931C6.5255 10.0731 5.5355 9.7231 4.6055 10.3631L0.5455 13.1231C-0.1645 13.6131 -0.2045 14.6431 0.5455 15.1331ZM32.1355 17.8531L36.1755 15.1331C36.9255 14.6431 36.9055 13.6131 36.1755 13.1231L32.1355 10.3631C31.2055 9.7231 30.2155 10.0731 30.2155 11.1931V17.0231C30.2155 18.1131 31.2255 18.4531 32.1355 17.8531Z","geometry":{"width":36.73135640295151,"height":28.177734375}}