{"path":"M4.0234 0.7202L12.3734 9.0602V0.0002H6.8134C5.6634 0.0002 4.7334 0.2502 4.0234 0.7202ZM15.9034 12.5902L26.2534 22.9502V4.8302C26.2534 1.7102 24.5534 0.0002 21.4534 0.0002H15.9034ZM26.3034 28.8502C26.7734 29.2902 27.4934 29.3002 27.9334 28.8502C28.3734 28.4002 28.3834 27.6602 27.9334 27.2102L1.9734 1.2602C1.5134 0.8102 0.7834 0.7902 0.3234 1.2602C-0.1066 1.6802 -0.1066 2.4502 0.3234 2.8802ZM2.0134 7.1602V25.2702C2.0134 28.4002 3.7034 30.0902 6.8134 30.0902H12.3734V17.5302ZM15.9034 21.0502V30.0902H21.4534C22.5834 30.0902 23.5134 29.8602 24.2234 29.3802Z","geometry":{"width":28.26491229484249,"height":30.091796875}}