{"path":"M13.3571 5.4474H22.7671L22.5171 4.0374C21.9871 0.9474 20.0071 -0.4226 16.9571 0.1174L4.0071 2.3974C0.9471 2.9274 -0.4229 4.8974 0.1171 7.9774L3.3371 26.2374C3.7071 28.3474 4.7471 29.6474 6.3471 30.0774V12.4974C6.3471 8.1374 9.0271 5.4474 13.3571 5.4474ZM31.3071 12.4974C31.3071 9.3674 29.6171 7.6574 26.5171 7.6574H13.3571C10.2571 7.6574 8.5571 9.3674 8.5571 12.4974V31.1174C8.5571 34.2374 10.2671 35.9574 13.3571 35.9574H26.5171C29.6171 35.9574 31.3071 34.2374 31.3071 31.1174Z","geometry":{"width":31.311994305458477,"height":35.96035467575913}}