{"path":"M4.8037 30.0902H19.4437C22.5437 30.0902 24.2437 28.4002 24.2437 25.2702V17.0102H14.6037C13.5337 17.0102 12.6637 16.1202 12.6637 15.0402C12.6637 13.9602 13.5337 13.0702 14.6037 13.0702H24.2437V4.8402C24.2437 1.7202 22.5437 0.0002 19.4437 0.0002H4.8037C1.6937 0.0002 0.0037 1.7202 0.0037 4.8402V25.2702C0.0037 28.4002 1.6937 30.0902 4.8037 30.0902ZM22.2737 15.0402C22.2737 15.9102 22.9937 16.6102 23.8337 16.6102H28.0937L30.1037 16.4902L29.0437 17.2002L27.2937 18.8402C26.9837 19.1102 26.8337 19.4802 26.8337 19.8802C26.8337 20.5902 27.3737 21.2502 28.1537 21.2502C28.5437 21.2502 28.8337 21.1002 29.1037 20.8202L33.4737 16.2802C33.8837 15.8702 34.0337 15.4602 34.0337 15.0402C34.0337 14.6202 33.8837 14.2002 33.4737 13.7802L29.1037 9.2602C28.8337 8.9802 28.5437 8.8202 28.1537 8.8202C27.3737 8.8202 26.8337 9.4602 26.8337 10.1902C26.8337 10.5802 26.9837 10.9602 27.2937 11.2202L29.0437 12.8802L30.1037 13.5902L28.0937 13.4502H23.8337C22.9937 13.4502 22.2737 14.1502 22.2737 15.0402Z","geometry":{"width":34.029296875,"height":30.091796875}}