{"path":"M8.7737 4.8231V23.3531C8.7737 26.4831 10.4737 28.1731 13.5737 28.1731H23.1637C26.2537 28.1731 27.9637 26.4831 27.9637 23.3531V4.8231C27.9637 1.7131 26.2637 0.0031 23.1637 0.0031H13.5737C10.4737 0.0031 8.7737 1.7131 8.7737 4.8231ZM12.3037 5.2231C12.3037 4.1131 12.8337 3.5231 14.0037 3.5231H22.7237C23.8837 3.5231 24.4337 4.1131 24.4337 5.2231V22.9731C24.4337 24.0631 23.8837 24.6531 22.7237 24.6531H14.0037C12.8337 24.6531 12.3037 24.0631 12.3037 22.9731ZM34.3037 17.8531C35.2037 18.4531 36.2337 18.1131 36.2337 17.0231V11.1931C36.2337 10.0731 35.2337 9.7231 34.3037 10.3631L30.2537 13.1231C29.5337 13.6131 29.5037 14.6431 30.2537 15.1331ZM1.9137 17.8531L5.9737 15.1331C6.7237 14.6431 6.6837 13.6131 5.9737 13.1231L1.9137 10.3631C0.9837 9.7231 0.0037 10.0731 0.0037 11.1931V17.0231C0.0037 18.1131 1.0237 18.4531 1.9137 17.8531Z","geometry":{"width":36.23046875,"height":28.177734375}}