{"path":"M15.0351 26.1377H33.2451C36.3851 26.1377 38.0751 24.4477 38.0751 21.3377V4.7977C38.0751 1.6977 36.3851 -0.0023 33.2451 -0.0023H10.2651C7.1551 -0.0023 5.4451 1.6977 5.4451 4.7977V12.2377C6.0151 12.1177 6.5851 12.0477 7.1951 12.0477C7.7951 12.0477 8.3951 12.1177 8.9651 12.2377V5.2377C8.9651 4.0777 9.5551 3.5277 10.6551 3.5277H32.8651C33.9651 3.5277 34.5451 4.0777 34.5451 5.2377V20.9177C34.5451 22.0777 33.9651 22.6177 32.8651 22.6177H16.2951C16.1651 23.8877 15.7051 25.0977 15.0351 26.1377ZM7.2051 28.5077C11.1251 28.5077 14.3951 25.2277 14.3951 21.2977C14.3951 17.3677 11.1551 14.1077 7.2051 14.1077C3.2551 14.1077 -0.0049 17.3677 -0.0049 21.2977C-0.0049 25.2377 3.2551 28.5077 7.2051 28.5077ZM6.4651 25.2377C6.1551 25.2377 5.7651 25.1277 5.5351 24.8677L3.2851 22.4177C3.0651 22.1877 2.9151 21.8877 2.9151 21.5777C2.9151 20.8177 3.4951 20.3977 4.1051 20.3977C4.4751 20.3977 4.7551 20.5177 4.9651 20.7577L6.3851 22.3577L9.4151 18.1577C9.6551 17.8277 10.0051 17.6377 10.4051 17.6377C11.0651 17.6377 11.5851 18.1577 11.5851 18.8077C11.5851 19.0177 11.5251 19.2677 11.3651 19.4677L7.4351 24.7977C7.2351 25.0777 6.8651 25.2377 6.4651 25.2377Z","geometry":{"width":38.076171875,"height":28.505859375}}