{"path":"M22.7537 4.8235C22.7537 1.6935 21.0537 0.0035 17.9537 0.0035H4.8037C1.6937 0.0035 0.0037 1.6935 0.0037 4.8235V23.3835C0.0037 26.4935 1.6937 28.2035 4.8037 28.2035H6.7937V30.6435C6.7937 33.7535 8.5037 35.4635 11.5937 35.4635H24.7637C27.8537 35.4635 29.5537 33.7535 29.5537 30.6435V12.0035C29.5537 8.8835 27.8637 7.1735 24.7637 7.1735H22.7537ZM5.2237 24.6735C4.0637 24.6735 3.5237 24.0935 3.5237 22.9935V5.2135C3.5237 4.1035 4.0637 3.5235 5.2237 3.5235H17.5237C18.6937 3.5235 19.2237 4.1035 19.2237 5.2135V7.1735H11.5937C8.4937 7.1735 6.7937 8.8835 6.7937 12.0035V24.6735ZM26.0137 12.4035V30.2535C26.0137 31.3535 25.4837 31.9335 24.3237 31.9335H12.0337C10.8737 31.9335 10.3237 31.3535 10.3237 30.2535V12.4035C10.3237 11.2935 10.8737 10.7035 12.0337 10.7035H24.3237C25.4837 10.7035 26.0137 11.2935 26.0137 12.4035Z","geometry":{"width":29.55859375,"height":35.46484375}}