{"path":"M9.0237 29.6795C9.9537 29.6795 10.6937 29.2895 11.8437 28.2895L16.4637 24.2395H23.8437C28.0237 24.2395 30.5437 21.6795 30.5437 17.5395V6.6995C30.5437 2.5395 28.0237 -0.0005 23.8437 -0.0005H6.7037C2.5137 -0.0005 0.0037 2.5395 0.0037 6.6995V17.5395C0.0037 21.6795 2.6837 24.2395 6.4637 24.2395H6.8537V27.2795C6.8537 28.7695 7.6737 29.6795 9.0237 29.6795ZM9.8737 25.7695V21.9795C9.8737 21.0595 9.4337 20.7095 8.6037 20.7095H6.9137C4.6337 20.7095 3.5237 19.5595 3.5237 17.3195V6.8995C3.5237 4.6595 4.6337 3.5295 6.9137 3.5295H23.6237C25.8937 3.5295 27.0137 4.6595 27.0137 6.8995V17.3195C27.0137 19.5595 25.8937 20.7095 23.6237 20.7095H16.2037C15.2537 20.7095 14.8337 20.8895 14.1537 21.5695ZM8.0237 11.7995H13.3137C14.4337 11.7995 14.9737 11.2695 14.9737 10.1595V7.8795C14.9737 6.7695 14.4337 6.2495 13.3137 6.2495H8.0237C6.9137 6.2495 6.3737 6.7695 6.3737 7.8795V10.1595C6.3737 11.2695 6.9137 11.7995 8.0237 11.7995ZM18.6937 17.0895H22.4737C23.5937 17.0895 24.1337 16.5595 24.1337 15.4495V8.7895C24.1337 7.6695 23.5937 7.1495 22.4737 7.1495H18.6937C17.5837 7.1495 17.0537 7.6695 17.0537 8.7895V15.4495C17.0537 16.5595 17.5837 17.0895 18.6937 17.0895ZM9.3837 17.9495H14.0137C15.1337 17.9495 15.6637 17.4295 15.6637 16.3095V14.8095C15.6637 13.6995 15.1337 13.1695 14.0137 13.1695H9.3837C8.2537 13.1695 7.7237 13.6995 7.7237 14.8095V16.3095C7.7237 17.4295 8.2537 17.9495 9.3837 17.9495Z","geometry":{"width":30.54296875,"height":29.681640625}}