{"path":"M0.0037 25.2702C0.0037 28.4002 1.6937 30.0902 4.8037 30.0902H19.4437C22.5437 30.0902 24.2437 28.4002 24.2437 25.2702V4.8302C24.2437 1.7102 22.5437 0.0002 19.4437 0.0002H4.8037C1.6937 0.0002 0.0037 1.7102 0.0037 4.8302ZM3.5237 24.8802V5.2202C3.5237 4.1202 4.0637 3.5302 5.2237 3.5302H19.0137C20.1837 3.5302 20.7137 4.1202 20.7137 5.2202V24.8802C20.7137 25.9802 20.1837 26.5602 19.0137 26.5602H5.2237C4.0637 26.5602 3.5237 25.9802 3.5237 24.8802ZM6.6137 15.0402H17.6237C18.2337 15.0402 18.4937 14.7802 18.4937 14.1602V6.6202C18.4937 6.0002 18.2337 5.7602 17.6237 5.7602H6.6137C6.0037 5.7602 5.7437 6.0002 5.7437 6.6202V14.1602C5.7437 14.7802 6.0037 15.0402 6.6137 15.0402Z","geometry":{"width":24.240234375,"height":30.091796875}}