{"path":"M1.7137 29.8618H10.3537C10.9637 31.0618 12.2237 31.8918 13.6737 31.8918C15.1037 31.8918 16.3637 31.0618 16.9837 29.8618H25.6337C26.5637 29.8618 27.3337 29.0818 27.3337 28.1518C27.3337 27.2118 26.5637 26.4418 25.6337 26.4418H16.9537C16.5937 25.7718 16.0537 25.2218 15.3837 24.8718V22.1618H22.5037C25.6337 22.1618 27.3337 20.4618 27.3337 17.3618V4.7818C27.3337 1.6918 25.6337 0.0018 22.5037 0.0018H4.8237C1.7137 0.0018 0.0037 1.6918 0.0037 4.7818V17.3618C0.0037 20.4618 1.7137 22.1618 4.8237 22.1618H11.9637V24.8718C11.2937 25.2118 10.7337 25.7718 10.3737 26.4418H1.7137C0.7637 26.4418 0.0037 27.2118 0.0037 28.1518C0.0037 29.0818 0.7637 29.8618 1.7137 29.8618ZM5.2137 18.6318C4.1137 18.6318 3.5237 18.1018 3.5237 16.9218V5.2218C3.5237 4.0618 4.1137 3.5318 5.2137 3.5318H22.1237C23.2137 3.5318 23.8037 4.0618 23.8037 5.2218V16.9218C23.8037 18.1018 23.2137 18.6318 22.1237 18.6318Z","geometry":{"width":27.330078125,"height":31.896484375}}