{"path":"M5.8663 12.5615C5.8663 8.2215 8.5563 5.5315 12.9263 5.5315H28.1663L27.8963 4.0015C27.3563 0.9515 25.3963 -0.4285 22.3163 0.1215L4.0363 3.3315C0.9563 3.8815 -0.4237 5.8415 0.1163 8.9115L2.4063 21.8515C2.8063 24.1415 3.9963 25.4615 5.8663 25.7615ZM12.9263 30.5115H31.5463C34.6563 30.5115 36.3863 28.8115 36.3863 25.7115V12.5615C36.3863 9.4515 34.6563 7.7615 31.5463 7.7615H12.9263C9.7963 7.7615 8.0863 9.4515 8.0863 12.5615V25.7115C8.0863 28.8115 9.7963 30.5115 12.9263 30.5115Z","geometry":{"width":36.38348402307174,"height":30.509686677700977}}