{"path":"M9.9268 23.4791C9.1168 23.4791 8.5968 23.1991 8.3668 22.5991C9.3668 22.8891 10.4168 23.0391 11.5068 23.0391C13.6268 23.0391 15.5868 22.4491 17.2568 21.4391L23.1968 27.3891C23.7368 27.9291 24.4468 28.1791 25.1868 28.1791C26.7668 28.1791 27.9468 26.9791 27.9468 25.3991C27.9468 24.6791 27.6868 23.9791 27.1568 23.4491L21.2568 17.5391C22.3768 15.8191 23.0368 13.7391 23.0368 11.5091C23.0368 8.8291 22.1068 6.3591 20.5668 4.3891H32.1268C33.2268 4.3891 33.8068 4.9391 33.8068 6.0991V21.7791C33.8068 22.9391 33.2268 23.4791 32.1268 23.4791H29.2568C29.7668 24.5791 29.8168 25.8691 29.3968 26.9991H32.5068C35.6468 26.9991 37.3368 25.3091 37.3368 22.1991V5.6591C37.3368 2.5591 35.6468 0.8591 32.5068 0.8591H15.8968C14.5468 0.2991 13.0668 -0.0009 11.5068 -0.0009C5.1568 -0.0009 -0.0032 5.1591 -0.0032 11.5091C-0.0032 15.3291 1.8468 18.7191 4.7068 20.8091V22.1991C4.7068 25.3091 6.4168 26.9991 9.5268 26.9991H20.1768L16.6568 23.4791ZM3.8968 11.5091C3.8968 7.3191 7.3168 3.8991 11.5068 3.8991C15.7268 3.8991 19.1368 7.3191 19.1368 11.5091C19.1368 15.7191 15.7268 19.1391 11.5068 19.1391C7.3168 19.1391 3.8968 15.7191 3.8968 11.5091ZM7.8468 10.8291H15.1868C15.7868 10.8291 16.2468 10.3191 16.2468 9.7491C16.2468 9.1491 15.7868 8.6691 15.1868 8.6691H7.8468C7.2368 8.6691 6.7768 9.1591 6.7768 9.7491C6.7768 10.3191 7.2468 10.8291 7.8468 10.8291ZM7.8468 14.3591H13.0668C13.6568 14.3591 14.1268 13.8591 14.1268 13.2891C14.1268 12.6891 13.6568 12.1991 13.0668 12.1991H7.8468C7.2368 12.1991 6.7768 12.6991 6.7768 13.2891C6.7768 13.8591 7.2468 14.3591 7.8468 14.3591Z","geometry":{"width":37.337890625,"height":28.177734375}}