{"path":"M17.5637 16.8752C19.6237 18.9452 22.8037 19.0152 24.9737 16.8552L31.2237 10.5752C31.5937 10.2052 31.5837 9.5652 31.2137 9.2252C30.8437 8.8552 30.2737 8.8652 29.8837 9.2552L23.6937 15.4452C22.2337 16.8952 20.2437 16.8552 18.9337 15.5252C17.6137 14.1752 17.5537 12.2052 19.0137 10.7552L27.1437 2.6352C28.0037 1.7552 29.2537 1.6352 30.0637 2.4252C30.8737 3.1952 30.7237 4.4552 29.8637 5.3252L21.9137 13.2852C21.6837 13.5452 21.3537 13.5352 21.1537 13.2952C20.9137 13.0652 20.9137 12.7652 21.1637 12.5152L26.7037 6.9852C27.0837 6.5952 27.0837 6.0552 26.7437 5.6852C26.3837 5.3152 25.8137 5.3252 25.4337 5.7052L19.8637 11.2852C18.8937 12.2552 18.9237 13.7652 19.7937 14.6352C20.7537 15.6052 22.1737 15.5852 23.1637 14.5952L31.1537 6.6252C32.8537 4.9352 32.8237 2.6752 31.3037 1.1452C29.7937 -0.3848 27.4637 -0.4148 25.8037 1.2652L17.6237 9.4652C15.4337 11.6452 15.5137 14.8452 17.5637 16.8752ZM17.4037 0.8952V4.4252H18.8437L22.3637 0.8952ZM9.5537 4.4252H15.2137V0.8952H9.5537ZM0.0037 8.2652H3.5237V6.1352C3.5237 4.9752 4.1137 4.4252 5.2237 4.4252H7.3237V0.8952H4.8237C1.7137 0.8952 0.0037 2.5952 0.0037 5.6952ZM0.0037 17.4652H3.5237V10.4852H0.0037ZM32.6337 17.4652V12.6452L29.1037 16.1652V17.4652ZM4.8237 27.0352H7.3237V23.5152H5.2237C4.1137 23.5152 3.5237 22.9752 3.5237 21.8152V19.6852H0.0037V22.2352C0.0037 25.3452 1.7137 27.0352 4.8237 27.0352ZM27.8037 27.0352C30.9237 27.0352 32.6337 25.3452 32.6337 22.2352V19.6852H29.1037V21.8152C29.1037 22.9752 28.5237 23.5152 27.4237 23.5152H25.3037V27.0352ZM9.5537 27.0352H15.2137V23.5152H9.5537ZM17.4337 27.0352H23.0937V23.5152H17.4337Z","geometry":{"width":32.634765625,"height":27.038109137692157}}