{"path":"M4.5837 12.0035C4.5837 7.6535 7.2637 4.9635 11.5937 4.9635H22.7537V4.6435C22.6837 1.6235 21.0037 0.0035 17.9537 0.0035H4.8037C1.6937 0.0035 0.0037 1.6935 0.0037 4.8235V23.3835C0.0037 26.3835 1.5737 28.0635 4.4537 28.1935H4.5837ZM29.5537 12.0035C29.5537 8.8835 27.8637 7.1735 24.7637 7.1735H11.5937C8.4937 7.1735 6.7937 8.8835 6.7937 12.0035V30.6435C6.7937 33.7535 8.5037 35.4635 11.5937 35.4635H24.7637C27.8537 35.4635 29.5537 33.7535 29.5537 30.6435Z","geometry":{"width":29.55859375,"height":35.46484375}}