{"path":"M0.0037 11.3877V4.7977C0.0037 1.6977 1.7137 -0.0023 4.8237 -0.0023H27.8037C30.9437 -0.0023 32.6337 1.6977 32.6337 4.7977V11.3877ZM4.8237 26.1377C1.7137 26.1377 0.0037 24.4477 0.0037 21.3377V14.7477H32.6337V21.3377C32.6337 24.4477 30.9437 26.1377 27.8037 26.1377Z","geometry":{"width":32.634765625,"height":26.140625}}