{"path":"M3.7637 32.6653H18.0437C20.2737 32.6653 21.8037 31.0853 21.8037 28.8053V3.8553C21.8037 1.5753 20.2737 -0.0047 18.0437 -0.0047H3.7637C1.5337 -0.0047 0.0037 1.5753 0.0037 3.8553V28.8053C0.0037 31.0853 1.5337 32.6653 3.7637 32.6653ZM3.2937 4.1153C3.2937 3.6253 3.6237 3.2853 4.1137 3.2853H17.7637C18.2137 3.2853 18.5137 3.5853 18.5137 4.0353V11.4553H3.2937ZM6.0137 9.7653C6.5537 9.7653 6.9437 9.3653 6.9437 8.8153V5.7053C6.9437 5.1653 6.5537 4.7753 6.0137 4.7753C5.4737 4.7753 5.0837 5.1653 5.0837 5.7053V8.8153C5.0837 9.3653 5.4737 9.7653 6.0137 9.7653ZM3.2937 25.3453V13.5653H18.5137V25.3453ZM6.0137 19.6353C6.5537 19.6353 6.9437 19.2453 6.9437 18.7053V15.5853C6.9437 15.0353 6.5537 14.6553 6.0137 14.6553C5.4737 14.6553 5.0837 15.0353 5.0837 15.5853V18.7053C5.0837 19.2453 5.4737 19.6353 6.0137 19.6353ZM4.1137 29.3653C3.6237 29.3653 3.2937 29.0353 3.2937 28.5353V27.4553H18.5137V28.6153C18.5137 29.0653 18.2137 29.3653 17.7637 29.3653Z","geometry":{"width":21.806640625,"height":32.662109375}}