{"path":"M29.8737 10.3666C30.9537 10.3666 31.6637 9.7766 31.6637 8.5266V2.0366C31.6637 0.8166 30.8037 -0.0034 29.6037 -0.0034C28.6437 -0.0034 28.0137 0.2966 27.2937 0.8466L25.4537 2.1966C24.9137 2.5966 24.7437 2.8966 24.7437 3.3666C24.7437 4.0466 25.2337 4.4966 25.9037 4.4966C26.2337 4.4966 26.4837 4.4166 26.7437 4.2066L27.9737 3.2366H28.0837V8.5266C28.0837 9.7766 28.7937 10.3666 29.8737 10.3666ZM1.8437 14.8766C2.9237 14.8766 3.6737 14.1366 3.6737 13.0266V11.9666C3.6737 9.5566 5.2737 8.0766 7.8737 8.0766H14.2837V11.1266C14.2837 11.9766 14.7937 12.4866 15.6237 12.4866C16.0237 12.4866 16.3537 12.3466 16.6137 12.1266L22.3237 7.3166C22.9537 6.7766 22.9537 5.9166 22.3237 5.3866L16.6137 0.5766C16.3537 0.3566 16.0237 0.2166 15.6237 0.2166C14.7937 0.2166 14.2837 0.7366 14.2837 1.5866V4.4866H8.0637C3.0937 4.4866 0.0037 7.1366 0.0037 11.4966V13.0266C0.0037 14.1266 0.7537 14.8766 1.8437 14.8766ZM29.7937 12.9866C28.6937 12.9866 27.9637 13.7266 27.9637 14.8366V15.8966C27.9637 18.3066 26.3437 19.7866 23.7637 19.7866H13.3537V16.7366C13.3537 15.8866 12.8337 15.3666 12.0037 15.3666C11.6237 15.3666 11.2937 15.5066 11.0337 15.7266L5.3137 20.5366C4.6937 21.0866 4.6937 21.9266 5.3137 22.4666L11.0337 27.2766C11.2937 27.4966 11.6237 27.6266 12.0037 27.6266C12.8337 27.6266 13.3537 27.1266 13.3537 26.2766V23.3766H23.5537C28.5337 23.3766 31.6237 20.7266 31.6237 16.3666V14.8366C31.6237 13.7366 30.8737 12.9866 29.7937 12.9866Z","geometry":{"width":31.6640625,"height":27.630859375}}