{"path":"M1.8437 14.6578C2.8737 14.6578 3.6737 13.8478 3.6737 12.8078V11.7478C3.6737 9.3378 5.2737 7.8578 7.8737 7.8578H18.2837V10.9078C18.2837 11.7578 18.7837 12.2678 19.6237 12.2678C20.0137 12.2678 20.3337 12.1278 20.5937 11.9078L26.3037 7.0978C26.9337 6.5578 26.9437 5.6978 26.3037 5.1678L20.5937 0.3578C20.3337 0.1378 20.0137 -0.0022 19.6237 -0.0022C18.7837 -0.0022 18.2837 0.5178 18.2837 1.3678V4.2678H8.0637C3.0937 4.2678 0.0037 6.9178 0.0037 11.2778V12.8078C0.0037 13.8478 0.8237 14.6578 1.8437 14.6578ZM29.7937 12.7678C28.7637 12.7678 27.9637 13.5878 27.9637 14.6178V15.6778C27.9637 18.0878 26.3437 19.5678 23.7637 19.5678H13.3537V16.5178C13.3537 15.6678 12.8337 15.1478 12.0037 15.1478C11.6237 15.1478 11.2937 15.2878 11.0337 15.5078L5.3137 20.3178C4.6937 20.8678 4.6937 21.7078 5.3137 22.2478L11.0337 27.0578C11.2937 27.2778 11.6237 27.4078 12.0037 27.4078C12.8337 27.4078 13.3537 26.9078 13.3537 26.0578V23.1578H23.5537C28.5337 23.1578 31.6237 20.5078 31.6237 16.1478V14.6178C31.6237 13.5878 30.8137 12.7678 29.7937 12.7678Z","geometry":{"width":31.623046875,"height":27.412109375}}