{"path":"M20.2635 25.2229C21.5335 25.2229 22.5735 24.2429 22.5735 22.6029V2.6129C22.5735 0.9729 21.5335 0.0029 20.2635 0.0029C19.6235 0.0029 19.0435 0.1929 18.2935 0.6329L1.8835 10.1429C0.6335 10.8829 0.0035 11.5529 0.0035 12.6029C0.0035 13.6729 0.6335 14.3429 1.8835 15.0629L18.2935 24.5829C19.0435 25.0229 19.6235 25.2229 20.2635 25.2229ZM18.7435 20.6129C18.7035 20.6129 18.6635 20.6029 18.5935 20.5629L5.0335 12.7429C4.9735 12.7029 4.9335 12.6729 4.9335 12.6029C4.9335 12.5529 4.9735 12.5129 5.0335 12.4729L18.5935 4.6329C18.6635 4.6029 18.7035 4.5829 18.7435 4.5829C18.8235 4.5829 18.8635 4.6329 18.8635 4.7329V20.4829C18.8635 20.5629 18.8235 20.6129 18.7435 20.6129Z","geometry":{"width":22.572265625,"height":25.224609375}}