{"path":"M9.5537 26.714C10.7037 26.714 11.4737 25.904 11.4737 24.824C11.4737 24.214 11.2237 23.774 10.8537 23.424L8.0937 20.724L6.0137 19.014L9.1037 19.164H25.5237C29.3437 19.164 31.0237 17.484 31.0237 13.644V5.494C31.0237 1.684 29.3437 0.004 25.5237 0.004H18.0637C16.8937 0.004 16.0537 0.884 16.0537 1.984C16.0537 3.074 16.8937 3.964 18.0637 3.964H25.3437C26.6037 3.964 27.1437 4.484 27.1437 5.754V13.394C27.1437 14.674 26.6037 15.204 25.3437 15.204H9.1037L6.0137 15.344L8.0937 13.634L10.8537 10.954C11.2237 10.594 11.4737 10.154 11.4737 9.544C11.4737 8.464 10.7037 7.654 9.5537 7.654C9.0537 7.654 8.5337 7.874 8.1337 8.274L0.5837 15.724C0.2237 16.094 0.0037 16.634 0.0037 17.184C0.0037 17.714 0.2237 18.284 0.5837 18.644L8.1337 26.104C8.5337 26.494 9.0537 26.714 9.5537 26.714Z","geometry":{"width":31.021484375,"height":26.71484375}}