{"path":"M21.4637 26.714C21.9737 26.714 22.4937 26.494 22.8837 26.104L30.4337 18.644C30.8037 18.284 31.0237 17.714 31.0237 17.184C31.0237 16.634 30.8037 16.094 30.4337 15.724L22.8837 8.274C22.4937 7.874 21.9737 7.654 21.4637 7.654C20.3137 7.654 19.5337 8.464 19.5337 9.544C19.5337 10.154 19.7937 10.594 20.1637 10.954L22.9237 13.634L24.9937 15.344L21.9137 15.204H5.6737C4.4137 15.204 3.8837 14.674 3.8837 13.394V5.754C3.8837 4.484 4.4037 3.964 5.6737 3.964H12.9637C14.1237 3.964 14.9737 3.074 14.9737 1.984C14.9737 0.884 14.1237 0.004 12.9637 0.004H5.4937C1.6837 0.004 0.0037 1.684 0.0037 5.494V13.644C0.0037 17.484 1.6837 19.164 5.4937 19.164H21.9137L24.9937 19.014L22.9237 20.724L20.1637 23.424C19.7937 23.774 19.5337 24.214 19.5337 24.824C19.5337 25.904 20.3137 26.714 21.4637 26.714Z","geometry":{"width":31.021484375,"height":26.71484375}}