{"path":"M1.293 21.2841H3.043C3.943 21.2841 4.403 20.8041 4.553 20.1641C6.143 13.8541 6.283 7.2841 4.173 0.8641C3.983 0.2841 3.553 0.0041 2.903 0.0041H2.283C1.613 0.0041 1.093 0.4741 1.273 1.2741C2.793 7.9341 2.323 13.5341 0.113 19.5341C-0.227 20.4541 0.223 21.2841 1.293 21.2841ZM32.463 21.2841H34.063C35.213 21.2841 35.603 20.4441 35.403 19.5741C33.443 10.5641 28.343 4.4341 23.463 0.5841C22.853 0.1141 22.483 0.0041 22.043 0.0041H21.293C20.563 0.0041 20.113 0.8741 20.693 1.4641C26.733 7.6141 29.493 13.0741 30.723 19.8241C30.863 20.5441 31.213 21.2841 32.463 21.2841ZM13.923 4.2841H14.573C15.373 4.2841 15.713 3.4541 15.233 2.7441C14.593 1.7741 13.953 0.9941 13.453 0.4941C13.153 0.1741 12.853 0.0941 12.283 0.0941H11.853C11.243 0.0941 10.813 0.7341 11.223 1.3941C11.953 2.5041 12.323 3.1441 12.583 3.5641C12.933 4.1541 13.343 4.2841 13.923 4.2841ZM16.373 10.9741H17.623C18.443 10.9741 18.813 10.3941 18.553 9.6541C18.213 8.6441 17.813 7.6541 17.513 6.9741C17.273 6.4641 16.953 6.2241 16.303 6.2241H15.343C14.593 6.2241 14.123 6.7441 14.423 7.5441C14.713 8.4541 14.973 9.3641 15.113 9.9841C15.263 10.5641 15.613 10.9741 16.373 10.9741ZM17.733 21.2041H18.953C19.743 21.2041 20.173 20.7541 20.153 19.9341C20.133 18.0741 19.883 15.6641 19.473 14.1241C19.283 13.4141 18.803 13.1341 18.183 13.1341H17.273C16.453 13.1341 16.003 13.4841 16.133 14.5041C16.303 15.8741 16.453 18.0041 16.473 19.9641C16.493 20.8041 16.953 21.2041 17.733 21.2041Z","geometry":{"width":35.45116375721283,"height":21.287109375}}