{"path":"M2.9907 21.2841C4.2307 21.2841 4.5907 20.5441 4.7307 19.8241C5.9607 13.0741 8.7207 7.6141 14.7607 1.4641C15.3407 0.8741 14.8907 0.0041 14.1607 0.0041H13.4107C12.9707 0.0041 12.6007 0.1141 12.0007 0.5841C7.1107 4.4341 2.0107 10.5641 0.0507 19.5741C-0.1493 20.4441 0.2407 21.2841 1.3907 21.2841ZM34.1607 21.2841C35.2407 21.2841 35.6807 20.4541 35.3407 19.5341C33.1207 13.5341 32.6607 7.9341 34.1907 1.2741C34.3507 0.4741 33.8307 0.0041 33.1607 0.0041H32.5507C31.8907 0.0041 31.4707 0.2841 31.2807 0.8641C29.1707 7.2841 29.3107 13.8541 30.8907 20.1641C31.0507 20.8041 31.5107 21.2841 32.4107 21.2841ZM21.5307 4.2841C22.1007 4.2841 22.5307 4.1541 22.8707 3.5641C23.1307 3.1441 23.5007 2.5041 24.2207 1.3941C24.6507 0.7341 24.2107 0.0941 23.5907 0.0941H23.1707C22.6007 0.0941 22.3007 0.1741 21.9907 0.4941C21.5007 0.9941 20.8607 1.7741 20.2207 2.7441C19.7507 3.4541 20.0807 4.2841 20.8907 4.2841ZM19.0807 10.9741C19.8307 10.9741 20.1907 10.5641 20.3407 9.9841C20.4807 9.3641 20.7407 8.4541 21.0407 7.5441C21.3207 6.7441 20.8607 6.2241 20.1107 6.2241H19.1507C18.4907 6.2241 18.1807 6.4641 17.9307 6.9741C17.6307 7.6541 17.2407 8.6441 16.8907 9.6541C16.6407 10.3941 17.0007 10.9741 17.8207 10.9741ZM17.7207 21.2041C18.4907 21.2041 18.9607 20.8041 18.9707 19.9641C19.0007 18.0041 19.1507 15.8741 19.3307 14.5041C19.4507 13.4841 19.0007 13.1341 18.1807 13.1341H17.2607C16.6507 13.1341 16.1707 13.4141 15.9807 14.1241C15.5707 15.6641 15.3207 18.0741 15.3007 19.9341C15.2807 20.7541 15.7107 21.2041 16.5007 21.2041Z","geometry":{"width":35.45274050841923,"height":21.287109375}}