{"path":"M-0.0037 1.7673C-0.0037 2.7373 0.7963 3.5273 1.7663 3.5273H28.7263C29.6963 3.5273 30.4863 2.7373 30.4863 1.7673C30.4863 0.7973 29.6963 -0.0027 28.7263 -0.0027H1.7663C0.7963 -0.0027 -0.0037 0.7973 -0.0037 1.7673ZM1.7663 7.1773C2.3763 7.1773 2.8663 6.6573 2.8663 6.0573C2.8663 5.4373 2.3763 4.9473 1.7663 4.9473C1.1363 4.9473 0.6463 5.4373 0.6463 6.0573C0.6463 6.6573 1.1363 7.1773 1.7663 7.1773ZM6.0163 10.4873H27.7263C28.5363 10.4873 29.0763 9.9273 29.0763 9.1373V6.4573C29.0763 5.6473 28.5363 5.0973 27.7263 5.0973H6.0163C5.2263 5.0973 4.6663 5.6473 4.6663 6.4373V9.1373C4.6663 9.9273 5.2263 10.4873 6.0163 10.4873ZM1.7663 10.3373C2.3763 10.3373 2.8663 9.8173 2.8663 9.2173C2.8663 8.5973 2.3763 8.1073 1.7663 8.1073C1.1363 8.1073 0.6463 8.5973 0.6463 9.2173C0.6463 9.8173 1.1363 10.3373 1.7663 10.3373ZM1.7663 13.4673C2.3763 13.4673 2.8663 12.9573 2.8663 12.3573C2.8663 11.7473 2.3763 11.2473 1.7663 11.2473C1.1363 11.2473 0.6463 11.7473 0.6463 12.3573C0.6463 12.9573 1.1363 13.4673 1.7663 13.4673ZM7.5463 17.0473H26.1963C27.0063 17.0473 27.5463 16.4973 27.5463 15.7073V12.4673H6.1963V15.7073C6.1963 16.5173 6.7563 17.0473 7.5463 17.0473ZM1.7663 16.6073C2.3763 16.6073 2.8663 16.0873 2.8663 15.5073C2.8663 14.8873 2.3763 14.3973 1.7663 14.3973C1.1363 14.3973 0.6463 14.8873 0.6463 15.5073C0.6463 16.0873 1.1363 16.6073 1.7663 16.6073ZM1.7663 19.7573C2.3763 19.7573 2.8663 19.2473 2.8663 18.6473C2.8663 18.0373 2.3763 17.5373 1.7663 17.5373C1.1363 17.5373 0.6463 18.0373 0.6463 18.6473C0.6463 19.2473 1.1363 19.7573 1.7663 19.7573ZM1.7663 22.8973C2.3763 22.8973 2.8663 22.3973 2.8663 21.7973C2.8663 21.1673 2.3763 20.6873 1.7663 20.6873C1.1363 20.6873 0.6463 21.1673 0.6463 21.7973C0.6463 22.3973 1.1363 22.8973 1.7663 22.8973ZM1.7663 29.3673C2.4563 29.3673 3.0263 28.7973 3.0263 28.0773V25.0973C3.0263 24.4073 2.4563 23.8173 1.7663 23.8173C1.0563 23.8173 0.4963 24.4073 0.4963 25.0973V28.0773C0.4963 28.7973 1.0563 29.3673 1.7663 29.3673Z","geometry":{"width":30.48828125,"height":29.3671875}}