{"path":"M0.0037 11.7972C0.0037 15.4172 1.6137 18.6472 4.1437 20.7972L4.1537 30.1472C4.1537 31.3272 4.8937 31.8872 5.7837 31.8872C6.4137 31.8872 6.8637 31.5972 7.3437 31.1272L11.4737 27.0272C11.6337 26.8672 11.7837 26.7972 11.9237 26.7972C12.0737 26.7972 12.2237 26.8672 12.3837 27.0272L16.5137 31.1272C16.9937 31.5972 17.4637 31.8872 18.0737 31.8872C18.9637 31.8872 19.7037 31.3272 19.7037 30.1472V20.5072C22.0537 18.3572 23.5337 15.2572 23.5337 11.7972C23.5437 5.2372 18.2937 -0.0028 11.7737 -0.0028C5.2237 -0.0028 0.0037 5.2372 0.0037 11.7972ZM3.5837 11.7972C3.5637 7.2372 7.1737 3.5372 11.7737 3.5372C16.3537 3.5372 19.9637 7.2372 19.9737 11.7972C19.9737 16.3372 16.3537 20.0472 11.7737 20.0272C7.1737 20.0272 3.5637 16.3372 3.5837 11.7972Z","geometry":{"width":23.529323517273767,"height":31.8828125}}