{"path":"M1.2076 13.579C1.8776 13.579 2.4376 13.019 2.4376 12.349V10.019C2.4376 7.189 4.3076 5.149 7.0776 5.149H7.8176V6.879C7.8176 7.979 8.7876 8.309 9.6376 7.659L13.4676 4.779C14.0676 4.329 14.0576 3.689 13.4676 3.229L9.6376 0.339C8.7776 -0.321 7.8176 0.009 7.8176 1.139V2.849H7.1276C2.9776 2.849 -0.0024 5.779 -0.0024 9.999V12.349C-0.0024 13.019 0.5476 13.579 1.2076 13.579ZM10.9776 32.379H24.4576C27.1976 32.379 28.6876 30.919 28.6876 28.159V14.709C28.6876 11.939 27.1976 10.479 24.4576 10.479H10.9776C8.2576 10.479 6.7576 11.939 6.7576 14.709V28.159C6.7576 30.919 8.2576 32.379 10.9776 32.379ZM11.3376 29.029C10.4976 29.029 10.1076 28.689 10.1076 27.799V15.059C10.1076 14.169 10.4976 13.829 11.3376 13.829H24.1076C24.9376 13.829 25.3376 14.169 25.3376 15.059V27.799C25.3376 28.689 24.9376 29.029 24.1076 29.029Z","geometry":{"width":28.68359375,"height":32.38189913785147}}