{"path":"M27.4837 13.579C28.1337 13.579 28.6937 13.019 28.6937 12.349V9.999C28.6937 5.779 25.7037 2.849 21.5637 2.849H20.8737V1.139C20.8737 0.009 19.9037 -0.321 19.0437 0.339L15.2137 3.229C14.6337 3.669 14.6137 4.329 15.2137 4.779L19.0437 7.659C19.9037 8.309 20.8737 7.979 20.8737 6.879V5.149H21.6037C24.3737 5.149 26.2637 7.189 26.2637 10.019V12.349C26.2637 13.019 26.8137 13.579 27.4837 13.579ZM4.2237 32.379H17.7037C20.4437 32.379 21.9337 30.919 21.9337 28.159V14.709C21.9337 11.939 20.4437 10.479 17.7037 10.479H4.2237C1.5037 10.479 0.0037 11.939 0.0037 14.709V28.159C0.0037 30.919 1.5037 32.379 4.2237 32.379Z","geometry":{"width":28.697265625,"height":32.38189913785147}}