{"path":"M11.7627 -0.0023C3.5027 -0.0023 0.0027 3.6077 0.0027 11.7177V21.3377C0.0027 24.4477 1.7127 26.1377 4.8227 26.1377H28.5927C31.7027 26.1377 33.4127 24.4477 33.4127 21.3377V11.7177C33.4127 3.6077 29.9127 -0.0023 21.6527 -0.0023ZM11.8927 3.5377H21.5227C27.3827 3.5377 29.8827 6.0577 29.8827 11.7077V20.9177C29.8827 22.0277 29.2727 22.6177 28.1927 22.6177H5.2127C4.1427 22.6177 3.5227 22.0277 3.5227 20.9177V11.7077C3.5227 6.0577 6.0327 3.5377 11.8927 3.5377ZM22.4327 19.0977C23.5127 19.0977 24.1127 18.3877 24.1127 17.2377V9.7477H26.3027C27.1527 9.7477 27.6827 9.2677 27.6827 8.4677C27.6827 7.6577 27.1527 7.1777 26.3027 7.1777H18.5927C17.7427 7.1777 17.2127 7.6577 17.2127 8.4677C17.2127 9.2677 17.7427 9.7477 18.5927 9.7477H20.7627V17.2377C20.7627 18.3877 21.3727 19.0977 22.4327 19.0977ZM8.0127 19.0977C8.9427 19.0977 9.4927 18.4977 9.4927 17.4677V14.9477H11.1827L13.0927 18.0477C13.5727 18.8377 13.9627 19.0977 14.5927 19.0977C15.3927 19.0977 15.9727 18.5677 15.9727 17.8277C15.9727 17.4577 15.8627 17.1677 15.6427 16.8577L13.9827 14.4077C15.4527 13.9477 16.3927 12.6377 16.3927 11.0377C16.3927 8.6177 14.6827 7.1877 11.8027 7.1877H8.2627C7.1327 7.1877 6.5627 7.8377 6.5627 8.9777V17.4677C6.5627 18.4977 7.0827 19.0977 8.0127 19.0977ZM9.4927 12.7977V9.3777H11.4327C12.5827 9.3777 13.3027 10.0177 13.3027 11.0977C13.3027 12.1677 12.5627 12.7977 11.4027 12.7977Z","geometry":{"width":33.4140625,"height":26.140625}}