{"path":"M4.8237 26.1377H21.3137C24.4437 26.1377 26.1437 24.4477 26.1437 21.3377V4.7977C26.1437 1.6977 24.4437 -0.0023 21.3137 -0.0023H4.8237C1.7137 -0.0023 0.0037 1.6977 0.0037 4.7977V21.3377C0.0037 24.4477 1.7137 26.1377 4.8237 26.1377ZM10.8037 20.0177C9.9837 20.0177 9.4037 19.4677 9.4037 18.6377V17.8377H8.2537C7.8437 17.8377 7.6137 17.5777 7.6137 17.2177C7.6137 16.8277 7.8437 16.5677 8.2537 16.5677H9.4037V15.2077H8.2437C7.8337 15.2077 7.5837 14.9477 7.5837 14.5577C7.5837 14.1777 7.8337 13.9177 8.2437 13.9177H9.4037V8.3577C9.4037 7.4377 9.9437 6.8877 10.8237 6.8877H14.3537C16.9937 6.8877 18.7137 8.6177 18.7137 11.0577C18.7137 13.4777 16.9237 15.2177 14.2437 15.2177H12.1937V16.5677H15.0437C15.4537 16.5677 15.6937 16.8277 15.6937 17.2177C15.6937 17.5777 15.4537 17.8377 15.0437 17.8377H12.1937V18.6377C12.1937 19.4577 11.6337 20.0177 10.8037 20.0177ZM12.1937 12.9877L13.7637 12.9977C15.1337 12.9977 15.9137 12.2677 15.9137 11.0877C15.9137 9.9377 15.1437 9.1977 13.7637 9.1977H12.1937Z","geometry":{"width":26.140625,"height":26.140625}}