{"path":"M0.0037 19.8801C0.0037 20.3301 0.3737 20.7001 0.8037 20.7001H3.5137V22.3801C3.5137 23.8601 4.4337 24.7901 5.8537 24.7901C7.2737 24.7901 8.2037 23.8601 8.2037 22.3801V20.7001H14.2237C14.6537 20.7001 15.0237 20.3301 15.0237 19.8801C15.0237 19.4401 14.6537 19.0701 14.2237 19.0701H8.2037V15.5401H12.6637C17.6637 15.5401 21.0237 12.3201 21.0237 7.7901C21.0237 3.2101 17.8037 0.0001 12.8937 0.0001H5.9237C4.4037 0.0001 3.5137 0.9301 3.5137 2.5201V13.8501H0.8437C0.3837 13.8501 0.0037 14.2301 0.0037 14.7001C0.0037 15.1601 0.3837 15.5401 0.8437 15.5401H3.5137V19.0701H0.8037C0.3737 19.0701 0.0037 19.4401 0.0037 19.8801ZM8.2037 11.9601V3.7301H11.5137C14.6137 3.7301 16.2837 5.3001 16.2837 7.8301C16.2837 10.3901 14.6037 11.9601 11.4837 11.9601Z","geometry":{"width":21.02734375,"height":24.787109375}}