{"path":"M4.8237 26.1377H21.3137C24.4437 26.1377 26.1437 24.4477 26.1437 21.3377V4.7977C26.1437 1.6977 24.4437 -0.0023 21.3137 -0.0023H4.8237C1.7137 -0.0023 0.0037 1.6977 0.0037 4.7977V21.3377C0.0037 24.4477 1.7137 26.1377 4.8237 26.1377ZM8.7737 19.9477C8.0637 19.9477 7.7137 19.4577 7.7137 18.7477V7.9177C7.7137 7.0577 8.1237 6.5877 8.8737 6.5877H10.3037C12.4837 6.5877 13.5937 7.9177 13.5937 10.5777C13.5937 12.1377 13.0437 13.5177 12.0737 14.1277L13.3537 18.1277C13.4437 18.3577 13.5037 18.6777 13.5037 18.9077C13.5037 19.5477 13.0837 19.9477 12.4537 19.9477C11.9037 19.9477 11.5637 19.6877 11.4137 19.0977L10.2237 15.2177H9.8737V18.7477C9.8737 19.4677 9.4837 19.9477 8.7737 19.9477ZM9.8737 12.6777H10.2837C11.0737 12.6777 11.4037 11.9677 11.4037 10.6877C11.4037 9.4177 11.0737 8.7177 10.3037 8.7177H9.8737ZM16.7437 19.9477C15.2337 19.9477 14.2237 18.9477 14.0637 17.6777C14.0437 17.5277 14.0437 17.3777 14.0437 17.2177C14.0437 16.5577 14.4237 16.1177 15.0837 16.1177C15.7137 16.1177 16.0237 16.5277 16.0937 17.0877C16.1437 17.6677 16.3137 18.0377 16.7437 18.0377C17.1537 18.0377 17.3637 17.7177 17.3637 17.1477C17.3637 16.5577 17.1137 16.1977 16.5537 15.8977L16.0237 15.6177C14.6537 14.8477 14.1137 13.9477 14.1137 12.5777C14.1137 10.7777 15.1437 9.6277 16.7437 9.6277C18.1837 9.6277 19.1137 10.5577 19.3037 11.9077C19.3337 12.0877 19.3437 12.2377 19.3437 12.4277C19.3437 13.0677 18.9637 13.4977 18.3337 13.4977C17.7237 13.4977 17.3937 13.1277 17.3337 12.5077C17.2937 11.9377 17.1737 11.5777 16.7437 11.5777C16.3637 11.5777 16.1837 11.9177 16.1837 12.4377C16.1837 13.0177 16.4637 13.3577 17.0737 13.6977L17.5837 13.9877C19.0037 14.7677 19.4937 15.5877 19.4937 16.9277C19.4937 18.7977 18.4437 19.9477 16.7437 19.9477Z","geometry":{"width":26.140625,"height":26.140625}}