{"path":"M0.136 28.7914L0.936 31.3514C0.956 31.4414 0.986 31.5414 1.016 31.6214C2.136 31.5914 2.876 31.3214 3.746 30.7114C4.696 30.0214 6.336 28.8214 8.626 28.8214C10.786 28.8214 12.386 29.8914 13.386 30.6214C14.596 31.5114 14.796 31.6514 15.246 31.6514C15.686 31.6514 15.906 31.5114 17.096 30.6214C18.096 29.9014 19.686 28.8214 21.856 28.8214C24.146 28.8214 25.806 30.0214 26.736 30.7114C27.616 31.3214 28.396 31.6114 29.616 31.6214L31.706 29.1914C32.896 27.7414 31.996 25.9114 30.086 25.9114H16.126V23.0914H21.116C25.416 23.0914 27.936 20.5114 27.936 16.8414C27.936 10.7714 21.616 4.0914 16.026 1.2014L16.016 0.9414C15.886 0.4014 15.356 0.0014 14.766 0.0014C14.026 0.0014 13.426 0.6014 13.426 1.3514V1.9714C13.426 6.8214 8.346 15.7914 2.436 19.7514C0.766 20.8514 1.616 23.0914 3.436 23.0914H13.426V25.9114H2.186C0.486 25.9114 -0.354 27.1814 0.136 28.7914ZM16.126 20.0814V4.2614C18.186 6.2314 19.116 9.6914 19.116 12.5614C19.116 15.7614 18.036 18.6214 16.126 20.0814ZM0.196 34.8614C0.196 35.6314 0.826 36.2614 1.586 36.2614H1.696C6.256 36.2614 6.576 33.4314 8.626 33.4314C10.656 33.4314 11.176 36.2614 15.246 36.2614C19.306 36.2614 19.826 33.4314 21.856 33.4314C23.906 33.4314 24.226 36.2614 28.796 36.2614H30.246C31.026 36.2614 31.636 35.6314 31.636 34.8614C31.636 34.1014 31.026 33.4814 30.246 33.4814H28.796C27.596 33.4814 26.816 33.0014 25.666 32.1814C24.766 31.5314 23.536 30.6514 21.856 30.6514C20.146 30.6514 18.916 31.5514 18.006 32.2214C17.036 32.9514 16.356 33.4814 15.246 33.4814C14.126 33.4814 13.446 32.9514 12.476 32.2214C11.566 31.5514 10.336 30.6514 8.626 30.6514C6.946 30.6514 5.736 31.5314 4.816 32.1814C3.666 33.0014 2.906 33.4814 1.696 33.4814H1.586C0.826 33.4814 0.196 34.1014 0.196 34.8614Z","geometry":{"width":32.243697539684334,"height":36.2578125}}