{"path":"M0.0309 23.2589C0.0309 24.0089 0.3709 24.5989 1.0109 24.9789L3.7209 26.5389C4.2509 26.8489 4.7009 26.8889 5.3209 26.5189L7.9709 24.9889C8.6109 24.6189 8.8009 24.2489 8.8009 23.5789L8.8209 22.0189L14.8209 18.9989L20.7409 21.9789L20.7509 23.5989C20.7509 24.2689 20.9409 24.6389 21.5909 25.0089L24.2309 26.5389C24.8509 26.9089 25.3109 26.8589 25.8409 26.5489L28.5509 24.9889C29.1909 24.6089 29.5309 24.0189 29.5309 23.2689L29.5609 20.1489C29.5609 19.5189 29.3709 19.0989 28.7509 18.7389L26.0709 17.1989C25.4709 16.8589 24.9809 16.8989 24.4409 17.1989L21.7109 18.7689L21.7009 18.7789L16.4709 16.1589V8.8889L18.4809 7.7189C19.0409 7.4089 19.2809 7.0289 19.2809 6.2989V3.2389C19.2809 2.5189 19.0409 2.1589 18.4809 1.8289L15.7809 0.2689C15.1209 -0.1011 14.4409 -0.0811 13.7909 0.2689L11.0909 1.8289C10.5409 2.1289 10.2809 2.5189 10.2809 3.2389V6.2989C10.2809 7.0089 10.5509 7.4089 11.1009 7.7189L13.1809 8.9289V16.1589L7.9209 18.7989C7.8909 18.7789 7.8609 18.7689 7.8509 18.7589L5.1109 17.1789C4.5809 16.8789 4.0709 16.8389 3.4909 17.1789L0.8109 18.7289C0.1909 19.0889 0.0009 19.4989 0.0009 20.1189Z","geometry":{"width":29.55859375,"height":26.798710566565465}}