{"path":"M0.2242 25.5511C-0.5958 28.8711 0.8842 30.8611 4.1042 30.8611H24.2442C27.4842 30.8611 28.9442 28.8711 28.1242 25.5511L25.1442 13.4111C24.5542 10.9911 22.8542 9.6811 20.3242 9.6811H15.9442V8.6311C17.5442 7.9311 18.6842 6.3311 18.6842 4.5111C18.6842 2.0511 16.6342 0.0011 14.1842 0.0011C11.7242 0.0011 9.6842 2.0511 9.6842 4.5111C9.6842 6.3311 10.8142 7.9311 12.4142 8.6111V9.6811H8.0342C5.5042 9.6811 3.7942 10.9911 3.2042 13.4111ZM14.1842 6.1411C13.2942 6.1411 12.5442 5.3911 12.5442 4.5111C12.5442 3.6211 13.2942 2.8611 14.1842 2.8611C15.0542 2.8611 15.8242 3.6211 15.8242 4.5111C15.8242 5.3911 15.0742 6.1411 14.1842 6.1411Z","geometry":{"width":28.35130724348596,"height":30.857421875}}