{"path":"M0.0037 22.2052C0.0037 25.3052 1.7137 27.0052 4.8237 27.0052H28.1537C31.2637 27.0052 32.9737 25.3052 32.9737 22.2052V17.1152C32.9737 16.0252 32.5937 14.8652 31.8137 14.0452L26.7437 8.6252C26.4537 8.3152 26.1837 8.0352 25.9037 7.7952C26.1137 7.6152 26.3137 7.4052 26.5537 7.1752L30.9137 2.8052C31.8937 1.8052 31.2937 -0.0048 29.7537 -0.0048H3.2237C1.6937 -0.0048 1.0937 1.8052 2.0737 2.8052L6.4237 7.1752C6.6537 7.4052 6.8737 7.6152 7.0837 7.7952C6.8037 8.0352 6.5337 8.3152 6.2337 8.6252L1.1637 14.0452C0.3837 14.8652 0.0037 16.0252 0.0037 17.1152ZM6.0337 2.9852H26.9437L23.8937 6.0052C23.6237 6.2752 23.3637 6.3852 22.8637 6.3852H10.1137C9.6237 6.3852 9.3637 6.2752 9.0937 6.0052ZM3.8937 15.6952L8.6637 10.3352C9.3537 9.5752 9.7637 9.2552 10.3937 9.2552H22.6037C23.2137 9.2552 23.6237 9.5752 24.3037 10.3352L29.0937 15.6952C29.3237 15.9552 29.2037 16.3152 28.7537 16.3152H4.2237C3.7837 16.3152 3.6637 15.9552 3.8937 15.6952ZM8.6937 12.3352C8.8337 12.7252 9.2237 12.8752 9.6237 12.7452L13.5537 11.3252C13.9437 11.1852 14.1537 10.7852 14.0137 10.3952C13.8737 9.9952 13.4637 9.8252 13.0737 9.9852L9.1437 11.4052C8.7337 11.5352 8.5437 11.9352 8.6937 12.3352ZM8.5837 14.7252C8.7337 15.1252 9.1337 15.2852 9.5337 15.1452L15.2537 13.0552C15.6537 12.9052 15.8637 12.5252 15.7137 12.1252C15.5537 11.7352 15.1737 11.5652 14.7637 11.7052L9.0537 13.7952C8.6437 13.9452 8.4337 14.3252 8.5837 14.7252ZM3.4337 21.7652V19.3552H29.5437V21.7652C29.5437 22.9452 28.9537 23.4752 27.8637 23.4752H5.1137C4.0237 23.4752 3.4337 22.9452 3.4337 21.7652ZM21.8337 21.4052C21.8337 21.8852 22.2137 22.2352 22.6937 22.2352H26.4537C26.9337 22.2352 27.3037 21.8852 27.3037 21.4052C27.2937 20.9452 26.9437 20.6052 26.4537 20.6052H22.6837C22.2037 20.6052 21.8237 20.9452 21.8337 21.4052Z","geometry":{"width":32.9765625,"height":27.001953125}}