{"path":"M5.9337 11.8912C8.6637 11.8912 8.9437 10.8712 10.2537 10.8712C10.5637 10.8712 10.8037 10.9212 11.1337 11.1012L12.7537 11.9912C13.0837 12.1712 13.3537 12.3212 13.5637 12.4412H13.7037C14.0837 11.0312 14.5237 10.2812 15.4737 9.5812V9.4612L13.0837 8.1912C12.0337 7.6412 11.8837 7.2212 11.8837 5.9612C11.8837 2.6412 9.2437 0.0012 5.9337 0.0012C2.6437 0.0012 0.0037 2.6512 0.0037 5.9612C0.0037 9.2512 2.6237 11.8912 5.9337 11.8912ZM5.9237 8.7512C4.4037 8.7512 3.1537 7.4812 3.1537 5.9612C3.1537 4.3712 4.4037 3.1412 5.9237 3.1412C7.4737 3.1412 8.7337 4.3712 8.7337 5.9612C8.7337 7.4812 7.4737 8.7512 5.9237 8.7512ZM5.9337 27.4412C9.2537 27.4412 11.8837 24.8112 11.8837 21.4912C11.8837 20.3312 12.0137 19.8212 12.9837 19.3012L36.4637 6.8612C35.9037 4.5112 33.3437 3.9212 29.6837 5.2512L17.6237 9.6012C15.8337 10.2412 15.0137 11.1412 14.5337 12.8112L14.2437 13.8612C14.0237 14.6612 13.6737 15.0012 12.4237 15.6512L11.1337 16.3412C10.7337 16.5412 10.5437 16.6012 10.2437 16.6012C9.0237 16.6012 8.6637 15.5412 5.9337 15.5412C2.6437 15.5412 0.0037 18.2012 0.0037 21.4912C0.0037 24.8012 2.6237 27.4412 5.9337 27.4412ZM17.8837 13.9312C17.2937 13.9312 16.7637 13.4212 16.7637 12.8012C16.7637 12.1512 17.2937 11.6612 17.8837 11.6612C18.5137 11.6612 19.0437 12.1512 19.0437 12.8012C19.0437 13.4212 18.5137 13.9312 17.8837 13.9312ZM29.6837 22.1112C33.3737 23.4612 35.8937 22.8912 36.4637 20.4712L24.6637 14.2312L18.2137 17.6612V17.8712ZM5.9237 24.2912C4.4037 24.2912 3.1537 23.0212 3.1537 21.4912C3.1537 19.9312 4.4037 18.6712 5.9237 18.6712C7.4737 18.6712 8.7337 19.9312 8.7337 21.4912C8.7337 23.0212 7.4737 24.2912 5.9237 24.2912Z","geometry":{"width":36.462890625,"height":27.439453125}}