{"path":"M6.1137 29.6451C8.9937 29.6451 11.4137 27.6451 12.0437 24.9651H21.0837C22.1737 24.9651 22.5137 24.7351 23.1237 24.1051L29.2537 17.6951L29.3637 18.1551C27.4437 19.1851 26.1437 21.2051 26.1437 23.5451C26.1437 26.9051 28.8737 29.6451 32.2537 29.6451C35.6137 29.6451 38.3537 26.9051 38.3537 23.5451C38.3537 20.1651 35.6137 17.4351 32.2537 17.4351C32.1837 17.4351 32.1137 17.4351 32.0437 17.4451L27.8737 1.1451C27.6837 0.3651 27.0337 -0.0049 26.0337 -0.0049H21.6537C20.8637 -0.0049 20.2337 0.6451 20.2337 1.4251C20.2337 2.2151 20.8637 2.8451 21.6537 2.8451H25.4037C25.5437 2.8451 25.6037 2.8951 25.6337 3.0051L28.3437 13.9951L21.1937 21.9251C21.0637 22.0651 21.0237 22.1251 20.8737 22.1251H12.0437C11.4137 19.4251 8.9937 17.4351 6.1137 17.4351C2.7337 17.4351 0.0037 20.1651 0.0037 23.5451C0.0037 26.9051 2.7337 29.6451 6.1137 29.6451ZM6.1137 25.3651C6.5537 25.3651 6.9437 25.2151 7.2637 24.9651H9.4337C8.8837 26.2451 7.6037 27.1551 6.1137 27.1551C4.1137 27.1551 2.5037 25.5351 2.5037 23.5451C2.5037 21.5351 4.1137 19.9351 6.1137 19.9351C7.6037 19.9351 8.8837 20.8251 9.4337 22.1251H7.2737C6.9637 21.8651 6.5637 21.7151 6.1137 21.7151C5.0837 21.7151 4.2937 22.5051 4.2837 23.5251C4.2637 24.5551 5.0737 25.3651 6.1137 25.3651ZM32.2537 25.3751C33.2637 25.3751 34.0737 24.5551 34.0737 23.5451C34.0737 22.8751 33.7237 22.2851 33.1937 21.9751L32.6937 19.9651C34.4837 20.1651 35.8637 21.6851 35.8637 23.5451C35.8637 25.5251 34.2437 27.1551 32.2537 27.1551C30.2437 27.1551 28.6337 25.5351 28.6337 23.5451C28.6337 22.3951 29.1637 21.3651 29.9937 20.7151L30.5337 22.8851C30.4637 23.0951 30.4237 23.3151 30.4237 23.5451C30.4037 24.5551 31.2137 25.3751 32.2537 25.3751Z","geometry":{"width":38.349609375,"height":29.640625}}