{"path":"M3.4355 25.7089L0.2755 30.4289C-0.0845 30.9589 -0.1045 31.5589 0.3055 31.9689L3.3755 35.0489C3.8055 35.4689 4.4055 35.4289 4.9355 35.0789L9.6355 31.9289C10.1755 31.5889 10.5255 31.0289 10.6255 30.4389L10.8255 29.1689L17.0255 22.9789L17.8955 23.8489C18.7555 24.7089 19.9155 24.7289 20.7955 23.8389L23.4755 21.1389C22.9955 20.4589 23.0355 19.5989 23.5955 19.0289C24.1855 18.4389 25.0455 18.3989 25.7155 18.8989L33.5955 11.0389C35.9055 8.7189 35.9555 6.2189 33.6855 3.9489L31.4055 1.6789C29.1355 -0.5911 26.6355 -0.5511 24.3255 1.7689L16.4455 9.6489C16.9555 10.3189 16.9155 11.1889 16.3355 11.7689C15.7655 12.3289 14.9055 12.3689 14.2155 11.8789L11.5255 14.5689C10.6355 15.4389 10.6455 16.5889 11.5155 17.4689L12.3855 18.3389L6.1955 24.5389L4.9255 24.7389C4.3155 24.8189 3.7755 25.1889 3.4355 25.7089ZM14.5155 15.4589L15.1855 14.7889C16.2455 14.9189 17.2855 14.5089 18.1555 13.6389C18.9855 12.8089 19.3755 11.7789 19.1955 10.7689L26.3955 3.5889C27.4255 2.5789 28.4055 2.5589 29.3855 3.5489L31.8155 5.9689C32.7855 6.9489 32.7855 7.9389 31.7755 8.9589L24.5955 16.1489C23.5655 15.9889 22.5455 16.3689 21.7155 17.2089C20.8455 18.0789 20.4355 19.1189 20.5755 20.1689L19.9055 20.8389C19.5355 21.2089 19.1155 21.2289 18.7455 20.8589L14.5055 16.6089C14.1355 16.2389 14.1455 15.8289 14.5155 15.4589ZM21.6555 10.5589C21.3255 10.8889 21.3255 11.4189 21.6855 11.7689C21.9855 12.0689 22.5455 12.0889 22.8555 11.7689L27.8955 6.6889C28.2055 6.3789 28.2155 5.8589 27.8755 5.5289C27.5655 5.1989 27.0455 5.1889 26.7055 5.5189ZM23.6155 12.5189C23.2855 12.8289 23.2955 13.3789 23.6155 13.6889C23.9355 14.0389 24.4755 14.0389 24.8055 13.7089L29.8555 8.6589C30.1755 8.3289 30.1755 7.8289 29.8555 7.4889C29.5455 7.1389 28.9755 7.1589 28.6555 7.4689ZM3.0355 30.9189L5.6855 27.4489L7.3455 27.1489L14.2755 20.2289L15.1355 21.0889L8.2055 28.0189L7.9155 29.6789L4.4255 32.3089Z","geometry":{"width":35.35764065278217,"height":35.35416369805308}}