{"path":"M11.9438 13.8237C11.1038 14.6737 11.0838 15.8237 11.9338 16.6637L17.9938 22.7337C18.8538 23.5837 19.9838 23.5737 20.8338 22.7137L22.7738 20.7537C22.3138 19.9937 22.3838 19.0737 22.9838 18.4737C23.6138 17.8537 24.5138 17.7937 25.2638 18.2937L33.0338 10.5037C35.2138 8.3137 35.2038 5.8537 33.0138 3.6837L30.9838 1.6437C28.7938 -0.5463 26.3338 -0.5463 24.1438 1.6237L16.3738 9.3937C16.8738 10.1237 16.8038 11.0437 16.1838 11.6637C15.5838 12.2837 14.6538 12.3337 13.9038 11.8737ZM20.0038 10.7437L26.1638 4.5637C26.4938 4.2437 27.0238 4.2637 27.3738 4.5837C27.7238 4.9137 27.6838 5.4437 27.3738 5.7537L21.2038 11.9337C20.8638 12.2637 20.3438 12.2537 20.0238 11.9537C19.6838 11.5937 19.6738 11.0737 20.0038 10.7437ZM22.7438 13.4537L28.9038 7.3037C29.2438 6.9837 29.7938 6.9737 30.1038 7.3137C30.4038 7.6537 30.4038 8.1737 30.0938 8.4737L23.9238 14.6737C23.5938 15.0137 23.0638 14.9837 22.7438 14.6737C22.3938 14.3037 22.3838 13.8137 22.7438 13.4537ZM3.0738 26.1537L0.2738 30.8337C-0.0862 31.4037 -0.1062 31.9837 0.3138 32.4137L2.2938 34.3837C2.7238 34.8237 3.3038 34.7537 3.8538 34.4237L8.5438 31.6237C9.0938 31.2937 9.4638 30.7137 9.5238 30.1337L9.6538 28.8337L15.4738 22.9937L11.7038 19.2337L5.8638 25.0437L4.5638 25.1737C3.9938 25.2237 3.4038 25.5937 3.0738 26.1537Z","geometry":{"width":34.66336859677817,"height":34.694187193189386}}