{"path":"M0.4609 17.4876C1.1109 18.1576 2.0909 18.1376 2.7309 17.4876L5.1409 15.0876C14.3309 5.8976 18.0709 2.3876 19.1809 3.4776C20.0309 4.3276 17.6909 6.9176 13.9209 11.3676C10.1809 15.7676 5.7409 20.7076 8.9009 23.8776C11.7309 26.7376 16.1509 23.0576 19.6709 19.6676C22.8409 16.6276 24.2009 15.4576 24.4409 15.6876C24.6909 15.9276 23.9409 16.6576 22.9009 18.4576C21.6009 20.7176 19.8209 23.6676 21.7509 25.5976C23.2309 27.0776 25.5709 26.3276 28.3709 23.5076C29.0909 22.7676 29.1309 21.7876 28.4809 21.1276C27.8409 20.4976 26.8809 20.4976 26.2209 21.1176C24.9109 22.3476 23.9409 23.2176 23.8409 23.1476C23.7709 23.1076 24.5809 21.8776 25.5809 20.2376C27.6409 16.8076 28.1609 14.8676 26.7509 13.4676C24.9509 11.6776 22.1209 12.8876 17.4009 17.3576C13.7709 20.7676 11.7709 22.1776 11.1709 21.5776C10.4909 20.9076 12.0409 18.3976 16.3409 13.4576C22.1509 6.7276 23.8709 3.6276 21.4509 1.2076C18.4209 -1.8124 15.3009 0.3976 2.8809 12.8176L0.4809 15.2376C-0.1591 15.8676 -0.1491 16.8476 0.4609 17.4876Z","geometry":{"width":28.943185662608325,"height":26.33821327308385}}