{"path":"M0.0037 7.1218C0.0037 8.2318 0.7837 8.9818 1.9037 8.9818H4.6637V25.1518C4.6637 28.3318 6.2937 29.9518 9.4437 29.9518H25.8437C28.7137 29.9518 30.6537 27.9418 30.6537 24.9818V20.8618C30.6537 19.7518 29.8737 19.0018 28.7537 19.0018H27.6537V4.8218C27.6537 1.7118 25.9637 0.0018 22.8637 0.0018H4.1037C1.6637 0.0018 0.0037 1.7118 0.0037 4.2518ZM3.2137 5.7818V4.2518C3.2137 3.5818 3.5837 3.2118 4.1037 3.2118C4.6337 3.2118 4.9937 3.5818 4.9937 4.2518V5.7818ZM8.1937 24.8518V4.7118C8.1937 4.2918 8.1737 3.8918 8.1237 3.5318H22.4237C23.5837 3.5318 24.1337 4.1118 24.1337 5.2118V19.0018H13.2237C12.1037 19.0018 11.3237 19.7518 11.3237 20.8618V24.8518C11.3237 25.8018 10.6737 26.4318 9.7637 26.4318C8.8437 26.4318 8.1937 25.7718 8.1937 24.8518ZM11.7437 9.0418H20.5937C21.1137 9.0418 21.5037 8.6318 21.5037 8.1118C21.5037 7.6018 21.1137 7.2218 20.5937 7.2218H11.7437C11.2137 7.2218 10.8237 7.6018 10.8237 8.1118C10.8237 8.6318 11.2137 9.0418 11.7437 9.0418ZM11.7437 13.5318H16.4637C16.9837 13.5318 17.3737 13.1418 17.3737 12.6418C17.3737 12.1318 16.9837 11.7118 16.4637 11.7118H11.7437C11.2137 11.7118 10.8237 12.1318 10.8237 12.6418C10.8237 13.1418 11.2137 13.5318 11.7437 13.5318ZM14.5237 26.4318C14.7337 25.9218 14.8437 25.3318 14.8437 24.6818V22.5318H27.1237V24.6618C27.1237 25.7418 26.4837 26.4318 25.5137 26.4318Z","geometry":{"width":30.65234375,"height":29.955078125}}