{"path":"M3.8237 0.0018C4.7537 0.4818 5.1137 1.2118 5.1137 2.4918V26.0818C5.1137 27.9018 6.1637 28.8618 7.5437 28.8618C8.8837 28.8618 9.9237 27.8918 9.9237 26.1418V21.9718C9.9237 19.8018 11.0737 18.5918 13.2637 18.5918H27.4237V4.8218C27.4237 1.7118 25.7337 0.0018 22.6237 0.0018ZM0.0037 7.1218C0.0037 8.2318 0.7837 8.9818 1.9037 8.9818H2.8837V3.7618C2.8837 2.9018 2.2837 2.3118 1.4537 2.3118C0.6137 2.3118 0.0037 2.8818 0.0037 3.7618ZM10.8237 7.4618C10.8237 6.9718 11.2137 6.5718 11.7437 6.5718H20.8337C21.3537 6.5718 21.7337 6.9718 21.7337 7.4618C21.7337 7.9818 21.3537 8.3918 20.8337 8.3918H11.7437C11.2137 8.3918 10.8237 7.9818 10.8237 7.4618ZM10.8237 12.0018C10.8237 11.4818 11.2137 11.0718 11.7437 11.0718H16.7037C17.2237 11.0718 17.6137 11.4818 17.6137 12.0018C17.6137 12.5118 17.2237 12.8918 16.7037 12.8918H11.7437C11.2137 12.8918 10.8237 12.5118 10.8237 12.0018ZM10.6937 29.9518H25.7537C28.6337 29.9518 30.5737 28.6818 30.5737 25.7218V22.6818C30.5737 21.5718 29.8037 20.8118 28.6737 20.8118H14.0537C12.9237 20.8118 12.1537 21.5718 12.1537 22.6818V25.8118C12.1537 27.5618 11.8037 28.9118 10.6937 29.9518Z","geometry":{"width":30.5703125,"height":29.955078125}}