{"path":"M4.8037 30.0965H19.4437C22.5437 30.0965 24.2437 28.3865 24.2437 25.2665V4.8265C24.2437 1.7065 22.5437 -0.0035 19.4437 -0.0035H10.9237C9.1837 -0.0035 7.8937 0.4965 6.8337 1.5765L1.4537 6.9565C0.4637 7.9265 0.0037 9.1565 0.0037 10.7965V25.2665C0.0037 28.3865 1.6937 30.0965 4.8037 30.0965ZM9.0237 6.1765C9.0237 5.5965 9.5137 5.0965 10.1037 5.0965C10.7037 5.0965 11.1737 5.5665 11.1737 6.1765V10.3765C11.1737 10.9665 10.6937 11.4565 10.1037 11.4565C9.5137 11.4565 9.0237 10.9665 9.0237 10.3765ZM12.0137 6.1765C12.0137 5.5965 12.5137 5.0965 13.1237 5.0965C13.7137 5.0965 14.1737 5.5965 14.1737 6.1765V10.3765C14.1737 10.9665 13.7037 11.4565 13.1237 11.4565C12.5237 11.4565 12.0137 10.9665 12.0137 10.3765ZM15.0537 6.1765C15.0537 5.5965 15.5137 5.0965 16.1037 5.0965C16.7237 5.0965 17.1837 5.5665 17.1837 6.1765V10.3765C17.1837 10.9665 16.6937 11.4565 16.1037 11.4565C15.5437 11.4565 15.0537 10.9665 15.0537 10.3765ZM18.0637 6.1765C18.0637 5.5965 18.5437 5.0965 19.1237 5.0965C19.7237 5.0965 20.1937 5.5665 20.1937 6.1765V10.3665C20.1937 10.9665 19.7137 11.4565 19.1237 11.4565C18.5437 11.4565 18.0637 10.9665 18.0637 10.3665Z","geometry":{"width":24.240234375,"height":30.091796875}}