{"path":"M4.8037 30.0965H19.4437C22.5437 30.0965 24.2437 28.3865 24.2437 25.2665V4.8265C24.2437 1.7065 22.5437 -0.0035 19.4437 -0.0035H10.9237C9.1837 -0.0035 7.8937 0.4965 6.8337 1.5765L1.4537 6.9565C0.4637 7.9265 0.0037 9.1565 0.0037 10.7965V25.2665C0.0037 28.3865 1.6937 30.0965 4.8037 30.0965ZM5.2237 26.5665C4.0637 26.5665 3.5237 25.9765 3.5237 24.8665V10.7765C3.5237 9.8965 3.7437 9.2965 4.2237 8.8065L8.4537 4.5565C9.1037 3.8865 9.9437 3.5265 10.9237 3.5265H19.0137C20.1837 3.5265 20.7137 4.1165 20.7137 5.2065V24.8665C20.7137 25.9765 20.1837 26.5665 19.0137 26.5665ZM8.5737 6.9165V10.9065C8.5737 11.4665 9.0237 11.9265 9.5837 11.9265C10.1437 11.9265 10.5937 11.4665 10.5937 10.9065V6.9165C10.5937 6.3465 10.1537 5.9065 9.5837 5.9065C9.0237 5.9065 8.5737 6.3565 8.5737 6.9165ZM11.3737 6.9165V10.9065C11.3737 11.4665 11.8437 11.9265 12.4137 11.9265C12.9637 11.9265 13.4137 11.4665 13.4137 10.9065V6.9165C13.4137 6.3565 12.9737 5.9065 12.4137 5.9065C11.8437 5.9065 11.3737 6.3565 11.3737 6.9165ZM14.2237 6.9165V10.9065C14.2237 11.4665 14.6737 11.9265 15.2137 11.9265C15.7637 11.9265 16.2137 11.4665 16.2137 10.9065V6.9165C16.2137 6.3465 15.7737 5.9065 15.2137 5.9065C14.6537 5.9065 14.2237 6.3565 14.2237 6.9165ZM17.0337 6.9165V10.8965C17.0337 11.4665 17.4837 11.9265 18.0337 11.9265C18.5937 11.9265 19.0437 11.4665 19.0437 10.8965V6.9165C19.0437 6.3465 18.6037 5.9065 18.0337 5.9065C17.4737 5.9065 17.0337 6.3565 17.0337 6.9165Z","geometry":{"width":24.240234375,"height":30.091796875}}