{"path":"M7.5693 27.9612H10.4393C10.6793 27.9612 10.8293 28.0112 10.9993 28.1912L13.0393 30.2212C14.9093 32.0912 16.6993 32.0912 18.5793 30.2212L20.5993 28.1912C20.7793 28.0112 20.9393 27.9612 21.1793 27.9612H24.0293C26.6793 27.9612 27.9593 26.6712 27.9593 24.0412V21.1812C27.9593 20.9512 28.0193 20.7812 28.1893 20.6012L30.2093 18.5812C32.0893 16.7112 32.0893 14.9212 30.2093 13.0412L28.1893 11.0112C28.0093 10.8312 27.9593 10.6812 27.9593 10.4512V7.5712C27.9593 4.9412 26.6793 3.6512 24.0293 3.6512H21.1793C20.9393 3.6512 20.7793 3.6012 20.5993 3.4312L18.5793 1.4112C16.6893 -0.4788 14.9293 -0.4588 13.0393 1.4112L10.9993 3.4312C10.8393 3.6012 10.6793 3.6512 10.4393 3.6512H7.5693C4.9293 3.6512 3.6493 4.9112 3.6493 7.5712V10.4512C3.6493 10.6812 3.5893 10.8412 3.4293 11.0112L1.4093 13.0412C-0.4707 14.9212 -0.4707 16.7112 1.4093 18.5812L3.4293 20.6012C3.5893 20.7812 3.6493 20.9512 3.6493 21.1812V24.0412C3.6493 26.6912 4.9293 27.9612 7.5693 27.9612ZM8.0793 24.9212C6.8893 24.9212 6.6993 24.7312 6.6793 23.5412V20.1512C6.6793 19.7612 6.5693 19.4712 6.2993 19.1812L3.8893 16.7912C3.0593 15.9412 3.0593 15.6812 3.8893 14.8312L6.2993 12.4412C6.5693 12.1712 6.6793 11.8712 6.6993 11.4812V8.0912C6.6993 6.8912 6.8693 6.7012 8.0793 6.7012H11.4693C11.8593 6.7012 12.1693 6.5912 12.4393 6.3012L14.8293 3.9112C15.6793 3.0612 15.9293 3.0512 16.7893 3.9112L19.1793 6.3012C19.4493 6.5912 19.7493 6.7012 20.1493 6.7012H23.5393C24.7193 6.7012 24.9193 6.9012 24.9193 8.0912V11.4812C24.9193 11.8712 25.0293 12.1712 25.3193 12.4412L27.7193 14.8312C28.5593 15.6812 28.5593 15.9412 27.7193 16.7912L25.3193 19.1812C25.0293 19.4712 24.9193 19.7612 24.9193 20.1512V23.5412C24.9193 24.7312 24.7193 24.9212 23.5393 24.9212L20.1493 24.9412C19.7493 24.9412 19.4693 25.0312 19.1793 25.3312L16.7893 27.7312C15.9393 28.5712 15.6793 28.5712 14.8293 27.7312L12.4393 25.3312C12.1493 25.0312 11.8593 24.9412 11.4693 24.9412Z","geometry":{"width":31.6162109375,"height":31.62134255146066}}