{"path":"M5.6337 29.2883H18.8037V32.4483C18.0437 32.9883 17.5537 33.8683 17.5537 34.8683C17.5537 36.4583 18.8937 37.8283 20.5237 37.8283C22.1237 37.8283 23.5037 36.4583 23.5037 34.8683C23.5037 33.8683 23.0537 33.0183 22.3237 32.4883V12.9083C22.3237 10.0883 20.7837 8.5483 17.9537 8.5483H4.7037V5.3583C5.4437 4.8083 5.9437 3.9383 5.9437 2.9683C5.9437 1.2883 4.6637 -0.0017 2.9637 -0.0017C1.3537 -0.0017 0.0037 1.3283 0.0037 2.9683C0.0037 3.8983 0.4637 4.7583 1.1737 5.3183V24.8583C1.1737 27.7283 2.7437 29.2883 5.6337 29.2883ZM6.1237 25.8383C5.1837 25.8383 4.7037 25.3583 4.7037 24.4083V12.0083H17.3737C18.3237 12.0083 18.8037 12.4783 18.8037 13.4383V25.8383Z","geometry":{"width":23.501953125,"height":37.830078125}}