{"path":"M4.8237 24.5584H19.5337C22.6537 24.5584 24.3637 22.8484 24.3637 19.7584V4.7984C24.3637 1.6984 22.6537 -0.0016 19.5337 -0.0016H4.8237C1.7137 -0.0016 0.0037 1.6984 0.0037 4.7984V19.7584C0.0037 22.8584 1.7137 24.5584 4.8237 24.5584ZM30.3137 16.6284C30.7937 17.1884 31.6537 17.1884 32.1937 16.5684C33.9637 14.5884 34.9337 12.0084 34.9337 9.2184C34.9337 6.4084 33.9637 3.8284 32.1937 1.8484C31.6537 1.2284 30.8037 1.2284 30.3237 1.7884C29.8337 2.3384 29.9837 3.0184 30.4737 3.5984C31.8137 5.1084 32.4937 7.0584 32.4937 9.2184C32.4937 11.3784 31.8137 13.2984 30.4737 14.8184C29.9837 15.3984 29.8337 16.0784 30.3137 16.6284ZM26.9037 13.6484C27.3837 14.1884 28.3037 14.2084 28.8237 13.5184C29.7337 12.3184 30.2837 10.8184 30.2837 9.2184C30.2837 7.6184 29.7337 6.0984 28.8237 4.9084C28.3037 4.2084 27.3937 4.2284 26.9037 4.7684C26.4037 5.3484 26.6337 5.9984 27.0337 6.5584C27.5737 7.3384 27.8337 8.2284 27.8337 9.2184C27.8337 10.1984 27.5737 11.0884 27.0337 11.8684C26.6337 12.4184 26.4037 13.0684 26.9037 13.6484ZM10.8137 13.4384C10.1737 13.4384 9.7337 12.9884 9.7337 12.3584V5.9084C9.7337 5.2784 10.1737 4.8284 10.8137 4.8284C11.4437 4.8284 11.8937 5.2784 11.8937 5.9084V12.3584C11.8937 12.9884 11.4437 13.4384 10.8137 13.4384ZM14.5837 13.4384C13.9637 13.4384 13.5037 12.9884 13.5037 12.3584V5.9084C13.5037 5.2784 13.9637 4.8284 14.5837 4.8284C15.2037 4.8284 15.6537 5.2784 15.6537 5.9084V12.3584C15.6537 12.9884 15.2037 13.4384 14.5837 13.4384ZM18.3437 13.4384C17.7337 13.4384 17.2637 12.9884 17.2637 12.3584V5.9084C17.2637 5.2784 17.7337 4.8284 18.3437 4.8284C18.9937 4.8284 19.4237 5.2784 19.4237 5.9084V12.3584C19.4237 12.9884 18.9937 13.4384 18.3437 13.4384Z","geometry":{"width":34.931640625,"height":24.5546875}}