{"path":"M4.8237 26.1377H27.8037C30.9437 26.1377 32.6337 24.4477 32.6337 21.3377V4.7977C32.6337 1.6977 30.9437 -0.0023 27.8037 -0.0023H4.8237C1.7137 -0.0023 0.0037 1.6977 0.0037 4.7977V21.3377C0.0037 24.4477 1.7137 26.1377 4.8237 26.1377ZM3.5237 5.2177C3.5237 4.0577 4.1137 3.5277 5.2137 3.5277H27.4237C28.5237 3.5277 29.1037 4.0577 29.1037 5.2177V8.1177H3.5237ZM24.9537 7.3977C25.8037 7.3877 26.5137 6.6877 26.5137 5.8377C26.5137 4.9777 25.8037 4.2477 24.9537 4.2477C24.1037 4.2477 23.3837 4.9877 23.3837 5.8377C23.3837 6.6877 24.1037 7.4077 24.9537 7.3977ZM3.5237 15.3777V10.7777H29.1037V15.3777ZM24.9537 14.6277C25.8037 14.6177 26.5137 13.9177 26.5137 13.0677C26.5137 12.1977 25.8037 11.4877 24.9537 11.4877C24.1037 11.4877 23.3837 12.2177 23.3837 13.0677C23.3837 13.9177 24.1037 14.6377 24.9537 14.6277ZM5.2137 22.6177C4.1137 22.6177 3.5237 22.0777 3.5237 20.9177V18.0377H29.1037V20.9177C29.1037 22.0777 28.5237 22.6177 27.4237 22.6177ZM24.9537 21.8477C25.8037 21.8377 26.5137 21.1377 26.5137 20.2877C26.5137 19.4277 25.8037 18.7077 24.9537 18.7077C24.1037 18.7077 23.3837 19.4377 23.3837 20.2877C23.3837 21.1377 24.1037 21.8577 24.9537 21.8477Z","geometry":{"width":32.634765625,"height":26.140625}}