{"path":"M2.5137 8.3787H7.9537V3.6087C7.9537 2.3087 7.3037 1.5987 6.0937 1.2687L1.3037 -0.0013C1.9037 0.2287 2.5137 0.7887 2.5137 1.9987ZM13.2937 20.6987L18.2137 22.0287C20.0337 22.5187 21.2337 21.7787 21.2337 19.8387V3.6087C21.2337 2.3087 20.5737 1.5887 19.3737 1.2587L14.5837 -0.0013C15.1937 0.2287 15.8037 0.7887 15.8037 1.9987V18.5487C15.8037 20.1787 14.7237 20.8387 13.2937 20.6987ZM0.0037 20.6987L4.9237 22.0287C6.7537 22.5187 7.9537 21.7787 7.9537 19.8387V16.1287H11.5637V11.8487H2.5137V18.5487C2.5137 20.1787 1.4337 20.8387 0.0037 20.6987Z","geometry":{"width":21.232421875,"height":22.173266357424307}}