{"path":"M5.7937 10.8422H11.7037C11.7537 7.0922 14.5837 4.0322 18.1337 3.7822V1.9422C18.1337 0.7122 17.4137 0.0022 16.1437 0.0022H5.7937C4.5437 0.0022 3.8137 0.7122 3.8137 1.9422V8.9022C3.8137 10.1322 4.5437 10.8422 5.7937 10.8422ZM18.5837 16.0622C21.1237 16.0622 23.2137 13.8222 23.2137 10.9622C23.2137 8.2022 21.1137 5.9922 18.5837 5.9922C16.0337 5.9922 13.9137 8.2322 13.9137 10.9822C13.9337 13.8222 16.0237 16.0622 18.5837 16.0622ZM28.7337 18.3522H32.9937C34.2637 18.3522 34.9737 17.6322 34.9737 16.4022V8.0922C34.9737 6.8522 34.2637 6.1522 32.9937 6.1522H28.7337C27.4837 6.1522 26.7537 6.8522 26.7537 8.0922V16.4022C26.7537 17.6322 27.4837 18.3522 28.7337 18.3522ZM1.9837 21.0722H4.9237C6.1837 21.0722 6.8937 20.3622 6.8937 19.1222V16.1222C6.8937 14.8722 6.1837 14.1822 4.9237 14.1822H1.9837C0.7237 14.1822 0.0037 14.8722 0.0037 16.1222V19.1222C0.0037 20.3622 0.7237 21.0722 1.9837 21.0722ZM11.1137 26.7122H26.0137C27.3937 26.7122 28.2337 26.0622 28.2337 24.9422C28.2337 22.0222 24.4437 18.0422 18.5837 18.0422C12.6837 18.0422 8.9037 22.0222 8.9037 24.9422C8.9037 26.0622 9.7337 26.7122 11.1137 26.7122Z","geometry":{"width":34.97265625,"height":26.71484375}}