{"path":"M35.1327 29.4282C35.5927 29.8882 36.3227 29.8682 36.7627 29.4182C37.2027 28.9682 37.2127 28.2582 36.7627 27.7882L9.3127 0.3382C8.8627 -0.1118 8.1227 -0.1118 7.6727 0.3382C7.2327 0.7782 7.2327 1.5282 7.6727 1.9682ZM40.4327 24.6882C41.3527 24.6882 42.1127 23.9482 42.1127 23.0182C42.1127 10.5682 32.6627 0.4082 21.0527 0.4082C18.3927 0.4082 15.8427 0.9582 13.4927 1.9382L16.1427 4.5882C17.6927 4.0582 19.3427 3.7682 21.0527 3.7682C30.8127 3.7682 38.7627 12.3982 38.7627 23.0182C38.7627 23.9482 39.5127 24.6882 40.4327 24.6882ZM1.6827 24.6882C2.5927 24.6882 3.3327 23.9482 3.3327 23.0182C3.3327 16.6382 6.2027 10.9882 10.5927 7.4982L8.2327 5.1282C3.2227 9.2482 0.0027 15.7482 0.0027 23.0182C0.0027 23.9482 0.7527 24.6882 1.6827 24.6882ZM24.5727 13.0082C25.1027 12.3282 25.4427 11.3982 25.4427 10.3782C25.4427 7.7882 23.4427 5.6982 21.0727 5.6982C20.0427 5.6982 19.0827 6.1482 18.4127 6.8582ZM35.4527 23.6882C35.6127 23.5282 35.7427 23.2982 35.7427 23.0182C35.7427 16.9682 32.4027 11.4782 27.2927 8.9082C27.6027 10.1782 27.5527 11.4982 27.1127 12.7282C29.5727 14.3682 31.2827 17.0182 31.7727 20.0082ZM8.0427 24.6882C8.9727 24.6882 9.7327 23.9482 9.7327 23.0182C9.7327 18.8382 11.7127 15.0582 14.9127 12.7982C14.6727 12.3282 14.5027 11.8182 14.4227 11.3182L13.0927 9.9782C8.9827 12.8082 6.3727 17.6982 6.3727 23.0182C6.3727 23.9482 7.1127 24.6882 8.0427 24.6882ZM14.3027 24.8082H27.9327L19.8527 16.7282C15.1227 17.2082 12.1427 20.5282 12.1427 23.0482C12.1427 24.1682 12.9627 24.8082 14.3027 24.8082Z","geometry":{"width":42.109375,"height":29.763749544223295}}