{"path":"M1.6827 24.2929C2.5927 24.2929 3.3327 23.5529 3.3327 22.6129C3.3327 11.9929 11.2827 3.3629 21.0527 3.3629C30.8127 3.3629 38.7627 11.9929 38.7627 22.6129C38.7627 23.5529 39.5127 24.2929 40.4327 24.2929C41.3527 24.2929 42.1127 23.5529 42.1127 22.6129C42.1127 10.1629 32.6627 0.0029 21.0527 0.0029C9.4427 0.0029 0.0027 10.1629 0.0027 22.6129C0.0027 23.5529 0.7527 24.2929 1.6827 24.2929ZM21.0727 14.7529C23.4727 14.7529 25.4427 12.6429 25.4427 9.9629C25.4427 7.3929 23.4427 5.3029 21.0727 5.3029C18.6627 5.3029 16.6827 7.4129 16.6927 9.9929C16.6927 12.6429 18.6627 14.7529 21.0727 14.7529ZM8.0427 24.2829C8.9727 24.2829 9.7327 23.5429 9.7327 22.6129C9.7327 18.3929 11.7627 14.5629 15.0227 12.3029C14.5727 11.0829 14.5227 9.7529 14.8627 8.4929C9.7327 11.0429 6.3727 16.5529 6.3727 22.6129C6.3727 23.5429 7.1127 24.2829 8.0427 24.2829ZM34.0527 24.2829C35.0027 24.2829 35.7427 23.5429 35.7427 22.6129C35.7427 16.5729 32.4027 11.0729 27.2927 8.5129C27.6027 9.7729 27.5527 11.0829 27.1127 12.3229C30.3627 14.5729 32.3727 18.4029 32.3727 22.6129C32.3727 23.5429 33.1427 24.2829 34.0527 24.2829ZM14.3027 24.4029H27.8227C29.1527 24.4029 29.9927 23.7629 29.9927 22.6529C29.9927 19.9029 26.4827 16.2429 21.0727 16.2429C15.6227 16.2429 12.1427 19.9029 12.1427 22.6529C12.1427 23.7629 12.9627 24.4029 14.3027 24.4029Z","geometry":{"width":42.109375,"height":24.404296875}}