{"path":"M30.8737 30.2882C31.3237 30.7382 32.0637 30.7182 32.4937 30.2682C32.9337 29.8182 32.9537 29.1082 32.4937 28.6482L4.1837 0.3482C3.7337 -0.1218 2.9937 -0.1118 2.5437 0.3482C2.1037 0.7782 2.1037 1.5282 2.5437 1.9682ZM13.8337 7.4382C14.9737 6.3082 16.4737 5.5482 18.1337 5.4382V3.5982C18.1337 2.3682 17.4137 1.6582 16.1437 1.6582H8.0537ZM3.8137 5.7882V10.5582C3.8137 11.7882 4.5437 12.4982 5.7937 12.4982H10.5237ZM22.2037 15.7882C22.8337 14.9282 23.2137 13.8382 23.2137 12.6182C23.2137 9.8582 21.1137 7.6482 18.5837 7.6482C17.3637 7.6482 16.2437 8.1682 15.4237 9.0082ZM28.7337 20.0082H32.9937C34.2637 20.0082 34.9737 19.2882 34.9737 18.0582V9.7482C34.9737 8.5082 34.2637 7.8082 32.9937 7.8082H28.7337C27.4837 7.8082 26.7537 8.5082 26.7537 9.7482V18.0582C26.7537 19.2882 27.4837 20.0082 28.7337 20.0082ZM1.9837 22.7282H4.9237C6.1837 22.7282 6.8937 22.0182 6.8937 20.7782V17.7782C6.8937 16.5282 6.1837 15.8382 4.9237 15.8382H1.9837C0.7237 15.8382 0.0037 16.5282 0.0037 17.7782V20.7782C0.0037 22.0182 0.7237 22.7282 1.9837 22.7282ZM17.7637 19.7282C12.5337 20.0982 8.9037 23.6782 8.9037 26.5982C8.9037 27.7182 9.7337 28.3682 11.1137 28.3682H26.0137C26.1437 28.3682 26.2637 28.3582 26.3737 28.3482Z","geometry":{"width":34.97265625,"height":30.616551875640123}}