{"path":"M25.7962 27.391C26.2462 27.851 26.9862 27.851 27.4262 27.391C27.8662 26.941 27.8762 26.221 27.4262 25.771L1.9662 0.341C1.5162 -0.109 0.7762 -0.109 0.3262 0.341C-0.1138 0.771 -0.1138 1.531 0.3262 1.961ZM25.2262 20.981C26.0162 19.741 26.3562 18.361 26.3562 16.621V6.501C26.3562 4.551 25.7062 3.761 24.0062 3.031C22.6562 2.461 17.6762 0.791 16.4062 0.381C15.8162 0.191 15.0762 0.061 14.4962 0.061C13.8862 0.061 13.1662 0.211 12.5662 0.381C11.5962 0.651 8.7262 1.641 6.6562 2.391L9.2562 5.001C10.8462 4.441 12.5962 3.821 13.4762 3.521C13.9462 3.371 14.2162 3.301 14.4962 3.301C14.7662 3.301 15.0262 3.371 15.5062 3.521C16.9262 4.021 20.6462 5.341 22.5862 6.071C22.9862 6.221 23.0962 6.441 23.0962 6.951V16.101C23.0962 17.031 22.9562 17.771 22.6562 18.411ZM2.6162 16.621C2.6162 21.601 5.4562 23.761 13.4562 27.941C13.8062 28.121 14.2062 28.241 14.4962 28.241C14.7662 28.241 15.1662 28.121 15.5162 27.941C17.6262 26.831 19.3562 25.891 20.7662 24.991L18.2762 22.501C17.4062 23.051 16.3662 23.651 15.1762 24.391C14.7962 24.611 14.6462 24.661 14.4962 24.661C14.3262 24.661 14.1762 24.611 13.7962 24.391C7.6662 20.601 5.8762 19.741 5.8762 16.101V10.101L2.6162 6.831Z","geometry":{"width":27.759052919842485,"height":28.24267578125}}