{"path":"M23.7508 16.556V6.436C23.7508 4.486 23.0908 3.696 21.4008 2.966C20.0408 2.406 15.0708 0.666 13.7908 0.316C13.1908 0.146 12.4508 -0.004 11.8708 -0.004C11.2808 -0.004 10.5408 0.126 9.9408 0.316C8.6708 0.726 3.6908 2.396 2.3508 2.966C0.6408 3.696 0.0008 4.486 0.0008 6.436V16.556C0.0008 21.536 2.8308 23.706 10.8408 27.876C11.2008 28.056 11.5908 28.176 11.8708 28.176C12.1408 28.176 12.5408 28.056 12.9108 27.876C20.9008 23.696 23.7508 21.536 23.7508 16.556ZM11.7208 24.566C11.5808 24.546 11.4408 24.476 11.1808 24.326C5.2508 20.786 3.2508 19.746 3.2508 16.036V6.886C3.2508 6.376 3.3808 6.156 3.7608 6.006C5.7108 5.276 9.4508 3.996 10.8508 3.456C11.2608 3.326 11.4808 3.266 11.7208 3.256Z","geometry":{"width":23.748046875,"height":28.177734375}}