{"path":"M25.7984 27.391C26.2484 27.851 26.9884 27.851 27.4284 27.391C27.8584 26.941 27.8784 26.221 27.4284 25.771L1.9684 0.341C1.5184 -0.109 0.7784 -0.109 0.3284 0.341C-0.1116 0.771 -0.1116 1.531 0.3284 1.961ZM25.0284 20.821C25.8084 19.571 26.1284 18.191 26.1284 16.481V6.541C26.1284 4.631 25.4984 3.851 23.8184 3.141C22.4884 2.591 17.6084 0.931 16.3684 0.531C15.7784 0.351 15.0484 0.231 14.4684 0.231C13.8784 0.231 13.1684 0.361 12.5784 0.531C11.6184 0.831 8.7884 1.791 6.7684 2.521ZM2.7984 7.051V16.481C2.7984 21.381 5.6084 23.511 13.4484 27.611C13.8084 27.801 14.1884 27.901 14.4684 27.901C14.7384 27.901 15.1184 27.791 15.4884 27.611C17.5184 26.591 19.1784 25.691 20.5584 24.841Z","geometry":{"width":27.759052919842485,"height":27.90087890625}}