{"path":"M25.7895 27.391C26.2395 27.851 26.9795 27.851 27.4095 27.391C27.8495 26.941 27.8595 26.221 27.4095 25.771L1.9695 0.341C1.5195 -0.109 0.7795 -0.109 0.3295 0.341C-0.1105 0.771 -0.1105 1.531 0.3295 1.961ZM25.2695 20.981C26.0495 19.721 26.3895 18.341 26.3895 16.621V6.501C26.3895 4.551 25.7295 3.761 24.0395 3.031C22.6795 2.461 17.7095 0.791 16.4295 0.381C15.8295 0.191 15.0895 0.061 14.5095 0.061C13.9195 0.061 13.1795 0.211 12.5795 0.381C11.6195 0.651 8.7495 1.641 6.6595 2.391L14.5095 10.241V3.301C14.7895 3.301 15.0495 3.371 15.5195 3.521C16.9395 4.061 20.6595 5.341 22.6095 6.071C22.9995 6.221 23.1195 6.441 23.1195 6.951V16.101C23.1195 17.021 22.9795 17.761 22.6795 18.411ZM2.6395 6.831V16.621C2.6395 21.601 5.4795 23.761 13.4795 27.941C13.8395 28.121 14.2295 28.241 14.5095 28.241C14.7795 28.241 15.1795 28.121 15.5495 27.941C17.6195 26.831 19.3595 25.891 20.7795 24.991L18.2895 22.501C17.4195 23.051 16.3895 23.661 15.1895 24.391C14.8195 24.611 14.6695 24.661 14.5095 24.661V18.731Z","geometry":{"width":27.745381044842485,"height":28.24267578125}}