{"path":"M2.0637 24.1274L12.9837 30.0674C13.7137 30.4674 14.5637 30.4674 15.2837 30.0674L26.2137 24.1274C27.6337 23.3474 28.2737 22.4974 28.2737 20.5974V9.1674C28.2737 7.6374 27.7037 6.6474 26.3637 5.9274L16.8537 0.7174C15.1037 -0.2426 13.1637 -0.2426 11.4137 0.7174L1.9137 5.9274C0.5737 6.6474 0.0037 7.6374 0.0037 9.1674V20.5974C0.0037 22.4974 0.6437 23.3474 2.0637 24.1274ZM20.5237 9.6574L11.1837 4.5174L12.7937 3.6174C13.7037 3.1274 14.5737 3.1274 15.4737 3.6174L23.4637 8.0174ZM14.1337 13.1474L4.8137 8.0174L7.9037 6.2974L17.2537 11.4274ZM3.9737 21.4974C3.3037 21.1174 3.0637 20.7174 3.0637 20.0674V10.7274L12.5337 15.9474V26.2574ZM24.2937 21.4974L15.7337 26.2574V15.9474L25.2137 10.7274V20.0674C25.2137 20.7174 24.9637 21.1174 24.2937 21.4974Z","geometry":{"width":28.2734375,"height":30.36865234375}}