{"path":"M22.3537 9.2932L27.3137 6.5632C27.0737 6.3332 26.7737 6.1232 26.4037 5.9332L16.9237 0.7232C16.0337 0.2432 15.1037 0.0032 14.1737 0.0032C13.2437 0.0032 12.3137 0.2432 11.4337 0.7232L9.0737 2.0232ZM14.1737 13.7632L19.9337 10.6132L6.7437 3.3132L1.9537 5.9332C1.5837 6.1232 1.2837 6.3332 1.0437 6.5632ZM15.3037 30.1032C15.4937 30.0732 15.6837 29.9832 15.8837 29.8732L26.2637 24.1832C27.6837 23.4032 28.3537 22.5432 28.3537 20.6432V9.2932C28.3537 9.0232 28.3237 8.8032 28.2837 8.5832L15.3037 15.7732ZM13.0537 30.1032V15.7732L0.0537 8.5832C0.0137 8.8032 0.0037 9.0232 0.0037 9.2932V20.6432C0.0037 22.5432 0.6537 23.4032 2.0937 24.1832L12.4737 29.8732C12.6637 29.9832 12.8637 30.0732 13.0537 30.1032Z","geometry":{"width":28.35546875,"height":30.10546875}}