{"path":"M12.2509 19.8576V20.6076C12.2509 22.5076 12.8909 23.3576 14.3009 24.1376L25.2409 30.0776C25.9609 30.4776 26.8009 30.4776 27.5209 30.0776L38.4609 24.1376C39.8709 23.3576 40.5209 22.5076 40.5209 20.6076V9.1776C40.5209 7.6476 39.9509 6.6576 38.5909 5.9376L29.1109 0.7276C27.3609 -0.2424 25.4009 -0.2424 23.6509 0.7276L14.1609 5.9376C12.8209 6.6576 12.2509 7.6476 12.2509 9.1776V13.9376H15.3009V10.7376L24.7909 15.9576V26.2676L16.2309 21.5076C15.6709 21.1976 15.4209 20.8676 15.3809 20.3876V19.8576ZM32.7609 9.6676L23.4309 4.5276L25.0509 3.6276C25.9309 3.1376 26.8109 3.1376 27.7109 3.6276L35.7109 8.0276ZM26.3909 13.1576L17.0509 8.0276L20.1509 6.3076L29.5009 11.4376ZM17.8709 16.8976C17.8709 15.9876 17.2309 15.3276 16.3209 15.3276H7.5209L4.7409 15.4276L7.1409 13.2776L8.9709 11.7076C9.3409 11.3876 9.4909 10.9676 9.4909 10.5076C9.4909 9.6376 8.8209 8.9876 7.9609 8.9876C7.5509 8.9876 7.1509 9.1376 6.8209 9.4676L0.5309 15.7276C0.1909 16.0576 0.0009 16.4776 0.0009 16.8976C0.0009 17.3276 0.1909 17.7476 0.5309 18.0676L6.7909 24.3076C7.1509 24.6576 7.5509 24.8076 7.9609 24.8076C8.8209 24.8076 9.4909 24.1576 9.4909 23.2876C9.4909 22.8176 9.3409 22.3976 8.9709 22.0876L7.1409 20.5076L4.7409 18.3676L7.5209 18.4576H16.3209C17.2309 18.4576 17.8709 17.8076 17.8709 16.8976ZM36.5409 21.5076L27.9909 26.2676V15.9576L37.4609 10.7376V20.0776C37.4609 20.7276 37.2109 21.1276 36.5409 21.5076Z","geometry":{"width":40.5234375,"height":30.37890625}}