{"path":"M34.5509 9.2932L39.5209 6.5632C39.2809 6.3332 38.9809 6.1232 38.6109 5.9332L29.1309 0.7232C28.2509 0.2432 27.3209 0.0032 26.3909 0.0032C25.4609 0.0032 24.5309 0.2432 23.6409 0.7232L21.2909 2.0232ZM26.3909 13.7632L32.1409 10.6132L18.9309 3.3132L14.1609 5.9332C13.7909 6.1232 13.4909 6.3332 13.2509 6.5632ZM12.2609 8.5832C12.2209 8.8032 12.2109 9.0232 12.2109 9.2932V13.9632H16.2709C18.1609 13.9632 19.2909 15.0932 19.2909 16.9232C19.2909 18.7532 18.1609 19.8932 16.2709 19.8932H12.2109V20.6432C12.2109 22.5432 12.8609 23.4032 14.2909 24.1832L24.6609 29.8732C24.8709 29.9832 25.0709 30.0732 25.2609 30.1032V15.7732ZM27.4909 30.1032C27.7009 30.0732 27.8909 29.9832 28.0909 29.8732L38.4709 24.1832C39.8909 23.4032 40.5509 22.5432 40.5509 20.6432V9.2932C40.5509 9.0232 40.5409 8.8032 40.5009 8.5832L27.4909 15.7732ZM17.8709 16.9232C17.8709 16.0232 17.2309 15.3632 16.3209 15.3632H7.5209L4.7409 15.4632L7.1409 13.3132L8.9709 11.7432C9.3409 11.4332 9.4909 10.9932 9.4909 10.5432C9.4909 9.6632 8.8209 9.0232 7.9609 9.0232C7.5509 9.0232 7.1509 9.1732 6.8209 9.5032L0.5309 15.7632C0.1909 16.0732 0.0009 16.5032 0.0009 16.9232C0.0009 17.3532 0.1909 17.7732 0.5309 18.0832L6.7909 24.3332C7.1509 24.6932 7.5509 24.8432 7.9609 24.8432C8.8209 24.8432 9.4909 24.1832 9.4909 23.3132C9.4909 22.8632 9.3409 22.4332 8.9709 22.1232L7.1409 20.5332L4.7409 18.3932L7.5209 18.4932H16.3209C17.2309 18.4932 17.8709 17.8432 17.8709 16.9232Z","geometry":{"width":40.55078125,"height":30.10546875}}