{"path":"M6.0037 -0.0045C2.8037 -0.0045 0.0037 4.5655 0.0037 8.3355C0.0037 10.0355 0.5637 13.2855 1.8337 15.9655H10.1837C11.4537 13.2855 12.0137 10.0355 12.0137 8.3355C12.0137 4.5655 9.2037 -0.0045 6.0037 -0.0045ZM23.2237 9.3655C20.2237 8.2855 16.0237 11.6055 14.7237 15.1655C14.1637 16.7355 13.5637 19.9855 13.8337 22.9455L21.6937 25.7955C23.8137 23.7255 25.4437 20.8455 26.0137 19.2655C27.3037 15.7055 26.2337 10.4555 23.2237 9.3655ZM6.0337 24.8655C8.3537 24.8655 9.6437 22.5955 9.6437 19.3955C9.6437 19.1155 9.6237 18.7155 9.5737 18.1855H2.4637C2.4037 18.7155 2.3937 19.1155 2.3937 19.3955C2.3937 22.5955 3.6737 24.8655 6.0337 24.8655ZM14.7337 32.7455C16.9237 33.5355 18.9037 31.8455 20.0037 28.8455C20.1137 28.5755 20.2237 28.1955 20.3737 27.6755L13.6737 25.2355C13.4437 25.7155 13.3037 26.0955 13.1937 26.3555C12.1037 29.3655 12.5337 31.9355 14.7337 32.7455Z","geometry":{"width":26.55302568918131,"height":32.93877878218744}}