{"path":"M6.85 23.5633L10.79 12.8233C11.7 14.2033 13.06 15.2133 14.74 15.8533C14.51 16.4833 14.88 17.2333 15.56 17.4833C16.26 17.7433 17.01 17.3833 17.25 16.7033L22.7 1.7833C22.93 1.1033 22.59 0.3333 21.89 0.0733C21.22 -0.1667 20.45 0.1833 20.19 0.8433C17.16 -0.1367 14.26 0.3133 12.11 2.0833L11.85 1.9933C9.97 1.2633 8.18 2.3933 7.37 4.6133L1.23 21.5033C0.78 22.7633 1.09 24.0333 2.12 24.8133L0 30.6933L2.01 31.4233L4.14 25.5233C5.35 25.5233 6.41 24.7833 6.85 23.5633ZM3.81 23.0233C3.51 22.9133 3.32 22.5833 3.46 22.2133L9.58 5.4133C9.91 4.5333 10.83 4.1133 11.7 4.4233L12.74 4.7933C14.34 2.8433 16.67 2.2633 19.37 3.1133L15.57 13.5633C12.96 12.4933 11.55 10.5933 11.58 8.0933L10.87 7.8333C10.49 7.6933 10.05 7.9033 9.91 8.2833L4.69 22.5833C4.55 22.9933 4.17 23.1433 3.81 23.0233ZM33.51 4.0533C33.39 3.3333 32.73 2.8533 32.02 2.9633C31.32 3.0633 30.83 3.7433 30.95 4.4433C31.06 5.1533 31.72 5.6333 32.42 5.5233C33.13 5.4133 33.62 4.7433 33.51 4.0533ZM29.64 4.6333C29.54 3.9233 28.86 3.4433 28.15 3.5533C27.45 3.6733 26.96 4.3333 27.08 5.0533C27.19 5.7433 27.85 6.2133 28.56 6.1233C29.27 5.9933 29.76 5.3433 29.64 4.6333ZM25.79 5.2233C25.66 4.5233 25.01 4.0533 24.28 4.1833C23.58 4.2933 23.09 4.9333 23.2 5.6333C23.31 6.3433 23.98 6.8233 24.69 6.7233C25.42 6.6033 25.89 5.9433 25.79 5.2233ZM24.01 10.6033C24.24 9.9333 23.88 9.1833 23.21 8.9533C22.54 8.7033 21.81 9.0433 21.55 9.7133C21.3 10.4033 21.64 11.1533 22.31 11.4033C23 11.6433 23.75 11.2933 24.01 10.6033ZM27.67 11.9633C27.92 11.3033 27.56 10.5533 26.88 10.3033C26.21 10.0633 25.48 10.3833 25.25 11.0733C25.01 11.7433 25.33 12.4833 26 12.7233C26.69 12.9733 27.43 12.6333 27.67 11.9633ZM31.35 13.2833C31.6 12.6133 31.24 11.8733 30.57 11.6333C29.9 11.3833 29.15 11.7233 28.9 12.3933C28.67 13.0833 29.01 13.8433 29.68 14.0933C30.35 14.3333 31.1 13.9733 31.35 13.2833ZM21.88 15.9133C22.44 15.4333 22.5 14.6233 22.03 14.0633C21.55 13.5133 20.74 13.4633 20.18 13.9433C19.65 14.4333 19.59 15.2433 20.06 15.7733C20.55 16.3033 21.36 16.3733 21.88 15.9133ZM24.46 18.8533C25.01 18.3833 25.07 17.5533 24.58 16.9933C24.12 16.4733 23.31 16.4333 22.76 16.8933C22.23 17.3633 22.18 18.1933 22.63 18.7033C23.12 19.2433 23.93 19.3233 24.46 18.8533ZM27.06 21.7733C27.56 21.2933 27.64 20.5133 27.18 19.9533C26.7 19.4133 25.88 19.3733 25.35 19.8433C24.83 20.3133 24.75 21.1333 25.21 21.6633C25.68 22.2133 26.52 22.2533 27.06 21.7733Z","geometry":{"width":33.524981264081205,"height":31.427909895763783}}