{"path":"M0.0037 21.4403C0.0037 22.4403 0.7937 23.1903 1.8337 23.1903H5.2137C7.6937 23.1903 9.2137 22.4203 10.7637 20.5303L14.0637 16.5203L17.2237 20.3703C18.9037 22.4403 20.9037 23.2003 23.3937 23.2003H25.9037V26.3303C25.9037 27.1803 26.4237 27.7003 27.2637 27.7003C27.6437 27.7003 27.9737 27.5603 28.2337 27.3403L33.9437 22.5303C34.5737 22.0003 34.5737 21.1403 33.9437 20.6003L28.2337 15.7903C27.9737 15.5703 27.6437 15.4403 27.2637 15.4403C26.4237 15.4403 25.9037 15.9403 25.9037 16.7903V19.6703H23.4637C21.6737 19.6703 20.5237 19.0903 19.3637 17.6603L16.2437 13.8503L19.3837 10.0103C20.5937 8.5303 21.5237 8.0303 23.2537 8.0303H25.9037V10.9103C25.9037 11.7603 26.4237 12.2603 27.2637 12.2603C27.6437 12.2603 27.9737 12.1303 28.2337 11.9103L33.9437 7.1003C34.5737 6.5603 34.5737 5.7103 33.9437 5.1703L28.2337 0.3603C27.9737 0.1403 27.6437 0.0003 27.2637 0.0003C26.4237 0.0003 25.9037 0.5203 25.9037 1.3703V4.5003H23.4237C20.7237 4.5003 18.9237 5.2103 16.9937 7.5703L14.0537 11.1803L10.7637 7.1603C9.2137 5.2803 7.4537 4.5103 4.9737 4.5103H1.8337C0.7937 4.5103 0.0037 5.2603 0.0037 6.2603C0.0037 7.2603 0.7937 8.0303 1.8337 8.0303H4.5837C6.3137 8.0303 7.6037 8.6103 8.7637 10.0303L11.8837 13.8503L8.7637 17.6603C7.6037 19.1003 6.5537 19.6703 4.8237 19.6703H1.8337C0.7937 19.6703 0.0037 20.4403 0.0037 21.4403Z","geometry":{"width":34.4189453125,"height":27.69921875}}