{"path":"M4.8237 26.1377H27.8037C30.9437 26.1377 32.6337 24.4477 32.6337 21.3377V4.7977C32.6337 1.6977 30.9437 -0.0023 27.8037 -0.0023H4.8237C1.7137 -0.0023 0.0037 1.6977 0.0037 4.7977V21.3377C0.0037 24.4477 1.7137 26.1377 4.8237 26.1377ZM5.2137 22.6177C4.1137 22.6177 3.5237 22.0777 3.5237 20.9177V5.2377C3.5237 4.0777 4.1137 3.5277 5.2137 3.5277H11.6637V22.6177ZM27.4237 3.5277C28.5237 3.5277 29.1037 4.0777 29.1037 5.2377V20.9177C29.1037 22.0777 28.5237 22.6177 27.4237 22.6177H14.9137V3.5277ZM6.4937 9.6277H8.7237C9.2137 9.6277 9.5037 9.3377 9.5037 8.8477V6.6877C9.5037 6.1677 9.2137 5.8877 8.7237 5.8877H6.4937C5.9737 5.8877 5.6837 6.1677 5.6837 6.6877V8.8477C5.6837 9.3377 5.9837 9.6277 6.4937 9.6277ZM6.4937 14.9277H8.7237C9.2137 14.9277 9.5037 14.6377 9.5037 14.1477V11.9777C9.5037 11.4877 9.2137 11.1977 8.7237 11.1977H6.4937C5.9737 11.1977 5.6837 11.4877 5.6837 11.9777V14.1477C5.6837 14.6377 5.9837 14.9277 6.4937 14.9277ZM6.4937 20.2377H8.7237C9.2137 20.2377 9.5037 19.9577 9.5037 19.4577V17.2977C9.5037 16.7877 9.2137 16.4977 8.7237 16.4977H6.4937C5.9737 16.4977 5.6837 16.7877 5.6837 17.2977V19.4577C5.6837 19.9577 5.9837 20.2377 6.4937 20.2377Z","geometry":{"width":32.634765625,"height":26.140625}}