{"path":"M4.8237 26.1377H27.8037C30.9437 26.1377 32.6337 24.4477 32.6337 21.3377V4.7977C32.6337 1.6977 30.9437 -0.0023 27.8037 -0.0023H4.8237C1.7137 -0.0023 0.0037 1.6977 0.0037 4.7977V21.3377C0.0037 24.4477 1.7137 26.1377 4.8237 26.1377ZM5.2137 22.6177C4.1137 22.6177 3.5237 22.0777 3.5237 20.9177V5.2377C3.5237 4.0777 4.1137 3.5277 5.2137 3.5277H17.7037V22.6177ZM27.4237 3.5277C28.5237 3.5277 29.1037 4.0777 29.1037 5.2377V20.9177C29.1037 22.0777 28.5237 22.6177 27.4237 22.6177H20.9637V3.5277ZM26.1237 9.6277C26.6437 9.6277 26.9337 9.3377 26.9337 8.8477V6.6877C26.9337 6.1677 26.6437 5.8877 26.1237 5.8877H23.9137C23.4037 5.8877 23.1237 6.1677 23.1237 6.6877V8.8477C23.1237 9.3377 23.4237 9.6277 23.9137 9.6277ZM26.1237 14.9277C26.6437 14.9277 26.9337 14.6377 26.9337 14.1477V11.9777C26.9337 11.4877 26.6437 11.1977 26.1237 11.1977H23.9137C23.4037 11.1977 23.1237 11.4877 23.1237 11.9777V14.1477C23.1237 14.6377 23.4237 14.9277 23.9137 14.9277ZM26.1237 20.2377C26.6437 20.2377 26.9337 19.9577 26.9337 19.4577V17.2977C26.9337 16.7877 26.6437 16.4977 26.1237 16.4977H23.9137C23.4037 16.4977 23.1237 16.7877 23.1237 17.2977V19.4577C23.1237 19.9577 23.4237 20.2377 23.9137 20.2377Z","geometry":{"width":32.634765625,"height":26.140625}}