{"path":"M4.8237 26.1377H27.8037C30.9437 26.1377 32.6337 24.4477 32.6337 21.3377V4.7977C32.6337 1.6977 30.9437 -0.0023 27.8037 -0.0023H4.8237C1.7137 -0.0023 0.0037 1.6977 0.0037 4.7977V21.3377C0.0037 24.4477 1.7137 26.1377 4.8237 26.1377ZM5.2137 22.6177C4.1137 22.6177 3.5237 22.0777 3.5237 20.9177V5.2377C3.5237 4.0777 4.1137 3.5277 5.2137 3.5277H11.6637V22.6177ZM27.4237 3.5277C28.5237 3.5277 29.1037 4.0777 29.1037 5.2377V20.9177C29.1037 22.0777 28.5237 22.6177 27.4237 22.6177H14.9137V3.5277ZM8.9037 8.4177C9.5137 8.4177 10.0037 7.9277 10.0037 7.3677C10.0037 6.7977 9.5137 6.3177 8.9037 6.3177H6.3137C5.7037 6.3177 5.2137 6.7977 5.2137 7.3677C5.2137 7.9277 5.7037 8.4177 6.3137 8.4177ZM8.9037 12.2877C9.5137 12.2877 10.0037 11.8077 10.0037 11.2377C10.0037 10.6777 9.5137 10.1977 8.9037 10.1977H6.3137C5.7037 10.1977 5.2137 10.6777 5.2137 11.2377C5.2137 11.8077 5.7037 12.2877 6.3137 12.2877ZM8.9037 16.1777C9.5137 16.1777 10.0037 15.6777 10.0037 15.1177C10.0037 14.5477 9.5137 14.0677 8.9037 14.0677H6.3137C5.7037 14.0677 5.2137 14.5477 5.2137 15.1177C5.2137 15.6777 5.7037 16.1777 6.3137 16.1777Z","geometry":{"width":32.634765625,"height":26.140625}}