{"path":"M3.3937 18.4718H11.2337V26.6918H7.5037C6.6337 26.6918 5.9037 27.4118 5.9037 28.3018C5.9037 29.1718 6.6137 29.9018 7.5037 29.9018H18.1937C19.0537 29.9018 19.7937 29.1718 19.7937 28.3018C19.7937 27.4218 19.0737 26.6918 18.1937 26.6918H14.4337V18.4718L20.9337 18.4618C22.2037 18.4618 22.9137 18.1018 23.7637 17.2818L27.2937 13.8918C28.9837 12.2518 29.0137 10.5818 27.2937 8.9118L23.7637 5.5418C22.9137 4.7018 22.2037 4.3318 20.9437 4.3318H14.4337V1.6118C14.4337 0.7418 13.7237 0.0018 12.8337 0.0018C11.9637 0.0018 11.2337 0.7218 11.2337 1.6118V4.3318H3.3937C1.2537 4.3318 0.0037 5.5618 0.0037 7.6818V15.1218C0.0037 17.2418 1.2537 18.4718 3.3937 18.4718ZM3.9337 15.1218C3.6137 15.1218 3.4037 14.9118 3.4037 14.6018V8.2118C3.4037 7.8918 3.6137 7.6818 3.9337 7.6818H20.7137C21.0937 7.6818 21.2837 7.7618 21.4937 7.9618L24.7037 11.0218C24.9637 11.2518 24.9637 11.5518 24.7037 11.7818L21.5237 14.8018C21.2737 15.0518 21.1337 15.1218 20.7137 15.1218Z","geometry":{"width":28.5708212884063,"height":29.900390625}}