{"path":"M0.0037 15.6018C0.0037 17.7218 1.2437 18.9518 3.3937 18.9518H11.1537V26.6918H7.4237C6.5537 26.6918 5.8237 27.4118 5.8237 28.3018C5.8237 29.1718 6.5537 29.9018 7.4237 29.9018H18.1137C18.9937 29.9018 19.7137 29.1718 19.7137 28.3018C19.7137 27.4218 19.0037 26.6918 18.1137 26.6918H14.3737V18.9518H22.1337C24.2837 18.9518 25.5237 17.7218 25.5237 15.6018V6.9218C25.5237 4.8018 24.2837 3.5718 22.1337 3.5718H14.3737V1.6118C14.3737 0.7418 13.6437 0.0018 12.7737 0.0018C11.8937 0.0018 11.1537 0.7218 11.1537 1.6118V3.5718H3.3937C1.2437 3.5718 0.0037 4.8018 0.0037 6.9218ZM3.9237 6.9018H21.6037C21.9337 6.9018 22.1337 7.1218 22.1337 7.4418V15.0818C22.1337 15.3918 21.9337 15.6118 21.6037 15.6118H3.9237C3.6137 15.6118 3.4037 15.3918 3.4037 15.0818V7.4418C3.4037 7.1218 3.6137 6.9018 3.9237 6.9018ZM9.6137 14.1318H15.9437C16.8837 14.1318 17.1737 13.3818 16.5837 12.5818L13.6137 8.4318C13.1537 7.7918 12.4037 7.8018 11.9337 8.4318L8.9537 12.5618C8.3637 13.3818 8.6437 14.1318 9.6137 14.1318Z","geometry":{"width":25.525390625,"height":29.900390625}}