{"path":"M5.4203 24.9109H12.4503V28.7809H9.0203C8.1403 28.7809 7.4103 29.5009 7.4103 30.3809C7.4103 31.2509 8.1303 31.9909 9.0203 31.9909H19.1003C19.9703 31.9909 20.7003 31.2709 20.7003 30.3809C20.7003 29.5209 19.9803 28.7809 19.1003 28.7809H15.6603V24.9109H18.5803C19.9003 24.9109 20.7603 24.0809 20.7603 22.7509V17.3209C20.7603 15.9809 19.9003 15.1609 18.5803 15.1609H15.6603V13.1909H22.6103C23.4203 13.1909 23.9903 12.9709 24.5203 12.4509L27.2903 9.8009C28.3203 8.8009 28.3203 7.8709 27.2403 6.8209L24.5203 4.1709C24.0003 3.6609 23.4303 3.4409 22.6403 3.4409H15.6603V1.6009C15.6603 0.7209 14.9403 0.0009 14.0603 0.0009C13.1903 0.0009 12.4503 0.7109 12.4503 1.6009V3.4409H9.4703C8.1403 3.4409 7.3003 4.2609 7.3003 5.6009V11.0309C7.3003 12.3609 8.1403 13.1909 9.4703 13.1909H12.4503V15.1609H5.4203C4.6303 15.1609 4.0603 15.3809 3.5403 15.8909L0.7903 18.5409C-0.2597 19.5609 -0.2597 20.4909 0.7903 21.5309L3.5403 24.1809C4.0603 24.6909 4.6303 24.9109 5.4203 24.9109ZM10.2103 10.6809C9.9803 10.6809 9.7903 10.5009 9.7903 10.2809V6.3609C9.7903 6.1409 9.9603 5.9609 10.1803 5.9609H22.4003C22.6003 5.9609 22.8103 6.0309 22.9403 6.1409L24.8703 8.0209C25.0403 8.1709 25.0403 8.4609 24.8703 8.6309L22.9103 10.4909C22.7903 10.6109 22.6003 10.6809 22.4003 10.6809ZM5.6403 22.3909C5.4503 22.3909 5.2503 22.3309 5.1103 22.2009L3.1703 20.3409C2.9803 20.1709 2.9903 19.8909 3.1703 19.7309L5.1103 17.8509C5.2303 17.7509 5.4403 17.6609 5.6303 17.6609H17.8503C18.0703 17.6609 18.2503 17.8509 18.2503 18.0709V22.0009C18.2503 22.2209 18.0703 22.3909 17.8503 22.3909Z","geometry":{"width":28.05988888128539,"height":31.9921875}}