{"path":"M22.6692 28.3018C22.6692 27.4118 21.9392 26.6918 21.0692 26.6918H17.3392V18.4718H25.1692C27.3192 18.4718 28.5592 17.2418 28.5592 15.1218V7.6818C28.5592 5.5618 27.3192 4.3318 25.1692 4.3318H17.3392V1.6118C17.3392 0.7218 16.5992 0.0018 15.7192 0.0018C14.8492 0.0018 14.1192 0.7418 14.1192 1.6118V4.3318H7.6292C6.3592 4.3318 5.6592 4.7018 4.7992 5.5418L1.2792 8.9118C-0.4408 10.5818 -0.4108 12.2518 1.2692 13.8918L4.7992 17.2818C5.6592 18.1018 6.3592 18.4718 7.6292 18.4718H14.1192V26.6918H10.3792C9.4992 26.6918 8.7792 27.4218 8.7792 28.3018C8.7792 29.1718 9.4992 29.9018 10.3792 29.9018H21.0692C21.9392 29.9018 22.6692 29.1718 22.6692 28.3018Z","geometry":{"width":28.55884303807144,"height":29.900390625}}