{"path":"M4.8037 30.0965H19.4437C22.5437 30.0965 24.2437 28.3865 24.2437 25.2665V10.7965C24.2437 9.1565 23.7737 7.9265 22.7937 6.9565L17.4037 1.5765C16.3537 0.4965 15.0537 -0.0035 13.3137 -0.0035H4.8037C1.6937 -0.0035 0.0037 1.7065 0.0037 4.8265V25.2665C0.0037 28.3865 1.6937 30.0965 4.8037 30.0965ZM5.3037 16.6365V14.3465C5.3037 13.0565 6.0337 12.3365 7.3037 12.3365H13.4237V25.3365H11.0037V17.6865C11.0037 17.0465 10.6137 16.6365 9.9537 16.6365ZM15.3837 25.3365V12.3365H16.9637C18.2237 12.3365 18.9637 13.0565 18.9637 14.3465V23.3265C18.9637 24.5965 18.2237 25.3365 16.9637 25.3365ZM5.3037 23.3265V18.5965H8.7737C8.9537 18.5965 9.0637 18.6865 9.0637 18.8665V25.3365H7.3037C6.0337 25.3365 5.3037 24.5965 5.3037 23.3265Z","geometry":{"width":24.240234375,"height":30.091796875}}