{"path":"M0.0037 22.268C0.0037 25.098 1.5437 26.658 4.3437 26.658H5.9837V22.438H4.9737C3.9137 22.438 3.2137 21.738 3.2137 20.658V16.598H5.9837V14.618H3.2137V12.758C3.2137 11.678 3.9137 10.978 4.9737 10.978H5.9837V8.098C5.9837 4.418 8.4237 2.078 12.0837 2.078H16.2537L15.6137 1.438C14.6537 0.478 13.4837 -0.002 11.8937 -0.002H4.3437C1.5437 -0.002 0.0037 1.558 0.0037 4.388ZM8.2037 26.698C8.2037 29.588 9.8037 31.198 12.6737 31.198H25.6737C28.5437 31.198 30.1437 29.588 30.1437 26.698V14.098C30.1437 12.608 29.7137 11.458 28.7837 10.528L24.0037 5.758C23.0237 4.768 21.8037 4.288 20.2237 4.288H12.6737C9.8137 4.288 8.2037 5.908 8.2037 8.788ZM13.0437 18.918V17.018C13.0437 15.898 13.7637 15.188 14.8737 15.188H20.4137V26.628H18.1437V19.998C18.1437 19.328 17.7337 18.918 17.0537 18.918ZM22.3937 26.628V15.188H23.4237C24.5237 15.188 25.2337 15.898 25.2337 17.018V24.798C25.2337 25.918 24.5237 26.628 23.4237 26.628ZM13.0437 24.798V20.918H15.8637C16.0337 20.918 16.1637 21.018 16.1637 21.208V26.628H14.8737C13.7637 26.628 13.0437 25.918 13.0437 24.798Z","geometry":{"width":30.146484375,"height":31.19921875}}