{"path":"M1.6837 18.5977H2.1337V22.9677C2.1337 27.1277 4.7737 29.5977 9.1737 29.5977H23.5037C27.9037 29.5977 30.5537 27.1277 30.5537 22.9677V18.5977H30.9937C31.9237 18.5977 32.6937 17.8277 32.6937 16.9077C32.6937 15.9777 31.9237 15.2177 30.9937 15.2177H22.7937V13.7977C22.7937 13.6677 22.8737 13.5877 23.0137 13.5877H25.7037C26.4937 13.5877 27.1537 12.9377 27.1537 12.1377C27.1537 11.3377 26.4937 10.6777 25.7037 10.6777H21.4337C20.5237 10.6777 19.8937 11.3177 19.8937 12.2377V15.2177H17.9937V4.4877C17.9937 3.7977 18.4737 3.3177 19.1537 3.3177C19.8337 3.3177 20.3137 3.8177 20.3137 4.4877V6.7977C20.3137 7.7277 21.0637 8.4877 21.9937 8.4877C22.9437 8.4877 23.6937 7.7277 23.6937 6.7977V4.3777C23.6937 1.7777 21.7637 -0.0023 19.1537 -0.0023C16.5437 -0.0023 14.6137 1.7777 14.6137 4.3777V15.2177H12.7237V12.2377C12.7237 11.3177 12.0837 10.6777 11.1737 10.6777H6.9137C6.1137 10.6777 5.4537 11.3377 5.4537 12.1377C5.4537 12.9377 6.1137 13.5877 6.9137 13.5877H9.6137C9.7337 13.5877 9.8137 13.6677 9.8137 13.7977V15.2177H1.6837C0.7637 15.2177 0.0037 15.9777 0.0037 16.9077C0.0037 17.8277 0.7637 18.5977 1.6837 18.5977Z","geometry":{"width":32.689453125,"height":29.599609375}}