{"path":"M0.0037 22.5414C0.0037 24.8114 1.8337 26.6514 4.1037 26.6514C5.5637 26.6514 6.8537 25.8714 7.5737 24.7014L27.4137 30.5114C27.9837 32.0614 29.4737 33.1814 31.2437 33.1814C33.4937 33.1814 35.3237 31.3514 35.3237 29.0814C35.3237 27.4914 34.4137 26.1114 33.1037 25.4414L32.5837 12.7314C33.8937 12.0714 34.8037 10.7014 34.8037 9.1014C34.8037 6.8514 32.9737 5.0214 30.7237 5.0214C29.3237 5.0214 28.0837 5.7114 27.3437 6.7814L17.2237 3.7614C17.0537 1.6514 15.2837 0.0014 13.1537 0.0014C10.8837 0.0014 9.0537 1.8314 9.0537 4.0914C9.0537 5.1114 9.4437 6.0614 10.0637 6.7814L3.9937 18.5114C3.8537 18.5014 3.7337 18.5014 3.5937 18.5114C1.5737 18.7314 0.0037 20.4714 0.0037 22.5414ZM7.1537 19.8214L13.1537 8.1714C14.2837 8.2014 15.3637 7.7214 16.0637 6.9214L26.7937 10.1314C27.0737 11.4014 28.0037 12.4514 29.2137 12.9214L29.6837 25.3114C28.7937 25.6514 28.0537 26.3214 27.6437 27.1514L7.9937 21.3714C7.8337 20.7814 7.5637 20.2714 7.1537 19.8214Z","geometry":{"width":35.328125,"height":33.181640625}}