{"path":"M20.0437 7.8327C21.6137 7.8327 22.9737 6.9027 23.5937 5.5627H27.7537C28.6337 5.5627 29.3237 4.8027 29.3237 3.9227C29.3237 3.0127 28.6337 2.2727 27.7537 2.2727H23.5937C22.9737 0.9327 21.6137 0.0027 20.0437 0.0027C18.4737 0.0027 17.1037 0.9327 16.4737 2.2727H1.6037C0.7137 2.2727 0.0037 3.0327 0.0037 3.9227C0.0037 4.7827 0.7137 5.5627 1.6037 5.5627H16.4837C17.1037 6.9027 18.4737 7.8327 20.0437 7.8327ZM20.0437 5.7327C19.0337 5.7327 18.2237 4.9227 18.2237 3.9127C18.2237 2.8827 19.0337 2.1027 20.0437 2.1027C21.0637 2.1027 21.8437 2.8827 21.8437 3.9127C21.8437 4.9227 21.0637 5.7327 20.0437 5.7327ZM1.5737 11.0727C0.7137 11.0727 0.0037 11.8227 0.0037 12.7127C0.0037 13.5727 0.7137 14.3527 1.5737 14.3527H5.8937C6.5237 15.6927 7.8937 16.6427 9.4637 16.6427C11.0237 16.6427 12.3837 15.6927 13.0137 14.3527H27.7237C28.6337 14.3527 29.3237 13.5927 29.3237 12.7127C29.3237 11.8127 28.6337 11.0727 27.7237 11.0727H13.0137C12.3837 9.7327 11.0337 8.7927 9.4637 8.7927C7.8937 8.7927 6.5237 9.7327 5.8937 11.0727ZM9.4637 14.5227C8.4537 14.5227 7.6437 13.7127 7.6437 12.7127C7.6437 11.6927 8.4537 10.9127 9.4637 10.9127C10.4837 10.9127 11.2637 11.6927 11.2637 12.7127C11.2637 13.7127 10.4837 14.5227 9.4637 14.5227ZM20.0437 25.4327C21.6137 25.4327 22.9737 24.4827 23.5937 23.1427H27.7537C28.6337 23.1427 29.3237 22.3827 29.3237 21.5027C29.3237 20.6027 28.6337 19.8627 27.7537 19.8627H23.5937C22.9737 18.5227 21.6137 17.5827 20.0437 17.5827C18.4737 17.5827 17.1037 18.5227 16.4737 19.8627H1.6037C0.7137 19.8627 0.0037 20.6127 0.0037 21.5027C0.0037 22.3627 0.7137 23.1427 1.6037 23.1427H16.4737C17.1037 24.4827 18.4737 25.4327 20.0437 25.4327ZM20.0437 23.3127C19.0337 23.3127 18.2237 22.5027 18.2237 21.5027C18.2237 20.4827 19.0337 19.7027 20.0437 19.7027C21.0637 19.7027 21.8437 20.4827 21.8437 21.5027C21.8437 22.5027 21.0637 23.3127 20.0437 23.3127Z","geometry":{"width":29.326171875,"height":25.4296875}}