{"path":"M4.8237 23.7252H7.1137V25.7152C7.1137 28.8252 8.8137 30.5152 11.9337 30.5152H25.9937C29.1037 30.5152 30.8137 28.8252 30.8137 25.7152V11.6052C30.8137 8.5052 29.1037 6.8052 25.9937 6.8052H23.7037V4.7952C23.7037 1.7052 21.9937 -0.0048 18.8837 -0.0048H4.8237C1.7137 -0.0048 0.0037 1.6952 0.0037 4.7952V18.9252C0.0037 22.0252 1.7137 23.7252 4.8237 23.7252ZM5.2137 20.1952C4.1137 20.1952 3.5237 19.6452 3.5237 18.4852V5.2352C3.5237 4.0752 4.1137 3.5452 5.2137 3.5452H18.4937C19.5937 3.5452 20.1837 4.0752 20.1837 5.2352V6.8052H11.9337C8.8137 6.8052 7.1137 8.5052 7.1137 11.6052V20.1952ZM12.3137 26.9852C11.2237 26.9852 10.6337 26.4552 10.6337 25.2952V12.0352C10.6337 10.8652 11.2237 10.3352 12.3137 10.3352H25.6037C26.7037 10.3352 27.2937 10.8652 27.2937 12.0352V25.2952C27.2937 26.4552 26.7037 26.9852 25.6037 26.9852ZM13.4237 16.5152H18.3337C18.7537 17.5252 19.7737 18.2352 20.9137 18.2352C22.0837 18.2352 23.0737 17.5252 23.5037 16.5152H24.5637C25.1337 16.5152 25.6237 16.0252 25.6237 15.4052C25.6237 14.8252 25.1337 14.3252 24.5637 14.3252H23.5137C23.0937 13.3152 22.0837 12.5952 20.9137 12.5952C19.7537 12.5952 18.7537 13.3152 18.3237 14.3252H13.4237C12.8137 14.3252 12.3137 14.8252 12.3137 15.4052C12.3137 16.0252 12.8137 16.5152 13.4237 16.5152ZM20.9137 16.5052C20.3137 16.5052 19.8537 16.0252 19.8537 15.4052C19.8537 14.8052 20.3137 14.3252 20.9137 14.3252C21.5237 14.3252 21.9937 14.8052 21.9937 15.4052C21.9937 16.0252 21.5237 16.5052 20.9137 16.5052ZM13.3737 23.0652H14.4237C14.8637 24.0752 15.8637 24.7852 17.0237 24.7852C18.1837 24.7852 19.1937 24.0752 19.6237 23.0652H24.5137C25.1337 23.0652 25.6237 22.5752 25.6237 21.9552C25.6237 21.3552 25.1337 20.8752 24.5137 20.8752H19.6237C19.1937 19.8652 18.1937 19.1452 17.0237 19.1452C15.8637 19.1452 14.8437 19.8652 14.4237 20.8752H13.3737C12.8137 20.8752 12.3137 21.3552 12.3137 21.9552C12.3137 22.5752 12.8137 23.0652 13.3737 23.0652ZM17.0237 23.0352C16.4237 23.0352 15.9437 22.5752 15.9437 21.9552C15.9437 21.3452 16.4237 20.8752 17.0237 20.8752C17.6337 20.8752 18.1037 21.3452 18.1037 21.9552C18.1037 22.5752 17.6337 23.0352 17.0237 23.0352Z","geometry":{"width":30.81640625,"height":30.515625}}