{"path":"M13.7937 17.6097C16.1737 17.6097 17.6537 16.1497 17.6537 13.7997V3.7997C17.6537 1.4597 16.1737 -0.0003 13.7937 -0.0003H3.8737C1.4937 -0.0003 0.0037 1.4597 0.0037 3.7997V13.7997C0.0037 16.1497 1.4937 17.6097 3.8737 17.6097ZM33.6437 17.4197C35.9537 17.4197 37.4237 15.9997 37.4237 13.6897V3.9097C37.4237 1.6097 35.9537 0.1797 33.6437 0.1797H23.9237C21.6037 0.1797 20.1437 1.6097 20.1437 3.9097V13.6897C20.1437 15.9797 21.6037 17.4197 23.9237 17.4197ZM13.1937 14.0997H4.4737C3.8437 14.0997 3.5237 13.7497 3.5237 13.1397V4.4697C3.5237 3.8397 3.8437 3.5097 4.4737 3.5097H13.1937C13.8037 3.5097 14.1337 3.8397 14.1337 4.4697V13.1397C14.1337 13.7497 13.8037 14.0997 13.1937 14.0997ZM1.5737 22.2597C0.6937 22.2597 0.0037 22.9997 0.0037 23.8997C0.0037 24.7897 0.7137 25.5497 1.5737 25.5497H5.3037C5.9337 26.9297 7.3237 27.9197 8.9537 27.9197C10.5837 27.9197 11.9737 26.9297 12.6037 25.5497H35.8037C36.7137 25.5497 37.4237 24.7697 37.4237 23.8997C37.4237 23.0097 36.7137 22.2597 35.8037 22.2597H12.6037C11.9737 20.8597 10.5837 19.8897 8.9537 19.8897C7.3237 19.8897 5.9337 20.8597 5.3037 22.2597ZM8.9537 25.7197C7.9337 25.7197 7.1537 24.8997 7.1537 23.8997C7.1537 22.8697 7.9337 22.0897 8.9537 22.0897C9.9537 22.0897 10.7637 22.8697 10.7637 23.8997C10.7637 24.8997 9.9537 25.7197 8.9537 25.7197Z","geometry":{"width":37.419921875,"height":27.91796875}}