{"path":"M0.0037 18.6192C0.0037 20.8192 1.4737 22.3092 3.6537 22.3092H3.8237V23.8692C3.8237 24.6492 4.3637 25.1592 5.1437 25.1592H6.0437C6.8237 25.1592 7.3437 24.6492 7.3437 23.8692V22.3092H35.7937V23.6392C35.7937 24.5392 36.4037 25.1592 37.3137 25.1592H38.2037C39.1037 25.1592 39.7137 24.5392 39.7137 23.6392V22.3092H39.9637C42.1337 22.3092 43.6137 20.8192 43.6137 18.6192V10.1592C43.6137 7.9592 42.1337 6.4492 39.9637 6.4492H39.6637V3.7692C39.6637 1.5192 38.1737 -0.0008 35.9837 -0.0008H23.9637C23.1337 -0.0008 22.3937 0.2192 21.8037 0.6192C21.2237 0.2192 20.4837 -0.0008 19.6437 -0.0008H7.9737C5.7837 -0.0008 4.2937 1.5192 4.2937 3.7692V6.4492H3.6537C1.4737 6.4492 0.0037 7.9592 0.0037 10.1592ZM9.1737 13.0592V10.1592C9.1737 8.6392 8.4737 7.4692 7.3237 6.8792V3.8692C7.3237 3.3592 7.6837 3.0192 8.1737 3.0192H19.4437C19.9337 3.0192 20.2937 3.3592 20.2937 3.8692V13.0592ZM23.3237 3.8692C23.3237 3.3592 23.6837 3.0192 24.1737 3.0192H35.7837C36.2837 3.0192 36.6237 3.3492 36.6237 3.8692V6.7092C35.2737 7.2292 34.4437 8.4892 34.4437 10.1592V13.0592H23.3237ZM3.0337 18.5892V10.1992C3.0337 9.7592 3.3237 9.4892 3.7737 9.4892H5.3837C5.8537 9.4892 6.1437 9.7592 6.1437 10.1992V16.0792H37.4837V10.1992C37.4837 9.7592 37.7637 9.4892 38.2237 9.4892H39.8437C40.2937 9.4892 40.5737 9.7592 40.5737 10.1992V18.5892C40.5737 19.0192 40.2937 19.2892 39.8437 19.2892H3.7737C3.3237 19.2892 3.0337 19.0192 3.0337 18.5892Z","geometry":{"width":43.61328125,"height":25.15625}}