{"path":"M6.8344 22.7871C11.1044 22.7871 13.5944 20.2571 13.5944 16.4171C13.5944 13.2771 12.3844 11.7671 8.7944 9.9271L7.4544 9.2571C5.3344 8.1471 4.6044 7.2971 4.6044 5.7571C4.6044 4.4171 5.4944 3.5271 6.8344 3.5271C8.2844 3.5271 9.0644 4.4871 9.2544 6.1771C9.2844 6.4771 9.4444 6.6271 9.7244 6.6271H12.7944C13.0744 6.6271 13.2644 6.4571 13.2444 6.1371C13.0544 2.3771 11.0344 -0.0029 6.8344 -0.0029C2.7244 -0.0029 0.3144 2.5271 0.3144 6.2471C0.3144 9.3771 1.5844 11.1471 4.9244 12.8671L6.2644 13.5771C8.4744 14.7071 9.2944 15.4671 9.2944 16.9271C9.2944 18.4271 8.4744 19.2671 6.9144 19.2671C5.3044 19.2671 4.3644 18.2671 4.1744 16.5871C4.1444 16.2871 4.0244 16.1171 3.7344 16.1171H0.4544C0.1744 16.1171 -0.0156 16.2971 0.0044 16.6071C0.2344 20.5771 2.3944 22.7871 6.8344 22.7871ZM39.1544 22.7871C43.4244 22.7871 45.9144 20.2571 45.9144 16.4171C45.9144 13.2771 44.7044 11.7471 41.1144 9.9271L39.7744 9.2571C37.6444 8.1571 36.9244 7.2971 36.9244 5.7571C36.9244 4.4171 37.8144 3.5271 39.1544 3.5271C40.6044 3.5271 41.3744 4.4871 41.5644 6.1771C41.6044 6.4771 41.7644 6.6271 42.0444 6.6271H45.1144C45.3944 6.6271 45.5844 6.4571 45.5644 6.1371C45.3544 2.3771 43.3544 -0.0029 39.1544 -0.0029C35.0444 -0.0029 32.6344 2.5271 32.6344 6.2471C32.6344 9.3771 33.9244 11.0971 37.2444 12.8671L38.5844 13.5771C40.7844 14.7471 41.6144 15.4671 41.6144 16.9271C41.6144 18.4271 40.7944 19.2671 39.2244 19.2671C37.6244 19.2671 36.6844 18.2671 36.4944 16.5871C36.4544 16.2871 36.3444 16.1171 36.0544 16.1171H32.7744C32.4944 16.1171 32.3044 16.2971 32.3244 16.6071C32.5544 20.5771 34.7144 22.7871 39.1544 22.7871ZM22.9744 22.7871C28.0244 22.7871 30.7244 18.9471 30.7244 11.4271C30.7244 3.9471 28.0244 0.0371 22.9744 0.0371C17.8544 0.0371 15.2044 3.9471 15.2044 11.4271C15.2044 18.9471 17.8544 22.7871 22.9744 22.7871ZM22.9744 19.0771C20.7244 19.0771 19.6244 16.7071 19.6244 11.4271C19.6244 6.1771 20.7244 3.7571 22.9744 3.7571C25.1444 3.7571 26.2644 6.1771 26.2644 11.4271C26.2644 16.7071 25.1444 19.0771 22.9744 19.0771Z","geometry":{"width":45.910844470800974,"height":22.791015625}}