{"path":"M4.2237 24.3635H31.5937C34.3337 24.3635 35.8237 22.9035 35.8237 20.1435V4.2235C35.8237 1.4635 34.3337 0.0035 31.5937 0.0035H4.2237C1.4937 0.0035 0.0037 1.4635 0.0037 4.2235V20.1435C0.0037 22.9035 1.4937 24.3635 4.2237 24.3635ZM18.6337 18.0435C18.3237 18.0435 18.0737 17.8135 18.0237 17.5035C17.3237 13.1635 16.7337 12.4735 12.4137 11.8835C12.0837 11.8235 11.8537 11.5835 11.8537 11.2535C11.8537 10.9535 12.0837 10.6935 12.4137 10.6535C16.8037 10.0635 17.3337 9.3335 18.0237 5.0135C18.0737 4.6935 18.3237 4.4835 18.6337 4.4835C18.9337 4.4835 19.1837 4.7035 19.2537 5.0335C19.9337 9.3235 20.5237 10.0735 24.8537 10.6535C25.1937 10.6935 25.4137 10.9535 25.4137 11.2535C25.4137 11.5835 25.1937 11.8435 24.8537 11.8835C20.4237 12.4435 19.9637 13.2035 19.2537 17.5135C19.1837 17.8135 18.9337 18.0435 18.6337 18.0435ZM12.5737 20.4435C12.3437 20.4435 12.1937 20.2935 12.1237 20.0435C11.7837 17.9135 11.8637 17.8535 9.6137 17.5035C9.3237 17.4435 9.1737 17.2835 9.1737 17.0535C9.1737 16.8335 9.3237 16.6535 9.5737 16.6135C11.8837 16.2035 11.7837 16.1635 12.1237 14.0535C12.1937 13.8135 12.3637 13.6435 12.5737 13.6435C12.8237 13.6435 12.9837 13.8235 13.0437 14.0535C13.3737 16.2035 13.3137 16.2535 15.6237 16.6135C15.8337 16.6535 15.9937 16.8335 15.9937 17.0535C15.9937 17.2635 15.8437 17.4435 15.6237 17.5035C13.3137 17.8835 13.3937 17.9335 13.0437 20.0735C12.9837 20.2935 12.7937 20.4435 12.5737 20.4435ZM10.7037 29.4035H25.1137C25.9337 29.4035 26.5937 28.7235 26.5937 27.9435C26.5937 27.1535 25.9337 26.4735 25.1137 26.4735H10.7037C9.8837 26.4735 9.2237 27.1535 9.2237 27.9435C9.2237 28.7235 9.8837 29.4035 10.7037 29.4035Z","geometry":{"width":35.8203125,"height":29.408203125}}