{"path":"M4.2237 24.3635H31.5937C34.3137 24.3635 35.8237 22.8635 35.8237 20.1435V4.2235C35.8237 1.5135 34.3137 0.0035 31.5937 0.0035H4.2237C1.5037 0.0035 0.0037 1.5135 0.0037 4.2235V20.1435C0.0037 22.8635 1.5037 24.3635 4.2237 24.3635ZM4.5837 21.0135C3.7637 21.0135 3.3537 20.6335 3.3537 19.7835V4.5835C3.3537 3.7335 3.7637 3.3535 4.5837 3.3535H31.2437C32.0637 3.3535 32.4737 3.7335 32.4737 4.5835V19.7835C32.4737 20.6335 32.0637 21.0135 31.2437 21.0135ZM18.5437 17.4835C18.8237 17.4835 19.0437 17.2635 19.1037 16.9935C19.7537 13.0435 20.1937 12.3635 24.2437 11.8435C24.5437 11.8035 24.7437 11.5635 24.7437 11.2635C24.7437 10.9735 24.5437 10.7635 24.2437 10.7235C20.2737 10.2035 19.7237 9.5035 19.1037 5.5735C19.0437 5.2735 18.8237 5.0735 18.5437 5.0735C18.2637 5.0735 18.0437 5.2635 17.9937 5.5735C17.3537 9.5135 16.8737 10.1835 12.8537 10.7235C12.5537 10.7635 12.3437 10.9735 12.3437 11.2635C12.3437 11.5635 12.5537 11.7835 12.8537 11.8435C16.8137 12.3635 17.3537 13.0135 17.9937 16.9835C18.0437 17.2635 18.2537 17.4835 18.5437 17.4835ZM13.0337 19.6735C13.2237 19.6735 13.3937 19.5335 13.4437 19.3335C13.7537 17.3735 13.6837 17.3335 15.7937 16.9835C16.0137 16.9435 16.1437 16.7635 16.1437 16.5735C16.1437 16.3635 15.9937 16.2035 15.7937 16.1635C13.7037 15.8435 13.7537 15.7935 13.4437 13.8335C13.3937 13.6135 13.2337 13.4635 13.0337 13.4635C12.8137 13.4635 12.6737 13.6035 12.6237 13.8335C12.2937 15.7535 12.3837 15.7935 10.2637 16.1635C10.0537 16.2035 9.9137 16.3635 9.9137 16.5735C9.9137 16.7935 10.0537 16.9435 10.3037 16.9835C12.3737 17.2935 12.2937 17.3635 12.6237 19.3035C12.6737 19.5235 12.8137 19.6735 13.0337 19.6735ZM10.7037 29.4035H25.1137C25.9337 29.4035 26.5937 28.7235 26.5937 27.9435C26.5937 27.1535 25.9337 26.4735 25.1137 26.4735H10.7037C9.8837 26.4735 9.2237 27.1535 9.2237 27.9435C9.2237 28.7235 9.8837 29.4035 10.7037 29.4035Z","geometry":{"width":35.8203125,"height":29.408203125}}