{"path":"M5.9437 2.0402H23.3937C23.2837 0.7202 22.4537 0.0002 21.0537 0.0002H8.2837C6.8937 0.0002 6.0537 0.7202 5.9437 2.0402ZM3.2237 6.2602H26.1137C25.9337 4.8702 25.1837 4.0302 23.5837 4.0302H5.7537C4.1537 4.0302 3.4037 4.8702 3.2237 6.2602ZM4.8237 32.2102H24.5037C27.6137 32.2102 29.3437 30.5202 29.3437 27.4102V13.3302C29.3437 10.2302 27.6137 8.5302 24.5037 8.5302H4.8237C1.7137 8.5302 0.0037 10.2302 0.0037 13.3302V27.4102C0.0037 30.5202 1.7137 32.2102 4.8237 32.2102ZM5.2137 28.6802C4.1137 28.6802 3.5237 28.1502 3.5237 26.9902V13.7502C3.5237 12.5902 4.1137 12.0602 5.2137 12.0602H24.1137C25.2137 12.0602 25.8137 12.5902 25.8137 13.7502V26.9902C25.8137 28.1502 25.2137 28.6802 24.1137 28.6802ZM15.4537 25.6502C15.7337 25.6502 15.9437 25.4402 15.9937 25.1702C16.6437 21.3002 17.0637 20.6202 21.0437 20.1102C21.3437 20.0702 21.5437 19.8402 21.5437 19.5502C21.5437 19.2802 21.3437 19.0602 21.0437 19.0202C17.1437 18.5002 16.6137 17.8302 15.9937 13.9702C15.9437 13.6702 15.7337 13.4702 15.4537 13.4702C15.1737 13.4702 14.9537 13.6602 14.9037 13.9602C14.2837 17.8302 13.8037 18.4802 9.8537 19.0202C9.5737 19.0602 9.3637 19.2802 9.3637 19.5502C9.3637 19.8402 9.5737 20.0602 9.8537 20.1102C13.7537 20.6302 14.2837 21.2602 14.9037 25.1702C14.9537 25.4402 15.1637 25.6502 15.4537 25.6502ZM10.0337 27.8102C10.2237 27.8102 10.3937 27.6702 10.4337 27.4702C10.7437 25.5502 10.6737 25.5102 12.7537 25.1602C12.9437 25.1102 13.0837 24.9502 13.0837 24.7602C13.0837 24.5702 12.9437 24.3902 12.7537 24.3602C10.6937 24.0502 10.7437 23.9902 10.4337 22.0802C10.3937 21.8602 10.2437 21.7102 10.0337 21.7102C9.8337 21.7102 9.6837 21.8502 9.6437 22.0802C9.3137 23.9502 9.3937 23.9902 7.3137 24.3602C7.1137 24.4002 6.9737 24.5702 6.9737 24.7602C6.9737 24.9802 7.1137 25.1102 7.3537 25.1602C9.3937 25.4702 9.3137 25.5402 9.6437 27.4402C9.6837 27.6602 9.8137 27.8102 10.0337 27.8102Z","geometry":{"width":29.33984375,"height":32.2109375}}