{"path":"M15.3537 25.0745C16.5737 25.0745 17.5037 24.1445 17.5037 22.9245V2.1845C17.5037 0.9745 16.5737 0.0045 15.3437 0.0045C14.5437 0.0045 13.9337 0.3145 13.0937 1.1045L7.5637 6.2645C7.4937 6.3345 7.3937 6.3745 7.3037 6.3745H3.4837C1.2337 6.3745 0.0037 7.6545 0.0037 10.0245V15.0845C0.0037 17.4445 1.2337 18.7145 3.4837 18.7145H7.2837C7.3937 18.7145 7.4737 18.7445 7.5637 18.8145L13.0937 24.0045C13.8937 24.7445 14.5337 25.0745 15.3537 25.0745ZM21.6337 12.5245C21.6337 13.3945 22.2537 14.0245 23.1337 14.0245H26.4037V17.3045C26.4037 18.1745 27.0337 18.7945 27.9037 18.7945C28.7837 18.7945 29.4237 18.1745 29.4237 17.3045V14.0245H32.7037C33.5637 14.0245 34.1937 13.3945 34.1937 12.5245C34.1937 11.6345 33.5637 10.9945 32.7037 10.9945H29.4237V7.7245C29.4237 6.8545 28.7837 6.2345 27.9037 6.2345C27.0337 6.2345 26.4037 6.8545 26.4037 7.7245V10.9945H23.1337C22.2537 10.9945 21.6337 11.6345 21.6337 12.5245Z","geometry":{"width":34.193359375,"height":25.07421875}}