{"path":"M8.3037 29.7795C8.9237 29.7795 9.4237 29.5195 10.1737 28.8295L15.3537 24.2295H23.8437C28.0237 24.2295 30.5437 21.6795 30.5437 17.5395V6.6995C30.5437 2.5395 28.0237 -0.0005 23.8437 -0.0005H6.7037C2.5137 -0.0005 0.0037 2.5395 0.0037 6.6995V17.5395C0.0037 21.6795 2.6837 24.2295 6.4637 24.2295H6.8537V28.1595C6.8537 29.1495 7.3937 29.7795 8.3037 29.7795ZM14.4637 18.1695C14.0637 18.1695 13.7537 18.0095 13.3837 17.6595L10.6137 15.0895C10.5637 15.0495 10.5237 15.0495 10.4737 15.0495H8.6937C7.6337 15.0495 7.0237 14.4195 7.0237 13.2995V10.9195C7.0237 9.7895 7.6337 9.1895 8.6937 9.1895H10.4737C10.5237 9.1895 10.5637 9.1695 10.6137 9.1295L13.3837 6.5795C13.7837 6.2195 14.0637 6.0595 14.4337 6.0595C15.0237 6.0595 15.4637 6.5095 15.4637 7.0995V17.1495C15.4637 17.7195 15.0237 18.1695 14.4637 18.1695ZM20.5337 17.1295C20.0837 16.8595 20.0337 16.2795 20.3337 15.7895C21.0237 14.7895 21.3937 13.4695 21.3937 12.1095C21.3937 10.7495 21.0237 9.4495 20.3437 8.4195C20.0337 7.9395 20.0837 7.3795 20.5337 7.0995C20.9737 6.8395 21.4737 6.9495 21.7337 7.3595C22.6537 8.7395 23.1637 10.3795 23.1637 12.1095C23.1637 13.8595 22.6437 15.4995 21.7237 16.8695C21.4737 17.2695 20.9837 17.3795 20.5337 17.1295ZM17.7237 15.2895C17.2837 14.9795 17.1837 14.4895 17.5237 13.8995C17.8437 13.4295 18.0337 12.7695 18.0337 12.0995C18.0337 11.4195 17.8537 10.7595 17.5437 10.3095C17.1837 9.7295 17.2837 9.1995 17.7237 8.9095C18.1337 8.6695 18.6337 8.7795 18.8937 9.1295C19.4737 9.9295 19.8137 10.9895 19.8137 12.0995C19.8137 13.2295 19.4737 14.2995 18.8937 15.0695C18.6237 15.4395 18.1137 15.5595 17.7237 15.2895Z","geometry":{"width":30.54296875,"height":29.77734375}}