{"path":"M4.8237 26.1377H21.3137C24.4437 26.1377 26.1437 24.4477 26.1437 21.3377V4.7977C26.1437 1.6977 24.4437 -0.0023 21.3137 -0.0023H4.8237C1.7137 -0.0023 0.0037 1.6977 0.0037 4.7977V21.3377C0.0037 24.4477 1.7137 26.1377 4.8237 26.1377ZM15.6237 19.5777C15.2037 19.5777 14.8637 19.4177 14.4737 19.0277L11.5837 16.3077C11.5437 16.2677 11.4737 16.2577 11.4337 16.2577H9.4437C8.2837 16.2577 7.6537 15.6177 7.6537 14.3877V11.7577C7.6537 10.5377 8.2837 9.8877 9.4437 9.8877H11.4337C11.4737 9.8877 11.5537 9.8677 11.5937 9.8277L14.4737 7.1377C14.9037 6.7277 15.2137 6.5577 15.6237 6.5577C16.2437 6.5577 16.7037 7.0677 16.7037 7.6877V18.4877C16.7037 19.0977 16.2437 19.5777 15.6237 19.5777Z","geometry":{"width":26.140625,"height":26.140625}}