{"path":"M3.4503 18.7945H7.2603C7.3403 18.7945 7.4403 18.8245 7.5203 18.8945L13.2303 24.0045C14.0403 24.7345 14.6603 25.0745 15.4903 25.0745C16.7103 25.0745 17.6403 24.1445 17.6403 22.9245V2.1845C17.6403 0.9745 16.7103 0.0045 15.4603 0.0045C14.6803 0.0045 14.1003 0.3445 13.2303 1.1045L7.5203 6.1845C7.4203 6.2645 7.3403 6.2845 7.2603 6.2845H3.4503C1.1903 6.2845 0.0003 7.5345 0.0003 9.8945V15.1845C0.0003 17.5645 1.1903 18.7945 3.4503 18.7945ZM3.9103 15.6545C3.5503 15.6545 3.3603 15.4645 3.3603 15.1045V9.9945C3.3603 9.6245 3.5503 9.4345 3.9103 9.4345H8.0103C8.4103 9.4345 8.7003 9.3545 9.0203 9.0545L13.8603 4.6245C13.9303 4.5645 14.0003 4.5245 14.0803 4.5245C14.1903 4.5245 14.2703 4.6045 14.2703 4.7345V20.3445C14.2703 20.4645 14.1903 20.5645 14.0803 20.5645C14.0103 20.5645 13.9303 20.5245 13.8603 20.4645L9.0203 16.0345C8.7103 15.7545 8.4103 15.6545 8.0103 15.6545ZM22.3303 19.0345C23.1103 19.5145 24.0803 19.3145 24.5803 18.6045C25.7603 16.9945 26.4503 14.8045 26.4503 12.5245C26.4503 10.2445 25.7603 8.0845 24.5803 6.4345C24.0803 5.7245 23.1103 5.5545 22.3303 6.0445C21.4803 6.5745 21.2903 7.5845 21.9803 8.7045C22.6803 9.7645 23.0603 11.1145 23.0603 12.5245C23.0603 13.9445 22.6703 15.2945 21.9803 16.3545C21.3003 17.4745 21.4803 18.4845 22.3303 19.0345Z","geometry":{"width":26.455078125,"height":25.07421875}}