{"path":"M4.8237 26.1377H21.3137C24.4437 26.1377 26.1437 24.4477 26.1437 21.3377V4.7977C26.1437 1.6977 24.4437 -0.0023 21.3137 -0.0023H4.8237C1.7137 -0.0023 0.0037 1.6977 0.0037 4.7977V21.3377C0.0037 24.4477 1.7137 26.1377 4.8237 26.1377ZM5.2137 22.6177C4.1137 22.6177 3.5237 22.0777 3.5237 20.9177V5.2377C3.5237 4.0777 4.1137 3.5277 5.2137 3.5277H20.9337C22.0237 3.5277 22.6137 4.0777 22.6137 5.2377V20.9177C22.6137 22.0777 22.0237 22.6177 20.9337 22.6177ZM15.3837 19.2377C15.9537 19.2377 16.3937 18.7977 16.3937 18.2077V7.9277C16.3937 7.3577 15.9537 6.8877 15.3637 6.8877C14.9837 6.8877 14.6837 7.0377 14.2837 7.4077L11.5437 9.9977C11.4937 10.0377 11.4337 10.0377 11.3937 10.0377H9.5037C8.4037 10.0377 7.8037 10.6677 7.8037 11.8077V14.3177C7.8037 15.4677 8.4037 16.0877 9.5037 16.0877H11.3937C11.4337 16.0877 11.4837 16.1077 11.5237 16.1377L14.2837 18.7277C14.6537 19.0877 14.9737 19.2377 15.3837 19.2377Z","geometry":{"width":26.140625,"height":26.140625}}