{"path":"M25.1257 26.738C25.5757 27.188 26.3157 27.188 26.7557 26.738C27.1957 26.288 27.2057 25.568 26.7557 25.108L1.9657 0.338C1.5157 -0.112 0.7757 -0.112 0.3257 0.338C-0.1143 0.778 -0.1143 1.528 0.3257 1.968ZM20.2657 16.038V2.728C20.2657 1.518 19.3457 0.548 18.1057 0.548C17.3257 0.548 16.7057 0.868 15.8757 1.648L10.9057 6.258C10.8657 6.298 10.8157 6.328 10.7457 6.338H10.5457ZM6.2357 19.258H10.0257C10.1157 19.258 10.2157 19.288 10.2857 19.358L15.8757 24.548C16.6557 25.288 17.2957 25.618 18.1157 25.618C19.0157 25.618 19.7457 25.138 20.0857 24.288L3.6357 7.868C3.0757 8.458 2.7757 9.358 2.7757 10.528V15.648C2.7757 18.028 3.9657 19.258 6.2357 19.258Z","geometry":{"width":27.08913104484249,"height":27.0771484375}}