{"path":"M3.4503 18.7945H7.2603C7.3403 18.7945 7.4403 18.8245 7.5203 18.8945L13.2303 24.0045C14.0403 24.7345 14.6603 25.0745 15.4903 25.0745C16.7103 25.0745 17.6403 24.1445 17.6403 22.9245V2.1845C17.6403 0.9745 16.7103 0.0045 15.4803 0.0045C14.6803 0.0045 14.1003 0.3445 13.2303 1.1045L7.5203 6.1845C7.4203 6.2645 7.3403 6.2845 7.2603 6.2845H3.4503C1.1903 6.2845 0.0003 7.5345 0.0003 9.8945V15.1845C0.0003 17.5645 1.1903 18.7945 3.4503 18.7945ZM33.8403 8.7345H30.8403L34.0603 4.4845C34.3803 4.0645 34.5203 3.7745 34.5203 3.4545C34.5203 2.9145 34.0803 2.5445 33.5003 2.5445H28.7903C28.2203 2.5445 27.8203 2.9245 27.8203 3.4845C27.8203 4.0645 28.2203 4.4545 28.7903 4.4545H31.5803L28.3303 8.6545C27.9903 9.0945 27.8803 9.3645 27.8803 9.7245C27.8803 10.2545 28.2903 10.6345 28.8703 10.6345H33.8403C34.4003 10.6345 34.8103 10.2545 34.8103 9.6845C34.8103 9.1145 34.4003 8.7345 33.8403 8.7345ZM3.9103 15.6545C3.5503 15.6545 3.3603 15.4645 3.3603 15.1045V9.9945C3.3603 9.6245 3.5503 9.4345 3.9103 9.4345H8.0103C8.4103 9.4345 8.7003 9.3545 9.0203 9.0545L13.8603 4.6245C13.9303 4.5645 14.0003 4.5245 14.0803 4.5245C14.1903 4.5245 14.2703 4.6045 14.2703 4.7345V20.3445C14.2703 20.4645 14.1903 20.5645 14.0803 20.5645C14.0103 20.5645 13.9303 20.5245 13.8603 20.4645L9.0203 16.0345C8.7103 15.7545 8.4103 15.6545 8.0103 15.6545ZM25.5703 14.6045H23.6403L25.8003 11.7545C26.1003 11.3645 26.2403 11.0745 26.2403 10.7745C26.2403 10.2545 25.8303 9.8945 25.2503 9.8945H21.7403C21.2203 9.8945 20.8403 10.2645 20.8403 10.7845C20.8403 11.3645 21.2003 11.7345 21.7403 11.7345H23.4203L21.2703 14.5645C20.9903 14.9545 20.8603 15.2145 20.8603 15.5545C20.8603 16.0545 21.2603 16.4245 21.7903 16.4245H25.5703C26.1303 16.4245 26.5003 16.0745 26.5003 15.5145C26.5003 14.9745 26.1103 14.6045 25.5703 14.6045ZM31.8403 20.0445H30.2003L32.0303 17.5945C32.3303 17.1845 32.4403 16.9345 32.4403 16.6645C32.4403 16.1445 32.0603 15.8145 31.5303 15.8145H28.4003C27.8803 15.8145 27.5103 16.1745 27.5103 16.6945C27.5103 17.2245 27.8603 17.5545 28.4003 17.5545H29.7603L27.9603 20.0045C27.6703 20.3945 27.5503 20.6445 27.5503 20.9445C27.5503 21.4345 27.9303 21.7945 28.4503 21.7945H31.8403C32.3303 21.7945 32.7003 21.4345 32.7003 20.9145C32.7003 20.4145 32.3303 20.0445 31.8403 20.0445Z","geometry":{"width":34.80859375,"height":25.07421875}}