{"path":"M15.3503 25.0745C16.5703 25.0745 17.4903 24.1445 17.4903 22.9245V2.1845C17.4903 0.9745 16.5703 0.0045 15.3303 0.0045C14.5503 0.0045 13.9303 0.3145 13.1003 1.1045L7.5603 6.2645C7.4903 6.3345 7.4003 6.3745 7.3003 6.3745H3.4903C1.2303 6.3745 0.0003 7.6545 0.0003 10.0245V15.0845C0.0003 17.4445 1.2303 18.7145 3.4903 18.7145H7.2903C7.4003 18.7145 7.4803 18.7445 7.5603 18.8145L13.1003 24.0045C13.8803 24.7445 14.5203 25.0745 15.3503 25.0745Z","geometry":{"width":17.486328125,"height":25.07421875}}