{"path":"M9.0237 29.6795C9.9537 29.6795 10.6937 29.2895 11.8437 28.2895L16.4637 24.2395H23.8437C28.0237 24.2395 30.5437 21.6795 30.5437 17.5395V6.6995C30.5437 2.5395 28.0237 -0.0005 23.8437 -0.0005H6.7037C2.5137 -0.0005 0.0037 2.5395 0.0037 6.6995V17.5395C0.0037 21.6795 2.6837 24.2395 6.4637 24.2395H6.8537V27.2795C6.8537 28.7695 7.6737 29.6795 9.0237 29.6795ZM9.8737 25.7695V21.9795C9.8737 21.0595 9.4337 20.7095 8.6037 20.7095H6.9137C4.6337 20.7095 3.5237 19.5595 3.5237 17.3195V6.8995C3.5237 4.6595 4.6337 3.5295 6.9137 3.5295H23.6237C25.8937 3.5295 27.0137 4.6595 27.0137 6.8995V17.3195C27.0137 19.5595 25.8937 20.7095 23.6237 20.7095H16.2037C15.2537 20.7095 14.8337 20.8895 14.1537 21.5695ZM14.5037 17.8695C15.0437 17.8695 15.4637 17.4595 15.4637 16.9095V7.3395C15.4637 6.7995 15.0437 6.3695 14.4937 6.3695C14.1337 6.3695 13.8737 6.5195 13.4937 6.8595L10.8537 9.2995C10.8137 9.3395 10.7737 9.3495 10.7337 9.3495H9.0237C8.0137 9.3495 7.4537 9.9095 7.4537 10.9795V13.2595C7.4537 14.3095 8.0137 14.8995 9.0237 14.8995H10.7337C10.7737 14.8995 10.8137 14.8995 10.8537 14.9395L13.4937 17.3995C13.8537 17.7195 14.1337 17.8695 14.5037 17.8695ZM20.2737 16.8695C20.6837 17.0995 21.1637 17.0195 21.3937 16.6295C22.2537 15.3395 22.7537 13.7995 22.7537 12.1295C22.7537 10.4695 22.2737 8.9095 21.4137 7.6195C21.1537 7.2195 20.6737 7.1095 20.2737 7.3595C19.8537 7.6295 19.7837 8.1495 20.0837 8.6095C20.7437 9.5795 21.0837 10.8295 21.0837 12.1295C21.0837 13.4095 20.7237 14.6695 20.0837 15.6295C19.7837 16.0895 19.8337 16.6095 20.2737 16.8695ZM17.5937 15.1395C17.9737 15.3995 18.4537 15.2695 18.7137 14.9295C19.2537 14.1895 19.5937 13.1795 19.5937 12.1095C19.5937 11.0595 19.2537 10.0495 18.7137 9.2995C18.4737 8.9595 17.9737 8.8595 17.5937 9.0895C17.1837 9.3495 17.0937 9.8595 17.4337 10.3895C17.7337 10.8295 17.9137 11.4595 17.9137 12.1095C17.9137 12.7395 17.7237 13.3695 17.4137 13.8395C17.1037 14.3795 17.1837 14.8495 17.5937 15.1395Z","geometry":{"width":30.54296875,"height":29.681640625}}