{"path":"M3.4503 18.7945H7.2603C7.3403 18.7945 7.4403 18.8245 7.5203 18.8945L13.2303 24.0045C14.0403 24.7345 14.6603 25.0745 15.4903 25.0745C16.7103 25.0745 17.6403 24.1445 17.6403 22.9245V2.1845C17.6403 0.9745 16.7103 0.0045 15.4803 0.0045C14.6803 0.0045 14.1003 0.3445 13.2303 1.1045L7.5203 6.1845C7.4203 6.2645 7.3403 6.2845 7.2603 6.2845H3.4503C1.1903 6.2845 0.0003 7.5345 0.0003 9.8945V15.1845C0.0003 17.5645 1.1903 18.7945 3.4503 18.7945ZM3.9103 15.6545C3.5503 15.6545 3.3603 15.4645 3.3603 15.1045V9.9945C3.3603 9.6245 3.5503 9.4345 3.9103 9.4345H8.0103C8.4103 9.4345 8.7003 9.3545 9.0203 9.0545L13.8603 4.6245C13.9303 4.5645 14.0003 4.5245 14.0803 4.5245C14.1903 4.5245 14.2703 4.6045 14.2703 4.7345V20.3445C14.2703 20.4645 14.1903 20.5645 14.0803 20.5645C14.0103 20.5645 13.9303 20.5245 13.8603 20.4645L9.0203 16.0345C8.7103 15.7545 8.4103 15.6545 8.0103 15.6545ZM28.6403 19.7145C32.5703 19.7145 35.8503 16.4445 35.8503 12.5145C35.8503 8.5745 32.5903 5.3145 28.6403 5.3145C24.7003 5.3145 21.4503 8.5745 21.4503 12.5145C21.4503 16.4645 24.7003 19.7145 28.6403 19.7145ZM28.6403 13.7145C28.0003 13.7145 27.5303 13.2745 27.5103 12.6445L27.3803 8.8545C27.3603 8.1445 27.8903 7.6245 28.6403 7.6245C29.4103 7.6245 29.9403 8.1345 29.9103 8.8545L29.7903 12.6445C29.7603 13.2745 29.2803 13.7145 28.6403 13.7145ZM28.6403 17.3645C27.8103 17.3645 27.1903 16.7745 27.1903 15.9645C27.1903 15.1745 27.8203 14.6045 28.6403 14.6045C29.4603 14.6045 30.0903 15.1845 30.0903 15.9645C30.0903 16.7745 29.4803 17.3645 28.6403 17.3645Z","geometry":{"width":35.84765625,"height":25.07421875}}