{"path":"M34.6303 28.492C35.4503 28.982 36.4803 28.752 37.0003 27.912C39.4403 24.072 40.8903 19.422 40.8903 14.382C40.8903 9.322 39.4203 4.682 37.0003 0.842C36.4803 -0.008 35.4503 -0.238 34.6303 0.252C33.7703 0.772 33.6303 1.842 34.2203 2.802C36.2703 6.062 37.5203 10.042 37.5203 14.382C37.5203 18.702 36.2703 22.682 34.2203 25.942C33.6303 26.902 33.7703 27.972 34.6303 28.492ZM15.3403 26.902C16.5703 26.902 17.4903 25.972 17.4903 24.752V4.012C17.4903 2.802 16.5703 1.832 15.3303 1.832C14.5303 1.832 13.9303 2.142 13.1003 2.932L7.5603 8.092C7.4803 8.162 7.4003 8.202 7.2903 8.202H3.4903C1.2303 8.202 0.0003 9.482 0.0003 11.852V16.912C0.0003 19.272 1.2303 20.542 3.4903 20.542H7.2903C7.3803 20.542 7.4803 20.572 7.5503 20.642L13.1003 25.832C13.8803 26.572 14.5203 26.902 15.3403 26.902ZM28.4903 24.642C29.3003 25.122 30.2803 24.932 30.8003 24.142C32.6303 21.422 33.6903 17.962 33.6903 14.352C33.6903 10.742 32.6503 7.252 30.8003 4.562C30.2803 3.772 29.3003 3.582 28.4903 4.042C27.6003 4.572 27.4903 5.652 28.1003 6.622C29.5003 8.772 30.3003 11.512 30.3003 14.352C30.3003 17.192 29.4903 19.912 28.1003 22.072C27.4903 23.042 27.6003 24.122 28.4903 24.642ZM22.3303 20.842C23.1103 21.322 24.0803 21.142 24.5803 20.432C25.7603 18.812 26.4503 16.632 26.4503 14.352C26.4503 12.072 25.7603 9.892 24.5803 8.252C24.0803 7.552 23.1103 7.362 22.3303 7.852C21.4803 8.392 21.2903 9.412 21.9803 10.532C22.6803 11.572 23.0603 12.932 23.0603 14.352C23.0603 15.762 22.6703 17.112 21.9803 18.162C21.3003 19.302 21.4803 20.312 22.3303 20.842Z","geometry":{"width":40.892578125,"height":28.74339576472406}}