{"path":"M1.4937 25.7441C2.2937 25.7441 2.9637 25.0741 2.9637 24.2541V22.1441H9.6637C10.3737 22.1441 10.8437 22.3241 11.3337 22.9041C12.7437 24.5241 14.6737 25.5341 17.0037 25.5341C19.8937 25.5341 21.2037 24.2541 22.5537 23.0241C23.0937 22.5141 23.7437 22.1941 24.4037 22.1941C25.5937 22.1941 26.5337 23.1341 26.5337 24.7141V26.6341C26.5337 27.4141 27.0037 27.8641 27.7837 27.8641H32.9037C33.6837 27.8641 34.1437 27.3941 34.1437 26.6341V24.9741C34.1437 17.0041 29.3037 14.4141 24.8537 14.4141H24.5237C24.0037 14.4141 23.5837 14.1141 23.4037 13.6341L22.7937 11.9041C22.4737 11.0441 22.0937 10.7441 21.3037 10.7441H21.1637V9.2141C21.1637 7.9141 20.3337 7.0941 19.0437 7.0941H18.5937V5.3641C18.9737 5.1041 19.3037 4.7741 19.5337 4.3741L25.9637 5.0541C27.3837 5.2041 28.4237 4.2841 28.4237 2.8941C28.4237 1.5341 27.3837 0.6041 25.9637 0.7541L19.5337 1.4341C19.0337 0.5741 18.0837 0.0041 17.0037 0.0041C15.9437 0.0041 15.0137 0.5741 14.5037 1.4341L8.0837 0.7541C6.6437 0.6041 5.6237 1.5341 5.6237 2.8941C5.6237 4.2841 6.6437 5.2041 8.0837 5.0541L14.5037 4.3741C14.7337 4.7741 15.0537 5.1041 15.4337 5.3441V7.0941H14.9537C13.6737 7.0941 12.8337 7.9141 12.8337 9.2141V10.7441H12.7037C11.9037 10.7441 11.5437 11.0441 11.2237 11.9041L10.5937 13.6341C10.4137 14.1141 10.0037 14.4141 9.4737 14.4141H2.9637V12.5141C2.9637 11.6941 2.2937 11.0241 1.4937 11.0241C0.6737 11.0241 0.0037 11.6941 0.0037 12.5141V24.2541C0.0037 25.0741 0.6737 25.7441 1.4937 25.7441Z","geometry":{"width":34.138671875,"height":27.86328125}}