{"path":"M1.4937 25.7441C2.2937 25.7441 2.9637 25.0641 2.9637 24.2541V22.5341H9.6637C10.2837 22.5341 10.6237 22.6641 11.0337 23.1441C12.5137 24.8241 14.5837 25.9241 17.0037 25.9241C20.0337 25.9241 21.4637 24.5441 22.8137 23.2941C23.3137 22.8441 23.8537 22.5741 24.4037 22.5741C25.3737 22.5741 26.1537 23.3341 26.1537 24.7141V26.6241C26.1537 27.5641 26.8337 28.2441 27.7837 28.2441H32.9037C33.8337 28.2441 34.5237 27.5641 34.5237 26.6241V24.9741C34.5237 16.7641 29.3837 14.0141 24.8537 14.0141H24.5237C24.1837 14.0141 23.8937 13.8241 23.7737 13.4941L23.1437 11.7841C22.8137 10.8641 22.3037 10.4141 21.4737 10.3641V9.2141C21.4737 7.7941 20.4637 6.7841 19.0537 6.7841H18.5937V5.3441C18.9737 5.1041 19.3037 4.7741 19.5337 4.3741L25.9637 5.0541C27.3837 5.2041 28.4237 4.2841 28.4237 2.8941C28.4237 1.5341 27.3837 0.6041 25.9637 0.7541L19.5337 1.4341C19.0337 0.5741 18.0837 0.0041 17.0037 0.0041C15.9437 0.0041 15.0137 0.5741 14.5037 1.4341L8.0837 0.7541C6.6437 0.6041 5.6237 1.5341 5.6237 2.8941C5.6237 4.2841 6.6437 5.2041 8.0837 5.0541L14.5037 4.3741C14.7337 4.7741 15.0537 5.1041 15.4337 5.3441V6.7841H14.9537C13.5337 6.7841 12.5237 7.7941 12.5237 9.2141V10.3641C11.7037 10.4141 11.1837 10.8641 10.8537 11.7841L10.2237 13.4941C10.1137 13.8241 9.8337 14.0141 9.4737 14.0141H2.9637V12.4941C2.9637 11.6941 2.2937 11.0241 1.4937 11.0241C0.6737 11.0241 0.0037 11.6941 0.0037 12.4941V24.2541C0.0037 25.0641 0.6737 25.7441 1.4937 25.7441ZM15.0937 9.4841C15.0937 9.2241 15.2737 9.0541 15.5337 9.0541H18.4737C18.7337 9.0541 18.9037 9.2241 18.9037 9.4841V10.3541H15.0937ZM28.8937 25.5141V24.7141C28.8937 20.7041 26.4037 19.8241 24.5237 19.8241C23.0237 19.8241 21.9937 20.3741 21.1137 21.1641C20.0537 22.0641 19.0537 23.1841 17.0037 23.1841C15.2437 23.1841 14.0537 22.4641 12.9837 21.2341C12.1137 20.1941 11.5137 19.7941 9.7937 19.7941H2.9637V16.7441H10.1537C11.6737 16.7441 12.2137 16.0641 12.5737 15.0341L13.2937 13.0841H20.7137L21.4237 15.0341C21.8037 16.0641 22.4037 16.7441 23.9237 16.7441H24.6537C28.4537 16.7441 31.8037 18.7541 31.8037 24.9741V25.5141Z","geometry":{"width":34.521484375,"height":28.24609375}}