{"path":"M4.8237 26.1377H32.2937C35.4237 26.1377 37.1337 24.4477 37.1337 21.3377V4.7977C37.1337 1.6977 35.4237 -0.0023 32.2937 -0.0023H4.8237C1.7137 -0.0023 0.0037 1.6977 0.0037 4.7977V21.3377C0.0037 24.4477 1.7137 26.1377 4.8237 26.1377ZM5.2137 22.6177C4.1137 22.6177 3.5237 22.0777 3.5237 20.9177V18.9777H6.3537C8.2037 18.9777 9.3137 17.8677 9.3137 16.0377V10.0877C9.3137 8.2577 8.2037 7.1477 6.3537 7.1477H3.5237V5.2377C3.5237 4.0777 4.1137 3.5277 5.2137 3.5277H17.3537V6.8377C14.2637 7.2877 12.2237 9.6977 12.2237 13.0677C12.2237 16.4177 14.2637 18.8277 17.3537 19.3077V22.6177ZM24.8737 13.0677C24.8237 9.7777 22.8037 7.3877 19.7437 6.8677V3.5277H31.9137C33.0037 3.5277 33.6037 4.0777 33.6037 5.2377V7.1477H30.7637C28.9337 7.1477 27.8237 8.2577 27.8237 10.0877V16.0377C27.8237 17.8677 28.9337 18.9777 30.7637 18.9777H33.6037V20.9177C33.6037 22.0777 33.0037 22.6177 31.9137 22.6177H19.7437V19.3077C22.8637 18.8077 24.8937 16.4177 24.8737 13.0677ZM22.5737 13.0577C22.5537 15.0277 21.4637 16.4877 19.7437 16.9377V9.1977C21.4737 9.6477 22.5837 11.0977 22.5737 13.0577ZM14.5237 13.0577C14.5237 11.0977 15.6237 9.6477 17.3537 9.1977V16.9377C15.6237 16.4877 14.5237 15.0277 14.5237 13.0577ZM30.8737 16.5877C30.4737 16.5877 30.2237 16.3277 30.2237 15.9177V10.2277C30.2237 9.7977 30.4737 9.5577 30.8737 9.5577H33.6037V16.5877ZM6.2637 9.5577C6.6537 9.5577 6.9037 9.7977 6.9037 10.2277V15.9177C6.9037 16.3277 6.6537 16.5877 6.2637 16.5877H3.5237V9.5577Z","geometry":{"width":37.1328125,"height":26.140625}}