{"path":"M0.0037 21.3377C0.0037 24.4477 1.7137 26.1377 4.8237 26.1377H17.3237V19.5877C14.0637 19.1177 11.9237 16.5977 11.9237 13.0677C11.9237 9.5177 14.0637 6.9877 17.3237 6.5377V-0.0023H4.8237C1.7137 -0.0023 0.0037 1.6977 0.0037 4.7977V6.0577H4.7437C6.5937 6.0577 7.6937 7.1477 7.6937 8.9977V17.1477C7.6937 18.9777 6.5937 20.0877 4.7437 20.0877H0.0037ZM19.7237 26.1377H32.2937C35.4237 26.1377 37.1337 24.4477 37.1337 21.3377V20.0877H32.3737C30.5437 20.0877 29.4337 18.9777 29.4337 17.1477V8.9977C29.4337 7.1477 30.5437 6.0577 32.3737 6.0577H37.1337V4.7977C37.1337 1.6977 35.4237 -0.0023 32.2937 -0.0023H19.7237V6.5577C22.9537 7.0777 25.1037 9.6077 25.1437 13.0677C25.1837 16.5977 23.0237 19.0977 19.7237 19.5877ZM0.0037 17.6777H4.6437C5.0437 17.6777 5.2937 17.4277 5.2937 17.0077V9.1177C5.2937 8.7077 5.0437 8.4677 4.6437 8.4677H0.0037ZM31.8437 17.0077C31.8437 17.4277 32.0837 17.6777 32.4837 17.6777H37.1337V8.4677H32.4837C32.0837 8.4677 31.8437 8.7077 31.8437 9.1177ZM14.2637 13.0577C14.2637 15.1577 15.4737 16.7377 17.3237 17.1677V8.9677C15.4737 9.4077 14.2637 10.9677 14.2637 13.0577ZM19.7237 17.1677C21.5837 16.7377 22.7937 15.1577 22.7937 13.0577C22.8037 10.9677 21.6037 9.4077 19.7237 8.9677Z","geometry":{"width":37.1328125,"height":26.140625}}