{"path":"M1.6037 23.5426H29.0837C29.9737 23.5426 30.6837 22.8226 30.6837 21.9426C30.6837 21.0526 29.9537 20.3326 29.0837 20.3326H18.5437V14.9026C19.7737 14.9026 20.6537 14.0426 20.6537 12.7926V10.2026C20.6537 8.9826 19.7937 8.1226 18.5437 8.0926V6.5326H18.6437C19.8237 6.5326 20.6537 5.7026 20.6537 4.5226V3.2126C20.6537 1.2726 19.3137 0.0026 17.2637 0.0026H13.4137C11.3637 0.0026 10.0237 1.2726 10.0237 3.2126V4.5226C10.0237 5.7026 10.8537 6.5326 12.0437 6.5326H12.1537V8.0926C10.9237 8.0926 10.0237 8.9526 10.0237 10.2026V12.7926C10.0237 14.0126 10.8937 14.8726 12.1537 14.9026V20.3326H1.6037C0.7237 20.3326 0.0037 21.0726 0.0037 21.9426C0.0037 22.8226 0.7237 23.5426 1.6037 23.5426ZM12.7837 4.0226C12.6437 4.0226 12.5337 3.9126 12.5337 3.7726V3.2126C12.5337 2.7626 12.8537 2.5026 13.3837 2.5026H17.2937C17.8437 2.5026 18.1437 2.7626 18.1437 3.2126V3.7726C18.1437 3.9126 18.0437 4.0226 17.8937 4.0226ZM14.6737 8.0926V6.5326H16.0237V8.0926ZM12.7837 12.3826C12.6437 12.3826 12.5337 12.2726 12.5337 12.1426V10.8526C12.5337 10.7226 12.6437 10.6126 12.7837 10.6126H17.8937C18.0437 10.6126 18.1437 10.7226 18.1437 10.8526V12.1426C18.1437 12.2726 18.0437 12.3826 17.8937 12.3826ZM14.6737 20.3326V14.9026H16.0237V20.3326Z","geometry":{"width":30.6796875,"height":23.54296875}}