{"path":"M13.75 2.6148C14.48 2.6148 15.04 2.0248 15.04 1.3148C15.04 0.5848 14.48 0.0048 13.75 0.0048C13.03 0.0048 12.44 0.5848 12.44 1.3148C12.44 2.0248 13.02 2.6148 13.75 2.6148ZM22.08 4.5248C22.57 5.0448 23.41 5.0148 23.9 4.5248C24.42 4.0048 24.42 3.1848 23.91 2.6748C23.39 2.1748 22.57 2.1648 22.07 2.6748C21.56 3.1748 21.55 4.0048 22.08 4.5248ZM5.43 4.5248C5.96 4.0048 5.95 3.1748 5.43 2.6748C4.94 2.1648 4.1 2.1748 3.6 2.6748C3.08 3.1848 3.08 4.0048 3.6 4.5248C4.1 5.0148 4.92 5.0448 5.43 4.5248ZM13.75 7.2748C14.64 7.2748 15.39 6.5348 15.39 5.6148C15.39 4.7148 14.66 3.9648 13.75 3.9648C12.82 3.9648 12.1 4.7148 12.1 5.6148C12.1 6.5348 12.82 7.2748 13.75 7.2748ZM18.69 7.9048C19.33 8.5548 20.37 8.5448 21.01 7.9048C21.67 7.2548 21.67 6.2048 21.01 5.5748C20.37 4.9348 19.33 4.9348 18.69 5.5648C18.05 6.2048 18.05 7.2548 18.69 7.9048ZM8.8 7.9048C9.46 7.2548 9.45 6.2048 8.8 5.5648C8.18 4.9348 7.14 4.9348 6.48 5.5748C5.84 6.2048 5.84 7.2548 6.48 7.9048C7.14 8.5448 8.18 8.5548 8.8 7.9048ZM1.8 29.4948H25.7C26.52 29.4948 27.22 28.7948 27.22 27.9748C27.22 27.1248 26.52 26.4548 25.7 26.4548H16.13V21.9848H16.47C17.64 21.9848 18.46 21.2048 18.46 20.0748V17.8048C18.46 16.6748 17.64 15.9048 16.47 15.9048H16.13V14.7148H16.63C17.69 14.7148 18.46 13.9448 18.46 12.8748V11.7348C18.46 9.9948 17.27 8.8448 15.44 8.8448H12.06C10.24 8.8448 9.04 9.9948 9.04 11.7348V12.8748C9.04 13.9448 9.8 14.7148 10.87 14.7148H11.38V15.9048H11.02C9.86 15.9048 9.04 16.6748 9.04 17.8048V20.0748C9.04 21.2048 9.86 21.9848 11.02 21.9848H11.38V26.4548H1.8C0.97 26.4548 0.29 27.1348 0.29 27.9748C0.29 28.7948 0.98 29.4948 1.8 29.4948ZM7.27 12.4648C7.27 11.5548 6.52 10.8148 5.62 10.8148C4.7 10.8148 3.96 11.5648 3.96 12.4648C3.96 13.3848 4.7 14.1048 5.62 14.1048C6.52 14.1048 7.27 13.3848 7.27 12.4648ZM20.23 12.4648C20.23 13.3848 20.99 14.1048 21.89 14.1048C22.8 14.1048 23.54 13.3848 23.54 12.4648C23.54 11.5648 22.8 10.8148 21.89 10.8148C20.97 10.8148 20.23 11.5548 20.23 12.4648ZM2.61 12.4648C2.61 11.7448 2.02 11.1748 1.31 11.1748C0.57 11.1748 0 11.7448 0 12.4648C0 13.1948 0.57 13.7648 1.31 13.7648C2.02 13.7648 2.61 13.1948 2.61 12.4648ZM24.9 12.4648C24.9 13.1948 25.48 13.7648 26.2 13.7648C26.92 13.7648 27.51 13.1948 27.51 12.4648C27.51 11.7448 26.92 11.1748 26.2 11.1748C25.48 11.1748 24.9 11.7448 24.9 12.4648Z","geometry":{"width":27.5078125,"height":29.490234375}}