{"path":"M0.0037 21.9426C0.0037 22.8326 0.7237 23.5526 1.6037 23.5526H29.0837C29.9737 23.5526 30.6837 22.8226 30.6837 21.9426C30.6837 21.0726 29.9537 20.3426 29.0837 20.3426H17.9737V14.9026H18.4837C19.7737 14.9026 20.6537 14.0426 20.6537 12.8126V10.2026C20.6537 8.9726 19.7737 8.1026 18.4837 8.1026H17.9737V6.5526H18.6437C19.8237 6.5526 20.6537 5.7126 20.6537 4.5226V3.2226C20.6537 1.2726 19.3137 0.0026 17.2637 0.0026H13.4137C11.3637 0.0026 10.0237 1.2726 10.0237 3.2226V4.5226C10.0237 5.7126 10.8537 6.5526 12.0437 6.5526H12.7137V8.1026H12.1937C10.9237 8.1026 10.0237 8.9726 10.0237 10.2026V12.8126C10.0237 14.0426 10.9237 14.9026 12.1937 14.9026H12.7137V20.3426H1.6037C0.7237 20.3426 0.0037 21.0726 0.0037 21.9426Z","geometry":{"width":30.6796875,"height":23.556640625}}