{"path":"M0.0037 25.0927C0.0037 28.1927 1.7137 29.8827 4.8237 29.8827H20.6537C23.7937 29.8827 25.4837 28.1827 25.4837 25.0927V12.4227C25.4837 9.3227 23.7937 7.6327 20.6537 7.6327H14.3237V1.5627C14.3237 0.7427 13.6337 0.0027 12.7437 0.0027C11.8637 0.0027 11.1737 0.7427 11.1737 1.5627V7.6327H4.8237C1.7137 7.6327 0.0037 9.3227 0.0037 12.4227ZM12.7437 21.1927C12.3137 21.1927 11.9037 21.0527 11.4937 20.6427L6.9637 16.2827C6.6837 16.0127 6.5337 15.7227 6.5337 15.3227C6.5337 14.5427 7.1737 14.0027 7.9037 14.0027C8.2837 14.0027 8.6637 14.1627 8.9437 14.4527L10.7237 16.3427L11.3037 17.2627L11.1737 15.2627V8.8227C11.1737 7.9727 11.8437 7.2827 12.7437 7.2827C13.6537 7.2827 14.3237 7.9727 14.3237 8.8227V15.2627L14.1937 17.2627L14.7837 16.3427L16.5537 14.4527C16.8137 14.1627 17.2037 14.0027 17.5837 14.0027C18.3037 14.0027 18.9637 14.5427 18.9637 15.3227C18.9637 15.7227 18.8037 16.0127 18.5237 16.2827L14.0037 20.6427C13.5737 21.0527 13.1637 21.1927 12.7437 21.1927ZM13.2037 36.8827H27.9737C31.0937 36.8827 32.8037 35.1927 32.8037 32.0927V17.9327C32.8037 14.8627 31.1137 13.1627 28.0637 13.1427H27.7137V25.1927C27.7137 29.5427 25.1337 32.1027 20.7837 32.1027H8.3837V32.1727C8.4237 35.2027 10.0637 36.8827 13.2037 36.8827Z","geometry":{"width":32.798828125,"height":36.88671875}}