{"path":"M20.5227 18.2099L23.8827 21.5899V13.6199C23.8827 11.7099 23.3827 10.8299 21.7227 9.8699L16.1027 6.6199V4.1699C16.1027 4.0499 16.2027 3.9799 16.3227 4.0499L25.8027 9.5199C26.1527 9.7399 26.2627 9.8899 26.2627 10.3499V21.6399C26.2627 21.7299 26.2627 21.8099 26.2527 21.8799L28.9527 24.5799C29.3827 24.0899 29.6427 23.3299 29.6427 22.3099V10.3099C29.6427 8.4099 29.1327 7.5399 27.4827 6.5599L16.9527 0.4799C15.0627 -0.6101 12.7427 0.1499 12.7427 2.8499V4.6599L11.2127 3.7799C9.7227 2.9099 7.9727 3.2199 7.3027 4.6799V4.7599L9.4927 6.9499V6.8099C9.5827 6.8099 9.7027 6.8499 9.8327 6.9199L20.0427 12.8299C20.4127 13.0299 20.5227 13.1799 20.5227 13.6499ZM27.4027 30.9599C27.8527 31.3899 28.5927 31.4099 29.0227 30.9599C29.4627 30.4999 29.4727 29.7799 29.0227 29.3299L1.9727 2.2899C1.5127 1.8299 0.7827 1.8199 0.3327 2.2899C-0.1073 2.7099 -0.1073 3.4799 0.3327 3.8999ZM3.0927 25.4999L13.4827 31.4999C15.9127 32.9099 17.9327 31.9499 17.9327 29.0699V27.1999L19.4327 28.0599C20.5627 28.7099 21.5727 28.8399 22.3227 28.4899L19.1027 25.2499C18.9227 25.1299 18.7127 24.9899 18.5127 24.8399L17.9327 24.3899V24.0899L14.5727 20.7299V28.0299C14.5727 28.1499 14.4827 28.2199 14.3527 28.1499L4.8627 22.5899C4.5127 22.3699 4.4127 22.1799 4.4127 21.7699V12.1199C4.4127 11.5999 4.4527 11.1299 4.5027 10.6699L1.6127 7.7699C1.2727 8.2099 1.0427 8.8199 1.0427 9.5999V21.9499C1.0427 23.7499 1.4727 24.5699 3.0927 25.4999Z","geometry":{"width":29.640625,"height":32.143149487347564}}