{"path":"M21.3137 -0.0023H4.8237C1.7137 -0.0023 0.0037 1.6977 0.0037 4.7977V21.3377C0.0037 22.1377 0.1237 22.8277 0.3537 23.4177L23.4037 0.3577C22.8137 0.1277 22.1237 -0.0023 21.3137 -0.0023ZM2.7337 25.7977C3.3237 26.0277 4.0237 26.1377 4.8237 26.1377H21.3137C24.4437 26.1377 26.1437 24.4477 26.1437 21.3377V4.7977C26.1437 4.0077 26.0137 3.3177 25.7837 2.7377Z","geometry":{"width":26.140625,"height":26.140625}}