{"path":"M16.5137 31.2531L27.0337 25.1731C28.2737 24.4331 28.9137 23.7431 28.9137 22.6631C28.9137 21.6031 28.2737 20.9031 27.0337 20.1631L25.7137 19.4031L27.0337 18.6531C28.2737 17.9131 28.9137 17.2131 28.9137 16.1431C28.9137 15.0631 28.2737 14.3731 27.0337 13.6431L25.4337 12.7331L27.0337 11.8031C28.2737 11.0731 28.9137 10.3731 28.9137 9.2931C28.9137 8.2331 28.2737 7.5331 27.0337 6.8131L16.5137 0.7231C15.7137 0.2431 15.0937 0.0031 14.4537 0.0031C13.8237 0.0031 13.2037 0.2431 12.3837 0.7231L1.8837 6.8131C0.6337 7.5331 0.0037 8.2331 0.0037 9.2931C0.0037 10.3731 0.6337 11.0731 1.8837 11.8031L3.4837 12.7331L1.8837 13.6431C0.6337 14.3731 0.0037 15.0631 0.0037 16.1431C0.0037 17.2131 0.6337 17.9131 1.8837 18.6531L3.2137 19.4031L1.8837 20.1631C0.6337 20.9031 0.0037 21.6031 0.0037 22.6631C0.0037 23.7431 0.6337 24.4331 1.8837 25.1731L12.3837 31.2531C13.2037 31.7231 13.8237 31.9631 14.4537 31.9631C15.0937 31.9631 15.7137 31.7231 16.5137 31.2531ZM14.4537 14.9331C14.3037 14.9331 14.1637 14.8731 13.9837 14.7631L4.5237 9.4331C4.4737 9.3931 4.4437 9.3631 4.4437 9.2931C4.4437 9.2431 4.4737 9.2031 4.5237 9.1731L13.9837 3.8231C14.1637 3.7331 14.3037 3.6731 14.4537 3.6731C14.6137 3.6731 14.7337 3.7331 14.9337 3.8231L24.3937 9.1731C24.4437 9.2031 24.4737 9.2431 24.4737 9.2931C24.4737 9.3631 24.4437 9.3931 24.3937 9.4331L14.9337 14.7631C14.7337 14.8731 14.6137 14.9331 14.4537 14.9331ZM13.9837 28.1331L4.5237 22.7931C4.4737 22.7631 4.4437 22.7231 4.4437 22.6631C4.4437 22.6131 4.4737 22.5731 4.5237 22.5431L6.6037 21.3731L12.3837 24.7231C13.2037 25.1931 13.8237 25.4431 14.4537 25.4431C15.0937 25.4431 15.7137 25.1931 16.5137 24.7231L22.3137 21.3731L24.3937 22.5431C24.4437 22.5731 24.4737 22.6131 24.4737 22.6631C24.4737 22.7231 24.4437 22.7631 24.3937 22.7931L14.9337 28.1331C14.7337 28.2431 14.6137 28.2831 14.4537 28.2831C14.3037 28.2831 14.1637 28.2431 13.9837 28.1331Z","geometry":{"width":28.916015625,"height":31.96484375}}