{"path":"M0.0037 21.3377C0.0037 24.4477 1.7137 26.1377 4.8237 26.1377H21.3137C24.4337 26.1377 26.1437 24.4477 26.1437 21.3377V4.7977C26.1437 1.6977 24.4337 -0.0023 21.3137 -0.0023H4.8237C1.7137 -0.0023 0.0037 1.6977 0.0037 4.7977ZM3.5237 20.9177V5.2377C3.5237 4.0777 4.1137 3.5277 5.2137 3.5277H13.0737V22.6177H5.2137C4.1137 22.6177 3.5237 22.0777 3.5237 20.9177Z","geometry":{"width":26.140625,"height":26.140625}}