{"path":"M4.8237 26.1377H21.3137C24.4437 26.1377 26.1437 24.4477 26.1437 21.3377V4.7977C26.1437 1.6977 24.4437 -0.0023 21.3137 -0.0023H4.8237C1.7137 -0.0023 0.0037 1.6977 0.0037 4.7977V21.3377C0.0037 24.4477 1.7137 26.1377 4.8237 26.1377ZM3.5237 5.2377C3.5237 4.0777 4.1137 3.5277 5.2137 3.5277H20.2337L3.5237 20.2377ZM22.6137 20.9177C22.6137 22.0777 22.0237 22.6177 20.9337 22.6177H5.9037L22.6137 5.9077Z","geometry":{"width":26.140625,"height":26.140625}}