{"path":"M2.6637 8.587H5.9237C7.5737 8.587 8.5837 7.577 8.5837 5.847V2.737C8.5837 1.027 7.5737 -0.003 5.9237 -0.003H2.6637C1.0137 -0.003 0.0037 1.027 0.0037 2.737V5.847C0.0037 7.577 1.0137 8.587 2.6637 8.587ZM13.1537 8.587H16.4037C18.0637 8.587 19.0737 7.577 19.0737 5.847V2.737C19.0737 1.027 18.0637 -0.003 16.4037 -0.003H13.1537C11.4837 -0.003 10.4837 1.027 10.4837 2.737V5.847C10.4837 7.577 11.4837 8.587 13.1537 8.587ZM23.6537 8.587H26.8937C28.5637 8.587 29.5737 7.577 29.5737 5.847V2.737C29.5737 1.027 28.5637 -0.003 26.8937 -0.003H23.6537C21.9837 -0.003 20.9737 1.027 20.9737 2.737V5.847C20.9737 7.577 21.9837 8.587 23.6537 8.587ZM2.6637 18.787H5.9237C7.5737 18.787 8.5837 17.777 8.5837 16.067V12.937C8.5837 11.227 7.5737 10.197 5.9237 10.197H2.6637C1.0137 10.197 0.0037 11.227 0.0037 12.937V16.067C0.0037 17.777 1.0137 18.787 2.6637 18.787ZM13.1537 18.787H16.4037C18.0637 18.787 19.0737 17.777 19.0737 16.067V12.937C19.0737 11.227 18.0637 10.197 16.4037 10.197H13.1537C11.4837 10.197 10.4837 11.227 10.4837 12.937V16.067C10.4837 17.777 11.4837 18.787 13.1537 18.787ZM23.6537 18.787H26.8937C28.5637 18.787 29.5737 17.777 29.5737 16.067V12.937C29.5737 11.227 28.5637 10.197 26.8937 10.197H23.6537C21.9837 10.197 20.9737 11.227 20.9737 12.937V16.067C20.9737 17.777 21.9837 18.787 23.6537 18.787ZM2.6637 28.987H5.9237C7.5737 28.987 8.5837 27.957 8.5837 26.247V23.137C8.5837 21.427 7.5737 20.397 5.9237 20.397H2.6637C1.0137 20.397 0.0037 21.427 0.0037 23.137V26.247C0.0037 27.957 1.0137 28.987 2.6637 28.987ZM13.1537 28.987H16.4037C18.0637 28.987 19.0737 27.957 19.0737 26.247V23.137C19.0737 21.427 18.0637 20.397 16.4037 20.397H13.1537C11.4837 20.397 10.4837 21.427 10.4837 23.137V26.247C10.4837 27.957 11.4837 28.987 13.1537 28.987ZM23.6537 28.987H26.8937C28.5637 28.987 29.5737 27.957 29.5737 26.247V23.137C29.5737 21.427 28.5637 20.397 26.8937 20.397H23.6537C21.9837 20.397 20.9737 21.427 20.9737 23.137V26.247C20.9737 27.957 21.9837 28.987 23.6537 28.987Z","geometry":{"width":29.572265625,"height":28.984375}}