{"path":"M0.0037 4.8277V11.3877H26.1437V4.8277C26.1437 1.7077 24.4437 -0.0023 21.3437 -0.0023H4.8037C1.6937 -0.0023 0.0037 1.7077 0.0037 4.8277ZM4.8037 26.1377H21.3437C24.4437 26.1377 26.1437 24.4277 26.1437 21.3177V14.7477H0.0037V21.3177C0.0037 24.4277 1.6937 26.1377 4.8037 26.1377Z","geometry":{"width":26.140625,"height":26.140625}}