{"path":"M19.5804 16.1831L22.1804 14.6831L24.5304 16.0231C24.5804 16.0531 24.6104 16.0931 24.6104 16.1431C24.6104 16.2031 24.5804 16.2431 24.5304 16.2731L21.4204 18.0231L23.9304 20.5231L24.0804 20.4431L28.2304 24.4031C29.6304 22.9831 29.2204 21.3731 27.1704 20.1631L25.8504 19.4031L27.1704 18.6531C28.4104 17.9131 29.0504 17.2131 29.0504 16.1431C29.0504 15.0631 28.4104 14.3731 27.1704 13.6431L25.5704 12.7331L27.1704 11.8031C28.4104 11.0731 29.0504 10.3731 29.0504 9.2931C29.0504 8.2331 28.4104 7.5331 27.1704 6.8131L16.6504 0.7231C15.8504 0.2431 15.2304 0.0031 14.5904 0.0031C13.9604 0.0031 13.3404 0.2431 12.5204 0.7231L7.1904 3.8031L9.7104 6.3131L14.1204 3.8231C14.3004 3.7331 14.4404 3.6731 14.5904 3.6731C14.7504 3.6731 14.8704 3.7331 15.0704 3.8231L24.5304 9.1731C24.5804 9.2031 24.6104 9.2431 24.6104 9.2931C24.6104 9.3631 24.5804 9.3931 24.5304 9.4331L17.0504 13.6431ZM27.4004 29.8631C27.8504 30.2931 28.5904 30.3131 29.0304 29.8631C29.4604 29.4131 29.4804 28.6831 29.0304 28.2331L1.9704 1.1931C1.5204 0.7431 0.7804 0.7431 0.3304 1.1931C-0.1096 1.6231 -0.1096 2.3831 0.3304 2.8131ZM2.0204 11.8031L3.6204 12.7331L2.0204 13.6431C0.7704 14.3731 0.1404 15.0631 0.1404 16.1431C0.1404 17.2131 0.7704 17.9131 2.0204 18.6531L3.3504 19.4031L2.0204 20.1631C0.7704 20.9031 0.1404 21.6031 0.1404 22.6631C0.1404 23.7431 0.7704 24.4331 2.0204 25.1731L12.5204 31.2531C13.3404 31.7231 13.9604 31.9631 14.5904 31.9631C15.2304 31.9631 15.8504 31.7231 16.6504 31.2531L22.6804 27.7531L20.1804 25.2531L15.0704 28.1331C14.8704 28.2431 14.7504 28.2831 14.5904 28.2831C14.4404 28.2831 14.3004 28.2431 14.1204 28.1331L4.6604 22.7931C4.6104 22.7631 4.5804 22.7231 4.5804 22.6631C4.5804 22.6131 4.6104 22.5731 4.6604 22.5431L6.7404 21.3731L12.5204 24.7231C13.3404 25.1931 13.9604 25.4431 14.5904 25.4431C15.2304 25.4431 15.8504 25.1931 16.6504 24.7231L18.5504 23.6231L16.0004 21.0731L15.0004 21.6431C14.8504 21.7231 14.7204 21.7631 14.5904 21.7631C14.4404 21.7631 14.3004 21.7131 14.1204 21.6131L4.6604 16.2731C4.6104 16.2431 4.5804 16.2031 4.5804 16.1431C4.5804 16.0931 4.6104 16.0531 4.6604 16.0231L7.0104 14.6831L10.9804 16.9931C11.6204 17.3631 12.2204 17.6631 12.8204 17.8931L6.6704 11.7431C5.8404 11.2531 5.0204 10.7431 4.1804 10.2631C4.0704 10.1831 4.0604 10.0931 4.0704 10.0031C4.2104 9.8731 4.3504 9.7031 4.4704 9.5531L1.8704 6.9631L1.4504 7.2031C0.5504 7.8431 0.1404 8.4531 0.1404 9.2931C0.1404 10.3731 0.7704 11.0731 2.0204 11.8031Z","geometry":{"width":29.35866229484249,"height":31.96484375}}