{"path":"M4.8237 23.7252H7.4237V25.7152C7.4237 28.8252 9.1337 30.5152 12.2637 30.5152H25.9937C29.1037 30.5152 30.8137 28.8252 30.8137 25.7152V11.9252C30.8137 8.8152 29.1037 7.1252 25.9937 7.1252H23.7037V4.7952C23.7037 1.7052 21.9937 -0.0048 18.8837 -0.0048H4.8237C1.7137 -0.0048 0.0037 1.6952 0.0037 4.7952V18.9252C0.0037 22.0252 1.7137 23.7252 4.8237 23.7252ZM5.2137 20.1952C4.1137 20.1952 3.5237 19.6452 3.5237 18.4852V5.2352C3.5237 4.0752 4.1137 3.5452 5.2137 3.5452H18.4937C19.5937 3.5452 20.1837 4.0752 20.1837 5.2352V7.1252H12.2637C9.1337 7.1252 7.4237 8.8152 7.4237 11.9252V20.1952Z","geometry":{"width":30.81640625,"height":30.515625}}