{"path":"M12.7837 11.7392C13.6537 11.7392 14.3537 11.0292 14.3537 10.1992V5.9192L14.2237 3.9192L14.9437 4.9792L16.5837 6.7392C16.8537 7.0292 17.2237 7.1892 17.6237 7.1892C18.3337 7.1892 18.9937 6.6492 18.9937 5.8692C18.9937 5.4692 18.8437 5.1792 18.5637 4.9092L14.0237 0.5492C13.6137 0.1392 13.2037 -0.0008 12.7837 -0.0008C12.3637 -0.0008 11.9537 0.1392 11.5237 0.5492L6.9837 4.9092C6.7137 5.1792 6.5637 5.4692 6.5637 5.8692C6.5637 6.6492 7.2037 7.1892 7.9337 7.1892C8.3237 7.1892 8.6937 7.0292 8.9737 6.7392L10.6237 4.9792L11.3337 3.9192L11.1937 5.9192V10.1992C11.1937 11.0292 11.8937 11.7392 12.7837 11.7392ZM4.8237 32.0292H20.6537C23.7937 32.0292 25.4837 30.3292 25.4837 27.2392V14.5692C25.4837 11.4692 23.7937 9.7792 20.6537 9.7792H14.7537V19.4092C14.7537 20.4792 13.8537 21.3692 12.7837 21.3692C11.7037 21.3692 10.8037 20.4792 10.8037 19.4092V9.7792H4.8237C1.7137 9.7792 0.0037 11.4692 0.0037 14.5692V27.2392C0.0037 30.3392 1.7137 32.0292 4.8237 32.0292ZM13.2037 39.0292H27.9737C31.0937 39.0292 32.8037 37.3392 32.8037 34.2392V20.0792C32.8037 17.0092 31.1137 15.3092 28.0637 15.2892H27.7137V27.3392C27.7137 31.6892 25.1337 34.2492 20.7837 34.2492H8.3837V34.3192C8.4237 37.3492 10.0637 39.0292 13.2037 39.0292Z","geometry":{"width":32.798828125,"height":39.033203125}}