{"path":"M3.5137 12.1177H8.6037C10.9737 12.1177 12.1137 10.9877 12.1137 8.5677V3.5577C12.1137 1.1377 10.9737 -0.0023 8.6037 -0.0023H3.5137C1.1337 -0.0023 0.0037 1.1377 0.0037 3.5577V8.5677C0.0037 10.9877 1.1337 12.1177 3.5137 12.1177ZM17.5437 12.1177H22.6237C25.0037 12.1177 26.1437 10.9877 26.1437 8.5677V3.5577C26.1437 1.1377 25.0037 -0.0023 22.6237 -0.0023H17.5437C15.1637 -0.0023 14.0237 1.1377 14.0237 3.5577V8.5677C14.0237 10.9877 15.1637 12.1177 17.5437 12.1177ZM31.5637 12.1177H36.6537C39.0337 12.1177 40.1637 10.9877 40.1637 8.5677V3.5577C40.1637 1.1377 39.0337 -0.0023 36.6537 -0.0023H31.5637C29.1937 -0.0023 28.0537 1.1377 28.0537 3.5577V8.5677C28.0537 10.9877 29.1937 12.1177 31.5637 12.1177ZM3.5137 26.1377H8.6037C10.9737 26.1377 12.1137 25.0177 12.1137 22.5977V17.5777C12.1137 15.1577 10.9737 14.0277 8.6037 14.0277H3.5137C1.1337 14.0277 0.0037 15.1577 0.0037 17.5777V22.5977C0.0037 25.0177 1.1337 26.1377 3.5137 26.1377ZM17.5437 26.1377H22.6237C25.0037 26.1377 26.1437 25.0177 26.1437 22.5977V17.5777C26.1437 15.1577 25.0037 14.0277 22.6237 14.0277H17.5437C15.1637 14.0277 14.0237 15.1577 14.0237 17.5777V22.5977C14.0237 25.0177 15.1637 26.1377 17.5437 26.1377ZM31.5637 26.1377H36.6537C39.0337 26.1377 40.1637 25.0177 40.1637 22.5977V17.5777C40.1637 15.1577 39.0337 14.0277 36.6537 14.0277H31.5637C29.1937 14.0277 28.0537 15.1577 28.0537 17.5777V22.5977C28.0537 25.0177 29.1937 26.1377 31.5637 26.1377Z","geometry":{"width":40.16796875,"height":26.140625}}