{"path":"M0.0037 21.3122C0.0037 24.4322 1.6937 26.1422 4.8037 26.1422H21.3437C24.4437 26.1422 26.1437 24.4322 26.1437 21.3122V4.8222C26.1437 1.7122 24.4437 0.0022 21.3437 0.0022H4.8037C1.6937 0.0022 0.0037 1.7122 0.0037 4.8222ZM3.5237 13.0722V5.2122C3.5237 4.1122 4.0637 3.5322 5.2237 3.5322H20.9137C22.0837 3.5322 22.6137 4.1122 22.6137 5.2122V13.0722Z","geometry":{"width":26.140625,"height":26.140625}}