{"path":"M4.8237 26.1377H21.3137C24.4437 26.1377 26.1437 24.4477 26.1437 21.3377V4.7977C26.1437 1.6977 24.4437 -0.0023 21.3137 -0.0023H4.8237C1.7137 -0.0023 0.0037 1.6977 0.0037 4.7977V21.3377C0.0037 24.4477 1.7137 26.1377 4.8237 26.1377ZM5.2137 22.6177C4.1137 22.6177 3.5237 22.0777 3.5237 20.9177V5.2377C3.5237 4.0777 4.1137 3.5277 5.2137 3.5277H20.9337C22.0237 3.5277 22.6137 4.0777 22.6137 5.2377V20.9177C22.6137 22.0777 22.0237 22.6177 20.9337 22.6177ZM6.6537 20.3677H19.4937C20.0937 20.3677 20.3937 20.0577 20.3937 19.4377V6.6577C20.3937 6.0477 20.0937 5.7277 19.4937 5.7277H6.6537C6.0537 5.7277 5.7537 6.0477 5.7537 6.6577V19.4377C5.7537 20.0577 6.0537 20.3677 6.6537 20.3677Z","geometry":{"width":26.140625,"height":26.140625}}