{"path":"M13.7637 10.4199L19.0737 7.3399C19.1837 7.2899 19.2737 7.3599 19.2737 7.4699V10.1699L15.6237 12.2799L18.1337 14.7799L25.0237 10.7999C25.1337 10.7299 25.2237 10.7999 25.2237 10.9299V20.9499C25.2237 21.0999 25.2237 21.2099 25.1837 21.3299C25.1437 21.4399 25.1037 21.5599 25.0637 21.6999L27.7637 24.4099C28.0037 24.1699 28.1637 23.9099 28.2837 23.6399C28.5337 23.1799 28.6037 22.6399 28.6037 21.9499V9.5999C28.6037 6.9099 26.2737 6.1399 24.3737 7.2299L22.6537 8.2299V6.1499C22.6537 3.4499 20.3337 2.6799 18.4337 3.7799L16.8937 4.6599V2.8499C16.8937 0.1499 14.5737 -0.6101 12.6837 0.4799L7.0637 3.7299L9.5737 6.2199L13.3137 4.0499C13.4437 3.9799 13.5337 4.0499 13.5337 4.1699V6.6099L11.2637 7.9199ZM27.6837 30.1799C28.1337 30.6099 28.8737 30.6299 29.3137 30.1799C29.7537 29.7299 29.7637 28.9999 29.3137 28.5499L2.2537 1.5099C1.8037 1.0599 1.0637 1.0599 0.6137 1.5099C0.1737 1.9399 0.1737 2.6999 0.6137 3.1299ZM4.4537 24.7599L5.7537 24.0099V25.6099C5.7537 28.4899 7.7837 29.4699 10.2137 28.0599L11.7037 27.1999V29.0699C11.7037 31.9499 13.7237 32.9099 16.1637 31.4999L22.6637 27.7599L20.1937 25.2799L15.2837 28.1499C15.1637 28.2199 15.0637 28.1499 15.0637 28.0299V20.1699L11.7037 16.8199V23.3099L9.3337 24.6899C9.2137 24.7599 9.1237 24.7099 9.1237 24.5799V14.7299C9.1237 14.6199 9.1337 14.4499 9.2137 14.3299L6.2937 11.3999C5.9237 11.9199 5.7537 12.7699 5.7537 13.6199V20.1299L3.5837 21.3999C3.4737 21.4699 3.3737 21.3999 3.3737 21.2899V10.3799C3.3737 10.0399 3.4737 9.8199 3.7237 9.6299C3.8737 9.5199 4.0237 9.4099 4.1837 9.2999L1.7337 6.8499C1.5737 6.9599 1.4237 7.0699 1.2737 7.1799C0.3437 7.9199 0.0037 8.7799 0.0037 10.3099V22.3099C0.0037 25.1999 2.0337 26.1599 4.4537 24.7599Z","geometry":{"width":29.645771669842482,"height":32.14314948734757}}