{"path":"M17.4839 18.6031C18.1339 18.6031 18.7339 18.3431 19.5539 17.8831L30.0539 11.8031C31.3039 11.0731 31.9339 10.3731 31.9339 9.2931C31.9339 8.2331 31.3039 7.5331 30.0539 6.8131L19.5539 0.7231C18.7339 0.2431 18.1339 0.0031 17.4839 0.0031C16.8439 0.0031 16.2439 0.2431 15.4239 0.7231L4.9039 6.8131C3.6639 7.5331 3.0339 8.2331 3.0339 9.2931C3.0339 10.3731 3.6639 11.0731 4.9039 11.8031L15.4239 17.8831C16.2439 18.3431 16.8439 18.6031 17.4839 18.6031ZM17.4839 14.9331C17.3339 14.9331 17.2039 14.8731 17.0039 14.7631L7.5639 9.4331C7.4939 9.3931 7.4639 9.3631 7.4639 9.2931C7.4639 9.2431 7.4939 9.2031 7.5639 9.1731L17.0039 3.8231C17.2039 3.7331 17.3339 3.6731 17.4839 3.6731C17.6339 3.6731 17.7739 3.7331 17.9639 3.8231L27.4139 9.1731C27.4639 9.2031 27.5039 9.2431 27.5039 9.2931C27.5039 9.3631 27.4639 9.3931 27.4139 9.4331L17.9639 14.7631C17.7739 14.8731 17.6339 14.9331 17.4839 14.9331ZM17.4839 25.4431C18.0839 25.4431 18.6439 25.1731 19.4139 24.7231L30.4839 18.2231C31.4139 17.6731 31.9539 17.0031 31.9539 16.1031C31.9539 15.2831 31.4739 14.6431 30.8439 14.2231L18.7039 21.2731C18.2139 21.5631 17.8539 21.7431 17.4839 21.7431C17.1539 21.7431 16.8339 21.6031 16.4239 21.3731L15.8439 21.0431C16.3339 22.3031 16.5039 23.7631 16.2939 25.1031L16.5539 25.2231C16.8839 25.3631 17.1739 25.4431 17.4839 25.4431ZM7.2039 31.2631C11.1339 31.2631 14.3939 28.0031 14.3939 24.0631C14.3939 20.1231 11.1539 16.8731 7.2039 16.8731C3.2539 16.8731 0.0039 20.1231 0.0039 24.0631C0.0039 28.0131 3.2539 31.2631 7.2039 31.2631ZM4.4939 28.1331C3.8039 28.1331 3.3739 27.7231 3.3739 27.0731C3.3739 26.8631 3.4139 26.6331 3.5239 26.3231L5.4239 20.9031C5.7439 19.9631 6.3139 19.5231 7.1939 19.5231C8.0939 19.5231 8.6939 19.9631 9.0139 20.9031L10.9139 26.3231C11.0039 26.6331 11.0639 26.8631 11.0639 27.0731C11.0639 27.7231 10.6239 28.1331 9.9439 28.1331C9.3539 28.1331 8.9639 27.8231 8.8139 27.1831L8.4939 26.1931H5.9439L5.6239 27.1831C5.4539 27.8231 5.0839 28.1331 4.4939 28.1331ZM17.4839 31.9631C18.0839 31.9631 18.6439 31.6931 19.4139 31.2431L30.4839 24.7431C31.4139 24.2131 31.9539 23.5331 31.9539 22.6431C31.9539 21.8031 31.4739 21.1631 30.8439 20.7431L18.7039 27.8131C18.2139 28.0931 17.8539 28.2631 17.4839 28.2631C17.2139 28.2631 16.9239 28.1631 16.5939 27.9831L15.7339 27.4931C15.3439 28.5431 14.7239 29.5031 13.9639 30.2931L15.5539 31.2431C16.3239 31.6931 16.8739 31.9631 17.4839 31.9631ZM6.3939 24.4831H8.0439L7.2339 21.7131H7.1939Z","geometry":{"width":31.951171875,"height":31.96484375}}