{"path":"M12.7437 20.7992C13.6337 20.7992 14.3237 20.0692 14.3237 19.2392V5.9192L14.1937 3.9192L14.9037 4.9792L16.5537 6.7392C16.8137 7.0292 17.1837 7.1892 17.5837 7.1892C18.3037 7.1892 18.9537 6.6492 18.9537 5.8692C18.9537 5.4692 18.8037 5.1792 18.5237 4.9092L14.0037 0.5492C13.5737 0.1392 13.1637 -0.0008 12.7437 -0.0008C12.3137 -0.0008 11.9037 0.1392 11.4937 0.5492L6.9637 4.9092C6.6837 5.1792 6.5337 5.4692 6.5337 5.8692C6.5337 6.6492 7.1737 7.1892 7.9037 7.1892C8.2837 7.1892 8.6637 7.0292 8.9237 6.7392L10.5837 4.9792L11.2937 3.9192L11.1737 5.9192V19.2392C11.1737 20.0692 11.8637 20.7992 12.7437 20.7992ZM4.8237 32.0292H8.3837V34.2392C8.3837 37.3392 10.0937 39.0292 13.2037 39.0292H27.9737C31.0937 39.0292 32.8037 37.3392 32.8037 34.2392V20.0792C32.8037 16.9792 31.0937 15.2892 27.9737 15.2892H25.4837V14.1092C25.4837 11.0092 23.7937 9.3092 20.6537 9.3092H17.1437V12.8392H20.2737C21.3737 12.8392 21.9537 13.3692 21.9537 14.5292V26.7992C21.9537 27.9592 21.3737 28.5092 20.2737 28.5092H5.2137C4.1137 28.5092 3.5237 27.9592 3.5237 26.7992V14.5292C3.5237 13.3692 4.1137 12.8392 5.2137 12.8392H8.4037V9.3092H4.8237C1.7137 9.3092 0.0037 11.0092 0.0037 14.1092V27.2392C0.0037 30.3392 1.7137 32.0292 4.8237 32.0292ZM13.6037 35.5092C12.5137 35.5092 11.9037 34.9692 11.9037 33.8092V32.0292H20.6537C23.7937 32.0292 25.4837 30.3292 25.4837 27.2392V18.8092H27.5737C28.6837 18.8092 29.2737 19.3492 29.2737 20.5092V33.8092C29.2737 34.9692 28.6837 35.5092 27.5737 35.5092Z","geometry":{"width":32.798828125,"height":39.033203125}}