{"path":"M0.0037 18.9252C0.0037 21.9752 1.6537 23.7252 4.8237 23.7252H5.2137V11.9252C5.2137 7.5852 7.9037 4.9052 12.2637 4.9052H23.7037V4.7852C23.7037 1.7052 21.9937 -0.0048 18.8837 -0.0048H4.8237C1.7137 -0.0048 0.0037 1.6952 0.0037 4.7952ZM12.2637 30.5152H24.3237C22.6137 28.8352 21.5637 26.4952 21.5637 23.9552C21.5637 18.8852 25.7437 14.6952 30.8137 14.6952V11.9252C30.8137 8.8152 29.1237 7.1252 25.9937 7.1252H12.2637C9.1337 7.1252 7.4237 8.8152 7.4237 11.9252V25.7152C7.4237 28.8252 9.1337 30.5152 12.2637 30.5152ZM30.8337 31.1552C34.7537 31.1552 38.0337 27.8752 38.0337 23.9552C38.0337 20.0152 34.7837 16.7652 30.8337 16.7652C26.8937 16.7652 23.6237 20.0152 23.6237 23.9552C23.6237 27.8952 26.8937 31.1552 30.8337 31.1552ZM30.8337 24.0852C29.6437 24.0852 28.7237 23.1152 28.7237 21.7652C28.7237 20.5652 29.6537 19.5352 30.8337 19.5352C32.0037 19.5352 32.9337 20.5652 32.9337 21.7652C32.9337 23.1152 32.0237 24.0852 30.8337 24.0852ZM30.8337 29.0752C28.8437 29.0752 27.3437 27.9952 27.0037 27.0952V27.0452C27.4237 26.1952 28.9437 25.2652 30.8337 25.2652C32.7137 25.2652 34.2337 26.1952 34.6537 27.0452V27.0952C34.3037 27.9952 32.8137 29.0752 30.8337 29.0752Z","geometry":{"width":38.03515625,"height":31.158203125}}