{"path":"M3.8437 30.1438C5.3337 30.1438 6.6337 29.3038 7.2637 28.0638H22.8837C23.5337 29.3038 24.8137 30.1438 26.3037 30.1438C28.4337 30.1438 30.1437 28.4238 30.1437 26.3038C30.1437 24.8038 29.3137 23.5138 28.0637 22.8838V7.2638C29.3137 6.6138 30.1437 5.3338 30.1437 3.8438C30.1437 1.7138 28.4337 0.0038 26.3037 0.0038C24.8137 0.0038 23.5337 0.8338 22.8837 2.0738H7.2637C6.6337 0.8338 5.3337 0.0038 3.8437 0.0038C1.7137 0.0038 0.0037 1.7138 0.0037 3.8438C0.0037 5.3338 0.8437 6.6138 2.0737 7.2638V22.8838C0.8437 23.5138 0.0037 24.8038 0.0037 26.3038C0.0037 28.4238 1.7137 30.1438 3.8437 30.1438ZM7.4137 24.8538C7.0137 23.8838 6.2437 23.1238 5.2937 22.7338V7.3938C6.2437 7.0138 7.0137 6.2438 7.4137 5.2738H22.7337C23.1337 6.2438 23.8937 7.0138 24.8537 7.3938V22.7338C23.8937 23.1238 23.1337 23.8838 22.7337 24.8538ZM9.4737 19.0838H10.9737V20.6038C10.9737 21.6838 11.6337 22.3438 12.7137 22.3438H20.7137C21.8037 22.3438 22.4537 21.6838 22.4537 20.6038V12.7738C22.4537 11.7038 21.7937 11.0638 20.7037 11.0638H19.2137V9.5338C19.2137 8.4538 18.5637 7.8038 17.4737 7.8038H9.4737C8.3937 7.8038 7.7537 8.4538 7.7537 9.5338V17.3638C7.7537 18.4438 8.3937 19.0838 9.4737 19.0838ZM10.1537 17.0038C9.9437 17.0038 9.8137 16.8938 9.8137 16.6838V10.2038C9.8137 9.9838 9.9437 9.8738 10.1537 9.8738H16.8137C17.0237 9.8738 17.1337 9.9838 17.1337 10.2038V11.0638H12.7137C11.6337 11.0638 10.9737 11.7038 10.9737 12.7738V17.0038ZM13.3837 20.2738C13.1837 20.2738 13.0537 20.1538 13.0537 19.9338V13.4538C13.0537 13.2338 13.1837 13.1238 13.3837 13.1238H20.0337C20.2637 13.1238 20.3737 13.2338 20.3737 13.4538V19.9338C20.3737 20.1538 20.2637 20.2738 20.0437 20.2738Z","geometry":{"width":30.146484375,"height":30.146484375}}