{"path":"M4.8237 26.1377H21.3137C24.4437 26.1377 26.1437 24.4477 26.1437 21.3377V4.7977C26.1437 1.6977 24.4437 -0.0023 21.3137 -0.0023H4.8237C1.7137 -0.0023 0.0037 1.6977 0.0037 4.7977V21.3377C0.0037 24.4477 1.7137 26.1377 4.8237 26.1377ZM5.0337 5.7577C5.0337 4.7477 5.6037 4.1677 6.6137 4.1677H9.6937C10.7037 4.1677 11.2837 4.7477 11.2837 5.7577V8.8477C11.2837 9.8477 10.7037 10.4277 9.6937 10.4277H6.6137C5.6037 10.4277 5.0337 9.8477 5.0337 8.8477ZM5.9337 16.6377C5.3737 16.6377 4.9537 16.2177 4.9537 15.6677C4.9537 15.1477 5.3737 14.7377 5.9337 14.7377H19.1037C19.6437 14.7377 20.0537 15.1477 20.0537 15.6677C20.0537 16.2177 19.6437 16.6377 19.1037 16.6377ZM5.9337 21.3577C5.3737 21.3577 4.9537 20.9277 4.9537 20.4077C4.9537 19.8677 5.3737 19.4377 5.9337 19.4377H15.9037C16.4437 19.4377 16.8537 19.8677 16.8537 20.4077C16.8537 20.9277 16.4437 21.3577 15.9037 21.3577Z","geometry":{"width":26.140625,"height":26.140625}}