{"path":"M14.4624 18.6031C15.1124 18.6031 15.7124 18.3431 16.5324 17.8831L27.0324 11.8031C28.2824 11.0731 28.9124 10.3731 28.9124 9.2931C28.9124 8.2331 28.2824 7.5331 27.0324 6.8131L16.5324 0.7231C15.7124 0.2431 15.1124 0.0031 14.4624 0.0031C13.8224 0.0031 13.2224 0.2431 12.4024 0.7231L1.8824 6.8131C0.6424 7.5331 0.0024 8.2331 0.0024 9.2931C0.0024 10.3731 0.6424 11.0731 1.8824 11.8031L12.4024 17.8831C13.2224 18.3431 13.8224 18.6031 14.4624 18.6031ZM14.4624 14.9331C14.3124 14.9331 14.1824 14.8731 13.9824 14.7631L4.5224 9.4331C4.4724 9.3931 4.4424 9.3631 4.4424 9.2931C4.4424 9.2431 4.4724 9.2031 4.5224 9.1731L13.9824 3.8231C14.1824 3.7331 14.3124 3.6731 14.4624 3.6731C14.6124 3.6731 14.7524 3.7331 14.9424 3.8231L24.3924 9.1731C24.4424 9.2031 24.4724 9.2431 24.4724 9.2931C24.4724 9.3631 24.4424 9.3931 24.3924 9.4331L14.9424 14.7631C14.7524 14.8731 14.6124 14.9331 14.4624 14.9331ZM14.4624 25.4431C15.0624 25.4431 15.6124 25.1731 16.3924 24.7231L27.4624 18.2231C28.3924 17.6731 28.9324 17.0031 28.9324 16.1031C28.9324 15.2831 28.4524 14.6431 27.8224 14.2231L15.6824 21.2731C15.1924 21.5631 14.8324 21.7431 14.4624 21.7431C14.0924 21.7431 13.7424 21.5631 13.2524 21.2731L1.1124 14.2231C0.4824 14.6431 0.0024 15.2831 0.0024 16.1031C0.0024 17.0031 0.5324 17.6931 1.4524 18.2231L12.5324 24.7231C13.3024 25.1731 13.8524 25.4431 14.4624 25.4431ZM14.4624 31.9631C15.0624 31.9631 15.6124 31.6931 16.3924 31.2431L27.4624 24.7431C28.3924 24.2131 28.9324 23.5331 28.9324 22.6431C28.9324 21.8031 28.4524 21.1631 27.8224 20.7431L15.6824 27.8131C15.1924 28.0931 14.8324 28.2631 14.4624 28.2631C14.0924 28.2631 13.7424 28.0931 13.2524 27.8131L1.1124 20.7431C0.4824 21.1631 0.0024 21.8031 0.0024 22.6431C0.0024 23.5331 0.5324 24.2131 1.4524 24.7431L12.5324 31.2431C13.3024 31.6931 13.8524 31.9631 14.4624 31.9631Z","geometry":{"width":28.9296875,"height":31.96484375}}