{"path":"M16.8937 29.0699V27.1999L18.3937 28.0599C20.8237 29.4699 22.8437 28.4899 22.8437 25.6099V24.0099L24.1337 24.7599C26.5737 26.1599 28.5837 25.1999 28.5837 22.3099V10.3099C28.5837 8.4099 28.0937 7.5399 26.4237 6.5599L15.9137 0.4799C14.0237 -0.6101 11.7037 0.1499 11.7037 2.8499V4.6599L10.1537 3.7799C8.2737 2.6799 5.9437 3.4499 5.9437 6.1499V8.2299L4.2137 7.2299C2.3237 6.1399 0.0037 6.9099 0.0037 9.5999V21.9499C0.0037 23.7499 0.4237 24.5699 2.0537 25.4999L12.4437 31.4999C14.8737 32.9099 16.8937 31.9499 16.8937 29.0699ZM25.0237 21.3999L22.8437 20.1299V13.6199C22.8437 11.7099 22.3437 10.8299 20.6837 9.8699L15.0637 6.6199V4.1699C15.0637 4.0499 15.1637 3.9799 15.2837 4.0499L24.7437 9.5199C25.1137 9.7399 25.2237 9.8899 25.2237 10.3499V21.2899C25.2237 21.3999 25.1337 21.4699 25.0237 21.3999ZM16.8937 17.0599C16.8937 15.1599 16.3937 14.2899 14.7337 13.3199L9.3137 10.1899V7.4699C9.3137 7.3599 9.4237 7.2899 9.5337 7.3399L19.0037 12.8299C19.3737 13.0299 19.4837 13.1799 19.4837 13.6499V24.5799C19.4837 24.7099 19.3737 24.7599 19.2637 24.6899L16.8937 23.3099ZM13.0537 16.2699C13.4237 16.4899 13.5337 16.6399 13.5337 17.1099V28.0299C13.5337 28.1499 13.4237 28.2199 13.3137 28.1499L3.8237 22.5899C3.4637 22.3699 3.3637 22.1799 3.3637 21.7699V10.9299C3.3637 10.7999 3.4737 10.7299 3.5837 10.7999Z","geometry":{"width":28.587890625,"height":32.143149487347564}}