{"path":"M2.1837 25.6209C2.5437 25.6209 2.9237 25.5209 3.3237 25.3209V11.2609C3.3237 10.0809 3.5137 9.7509 4.5537 9.1609L16.7337 2.1209C16.6537 0.7609 15.7737 0.0009 14.6337 0.0009C14.0837 0.0009 13.4837 0.1609 12.8637 0.5209L1.9237 6.8209C0.2737 7.7909 0.0037 8.1909 0.0037 10.1609V22.6909C0.0037 24.4409 0.8737 25.6209 2.1837 25.6209ZM7.8437 28.8709C8.2037 28.8709 8.5837 28.7909 8.9837 28.5709V14.5309C8.9837 13.3209 9.1637 13.0109 10.2037 12.4109L22.3937 5.3909C22.3137 4.0309 21.4337 3.2509 20.2737 3.2509C19.7237 3.2509 19.1437 3.4309 18.5237 3.7709L7.5737 10.0909C5.9237 11.0509 5.6437 11.4609 5.6437 13.4209V25.9609C5.6437 27.7109 6.5537 28.8709 7.8437 28.8709ZM13.7537 32.2609C14.3537 32.2609 15.0637 32.0509 15.8437 31.5909L26.3737 25.5409C27.9837 24.5909 28.4237 23.9009 28.4237 21.9709V9.8309C28.4237 7.7809 27.5537 6.6609 26.1637 6.6609C25.5637 6.6609 24.8737 6.8809 24.0937 7.3109L13.5737 13.3809C11.8937 14.3509 11.5137 15.0209 11.5137 16.9509V29.0909C11.5137 31.1309 12.3637 32.2609 13.7537 32.2609Z","geometry":{"width":28.423828125,"height":32.265625}}