{"path":"M4.7737 17.7462H27.5637C30.6637 17.7462 32.3237 16.0962 32.3237 13.0162V4.7262C32.3237 1.6362 30.6637 -0.0038 27.5637 -0.0038H4.7737C1.6637 -0.0038 0.0037 1.6362 0.0037 4.7262V13.0162C0.0037 16.0962 1.6637 17.7462 4.7737 17.7462ZM4.9937 14.4662C4.0437 14.4662 3.5237 13.9562 3.5237 12.9762V4.7762C3.5237 3.7862 4.0437 3.2862 4.9937 3.2862H27.3337C28.2837 3.2862 28.7937 3.7862 28.7937 4.7762V12.9762C28.7937 13.9562 28.2837 14.4662 27.3337 14.4662ZM1.6937 24.8562H4.3637C4.9737 24.8562 5.3637 24.4962 5.3637 23.8862V21.2762C5.3637 20.6462 4.9937 20.3062 4.3637 20.3062H1.6937C1.0437 20.3062 0.6737 20.6462 0.6737 21.2762V23.8862C0.6737 24.4962 1.0537 24.8562 1.6937 24.8562ZM8.2737 24.8562H10.9237C11.5537 24.8562 11.9337 24.4962 11.9337 23.8862V21.2762C11.9337 20.6462 11.5537 20.3062 10.9237 20.3062H8.2737C7.6337 20.3062 7.2437 20.6462 7.2437 21.2762V23.8862C7.2437 24.4962 7.6437 24.8562 8.2737 24.8562ZM14.8437 24.8562H17.5037C18.1337 24.8562 18.5137 24.4962 18.5137 23.8862V21.2762C18.5137 20.6462 18.1337 20.3062 17.5037 20.3062H14.8437C14.2037 20.3062 13.8237 20.6462 13.8237 21.2762V23.8862C13.8237 24.4962 14.2237 24.8562 14.8437 24.8562ZM21.4237 24.8562H24.0737C24.7037 24.8562 25.0837 24.4962 25.0837 23.8862V21.2762C25.0837 20.6462 24.7037 20.3062 24.0737 20.3062H21.4237C20.7837 20.3062 20.3937 20.6462 20.3937 21.2762V23.8862C20.3937 24.4962 20.7937 24.8562 21.4237 24.8562ZM28.0037 24.8562H30.6637C31.2937 24.8562 31.6637 24.4962 31.6637 23.8862V21.2762C31.6637 20.6462 31.2937 20.3062 30.6637 20.3062H28.0037C27.3437 20.3062 26.9737 20.6462 26.9737 21.2762V23.8862C26.9737 24.4962 27.3537 24.8562 28.0037 24.8562Z","geometry":{"width":32.3203125,"height":24.85546875}}