{"path":"M4.8237 26.1377H21.3137C24.4437 26.1377 26.1437 24.4477 26.1437 21.3377V4.7977C26.1437 1.6977 24.4437 -0.0023 21.3137 -0.0023H4.8237C1.7137 -0.0023 0.0037 1.6977 0.0037 4.7977V21.3377C0.0037 24.4477 1.7137 26.1377 4.8237 26.1377ZM5.2137 22.6177C4.1137 22.6177 3.5237 22.0777 3.5237 20.9177V5.2377C3.5237 4.0777 4.1137 3.5277 5.2137 3.5277H20.9337C22.0237 3.5277 22.6137 4.0777 22.6137 5.2377V20.9177C22.6137 22.0777 22.0237 22.6177 20.9337 22.6177ZM5.9337 7.1077V9.9977C5.9337 10.9277 6.4637 11.4577 7.4137 11.4577H10.2937C11.2337 11.4577 11.7737 10.9277 11.7737 9.9977V7.1077C11.7737 6.1677 11.2337 5.6377 10.2937 5.6377H7.4137C6.4637 5.6377 5.9337 6.1677 5.9337 7.1077ZM6.8337 15.7077H19.2537C19.7837 15.7077 20.1637 15.3077 20.1637 14.7977C20.1637 14.2877 19.7837 13.8877 19.2537 13.8877H6.8337C6.3037 13.8877 5.9237 14.2877 5.9237 14.7977C5.9237 15.3077 6.3037 15.7077 6.8337 15.7077ZM6.8337 19.9177H16.1737C16.6937 19.9177 17.0737 19.5377 17.0737 19.0277C17.0737 18.5077 16.6937 18.1177 16.1737 18.1177H6.8337C6.3037 18.1177 5.9237 18.5077 5.9237 19.0277C5.9237 19.5377 6.3037 19.9177 6.8337 19.9177Z","geometry":{"width":26.140625,"height":26.140625}}