{"path":"M26.4719 28.0913C26.9219 28.5213 27.6619 28.5413 28.1019 28.0913C28.5319 27.6313 28.5519 26.9113 28.1019 26.4613L1.9619 0.3313C1.5219 -0.1087 0.7819 -0.1187 0.3219 0.3313C-0.1081 0.7713 -0.1081 1.5413 0.3219 1.9613ZM22.4619 1.1513H5.9819C5.7719 1.1513 5.5819 1.1713 5.4019 1.1913L8.9019 4.6913C8.9819 4.6813 9.0719 4.6813 9.1519 4.6813H22.0719C23.1619 4.6813 23.7619 5.2313 23.7619 6.3913V19.2813C23.7619 19.3513 23.7519 19.4513 23.7519 19.5313L27.2519 23.0113C27.2819 22.8613 27.2919 22.6913 27.2919 22.4913V5.9513C27.2919 2.8513 25.5819 1.1513 22.4619 1.1513ZM5.9819 27.2913H22.4619C22.6719 27.2913 22.8719 27.2813 23.0719 27.2713L19.5519 23.7713C19.4819 23.7713 19.3919 23.7713 19.3119 23.7713H6.3619C5.2519 23.7713 4.6819 23.2313 4.6819 22.0713V9.1513C4.6819 9.0713 4.6819 8.9913 4.6819 8.9013L1.1819 5.4013C1.1619 5.5813 1.1519 5.7613 1.1519 5.9513V22.4913C1.1519 25.6013 2.8619 27.2913 5.9819 27.2913Z","geometry":{"width":28.432392763592485,"height":28.420449589684974}}