{"path":"M5.3837 2.0755H19.3737C19.2637 0.7355 18.4337 -0.0045 16.9937 -0.0045H7.7637C6.3337 -0.0045 5.4937 0.7355 5.3837 2.0755ZM3.0937 6.3855H21.6737C21.4937 4.9755 20.7237 4.1255 19.1037 4.1255H5.6737C4.0337 4.1255 3.2637 4.9755 3.0937 6.3855ZM4.8237 33.5055H20.4137C23.3137 33.5055 25.0237 31.8055 25.0237 28.7155V13.2855C25.0237 10.1855 23.3137 8.4855 20.1937 8.4855H4.8237C1.7137 8.4855 0.0037 10.1855 0.0037 13.2855V28.7155C0.0037 31.8155 1.7137 33.5055 4.8237 33.5055ZM5.2137 29.9855C4.1137 29.9855 3.5237 29.4355 3.5237 28.2755V13.7155C3.5237 12.5555 4.1137 12.0155 5.2137 12.0155H19.8137C20.9037 12.0155 21.4937 12.5555 21.4937 13.7155V28.2755C21.4937 29.4355 20.9037 29.9855 20.0337 29.9855Z","geometry":{"width":25.01953125,"height":33.509765625}}