{"path":"M22.6637 29.9581C23.5937 29.9581 24.3037 29.2481 24.3037 28.3281V1.6181C24.3037 0.7081 23.5937 -0.0019 22.6637 -0.0019C21.7237 -0.0019 21.0137 0.7081 21.0137 1.6181V28.3281C21.0137 29.2481 21.7237 29.9581 22.6637 29.9581ZM3.7237 23.6381H13.6037C15.8837 23.6381 17.3337 22.2181 17.3337 19.9581V9.9781C17.3337 7.7381 15.8837 6.2981 13.6037 6.2981H3.7237C1.4537 6.2981 0.0037 7.7381 0.0037 9.9781V19.9581C0.0037 22.2181 1.4537 23.6381 3.7237 23.6381ZM31.7037 23.6381H41.5937C43.8737 23.6381 45.3237 22.2181 45.3237 19.9581V9.9781C45.3237 7.7381 43.8737 6.2981 41.5937 6.2981H31.7037C29.4237 6.2981 27.9837 7.7381 27.9837 9.9781V19.9581C27.9837 22.2181 29.4237 23.6381 31.7037 23.6381ZM32.2637 20.2981C31.6737 20.2981 31.3237 19.9381 31.3237 19.3281V10.6181C31.3237 10.0081 31.6737 9.6381 32.2637 9.6381H41.0337C41.6137 9.6381 41.9837 10.0081 41.9837 10.6181V19.3281C41.9837 19.9381 41.6137 20.2981 41.0337 20.2981Z","geometry":{"width":45.322265625,"height":29.955078125}}