{"path":"M0.0037 7.3677H3.5237V5.2377C3.5237 4.0777 4.1137 3.5277 5.2137 3.5277H7.3237V-0.0023H4.8237C1.7137 -0.0023 0.0037 1.6977 0.0037 4.7977ZM9.5537 3.5277H16.5837V-0.0023H9.5537ZM22.6137 7.3677H26.1437V4.7977C26.1437 1.6977 24.4337 -0.0023 21.3137 -0.0023H18.8137V3.5277H20.9337C22.0237 3.5277 22.6137 4.0777 22.6137 5.2377ZM22.6137 16.5677H26.1437V9.5877H22.6137ZM0.0037 16.5677H3.5237V9.5877H0.0037ZM18.8137 26.1377H21.3137C24.4337 26.1377 26.1437 24.4477 26.1437 21.3377V18.7877H22.6137V20.9177C22.6137 22.0777 22.0237 22.6177 20.9337 22.6177H18.8137ZM4.8237 26.1377H7.3237V22.6177H5.2137C4.1137 22.6177 3.5237 22.0777 3.5237 20.9177V18.7877H0.0037V21.3377C0.0037 24.4477 1.7137 26.1377 4.8237 26.1377ZM9.5537 26.1377H16.5837V22.6177H9.5537Z","geometry":{"width":26.140625,"height":26.140625}}