{"path":"M3.6637 24.5039C5.1537 24.5039 6.3937 23.6539 6.9737 22.4339H9.8337V25.3239C8.6137 25.9239 7.7637 27.1639 7.7637 28.6339C7.7637 30.6639 9.4037 32.2939 11.4337 32.2939C12.8937 32.2939 14.1537 31.4639 14.7337 30.2239H25.3237C25.9037 31.4639 27.1637 32.2939 28.6337 32.2939C30.6537 32.2939 32.2937 30.6639 32.2937 28.6339C32.2937 27.1639 31.4437 25.9239 30.2237 25.3239V14.7639C31.4437 14.1739 32.2937 12.9339 32.2937 11.4739C32.2937 9.4339 30.6537 7.8039 28.6337 7.8039C27.1637 7.8039 25.9037 8.6439 25.3237 9.8739H22.4637V6.9739C23.6837 6.3839 24.5237 5.1239 24.5237 3.6639C24.5237 1.6439 22.8837 0.0039 20.8537 0.0039C19.4037 0.0039 18.1437 0.8439 17.5537 2.0639H6.9737C6.3737 0.8439 5.1237 0.0039 3.6637 0.0039C1.6237 0.0039 0.0037 1.6439 0.0037 3.6639C0.0037 5.1239 0.8337 6.3839 2.0637 6.9739V17.5239C0.8337 18.1139 0.0037 19.3739 0.0037 20.8239C0.0037 22.8639 1.6237 24.5039 3.6637 24.5039ZM11.4337 7.8039C9.4037 7.8039 7.7637 9.4339 7.7637 11.4739C7.7637 12.9339 8.6137 14.1739 9.8337 14.7639V19.2239H6.9737C6.6137 18.4839 6.0137 17.8839 5.2737 17.5239V6.9739C6.0137 6.6139 6.6137 6.0139 6.9737 5.2739H17.5537C17.9137 6.0139 18.5137 6.6139 19.2537 6.9739V9.8739H14.7337C14.1537 8.6439 12.8937 7.8039 11.4337 7.8039ZM14.7337 27.0139C14.3837 26.2739 13.7837 25.6739 13.0437 25.3239V14.7639C13.7837 14.4139 14.3837 13.8039 14.7337 13.0739H25.3237C25.6737 13.8039 26.2737 14.4139 27.0137 14.7639V25.3239C26.2737 25.6739 25.6737 26.2739 25.3237 27.0139Z","geometry":{"width":32.29296875,"height":32.29296875}}