{"path":"M0.0037 18.9252C0.0037 21.9752 1.6537 23.7252 4.8237 23.7252H5.2137V11.9252C5.2137 7.5852 7.9037 4.9052 12.2637 4.9052H23.7037V4.7852C23.7037 1.7052 21.9937 -0.0048 18.8837 -0.0048H4.8237C1.7137 -0.0048 0.0037 1.6952 0.0037 4.7952ZM12.2637 30.5152H25.9937C29.1037 30.5152 30.8137 28.8252 30.8137 25.7152V11.9252C30.8137 8.8152 29.1037 7.1252 25.9937 7.1252H12.2637C9.1337 7.1252 7.4237 8.8152 7.4237 11.9252V25.7152C7.4237 28.8252 9.1337 30.5152 12.2637 30.5152Z","geometry":{"width":30.81640625,"height":30.515625}}