{"path":"M0.0037 25.0879C0.0037 28.1879 1.7137 29.8879 4.8237 29.8879H20.6537C23.7937 29.8879 25.4837 28.1779 25.4837 25.0879V12.4279C25.4837 9.3279 23.7937 7.6279 20.6537 7.6279H14.3237V1.5579C14.3237 0.7279 13.6337 -0.0021 12.7437 -0.0021C11.8637 -0.0021 11.1737 0.7279 11.1737 1.5579V7.6279H4.8237C1.7137 7.6279 0.0037 9.3279 0.0037 12.4279ZM12.7837 21.1879C12.3437 21.1879 11.9337 21.0379 11.5237 20.6479L6.9837 16.2879C6.7137 16.0079 6.5637 15.7179 6.5637 15.3079C6.5637 14.5479 7.2037 13.9979 7.9337 13.9979C8.3237 13.9979 8.6937 14.1679 8.9737 14.4479L10.7437 16.3379L11.3337 17.2679L11.1937 15.2579V8.8179C11.1937 7.9679 11.8637 7.2779 12.7837 7.2779C13.6837 7.2779 14.3537 7.9679 14.3537 8.8179V15.2579L14.2237 17.2679L14.8037 16.3379L16.5837 14.4479C16.8537 14.1679 17.2237 13.9979 17.6137 13.9979C18.3337 13.9979 18.9937 14.5479 18.9937 15.3079C18.9937 15.7179 18.8437 16.0079 18.5637 16.2879L14.0237 20.6479C13.6137 21.0379 13.2037 21.1879 12.7837 21.1879Z","geometry":{"width":25.484375,"height":29.88671875}}