{"path":"M4.8237 26.1377H21.3137C24.4437 26.1377 26.1437 24.4477 26.1437 21.3377V4.7977C26.1437 1.6977 24.4437 -0.0023 21.3137 -0.0023H4.8237C1.7137 -0.0023 0.0037 1.6977 0.0037 4.7977V21.3377C0.0037 24.4477 1.7137 26.1377 4.8237 26.1377ZM5.2137 22.6177C4.1137 22.6177 3.5237 22.0777 3.5237 20.9177V5.2377C3.5237 4.0777 4.1137 3.5277 5.2137 3.5277H20.9337C22.0237 3.5277 22.6137 4.0777 22.6137 5.2377V20.9177C22.6137 22.0777 22.0237 22.6177 20.9337 22.6177ZM6.6037 15.5577C5.9837 15.5577 5.7437 15.8177 5.7437 16.4377V19.5277C5.7437 20.1377 5.9837 20.3977 6.6037 20.3977H19.5337C20.1537 20.3977 20.3937 20.1377 20.3937 19.5277V16.4377C20.3937 15.8177 20.1537 15.5577 19.5337 15.5577Z","geometry":{"width":26.140625,"height":26.140625}}