{"path":"M12.7437 21.2579C13.1637 21.2579 13.5737 21.1079 14.0037 20.6979L18.5237 16.3379C18.8037 16.0679 18.9537 15.7779 18.9537 15.3779C18.9537 14.5979 18.3037 14.0579 17.5837 14.0579C17.1837 14.0579 16.8137 14.2179 16.5537 14.5079L14.9037 16.2679L14.1137 17.3179L14.3237 15.3279V1.5579C14.3237 0.7279 13.6337 -0.0021 12.7437 -0.0021C11.8637 -0.0021 11.1737 0.7279 11.1737 1.5579V15.3279L11.3737 17.3379L10.5837 16.2679L8.9237 14.5079C8.6637 14.2179 8.2837 14.0579 7.9037 14.0579C7.1737 14.0579 6.5337 14.5979 6.5337 15.3779C6.5337 15.7779 6.6837 16.0679 6.9637 16.3379L11.4937 20.6979C11.9037 21.1079 12.3137 21.2579 12.7437 21.2579ZM4.8237 29.8879H20.6537C23.7937 29.8879 25.4837 28.1779 25.4837 25.0879V11.9479C25.4837 8.8579 23.7937 7.1679 20.6537 7.1679H17.1437V10.6879H20.2737C21.3737 10.6879 21.9537 11.2279 21.9537 12.3879V24.6479C21.9537 25.8079 21.3737 26.3479 20.2737 26.3479H5.2137C4.1137 26.3479 3.5237 25.8079 3.5237 24.6479V12.3879C3.5237 11.2279 4.1137 10.6879 5.2137 10.6879H8.4037V7.1679H4.8237C1.7137 7.1679 0.0037 8.8479 0.0037 11.9479V25.0879C0.0037 28.1879 1.7137 29.8879 4.8237 29.8879Z","geometry":{"width":25.484375,"height":29.88671875}}