{"path":"M16.5137 29.6265L27.0337 23.5465C28.2737 22.8165 28.9137 22.1165 28.9137 21.0565C28.9137 19.9765 28.2737 19.2765 27.0337 18.5565L21.1937 15.1765L27.0337 11.7965C28.2737 11.0765 28.9137 10.3765 28.9137 9.3065C28.9137 8.2265 28.2737 7.5365 27.0337 6.8065L16.5137 0.7265C15.7137 0.2465 15.0937 -0.0035 14.4537 -0.0035C13.8237 -0.0035 13.2037 0.2465 12.3837 0.7265L1.8837 6.8065C0.6337 7.5365 0.0037 8.2265 0.0037 9.3065C0.0037 10.3765 0.6337 11.0765 1.8837 11.7965L7.7137 15.1765L1.8837 18.5565C0.6337 19.2765 0.0037 19.9765 0.0037 21.0565C0.0037 22.1165 0.6337 22.8165 1.8837 23.5465L12.3837 29.6265C13.2037 30.1065 13.8237 30.3565 14.4537 30.3565C15.0937 30.3565 15.7137 30.1065 16.5137 29.6265ZM14.4537 18.6065C15.0937 18.6065 15.7137 18.3565 16.5137 17.8865L17.7437 17.1765L24.3937 20.9165C24.4437 20.9565 24.4737 20.9865 24.4737 21.0565C24.4737 21.1065 24.4437 21.1465 24.3937 21.1765L14.9337 26.5265C14.7337 26.6165 14.6137 26.6765 14.4537 26.6765C14.3037 26.6765 14.1637 26.6165 13.9837 26.5265L4.5237 21.1765C4.4737 21.1465 4.4437 21.1065 4.4437 21.0565C4.4437 20.9865 4.4737 20.9565 4.5237 20.9165L11.1537 17.1765L12.3837 17.8865C13.2037 18.3565 13.8237 18.6065 14.4537 18.6065Z","geometry":{"width":28.916015625,"height":30.3515625}}