{"path":"M1.3637 2.895H30.5837C31.4037 2.895 31.9537 2.325 31.9537 1.445C31.9537 0.585 31.4037 -0.005 30.5837 -0.005H1.3637C0.5437 -0.005 0.0037 0.575 0.0037 1.445C0.0037 2.335 0.5337 2.895 1.3637 2.895ZM3.5637 14.215H5.8137C8.0837 14.215 9.1737 13.135 9.1737 10.825V8.655C9.1737 6.305 8.0837 5.265 5.8137 5.265H3.5637C1.2837 5.265 0.2037 6.345 0.2037 8.655V10.825C0.2037 13.135 1.2837 14.215 3.5637 14.215ZM14.8437 14.215H17.0937C19.3737 14.215 20.4537 13.135 20.4537 10.825V8.655C20.4537 6.345 19.3737 5.265 17.0937 5.265H14.8437C12.5737 5.265 11.4837 6.345 11.4837 8.655V10.825C11.4837 13.135 12.5737 14.215 14.8437 14.215ZM26.1437 14.215H28.3837C30.6537 14.215 31.7437 13.135 31.7437 10.825V8.655C31.7437 6.345 30.6537 5.265 28.3837 5.265H26.1437C23.8537 5.265 22.7737 6.345 22.7737 8.655V10.825C22.7737 13.135 23.8537 14.215 26.1437 14.215ZM1.3637 19.415H30.5837C31.4037 19.415 31.9537 18.855 31.9537 17.965C31.9537 17.115 31.4037 16.525 30.5837 16.525H1.3637C0.5437 16.525 0.0037 17.085 0.0037 17.965C0.0037 18.865 0.5337 19.415 1.3637 19.415ZM3.5637 30.745H5.8137C8.0937 30.745 9.1737 29.665 9.1737 27.355V25.165C9.1737 22.855 8.0937 21.775 5.8137 21.775H3.5637C1.3037 21.775 0.2037 22.845 0.2037 25.165V27.355C0.2037 29.665 1.3037 30.745 3.5637 30.745ZM14.8637 30.745H17.1037C19.3737 30.745 20.4637 29.665 20.4637 27.355V25.165C20.4637 22.855 19.3737 21.775 17.1037 21.775H14.8637C12.5737 21.775 11.4937 22.845 11.4937 25.165V27.355C11.4937 29.665 12.5737 30.745 14.8637 30.745ZM26.1437 30.745H28.3837C30.6637 30.745 31.7437 29.665 31.7437 27.355V25.165C31.7437 22.855 30.6637 21.775 28.3837 21.775H26.1437C23.8737 21.775 22.7737 22.855 22.7737 25.165V27.355C22.7737 29.665 23.8737 30.745 26.1437 30.745Z","geometry":{"width":31.951171875,"height":30.748046875}}