{"path":"M2.9137 10.1721H7.2437C9.1337 10.1721 10.1537 9.1421 10.1537 7.3021V2.8621C10.1537 1.0221 9.1337 0.0021 7.2437 0.0021H2.9137C1.0237 0.0021 0.0037 1.0221 0.0037 2.8621V7.3021C0.0037 9.1421 1.0237 10.1721 2.9137 10.1721ZM14.5037 3.0121H27.8237C28.6537 3.0121 29.3237 2.3421 29.3237 1.5021C29.3237 0.6721 28.6537 0.0021 27.8237 0.0021H14.5037C13.6737 0.0021 13.0037 0.6721 13.0037 1.5021C13.0037 2.3421 13.6737 3.0121 14.5037 3.0121ZM14.5037 10.1721H27.8237C28.6537 10.1721 29.3237 9.5021 29.3237 8.6721C29.3237 7.8321 28.6537 7.1621 27.8237 7.1621H14.5037C13.6737 7.1621 13.0037 7.8321 13.0037 8.6721C13.0037 9.5021 13.6737 10.1721 14.5037 10.1721ZM2.9137 24.4821H7.2437C9.1337 24.4821 10.1537 23.4621 10.1537 21.6121V17.1821C10.1537 15.3421 9.1337 14.3121 7.2437 14.3121H2.9137C1.0237 14.3121 0.0037 15.3421 0.0037 17.1821V21.6121C0.0037 23.4621 1.0237 24.4821 2.9137 24.4821ZM14.5037 17.3221H27.8237C28.6537 17.3221 29.3237 16.6621 29.3237 15.8221C29.3237 14.9821 28.6537 14.3121 27.8237 14.3121H14.5037C13.6737 14.3121 13.0037 14.9821 13.0037 15.8221C13.0037 16.6621 13.6737 17.3221 14.5037 17.3221ZM14.5037 24.4821H27.8237C28.6537 24.4821 29.3237 23.8121 29.3237 22.9821C29.3237 22.1521 28.6537 21.4821 27.8237 21.4821H14.5037C13.6737 21.4821 13.0037 22.1521 13.0037 22.9821C13.0037 23.8121 13.6737 24.4821 14.5037 24.4821Z","geometry":{"width":29.326171875,"height":24.486328125}}