{"path":"M4.8237 23.7252H7.1137V25.7152C7.1137 28.8252 8.8137 30.5152 11.9337 30.5152H22.5537C21.6537 29.5952 20.8237 28.4252 20.4437 26.9852H12.3137C11.2237 26.9852 10.6337 26.4552 10.6337 25.2952V12.0352C10.6337 10.8652 11.2237 10.3352 12.3137 10.3352H25.6037C26.7037 10.3352 27.2937 10.8652 27.2937 12.0352V14.8852C27.8637 14.7652 28.4537 14.6952 29.0537 14.6952C29.6537 14.6952 30.2537 14.7652 30.8137 14.8852V11.6052C30.8137 8.5052 29.1037 6.8052 25.9937 6.8052H23.7037V4.7952C23.7037 1.7052 21.9937 -0.0048 18.8837 -0.0048H4.8237C1.7137 -0.0048 0.0037 1.6952 0.0037 4.7952V18.9252C0.0037 22.0252 1.7137 23.7252 4.8237 23.7252ZM5.2137 20.1952C4.1137 20.1952 3.5237 19.6452 3.5237 18.4852V5.2352C3.5237 4.0752 4.1137 3.5452 5.2137 3.5452H18.4937C19.5937 3.5452 20.1837 4.0752 20.1837 5.2352V6.8052H11.9337C8.8137 6.8052 7.1137 8.5052 7.1137 11.6052V20.1952ZM29.0637 31.1552C32.9937 31.1552 36.2737 27.8752 36.2737 23.9552C36.2737 20.0152 33.0137 16.7652 29.0637 16.7652C25.1337 16.7652 21.8637 20.0152 21.8637 23.9552C21.8637 27.8952 25.1337 31.1552 29.0637 31.1552ZM29.0637 24.0852C27.8737 24.0852 26.9637 23.1152 26.9637 21.7652C26.9637 20.5652 27.8937 19.5352 29.0637 19.5352C30.2437 19.5352 31.1737 20.5652 31.1737 21.7652C31.1737 23.1152 30.2537 24.0852 29.0637 24.0852ZM29.0637 29.0752C27.0837 29.0752 25.5837 27.9952 25.2337 27.0952V27.0452C25.6637 26.1952 27.1837 25.2652 29.0637 25.2652C30.9537 25.2652 32.4737 26.1952 32.8937 27.0452V27.0952C32.5437 27.9952 31.0537 29.0752 29.0637 29.0752Z","geometry":{"width":36.271484375,"height":31.158203125}}