{"path":"M1.6837 27.495C2.6137 27.495 3.3637 26.745 3.3637 25.815V21.795H7.5437C8.6637 21.795 9.5137 20.945 9.5137 19.825V15.645H13.6837C14.8037 15.645 15.6537 14.805 15.6537 13.685V9.505H19.8337C20.9437 9.505 21.7937 8.665 21.7937 7.545V3.365H25.8137C26.7437 3.365 27.5037 2.595 27.5037 1.685C27.5037 0.755 26.7437 -0.005 25.8137 -0.005H20.3837C19.2737 -0.005 18.4337 0.835 18.4337 1.955V6.135H14.2437C13.1237 6.135 12.2937 6.985 12.2937 8.095V12.275H8.1037C6.9837 12.275 6.1437 13.125 6.1437 14.245V18.415H1.9537C0.8437 18.415 0.0037 19.265 0.0037 20.385V25.815C0.0037 26.745 0.7637 27.495 1.6837 27.495Z","geometry":{"width":27.5078125,"height":27.494140625}}