{"path":"M4.8237 26.1377H21.3137C24.4437 26.1377 26.1437 24.4477 26.1437 21.3377V4.7977C26.1437 1.6977 24.4437 -0.0023 21.3137 -0.0023H4.8237C1.7137 -0.0023 0.0037 1.6977 0.0037 4.7977V21.3377C0.0037 24.4477 1.7137 26.1377 4.8237 26.1377ZM5.2137 22.6177C4.1137 22.6177 3.5237 22.0777 3.5237 20.9177V5.2377C3.5237 4.0777 4.1137 3.5277 5.2137 3.5277H20.9337C22.0237 3.5277 22.6137 4.0777 22.6137 5.2377V20.9177C22.6137 22.0777 22.0237 22.6177 20.9337 22.6177ZM9.4637 19.8477L13.0737 17.1977L16.6937 19.8477C17.5237 20.4677 18.4437 19.8877 18.1037 18.8277L16.6837 14.5577L20.3137 11.9677C21.0437 11.4277 20.9137 10.2677 19.7937 10.2777L15.3037 10.3177L13.9337 6.0477C13.6137 5.0477 12.5237 5.0477 12.2137 6.0477L10.8437 10.3177L6.3537 10.2777C5.2637 10.2677 5.0837 11.4177 5.8237 11.9677L9.4737 14.5777L8.0537 18.8277C7.7137 19.8477 8.6237 20.4677 9.4637 19.8477Z","geometry":{"width":26.140625,"height":26.140625}}