{"path":"M4.8237 23.7252H7.1137V25.7152C7.1137 28.8252 8.8137 30.5152 11.9337 30.5152H25.9937C29.1037 30.5152 30.8137 28.8252 30.8137 25.7152V11.6052C30.8137 8.5052 29.1037 6.8052 25.9937 6.8052H23.7037V4.7952C23.7037 1.7052 21.9937 -0.0048 18.8837 -0.0048H4.8237C1.7137 -0.0048 0.0037 1.6952 0.0037 4.7952V18.9252C0.0037 22.0252 1.7137 23.7252 4.8237 23.7252ZM5.2137 20.1952C4.1137 20.1952 3.5237 19.6452 3.5237 18.4852V5.2352C3.5237 4.0752 4.1137 3.5452 5.2137 3.5452H18.4937C19.5937 3.5452 20.1837 4.0752 20.1837 5.2352V6.8052H11.9337C8.8137 6.8052 7.1137 8.5052 7.1137 11.6052V20.1952ZM12.3137 26.9852C11.2237 26.9852 10.6337 26.4552 10.6337 25.2952V12.0352C10.6337 10.8652 11.2237 10.3352 12.3137 10.3352H25.6037C26.7037 10.3352 27.2937 10.8652 27.2937 12.0352V25.2952C27.2937 26.4552 26.7037 26.9852 25.6037 26.9852ZM15.8437 24.5452L18.9937 22.2452L22.1237 24.5452C22.8437 25.0752 23.6437 24.5852 23.3337 23.6652L22.1037 19.9752L25.2637 17.7052C25.8937 17.2552 25.7837 16.2452 24.8037 16.2552L20.9137 16.2952L19.7237 12.5752C19.4537 11.7152 18.5137 11.7152 18.2337 12.5752L17.0537 16.2952L13.1637 16.2552C12.2237 16.2452 12.0537 17.2352 12.7037 17.7152L15.8637 19.9752L14.6337 23.6652C14.3237 24.5552 15.1237 25.0852 15.8437 24.5452Z","geometry":{"width":30.81640625,"height":30.515625}}