{"path":"M23.392 18.7849L30.192 13.9349C31.242 13.1749 31.702 12.3049 31.392 11.3749C31.082 10.4549 30.202 10.0049 28.902 10.0249L20.382 10.0849L17.792 1.9449C17.392 0.6949 16.722 0.0049 15.752 0.0049C14.762 0.0049 14.092 0.6949 13.702 1.9449L11.952 7.3849L14.422 9.8449L15.682 5.4549C15.692 5.3849 15.712 5.3549 15.752 5.3549C15.782 5.3549 15.792 5.3849 15.802 5.4549L17.692 12.0949C17.942 13.0249 18.322 13.2649 19.292 13.2249L26.192 12.9749C26.262 12.9749 26.292 12.9849 26.302 13.0149C26.302 13.0449 26.292 13.0749 26.242 13.1149L21.142 16.5449ZM27.662 28.9149C28.112 29.3549 28.852 29.3549 29.282 28.9149C29.722 28.4549 29.742 27.7449 29.282 27.2849L6.112 4.1549C5.662 3.7149 4.922 3.7049 4.472 4.1549C4.032 4.5949 4.032 5.3549 4.472 5.7849ZM6.042 29.7749C6.822 30.3749 7.792 30.1849 8.842 29.4249L15.752 24.3449L22.632 29.4249C23.602 30.1149 24.472 30.3349 25.242 29.9049C25.362 29.8149 25.462 29.7249 25.612 29.5149L16.232 21.2349C15.682 20.7449 15.162 20.7849 14.592 21.2449L9.312 25.4149C9.252 25.4449 9.232 25.4549 9.212 25.4249C9.192 25.4049 9.192 25.3849 9.202 25.3349L11.582 18.8349C11.922 17.9549 11.852 17.5249 10.992 16.9649L5.262 13.1149C5.212 13.0749 5.182 13.0449 5.192 13.0149C5.212 12.9849 5.242 12.9749 5.302 12.9749L9.162 13.0849L6.112 10.0449L2.572 10.0249C1.282 10.0249 0.412 10.4549 0.092 11.3649C-0.218 12.3049 0.252 13.1749 1.302 13.9349L8.262 18.9049L5.522 27.0149C5.112 28.2149 5.282 29.1849 6.042 29.7749Z","geometry":{"width":31.48851555530925,"height":30.132598838024805}}