{"path":"M13.3054 29.7898H14.1354C16.2554 29.7898 17.0854 29.1898 17.0854 26.9898V20.5498L22.5754 23.7198C23.2254 24.0898 23.8054 24.3398 24.3254 24.3398C25.1454 24.3398 25.7754 23.7998 26.4454 22.7098L26.8554 21.9798C27.2854 21.2898 27.5054 20.6698 27.5054 20.1698C27.5054 19.2598 26.8754 18.6298 25.8154 18.0498L20.0954 14.8098L25.8154 11.6598C26.8654 11.0898 27.4554 10.4598 27.4554 9.5798C27.4554 9.0598 27.2254 8.4798 26.8254 7.7798L26.4154 7.0498C25.7454 5.9298 25.1154 5.3698 24.2854 5.3698C23.7754 5.3698 23.1854 5.6098 22.5454 5.9698L17.0854 9.1898V2.7898C17.0854 0.5898 16.2554 -0.0002 14.1354 -0.0002H13.3054C11.1954 -0.0002 10.3654 0.5998 10.3654 2.7898V9.1598L4.9054 5.9898C4.2554 5.6098 3.6354 5.3498 3.1054 5.3498C2.2654 5.3498 1.5954 5.8898 0.9954 7.0398L0.5854 7.7698C0.2154 8.4498 -0.0046 9.0398 -0.0046 9.5598C-0.0046 10.4498 0.6054 11.0898 1.6554 11.6798L7.3454 14.8098L1.6454 18.0498C0.6054 18.6298 -0.0046 19.2498 -0.0046 20.1098C-0.0046 20.6298 0.2354 21.2298 0.6254 21.9398L1.0654 22.6698C1.7054 23.7798 2.3254 24.3398 3.1754 24.3398C3.6754 24.3398 4.2254 24.0998 4.8954 23.7298L10.3654 20.5598V26.9998C10.3654 29.1898 11.1954 29.7898 13.3054 29.7898Z","geometry":{"width":27.5078125,"height":29.791015625}}