{"path":"M4.8237 26.1377H21.3137C24.4437 26.1377 26.1437 24.4477 26.1437 21.3377V4.7977C26.1437 1.6977 24.4437 -0.0023 21.3137 -0.0023H4.8237C1.7137 -0.0023 0.0037 1.6977 0.0037 4.7977V21.3377C0.0037 24.4477 1.7137 26.1377 4.8237 26.1377ZM9.3537 20.1777C8.4637 20.8477 7.5037 20.1977 7.8637 19.1177L9.3637 14.6377L5.5237 11.8777C4.7437 11.3177 4.9237 10.1077 6.0937 10.1177L10.8137 10.1677L12.2337 5.6577C12.5737 4.5977 13.7237 4.5977 14.0537 5.6577L15.5037 10.1677L20.2237 10.1177C21.4137 10.1077 21.5437 11.3377 20.7837 11.8777L16.9537 14.6277L18.4437 19.1177C18.8137 20.2377 17.8437 20.8377 16.9637 20.1777L13.1537 17.4077Z","geometry":{"width":26.140625,"height":26.140625}}