{"path":"M39.0164 21.7702H40.8564C42.2664 21.7702 42.7064 20.6202 42.1864 19.6502L32.5964 0.8702C32.2964 0.3002 31.8364 0.0002 31.2364 0.0002H30.2764C29.5264 0.0002 29.1364 0.6702 29.4264 1.3802L37.1364 20.5102C37.4264 21.2302 37.9764 21.7702 39.0164 21.7702ZM1.5264 21.7702H3.3864C4.4264 21.7702 4.9664 21.2302 5.2564 20.5102L12.9664 1.3902C13.2564 0.6702 12.8764 0.0102 12.1164 0.0102H11.1664C10.5564 0.0102 10.0964 0.3002 9.7964 0.8902L0.2164 19.6502C-0.3036 20.6302 0.1264 21.7702 1.5264 21.7702ZM21.1964 20.1002C25.8364 20.1002 29.6464 16.2802 29.6464 11.6502C29.6464 7.0102 25.8164 3.2002 21.1864 3.2002C16.5664 3.2002 12.7464 7.0102 12.7464 11.6502C12.7464 16.2802 16.5664 20.1002 21.1964 20.1002ZM16.2364 8.1202C17.3264 6.5202 19.1364 5.5202 21.1864 5.5202C23.2164 5.5202 25.0364 6.5202 26.1464 8.0902C26.4064 8.4602 26.3064 8.7902 25.9164 8.7902H16.4564C16.0664 8.7902 15.9764 8.4602 16.2364 8.1202ZM21.1864 13.4502C20.3464 13.4502 19.6964 12.8102 19.6964 11.9602C19.6964 11.1302 20.3464 10.4902 21.1864 10.4902C22.0164 10.4902 22.6764 11.1302 22.6764 11.9602C22.6764 12.8102 22.0164 13.4502 21.1864 13.4502ZM27.0664 13.2802C26.5864 15.0302 25.3964 16.4302 23.7164 17.1902C23.4264 17.3502 23.2464 17.2102 23.2464 16.9102C23.2064 14.8502 24.6964 13.1202 26.7064 12.8502C27.0264 12.8002 27.1564 12.9202 27.0664 13.2802ZM15.3164 13.2802C15.2264 12.9202 15.3464 12.8102 15.6764 12.8502C17.6664 13.1202 19.1764 14.8502 19.1364 16.9102C19.1364 17.2102 18.9564 17.3502 18.6664 17.1902C16.9864 16.4302 15.7864 15.0302 15.3164 13.2802Z","geometry":{"width":42.39543051937556,"height":21.765625}}