{"path":"M14.4337 28.8886C22.3637 28.8886 28.8737 22.3686 28.8737 14.4386C28.8737 6.5186 22.3537 -0.0014 14.4337 -0.0014C6.5037 -0.0014 0.0037 6.5186 0.0037 14.4386C0.0037 22.3686 6.5237 28.8886 14.4337 28.8886ZM5.7537 8.2586C7.6737 5.4786 10.8537 3.7586 14.4137 3.7586C17.9637 3.7586 21.1537 5.4786 23.0737 8.2486C23.5837 8.9386 23.3637 9.6686 22.5737 9.6686H6.2637C5.4837 9.6686 5.2537 8.9386 5.7537 8.2586ZM35.6337 17.1986C36.7137 17.1986 37.3937 16.5586 37.4437 15.4386L37.7337 7.2486C37.7937 5.9886 36.9437 5.1586 35.6137 5.1586C34.2737 5.1586 33.4437 5.9886 33.4937 7.2486L33.7937 15.4586C33.8537 16.5586 34.5537 17.1986 35.6337 17.1986ZM14.4237 17.7186C12.9237 17.7186 11.7037 16.4986 11.7037 14.9886C11.7037 13.4986 12.9237 12.2786 14.4237 12.2786C15.9237 12.2786 17.1437 13.4986 17.1437 14.9886C17.1437 16.4986 15.9237 17.7186 14.4237 17.7186ZM4.2337 17.3886C4.0337 16.6786 4.3937 16.3686 5.0037 16.4586C8.5137 16.9286 11.1837 19.9886 11.1137 23.5886C11.1137 24.1886 10.6737 24.5286 10.0937 24.2286C7.1737 22.8886 5.0537 20.4086 4.2337 17.3886ZM24.6137 17.3886C23.7937 20.4086 21.6737 22.8886 18.7537 24.2286C18.1737 24.5286 17.7337 24.1886 17.7337 23.5886C17.6637 19.9986 20.3337 16.9286 23.8437 16.4586C24.4637 16.3686 24.8137 16.6786 24.6137 17.3886ZM35.6337 23.6886C36.9737 23.6886 37.9537 22.7686 37.9537 21.5186C37.9537 20.2586 36.9837 19.3486 35.6337 19.3486C34.2637 19.3486 33.2737 20.2586 33.2737 21.5186C33.2737 22.7686 34.2737 23.6886 35.6337 23.6886Z","geometry":{"width":37.953125,"height":28.888671875}}