{"path":"M0.0037 6.0165C0.0037 11.6165 4.7837 18.9865 9.3237 20.2765C9.6137 27.0965 12.2237 30.7465 16.8837 30.7465C21.6437 30.7465 24.0237 27.3965 25.0237 20.6265C25.6937 16.2165 26.7737 14.7665 28.5337 14.7665C30.2937 14.7665 31.3737 16.1965 31.6137 19.7565C29.8637 20.4765 28.6137 22.2065 28.6137 24.2165C28.6137 26.8965 30.7737 29.0565 33.4437 29.0565C36.1037 29.0565 38.2537 26.8965 38.2537 24.2165C38.2537 22.0765 36.8637 20.2765 34.9337 19.6465C34.4137 13.8665 32.3037 11.4065 28.6137 11.4065C24.8237 11.4065 22.6437 13.9365 21.7237 19.7165C20.9337 24.7165 19.8637 27.3865 16.8937 27.3865C14.3437 27.3865 12.9237 24.8865 12.7037 20.2765C17.2437 18.9765 22.0237 11.6165 22.0237 6.0165C22.0237 2.6665 20.2937 0.8565 16.9137 0.8565H16.6937C16.2237 0.3465 15.5437 -0.0035 14.8037 -0.0035C13.4137 -0.0035 12.2737 1.1465 12.2737 2.5265C12.2737 3.9065 13.4137 5.0565 14.8037 5.0565C15.5337 5.0565 16.2037 4.7265 16.6637 4.2265H16.9837C18.0637 4.2265 18.6437 4.8765 18.6437 5.9865C18.6437 10.2965 14.3537 17.1065 11.0037 17.1065C7.6537 17.1065 3.3737 10.2965 3.3737 5.9865C3.3737 4.8765 3.9637 4.2265 5.0437 4.2265H5.3437C5.8137 4.7265 6.4837 5.0565 7.2037 5.0565C8.6037 5.0565 9.7337 3.9065 9.7337 2.5265C9.7337 1.1465 8.6037 -0.0035 7.2037 -0.0035C6.4537 -0.0035 5.7837 0.3465 5.3137 0.8565H5.1137C1.7337 0.8565 0.0037 2.6665 0.0037 6.0165ZM33.4537 26.0065C32.4537 26.0065 31.6637 25.1965 31.6637 24.2165C31.6637 23.2265 32.4537 22.4365 33.4537 22.4365C34.4437 22.4365 35.2337 23.2265 35.2337 24.2165C35.2337 25.1965 34.4437 26.0065 33.4537 26.0065Z","geometry":{"width":38.25390625,"height":30.748046875}}