{"path":"M0.0037 19.9652C0.0037 22.1452 1.3637 23.4852 3.6537 23.4852H19.8337C22.1337 23.4852 23.5037 22.1452 23.5037 19.9652V3.5252C23.5037 1.3552 22.1337 -0.0048 19.8337 -0.0048H3.6537C1.3637 -0.0048 0.0037 1.3552 0.0037 3.5252ZM3.5237 18.7552V4.7352C3.5237 3.9352 3.9937 3.4752 4.7837 3.4752H18.8437C19.6237 3.4752 20.0837 3.9352 20.0837 4.7352V18.7552C20.0837 19.5652 19.6237 20.0252 18.8437 20.0252H4.7837C3.9937 20.0252 3.5237 19.5652 3.5237 18.7552Z","geometry":{"width":23.501953125,"height":23.48828125}}