{"path":"M0.0037 20.1252C0.0037 22.1852 1.3837 23.4852 3.5637 23.4852H19.9237C22.1237 23.4852 23.5037 22.1852 23.5037 20.1252V3.3752C23.5037 1.2952 22.1237 -0.0048 19.9237 -0.0048H3.5637C1.3837 -0.0048 0.0037 1.2952 0.0037 3.3752Z","geometry":{"width":23.501953125,"height":23.48828125}}