{"path":"M4.9637 29.159C5.8537 29.159 6.4837 28.529 6.4837 27.629V26.089H22.8837V27.629C22.8837 28.529 23.5037 29.159 24.4037 29.159C25.3037 29.159 25.9337 28.529 25.9337 27.629V26.069C27.9837 25.909 29.3637 24.409 29.3637 22.259V3.829C29.3637 1.569 27.8237 -0.001 25.5637 -0.001H3.7837C1.5437 -0.001 0.0037 1.569 0.0037 3.829V22.259C0.0037 24.409 1.3837 25.919 3.4337 26.069V27.629C3.4337 28.529 4.0637 29.159 4.9637 29.159ZM3.2937 4.139C3.2937 3.639 3.6237 3.299 4.1037 3.299H25.3337C25.7737 3.299 26.0737 3.599 26.0737 4.059V8.659H3.2937ZM7.3437 7.589C8.2037 7.589 8.9237 6.909 8.9237 6.029C8.9237 5.139 8.2037 4.459 7.3437 4.459C6.4837 4.459 5.7537 5.139 5.7537 6.029C5.7537 6.909 6.4837 7.589 7.3437 7.589ZM12.2337 7.589C13.0937 7.589 13.8237 6.909 13.8237 6.029C13.8237 5.139 13.0937 4.459 12.2337 4.459C11.3737 4.459 10.6537 5.139 10.6537 6.029C10.6537 6.909 11.3737 7.589 12.2337 7.589ZM17.1137 7.589C17.9737 7.589 18.7037 6.909 18.7037 6.029C18.7037 5.139 17.9737 4.459 17.1137 4.459C16.2537 4.459 15.5437 5.139 15.5437 6.029C15.5437 6.909 16.2537 7.589 17.1137 7.589ZM22.0237 7.589C22.8837 7.589 23.5937 6.909 23.5937 6.029C23.5937 5.139 22.8837 4.459 22.0237 4.459C21.1637 4.459 20.4437 5.139 20.4437 6.029C20.4437 6.909 21.1637 7.589 22.0237 7.589ZM4.1037 22.809C3.6237 22.809 3.2937 22.459 3.2937 21.939V10.919H26.0737V22.029C26.0737 22.489 25.7737 22.809 25.3337 22.809ZM6.3937 21.249H22.9837C23.7337 21.249 24.2437 20.749 24.2437 19.989V13.559C24.2437 12.809 23.7337 12.309 22.9837 12.309H6.3937C5.6437 12.309 5.1437 12.809 5.1437 13.559V19.989C5.1437 20.749 5.6437 21.249 6.3937 21.249ZM7.4137 19.309C7.2337 19.309 7.0937 19.159 7.0937 18.989V14.489C7.0937 14.319 7.2337 14.179 7.4137 14.179H21.9737C22.1437 14.179 22.2837 14.319 22.2837 14.489V18.989C22.2837 19.159 22.1437 19.309 21.9737 19.309Z","geometry":{"width":29.3671875,"height":29.162109375}}