{"path":"M1.0837 11.5564H8.8137C9.1737 11.6664 9.5537 11.7564 9.9637 11.8364L12.6337 12.3964C15.2337 12.9564 16.2237 13.6464 16.2237 14.9864C16.2237 16.5264 14.6037 17.6364 12.1537 17.6364C9.9937 17.6364 8.3537 16.6764 7.4537 15.1664C6.9837 14.5364 6.5637 14.2564 5.8637 14.2564C4.7837 14.2564 4.1037 14.9264 4.1037 15.9564C4.1037 16.2664 4.1537 16.5964 4.2637 16.9264C5.0737 19.3864 8.1037 20.9164 12.1237 20.9164C17.2137 20.9164 20.4637 18.3864 20.4637 14.5064C20.4637 13.3264 20.1937 12.3564 19.6437 11.5564H23.4437C24.0537 11.5564 24.5237 11.0564 24.5237 10.4864C24.5237 9.9164 24.0537 9.4064 23.4437 9.4064H16.5037C15.9137 9.1964 15.2437 9.0264 14.5037 8.8764L11.9737 8.3564C9.5337 7.8164 8.4737 7.1364 8.4737 5.8564C8.4737 4.3364 9.9937 3.2964 12.1437 3.2964C14.0437 3.2964 15.3137 4.0864 16.2437 5.6164C16.7037 6.2164 17.1837 6.4764 17.9237 6.4764C18.9737 6.4764 19.6737 5.8264 19.6737 4.8264C19.6737 4.5364 19.6337 4.2764 19.5537 4.0364C18.8237 1.6164 15.9237 -0.0036 12.1137 -0.0036C7.5437 -0.0036 4.2337 2.5164 4.2337 6.2464C4.2337 7.4964 4.5837 8.5464 5.2637 9.4064H1.0837C0.4737 9.4064 0.0037 9.9164 0.0037 10.4864C0.0037 11.0564 0.4737 11.5564 1.0837 11.5564Z","geometry":{"width":24.52734375,"height":20.91796875}}