{"path":"M8.8437 30.5605C10.6937 30.5605 12.2237 29.3805 12.7537 27.7305H21.8737C22.4037 29.2805 23.8937 30.4105 25.6337 30.4105C27.8237 30.4105 29.5837 28.6405 29.5837 26.4405C29.5837 24.2505 27.8237 22.4905 25.6337 22.4905C25.1337 22.4905 24.6537 22.5905 24.2037 22.7505L22.0537 20.6005C28.4237 20.4005 29.4937 15.2705 29.4937 11.5105C29.4937 5.4705 25.2337 0.0005 18.1537 0.0005C16.8737 0.0005 15.9737 0.9605 15.9737 2.2605V10.0905H11.5237L5.8637 4.4205C5.4737 4.0305 5.0137 3.8405 4.4837 3.8405H1.4537C0.6537 3.8405 0.0037 4.5005 0.0037 5.2905C0.0037 6.0805 0.6537 6.7405 1.4537 6.7405H4.1137L7.4637 10.0905H5.2137C4.4437 10.0905 3.8437 10.6905 3.8437 11.4605C3.8437 12.2105 4.4437 12.8205 5.2137 12.8205L5.7537 15.6905C6.2937 18.6105 8.6437 20.4405 12.4237 20.6005L10.4037 22.6305C9.9237 22.4305 9.4037 22.3405 8.8437 22.3405C6.5637 22.3405 4.7337 24.1605 4.7337 26.4405C4.7337 28.7405 6.5637 30.5605 8.8437 30.5605ZM18.7037 3.3505C18.7037 3.0305 18.9037 2.8405 19.2137 2.8405C22.2737 2.8405 26.0337 5.2805 26.6437 10.0905H18.7037ZM12.9637 17.8705C10.2237 17.8705 8.7937 16.8705 8.4537 15.1905L7.9837 12.8205H26.6837C26.4737 15.2705 25.4837 17.8705 21.6537 17.8705ZM12.7537 25.1405C12.6837 24.9505 12.6237 24.7605 12.5237 24.5805L16.5037 20.6005H17.9937L22.0837 24.6905C21.9937 24.8405 21.9437 24.9905 21.8937 25.1405ZM8.8437 28.4105C7.7537 28.4105 6.8937 27.5305 6.8937 26.4405C6.8937 25.3505 7.7537 24.5005 8.8437 24.5005C9.9537 24.5005 10.8037 25.3505 10.8037 26.4405C10.8037 27.5305 9.9537 28.4105 8.8437 28.4105ZM25.6337 28.4105C24.5437 28.4105 23.6837 27.5305 23.6837 26.4405C23.6837 25.3505 24.5437 24.5005 25.6337 24.5005C26.7237 24.5005 27.5937 25.3505 27.5937 26.4405C27.5937 27.5305 26.7237 28.4105 25.6337 28.4105Z","geometry":{"width":29.5859375,"height":30.556640625}}