{"path":"M9.1037 9.244H19.3437C21.1237 9.244 21.9737 8.424 21.9737 6.684V2.554C21.9737 0.824 21.1237 0.004 19.3437 0.004H9.1037C7.3237 0.004 6.4837 0.824 6.4837 2.554V6.684C6.4837 8.424 7.3237 9.244 9.1037 9.244ZM5.7437 33.524C6.6337 33.524 7.0837 33.114 7.3137 32.254L8.3937 28.134H19.7837L20.8737 32.254C21.0937 33.114 21.5737 33.524 22.4337 33.524C23.4037 33.524 23.9837 32.894 23.9837 31.994C23.9837 31.814 23.9637 31.614 23.8937 31.404L21.8037 23.434H22.8037C23.8537 23.434 24.6637 22.614 24.6637 21.644C24.6637 20.614 23.9137 19.834 22.8437 19.834H7.0937C5.6837 19.834 4.9637 19.154 4.9637 17.784V14.574H6.3937V15.504C6.3937 17.114 7.2837 17.994 8.9537 17.994H19.4037C21.0637 17.994 21.9537 17.114 21.9537 15.504V14.574H26.4937C27.4637 14.574 28.1637 13.854 28.1637 12.964C28.1637 12.034 27.4837 11.334 26.5237 11.334H1.6037C0.6737 11.334 0.0037 12.034 0.0037 12.964C0.0037 13.854 0.6837 14.574 1.6237 14.574H2.3537V20.184C2.3537 22.214 3.5937 23.434 5.6437 23.434H6.3737L4.2837 31.404C4.2237 31.594 4.1937 31.784 4.1937 31.994C4.1937 32.864 4.7337 33.524 5.7437 33.524ZM9.1737 25.234L9.6537 23.434H18.5237L19.0037 25.234Z","geometry":{"width":28.1640625,"height":33.5234375}}