{"path":"M3.4137 21.3527H21.7937C23.9937 21.3527 25.1937 20.1827 25.1937 18.0427V7.3827C25.1937 5.2527 23.9937 4.0727 21.7937 4.0727H18.1937V3.0327C18.1937 1.0227 17.0737 0.0027 14.9137 0.0027H10.2837C8.1437 0.0027 7.0037 1.0627 7.0037 3.0327V4.0727H3.4137C1.2137 4.0727 0.0037 5.2527 0.0037 7.3827V18.0427C0.0037 20.1827 1.2137 21.3527 3.4137 21.3527ZM9.5337 2.9927C9.5337 2.4927 9.8037 2.2327 10.3637 2.2327H14.8337C15.3937 2.2327 15.6637 2.4927 15.6637 2.9927V4.0727H9.5337ZM1.8037 27.1227H26.6737C29.5437 27.1227 31.0537 25.6327 31.0537 22.7927V8.5727C31.0537 7.6127 31.5637 7.0927 32.5137 7.0927H33.5737C34.5537 7.0927 35.3437 6.3027 35.3437 5.3327C35.3437 4.3627 34.5537 3.5727 33.5737 3.5727H31.8937C29.0237 3.5727 27.5237 5.0627 27.5237 7.9127V22.1227C27.5237 23.0827 27.0137 23.5927 26.0537 23.5927H1.8037C0.7937 23.5927 0.0037 24.3327 0.0037 25.3627C0.0037 26.4027 0.7937 27.1227 1.8037 27.1227ZM3.5637 18.7027C3.0937 18.7027 2.8337 18.4527 2.8337 18.0227V7.4127C2.8337 6.9727 3.0937 6.7227 3.5637 6.7227H4.9237V18.7027ZM7.6137 18.7027V6.7227H17.5837V18.7027ZM21.6337 6.7227C22.1037 6.7227 22.3637 6.9727 22.3637 7.4127V18.0227C22.3637 18.4527 22.1037 18.7027 21.6337 18.7027H20.2737V6.7227ZM6.5937 34.8627C8.1337 34.8627 9.4237 33.5827 9.4237 32.0427C9.4237 30.4927 8.1337 29.2027 6.5937 29.2027C5.0537 29.2027 3.7737 30.4927 3.7737 32.0427C3.7737 33.5827 5.0537 34.8627 6.5937 34.8627ZM21.2637 34.8627C22.7937 34.8627 24.0737 33.5827 24.0737 32.0427C24.0737 30.4927 22.7937 29.2027 21.2637 29.2027C19.7137 29.2027 18.4337 30.4927 18.4337 32.0427C18.4337 33.5827 19.7137 34.8627 21.2637 34.8627Z","geometry":{"width":35.341796875,"height":34.86328125}}