{"path":"M0.0027 17.0743C0.0027 20.6843 2.5527 23.3143 6.1127 23.3143C8.3127 23.3143 10.2927 22.3943 10.9627 20.6543H11.2127C11.1427 22.8443 8.7327 24.1543 7.8427 24.9243C6.5627 26.0143 7.0227 28.3243 8.9427 28.3243H18.3327C20.2527 28.3243 20.7127 26.0143 19.4127 24.9243C18.5427 24.1543 16.1227 22.8443 16.0527 20.6543H16.2927C16.9627 22.3943 18.9627 23.3143 21.1627 23.3143C24.7027 23.3143 27.2727 20.6843 27.2727 17.0743C27.2727 10.6743 19.2227 8.1243 15.6727 1.4043C15.2027 0.5343 14.6127 0.0043 13.6327 0.0043C12.6627 0.0043 12.0727 0.5343 11.6027 1.4043C8.0427 8.1243 0.0027 10.6743 0.0027 17.0743Z","geometry":{"width":27.275390625,"height":28.328125}}