{"path":"M0.0027 16.9376C0.0027 20.7376 2.7027 23.1776 5.9727 23.1776C7.3727 23.1776 8.5827 22.8476 9.6127 22.2176C9.0627 23.3076 8.3227 24.0776 7.7127 24.7976C6.5727 26.1576 7.0827 28.1876 9.1327 28.1876H18.1327C20.1827 28.1876 20.7027 26.1576 19.5627 24.7976C18.9927 24.1276 18.3427 23.2976 17.8727 22.3276C18.8827 22.8876 20.0527 23.1876 21.2727 23.1776C24.5727 23.1576 27.2727 20.7576 27.2727 16.9376C27.2727 10.7276 18.8927 7.6976 15.6227 1.4076C15.1727 0.5376 14.6327 -0.0024 13.6327 -0.0024C12.6427 -0.0024 12.1027 0.5376 11.6527 1.4076C8.3627 7.6876 0.0027 10.7276 0.0027 16.9376ZM3.7027 16.6976C3.7027 12.9176 10.1027 11.1576 13.6327 4.0976C17.1627 11.1576 23.5527 12.9176 23.5527 16.6976C23.5527 18.5076 22.3627 19.7876 20.4027 19.7876C18.9727 19.7876 17.9627 19.2876 17.0127 18.6476C15.9927 18.0076 14.4627 18.4976 14.4927 20.2376C14.5727 21.5476 15.3227 23.2676 16.0927 24.2976C16.2527 24.5276 16.1327 24.6876 15.9527 24.6876H11.3227C11.1427 24.6876 11.0227 24.5276 11.1827 24.2976C11.9727 23.1876 12.7027 21.5076 12.7727 20.2376C12.7927 18.4976 11.2627 18.0076 10.2527 18.6476C9.2927 19.2876 8.3027 19.7876 6.8727 19.7876C4.8927 19.7876 3.7027 18.5076 3.7027 16.6976Z","geometry":{"width":27.275390625,"height":28.19140625}}