{"path":"M5.3337 37.9717H6.2337C7.0137 37.9717 7.5437 37.4617 7.5437 36.6717V35.7817H15.7637V36.6717C15.7637 37.4617 16.2937 37.9717 17.0737 37.9717H17.9737C18.7537 37.9717 19.2737 37.4617 19.2737 36.6717V35.7817C21.6437 35.7817 23.3137 34.1017 23.3137 31.6617V11.8117C23.3137 9.3917 21.6437 7.7017 19.2237 7.7017H18.2537V3.5317C18.2537 1.2817 16.8537 0.0017 14.4337 0.0017H8.9437C6.4637 0.0017 5.0737 1.2817 5.0737 3.5317V7.7017H4.0837C1.6637 7.7017 0.0037 9.3917 0.0037 11.8117V31.6617C0.0037 34.0717 1.6437 35.7517 4.0337 35.7817V36.6717C4.0337 37.4617 4.5537 37.9717 5.3337 37.9717ZM8.1937 3.8717C8.1937 3.1817 8.6037 2.8017 9.3137 2.8017H14.0937C14.7537 2.8017 15.1337 3.2017 15.1337 3.8717V7.7017H8.1937ZM2.9837 11.9717C2.9837 11.2117 3.5037 10.6617 4.2337 10.6617H19.0737C19.8137 10.6617 20.3337 11.2117 20.3337 11.9717V26.7017H2.9837ZM4.2337 32.8117C3.5037 32.8117 2.9837 32.2817 2.9837 31.5117V29.6717H20.3337V31.5117C20.3337 32.2817 19.8137 32.8117 19.0737 32.8117Z","geometry":{"width":23.310546875,"height":37.966796875}}