{"path":"M14.2237 26.4143C14.6837 26.4143 15.3637 26.0143 15.9937 25.6043C23.5137 20.6943 28.4537 14.8443 28.4537 8.9843C28.4537 3.6143 24.7237 0.0043 20.2337 0.0043C17.4437 0.0043 15.4237 1.5343 14.2237 3.7743C13.0337 1.5443 11.0037 0.0043 8.2137 0.0043C3.7337 0.0043 0.0037 3.6143 0.0037 8.9843C0.0037 14.8443 4.9337 20.6943 12.4537 25.6043C13.0837 26.0143 13.7637 26.4143 14.2237 26.4143Z","geometry":{"width":28.451171875,"height":26.4140625}}