{"path":"M14.3127 3.7555C15.3527 3.7555 16.2027 2.9155 16.2027 1.8755C16.2027 0.8355 15.3527 -0.0045 14.3127 -0.0045C13.2727 -0.0045 12.4327 0.8355 12.4327 1.8755C12.4327 2.9155 13.2727 3.7555 14.3127 3.7555ZM5.5227 7.3955C6.5627 7.3955 7.3927 6.5655 7.3927 5.5255C7.3927 4.4755 6.5627 3.6355 5.5227 3.6355C4.4827 3.6355 3.6327 4.4755 3.6327 5.5255C3.6327 6.5655 4.4827 7.3955 5.5227 7.3955ZM23.1027 7.3955C24.1427 7.3955 24.9927 6.5655 24.9927 5.5255C24.9927 4.4755 24.1427 3.6355 23.1027 3.6355C22.0627 3.6355 21.2327 4.4755 21.2327 5.5255C21.2327 6.5655 22.0627 7.3955 23.1027 7.3955ZM14.3127 21.7655C18.4027 21.7655 21.7827 18.3855 21.7827 14.3155C21.7827 10.2255 18.4027 6.8455 14.3127 6.8455C10.2427 6.8455 6.8527 10.2255 6.8527 14.3155C6.8527 18.4155 10.2127 21.7655 14.3127 21.7655ZM14.3127 18.4755C12.0427 18.4755 10.1627 16.5855 10.1627 14.3155C10.1627 12.0555 12.0427 10.1555 14.3127 10.1555C16.5827 10.1555 18.4727 12.0455 18.4727 14.3155C18.4727 16.5855 16.5827 18.4755 14.3127 18.4755ZM1.8827 16.1855C2.9227 16.1855 3.7627 15.3555 3.7627 14.3155C3.7627 13.2755 2.9227 12.4255 1.8827 12.4255C0.8427 12.4255 0.0027 13.2755 0.0027 14.3155C0.0027 15.3555 0.8427 16.1855 1.8827 16.1855ZM26.7527 16.1855C27.7927 16.1855 28.6327 15.3555 28.6327 14.3155C28.6327 13.2755 27.7927 12.4255 26.7527 12.4255C25.7027 12.4255 24.8727 13.2755 24.8727 14.3155C24.8727 15.3555 25.7027 16.1855 26.7527 16.1855ZM23.1027 24.9955C24.1427 24.9955 24.9927 24.1455 24.9927 23.1055C24.9927 22.0655 24.1427 21.2355 23.1027 21.2355C22.0627 21.2355 21.2327 22.0655 21.2327 23.1055C21.2327 24.1455 22.0627 24.9955 23.1027 24.9955ZM5.5227 24.9955C6.5627 24.9955 7.3927 24.1455 7.3927 23.1055C7.3927 22.0655 6.5627 21.2355 5.5227 21.2355C4.4827 21.2355 3.6327 22.0655 3.6327 23.1055C3.6327 24.1455 4.4827 24.9955 5.5227 24.9955ZM14.3127 28.6255C15.3527 28.6255 16.2027 27.7855 16.2027 26.7455C16.2027 25.7055 15.3527 24.8655 14.3127 24.8655C13.2727 24.8655 12.4327 25.7055 12.4327 26.7455C12.4327 27.7855 13.2727 28.6255 14.3127 28.6255Z","geometry":{"width":28.62890625,"height":28.62890625}}