{"path":"M17.5237 5.7705C18.2937 5.7605 18.9037 5.1105 18.9037 4.2905V1.4605C18.9037 0.6305 18.2937 0.0005 17.5237 0.0005C16.7437 0.0005 16.1337 0.6305 16.1337 1.4605V4.2905C16.1337 5.1105 16.7437 5.7705 17.5237 5.7705ZM24.5937 8.6905C25.1437 9.2305 26.0437 9.2105 26.6237 8.6405L28.6337 6.6405C29.2137 6.0605 29.2037 5.1705 28.6737 4.6205C28.1337 4.0705 27.2337 4.0705 26.6437 4.6805L24.6537 6.6605C24.0637 7.2505 24.0537 8.1605 24.5937 8.6905ZM10.4437 8.6905C10.9737 8.1505 10.9737 7.2505 10.3937 6.6605L8.3937 4.6805C7.8037 4.0705 6.9137 4.0905 6.3737 4.6205C5.8237 5.1505 5.8237 6.0605 6.4137 6.6405L8.4237 8.6405C8.9937 9.2105 9.9137 9.2405 10.4437 8.6905ZM1.6537 22.9405H33.3837C34.3037 22.9405 35.0437 22.1805 35.0437 21.3005C35.0437 20.4005 34.3137 19.6605 33.3837 19.6605H23.8737C24.6337 18.5205 25.0337 17.1905 25.0337 15.7605C25.0337 11.5905 21.6437 8.2205 17.5237 8.2205C13.3937 8.2205 10.0037 11.5905 10.0037 15.7605C10.0037 17.1905 10.4037 18.5205 11.1837 19.6605H1.6537C0.7337 19.6605 0.0037 20.4105 0.0037 21.3005C0.0037 22.1605 0.7537 22.9405 1.6537 22.9405ZM12.9837 15.7805C12.9837 13.2305 15.0437 11.2205 17.5237 11.2205C20.0037 11.2205 22.0537 13.2305 22.0537 15.7805C22.0537 17.3805 21.2337 18.8105 20.0837 19.6605H14.9537C13.8037 18.8105 12.9837 17.3805 12.9837 15.7805ZM3.2137 16.3405H6.0437C6.8737 16.3405 7.5237 15.7105 7.5237 14.9405C7.5037 14.1805 6.8637 13.5505 6.0437 13.5505H3.2137C2.3937 13.5505 1.7537 14.1805 1.7537 14.9405C1.7537 15.7105 2.4037 16.3405 3.2137 16.3405ZM28.9937 16.3405H31.8237C32.6637 16.3405 33.2937 15.7105 33.2937 14.9405C33.2937 14.1805 32.6637 13.5505 31.8237 13.5505H28.9937C28.1737 13.5505 27.5237 14.1805 27.5237 14.9405C27.5337 15.7105 28.1937 16.3405 28.9937 16.3405Z","geometry":{"width":35.041015625,"height":22.94140625}}