{"path":"M15.9427 6.0325C16.8527 6.0325 17.6227 5.2625 17.6227 4.3525V1.6825C17.6227 0.7625 16.8527 0.0025 15.9427 0.0025C15.0227 0.0025 14.2627 0.7625 14.2627 1.6825V4.3525C14.2627 5.2625 15.0227 6.0325 15.9427 6.0325ZM22.9527 8.9825C23.5827 9.6125 24.6827 9.6125 25.3327 8.9525L27.2227 7.0725C27.8527 6.4225 27.8327 5.3325 27.1927 4.6725C26.5627 4.0425 25.4727 4.0625 24.8327 4.7025L22.9327 6.6025C22.3027 7.2425 22.3027 8.3425 22.9527 8.9825ZM8.9127 8.9825C9.5727 8.3425 9.5727 7.2325 8.9527 6.6025L7.0727 4.7025C6.4227 4.0725 5.3327 4.0425 4.6927 4.6725C4.0427 5.3325 4.0327 6.4225 4.6627 7.0525L6.5527 8.9525C7.1927 9.6125 8.2827 9.6125 8.9127 8.9825ZM15.9427 23.5025C20.0727 23.5025 23.4927 20.0825 23.4927 15.9425C23.4927 11.8025 20.0727 8.3825 15.9427 8.3825C11.8027 8.3825 8.3827 11.8025 8.3827 15.9425C8.3827 20.0825 11.8027 23.5025 15.9427 23.5025ZM15.9427 20.1625C13.6327 20.1625 11.7027 18.2525 11.7027 15.9425C11.7027 13.6325 13.6327 11.7025 15.9427 11.7025C18.2427 11.7025 20.1627 13.6325 20.1627 15.9425C20.1627 18.2525 18.2427 20.1625 15.9427 20.1625ZM25.8527 15.9425C25.8527 16.8525 26.6227 17.6225 27.5327 17.6225H30.2027C31.1127 17.6225 31.8827 16.8525 31.8827 15.9425C31.8827 15.0225 31.1127 14.2625 30.2027 14.2625H27.5327C26.6227 14.2625 25.8527 15.0225 25.8527 15.9425ZM6.0327 15.9425C6.0327 15.0225 5.2627 14.2625 4.3427 14.2625H1.6827C0.7627 14.2625 0.0027 15.0225 0.0027 15.9425C0.0027 16.8525 0.7627 17.6225 1.6827 17.6225H4.3427C5.2627 17.6225 6.0327 16.8525 6.0327 15.9425ZM22.9327 22.9325C22.3027 23.5725 22.3027 24.6525 22.9527 25.3025L24.8527 27.2025C25.4827 27.8325 26.5827 27.8225 27.2327 27.1625C27.8627 26.5325 27.8627 25.4425 27.2027 24.8025L25.3027 22.9125C24.6627 22.2825 23.5727 22.2825 22.9327 22.9325ZM8.9527 22.9325C8.3027 22.2825 7.2027 22.2825 6.5627 22.9125L4.6627 24.7825C4.0227 25.4325 4.0027 26.5225 4.6327 27.1625C5.2927 27.8125 6.3827 27.8225 7.0227 27.1925L8.9127 25.3025C9.5727 24.6525 9.5727 23.5725 8.9527 22.9325ZM15.9427 25.8425C15.0227 25.8425 14.2627 26.6025 14.2627 27.5225V30.2025C14.2627 31.1125 15.0227 31.8825 15.9427 31.8825C16.8527 31.8825 17.6227 31.1125 17.6227 30.2025V27.5225C17.6227 26.6025 16.8527 25.8425 15.9427 25.8425Z","geometry":{"width":31.8828125,"height":31.8828125}}