{"path":"M15.7737 5.7694C16.5437 5.7694 17.1737 5.1094 17.1737 4.2894V1.4794C17.1737 0.6394 16.5437 -0.0006 15.7737 -0.0006C15.0137 -0.0006 14.3837 0.6394 14.3837 1.4794V4.2894C14.3837 5.1094 15.0137 5.7794 15.7737 5.7694ZM22.8437 8.7094C23.3937 9.2394 24.2937 9.2294 24.8837 8.6394L26.8837 6.6594C27.4837 6.0694 27.4637 5.1694 26.9237 4.6194C26.3837 4.0894 25.4937 4.0894 24.9137 4.6794L22.9037 6.6694C22.3237 7.2494 22.3137 8.1594 22.8437 8.7094ZM8.6937 8.7094C9.2437 8.1594 9.2237 7.2494 8.6537 6.6694L6.6437 4.6794C6.0537 4.0894 5.1637 4.0894 4.6237 4.6194C4.0737 5.1694 4.0737 6.0694 4.6637 6.6594L6.6737 8.6394C7.2437 9.2294 8.1637 9.2394 8.6937 8.7094ZM3.1137 21.9194H30.4837C31.0937 21.9194 31.5537 21.4794 31.5537 20.8994C31.5537 20.3194 31.0937 19.8794 30.4837 19.8794H21.9537C22.8337 18.6994 23.2837 17.2994 23.2837 15.7594C23.2837 11.6194 19.9037 8.2294 15.7737 8.2294C11.6437 8.2294 8.2737 11.6094 8.2737 15.7594C8.2737 17.2994 8.7337 18.6994 9.5937 19.8794H3.1137C2.5337 19.8794 2.0637 20.3194 2.0637 20.8994C2.0637 21.4794 2.5337 21.9194 3.1137 21.9194ZM11.1137 15.7594C11.1137 13.1794 13.2037 11.0894 15.7737 11.0894C18.3337 11.0894 20.4437 13.1794 20.4437 15.7594C20.4437 17.5594 19.4237 19.1094 17.9637 19.8794H13.5937C12.1237 19.1094 11.1137 17.5594 11.1137 15.7594ZM1.4637 16.6694H4.2937C5.1237 16.6694 5.7837 16.0394 5.7737 15.2694C5.7737 14.5094 5.1237 13.8794 4.2937 13.8794H1.4637C0.6537 13.8794 0.0037 14.5094 0.0037 15.2694C0.0037 16.0394 0.6537 16.6694 1.4637 16.6694ZM27.2637 16.6694H30.0737C30.9137 16.6694 31.5537 16.0394 31.5537 15.2694C31.5537 14.5094 30.9137 13.8794 30.0737 13.8794H27.2637C26.4437 13.8794 25.7737 14.5094 25.7837 15.2694C25.7837 16.0394 26.4437 16.6694 27.2637 16.6694ZM1.0637 27.1694H28.4237C29.0237 27.1694 29.4937 26.7294 29.4937 26.1494C29.4937 25.5694 29.0237 25.1294 28.4237 25.1294H1.0637C0.4637 25.1294 0.0037 25.5694 0.0037 26.1494C0.0037 26.7294 0.4637 27.1694 1.0637 27.1694ZM3.1137 32.4194H30.4837C31.0937 32.4194 31.5537 31.9894 31.5537 31.3994C31.5537 30.8194 31.0937 30.3794 30.4837 30.3794H3.1137C2.5337 30.3794 2.0637 30.8194 2.0637 31.3994C2.0637 31.9894 2.5337 32.4194 3.1137 32.4194Z","geometry":{"width":31.5546875,"height":32.416015625}}