{"path":"M17.5237 5.7652C18.2937 5.7652 18.9037 5.1152 18.9037 4.2952V1.4752C18.9037 0.6452 18.2937 -0.0048 17.5237 -0.0048C16.7437 -0.0048 16.1337 0.6452 16.1337 1.4752V4.2952C16.1337 5.1152 16.7437 5.7852 17.5237 5.7652ZM24.5937 8.7052C25.1437 9.2452 26.0437 9.2252 26.6237 8.6452L28.6337 6.6552C29.2137 6.0752 29.2037 5.1652 28.6737 4.6252C28.1337 4.0852 27.2337 4.0852 26.6437 4.6752L24.6537 6.6752C24.0637 7.2452 24.0537 8.1652 24.5937 8.7052ZM8.4237 8.6452C8.9937 9.2252 9.9137 9.2452 10.4437 8.7052C10.9737 8.1652 10.9737 7.2452 10.3937 6.6752L8.3937 4.6752C7.8037 4.0852 6.9137 4.0852 6.3737 4.6252C5.8237 5.1652 5.8237 6.0752 6.4137 6.6552ZM24.9637 15.7452C24.9637 11.6352 21.6137 8.2852 17.5237 8.2852C13.4237 8.2852 10.0737 11.6352 10.0737 15.7452C10.0737 16.4352 10.2037 17.1052 10.4337 17.7152H24.6137C24.8437 17.1052 24.9637 16.4352 24.9637 15.7452ZM3.2137 16.3352L6.0437 16.3552C6.8737 16.3552 7.5237 15.7252 7.5237 14.9452C7.5037 14.1752 6.8637 13.5452 6.0437 13.5452H3.2137C2.3937 13.5452 1.7537 14.1752 1.7537 14.9452C1.7537 15.7252 2.4037 16.3352 3.2137 16.3352ZM28.9937 16.3352H31.8237C32.6637 16.3352 33.2937 15.7252 33.2937 14.9452C33.2937 14.1752 32.6637 13.5452 31.8237 13.5452H28.9937C28.1737 13.5452 27.5237 14.1752 27.5237 14.9452C27.5337 15.7252 28.1937 16.3352 28.9937 16.3352ZM1.6537 22.9952H33.3837C34.3037 22.9952 35.0437 22.2352 35.0437 21.3552C35.0437 20.4552 34.3137 19.7152 33.3837 19.7152H1.6537C0.7337 19.7152 0.0037 20.4652 0.0037 21.3552C0.0037 22.2152 0.7537 22.9952 1.6537 22.9952Z","geometry":{"width":35.041015625,"height":22.99609375}}