{"path":"M48.6137 4.3869L47.9837 3.4769C46.2937 0.9869 44.1837 -0.0031 40.7737 -0.0031H29.6037C23.8337 -0.0031 21.4537 0.5769 17.9737 2.7469L12.5537 6.1569L7.5637 6.7669C2.5837 7.3669 0.0037 9.7469 0.0037 13.8769V16.2169C0.0037 18.9169 1.6037 20.4569 4.1537 20.4569H5.8237C5.7137 20.0169 5.6637 19.5369 5.6637 19.0569C5.6637 15.7469 8.3537 13.0669 11.6437 13.0669C14.9437 13.0669 17.6337 15.7469 17.6337 19.0569C17.6337 19.5369 17.5837 20.0169 17.4737 20.4569H33.4437C33.3337 20.0169 33.2737 19.5369 33.2737 19.0569C33.2737 15.7669 35.9737 13.0669 39.2637 13.0669C42.5637 13.0669 45.2537 15.7469 45.2537 19.0569C45.2537 19.5369 45.1837 20.0169 45.0737 20.4569H46.4537C49.0437 20.4569 50.4537 18.9369 50.4537 16.1769V9.9969C50.4537 8.1669 49.7337 6.0469 48.6137 4.3869ZM11.6437 23.2169C13.9437 23.2169 15.8037 21.3669 15.8037 19.0569C15.8037 16.7569 13.9437 14.9069 11.6437 14.9069C9.3537 14.9069 7.4937 16.7569 7.4937 19.0569C7.4937 21.3569 9.3537 23.2169 11.6437 23.2169ZM39.2637 23.2169C41.5637 23.2169 43.4237 21.3569 43.4237 19.0569C43.4237 16.7569 41.5637 14.9069 39.2637 14.9069C36.9837 14.9069 35.1137 16.7769 35.1137 19.0569C35.1137 21.3569 36.9737 23.2169 39.2637 23.2169Z","geometry":{"width":50.44921875,"height":23.21484375}}