{"path":"M48.6137 8.4748L47.9837 7.5648C47.5537 6.9148 47.0837 6.3848 46.5837 5.9348L49.0037 3.4748C49.3737 3.1048 49.7237 2.9348 50.3137 2.9348H52.0237C52.9237 2.9348 53.5237 2.3148 53.5237 1.4648C53.5237 0.6048 52.9237 0.0048 52.0237 0.0048H50.3637C48.7437 0.0048 47.8537 0.3848 46.9337 1.2948L43.8137 4.4448C42.9137 4.1948 41.9137 4.0848 40.7737 4.0848H29.6037C23.8337 4.0848 21.4537 4.6648 17.9737 6.8348L12.5537 10.2448L7.5637 10.8548C2.5837 11.4548 0.0037 13.8348 0.0037 17.9648V20.3048C0.0037 23.0048 1.6037 24.5448 4.1537 24.5448H5.8237C5.7137 24.1048 5.6637 23.6248 5.6637 23.1448C5.6637 19.8348 8.3537 17.1548 11.6437 17.1548C14.9437 17.1548 17.6337 19.8348 17.6337 23.1448C17.6337 23.6248 17.5837 24.1048 17.4737 24.5448H33.4437C33.3337 24.1048 33.2737 23.6248 33.2737 23.1448C33.2737 19.8548 35.9737 17.1548 39.2637 17.1548C42.5637 17.1548 45.2537 19.8348 45.2537 23.1448C45.2537 23.6248 45.1837 24.1048 45.0737 24.5448H46.4537C49.0437 24.5448 50.4537 23.0248 50.4537 20.2648V14.0848C50.4537 12.2548 49.7337 10.1348 48.6137 8.4748ZM11.6437 27.3048C13.9437 27.3048 15.8037 25.4548 15.8037 23.1448C15.8037 20.8448 13.9437 18.9948 11.6437 18.9948C9.3537 18.9948 7.4937 20.8448 7.4937 23.1448C7.4937 25.4448 9.3537 27.3048 11.6437 27.3048ZM39.2637 27.3048C41.5637 27.3048 43.4237 25.4448 43.4237 23.1448C43.4237 20.8448 41.5637 18.9948 39.2637 18.9948C36.9837 18.9948 35.1137 20.8648 35.1137 23.1448C35.1137 25.4448 36.9737 27.3048 39.2637 27.3048Z","geometry":{"width":53.525390625,"height":27.302734375}}