{"path":"M1.5137 2.9444H5.6037C6.2337 2.9444 6.5937 3.1044 6.9737 3.4744L10.3537 6.8644L7.5637 7.2044C2.5837 7.8044 0.0037 10.1844 0.0037 14.3144V16.6544C0.0037 19.3544 1.6037 20.8944 4.1537 20.8944H5.8237C5.7137 20.4544 5.6637 19.9744 5.6637 19.4944C5.6637 16.1844 8.3537 13.5044 11.6437 13.5044C14.9437 13.5044 17.6337 16.1844 17.6337 19.4944C17.6337 19.9744 17.5837 20.4544 17.4737 20.8944H33.4437C33.3337 20.4544 33.2737 19.9744 33.2737 19.4944C33.2737 16.2044 35.9737 13.5044 39.2637 13.5044C42.5637 13.5044 45.2537 16.1844 45.2537 19.4944C45.2537 19.9744 45.1837 20.4544 45.0737 20.8944H46.4537C49.0437 20.8944 50.4537 19.3744 50.4537 16.6144V10.4344C50.4537 8.6044 49.7337 6.4844 48.6137 4.8244L47.9837 3.9144C46.2937 1.4244 44.1837 0.4344 40.7737 0.4344H29.6037C23.8337 0.4344 21.4537 1.0144 17.9737 3.1844L13.6537 5.8944L9.0537 1.2944C8.1237 0.3844 7.2237 0.0044 5.5637 0.0044H1.5137C0.6037 0.0044 0.0037 0.6044 0.0037 1.4644C0.0037 2.3244 0.6037 2.9444 1.5137 2.9444ZM11.6437 23.6544C13.9437 23.6544 15.8037 21.8044 15.8037 19.4944C15.8037 17.1944 13.9437 15.3444 11.6437 15.3444C9.3537 15.3444 7.4937 17.1944 7.4937 19.4944C7.4937 21.7944 9.3537 23.6544 11.6437 23.6544ZM39.2637 23.6544C41.5637 23.6544 43.4237 21.7944 43.4237 19.4944C43.4237 17.1944 41.5637 15.3444 39.2637 15.3444C36.9837 15.3444 35.1137 17.2144 35.1137 19.4944C35.1137 21.7944 36.9737 23.6544 39.2637 23.6544Z","geometry":{"width":50.44921875,"height":23.65234375}}