{"path":"M11.6437 23.5869C13.8237 23.5869 15.6637 22.2969 16.4837 20.4569H34.4237C35.2437 22.2969 37.0937 23.5869 39.2637 23.5869C41.4237 23.5869 43.2837 22.2969 44.1037 20.4569H46.4537C49.0437 20.4569 50.4537 18.9369 50.4537 16.1769V9.9969C50.4537 8.1669 49.7337 6.0469 48.6137 4.3869L47.9837 3.4769C46.2937 0.9869 44.1837 -0.0031 40.7737 -0.0031H29.6037C23.8337 -0.0031 21.4537 0.5769 17.9737 2.7469L16.0337 3.9669L18.1537 6.7369L19.8237 5.6969C22.7637 3.8669 24.4137 3.4569 29.6037 3.4569H40.7737C42.9937 3.4569 44.1037 3.9769 45.1337 5.4569L45.7637 6.3569C46.5437 7.4669 46.9737 8.8069 46.9737 9.9969V15.6769C46.9737 16.5669 46.6037 16.9769 45.7837 16.9769H44.3937C43.8137 14.6669 41.7537 12.9869 39.2637 12.9869C36.7737 12.9869 34.7037 14.6669 34.1237 16.9769H16.7937C16.2137 14.6669 14.1337 12.9869 11.6437 12.9869C9.1637 12.9869 7.0837 14.6669 6.5037 16.9769H4.6637C3.9137 16.9769 3.4637 16.4869 3.4637 15.6669V13.8769C3.4637 11.7269 4.7837 10.5969 7.9937 10.1969L12.7137 9.6269L10.2837 6.4269L7.5637 6.7669C2.5837 7.3669 0.0037 9.7469 0.0037 13.8769V16.2169C0.0037 18.9169 1.6037 20.4569 4.1537 20.4569H6.8037C7.6337 22.2969 9.4737 23.5869 11.6437 23.5869ZM19.2137 11.4169H22.3537V12.4969C22.3537 13.5469 23.2737 13.8469 24.0537 13.3569L27.4937 11.1269C28.2237 10.6769 28.2337 9.7769 27.4937 9.2969L24.0637 7.0969C23.2737 6.5769 22.3537 6.8869 22.3537 7.9469V9.0069H19.2137C17.8937 9.0069 17.4037 8.7469 16.5537 7.6469L12.9037 2.8669C11.7037 1.2969 10.2937 0.6869 8.1437 0.6869H4.8537C4.1837 0.6869 3.6537 1.2269 3.6537 1.8869C3.6537 2.5469 4.1837 3.0869 4.8537 3.0869H8.1437C9.6837 3.0869 10.2437 3.3369 11.0237 4.3469L14.6337 9.1169C15.8437 10.7369 17.2137 11.4169 19.2137 11.4169ZM11.6437 20.3869C10.5037 20.3869 9.5937 19.4869 9.5937 18.3169C9.5937 17.1669 10.5037 16.2669 11.6437 16.2669C12.7937 16.2669 13.7137 17.1669 13.7137 18.3169C13.7137 19.4869 12.7937 20.3869 11.6437 20.3869ZM39.2637 20.3869C38.1037 20.3869 37.2037 19.4869 37.2037 18.3169C37.2037 17.1669 38.1037 16.2669 39.2637 16.2669C40.4137 16.2669 41.3337 17.1669 41.3337 18.3169C41.3337 19.4869 40.4137 20.3869 39.2637 20.3869Z","geometry":{"width":50.44921875,"height":23.583984375}}