{"path":"M0.0037 9.3663H12.8837V3.8863C12.8837 1.3963 11.4537 -0.0037 8.9237 -0.0037H4.0337C1.4537 -0.0037 0.0037 1.3963 0.0037 3.8863ZM14.9437 11.3863L21.3937 15.1163L24.0937 10.4463C25.3437 8.2563 24.7437 6.0563 22.5137 4.7763L18.7037 2.5563C17.2637 1.7363 15.8437 1.6963 14.7337 2.3763C14.8937 2.9663 14.9537 3.5963 14.9437 4.2763ZM24.4837 24.1263L29.1637 21.4363C31.3637 20.1763 31.9237 17.9763 30.6437 15.7363L28.4337 11.9263C27.9037 10.9963 27.2237 10.3663 26.4437 10.0263C26.3337 10.5263 26.1237 11.0463 25.8437 11.5563L21.5337 19.0063ZM0.0037 21.1363H12.8837V11.5963H0.0037ZM14.9437 26.2663L20.2937 17.0463L14.9437 13.9563ZM15.5837 29.2863L22.5737 25.2563L20.2437 21.2163ZM4.0337 32.7163H8.9237C11.4537 32.7163 12.8837 31.3363 12.8837 28.8363V23.3563H0.0037V28.8363C0.0037 31.3363 1.4537 32.7163 4.0337 32.7163Z","geometry":{"width":31.318724165767563,"height":32.716796875}}