{"path":"M0.0009 18.2782C2.4209 22.1982 8.7209 28.2882 17.2309 28.2882C22.6409 28.2882 24.1209 25.7482 27.2609 25.7482C29.8709 25.7482 30.9109 27.5082 31.3109 28.2082C31.4309 28.4282 31.6409 28.5582 31.7509 28.1482C31.8309 27.8382 31.9009 27.4382 31.9009 26.9482C31.9009 25.5682 31.4709 22.9382 29.1709 20.0382C29.6809 18.6382 29.7409 17.0782 29.7409 16.1282C29.7409 11.9582 27.3709 4.6882 19.5809 -0.0018C21.2009 2.2782 23.3809 5.7682 23.3809 10.5982C23.3809 12.3582 22.9009 14.2982 22.5009 15.2582C18.2609 12.7982 10.1609 6.0382 6.9209 2.5982C9.5109 6.5882 12.6009 10.1982 16.0209 13.9982C11.4309 11.0982 7.1409 7.8482 3.1409 4.2682C6.9909 9.8282 11.8109 15.2882 18.2109 20.4482C16.3609 21.4682 14.4909 22.2682 11.2809 22.2682C7.3809 22.2682 2.6009 20.3682 0.0009 18.2782Z","geometry":{"width":31.896484375,"height":28.41456175652774}}