{"path":"M4.8037 30.5963H16.9837C20.0837 30.5963 21.7837 28.8863 21.7837 25.7763V4.8263C21.7837 1.7063 20.0837 -0.0038 16.9837 -0.0038H4.8037C1.6937 -0.0038 0.0037 1.7063 0.0037 4.8263V25.7763C0.0037 28.8863 1.6937 30.5963 4.8037 30.5963ZM6.3137 12.7463C5.6637 12.7463 5.4037 12.4663 5.4037 11.8263V5.6962C5.4037 5.0562 5.6637 4.7963 6.3137 4.7963H15.4237C16.0737 4.7963 16.3537 5.0562 16.3537 5.6962V11.8263C16.3537 12.4663 16.0737 12.7463 15.4237 12.7463ZM6.3137 25.7963C5.6637 25.7963 5.4037 25.5363 5.4037 24.8863V18.7763C5.4037 18.1163 5.6637 17.8563 6.3137 17.8563H15.4237C16.0737 17.8563 16.3537 18.1163 16.3537 18.7763V24.8863C16.3537 25.5363 16.0737 25.7963 15.4237 25.7963Z","geometry":{"width":21.779296875,"height":30.59765625}}