{"path":"M4.8237 26.1377H21.3137C24.4437 26.1377 26.1437 24.4477 26.1437 21.3377V4.7977C26.1437 1.6977 24.4437 -0.0023 21.3137 -0.0023H4.8237C1.7137 -0.0023 0.0037 1.6977 0.0037 4.7977V21.3377C0.0037 24.4477 1.7137 26.1377 4.8237 26.1377ZM5.2137 22.6177C4.1137 22.6177 3.5237 22.0777 3.5237 20.9177V5.2377C3.5237 4.0777 4.1137 3.5277 5.2137 3.5277H20.9337C22.0237 3.5277 22.6137 4.0777 22.6137 5.2377V20.9177C22.6137 22.0777 22.0237 22.6177 20.9337 22.6177ZM9.7037 20.1077H16.4337C17.1537 20.1077 17.6637 19.5877 17.6637 18.8777V7.2577C17.6637 6.5377 17.1537 6.0477 16.4337 6.0477H9.7037C8.9837 6.0477 8.4737 6.5377 8.4737 7.2577V18.8777C8.4737 19.5877 8.9837 20.1077 9.7037 20.1077ZM10.6737 11.7477C10.3537 11.7477 10.1437 11.5077 10.1437 11.1877V8.2477C10.1437 7.9177 10.3537 7.6977 10.6737 7.6977H15.4637C15.7937 7.6977 15.9937 7.9177 15.9937 8.2477V11.1877C15.9937 11.5077 15.7937 11.7477 15.4637 11.7477ZM10.6737 18.4477C10.3537 18.4477 10.1437 18.2377 10.1437 17.8977V14.9577C10.1437 14.6277 10.3537 14.4077 10.6737 14.4077H15.4637C15.7937 14.4077 15.9937 14.6277 15.9937 14.9577V17.8977C15.9937 18.2377 15.7937 18.4477 15.4637 18.4477Z","geometry":{"width":26.140625,"height":26.140625}}