{"path":"M16.8472 5.4442L28.1972 16.7842C28.9072 17.5042 30.0572 17.5042 30.7672 16.7842C31.4572 16.0742 31.4772 14.9142 30.7672 14.2042L29.2372 12.6842L29.9172 12.0142C30.6272 11.3042 30.6372 10.1542 29.9172 9.4442L28.4372 7.9742L29.7472 6.6442L30.9272 7.8342C31.6272 8.5442 32.7972 8.5342 33.4972 7.8342C34.2072 7.1142 34.2072 5.9742 33.4972 5.2542L28.7772 0.5342C28.0672 -0.1758 26.9172 -0.1758 26.2072 0.5342C25.4972 1.2442 25.4872 2.4042 26.2072 3.1042L27.3972 4.2942L26.0872 5.6042L24.1772 3.6942C23.4672 2.9842 22.3172 2.9842 21.6072 3.6942L20.9172 4.3742L19.4172 2.8742C18.6872 2.1342 17.5572 2.1642 16.8472 2.8742C16.1372 3.5842 16.1172 4.7142 16.8472 5.4442ZM0.4572 33.1842C1.0172 33.7242 1.8972 33.7042 2.4672 33.1442L7.3572 28.2642L7.9572 28.8642C9.5272 30.4242 11.5772 30.3642 13.2472 28.6942L25.4872 16.4742L17.1572 8.1442L15.3272 9.9842L18.8272 13.4842C19.1172 13.7842 19.1172 14.2742 18.8272 14.5442C18.5272 14.8442 18.0772 14.8442 17.7772 14.5442L14.2572 11.0342L12.5372 12.7742L16.0372 16.2742C16.3372 16.5742 16.3372 17.0342 16.0572 17.3342C15.7472 17.6342 15.2772 17.6242 14.9872 17.3342L11.4872 13.8042L9.7472 15.5442L13.2672 19.0542C13.5472 19.3442 13.5472 19.8242 13.2772 20.1142C12.9672 20.4242 12.5072 20.4142 12.1972 20.1142L8.6872 16.5942L6.9572 18.3242L10.4772 21.8342C10.7572 22.1342 10.7772 22.5842 10.4872 22.8842C10.1872 23.2042 9.7272 23.2042 9.4172 22.9042L5.9072 19.3742L4.8972 20.3942C3.2672 22.0542 3.1972 24.0942 4.7772 25.6642L5.3372 26.2242L0.4372 31.1142C-0.1328 31.6942 -0.1628 32.6042 0.4572 33.1842Z","geometry":{"width":34.03102058972886,"height":33.57681146325049}}