{"path":"M0.4572 33.1716C1.0172 33.7316 1.8972 33.7016 2.4672 33.1416L7.3572 28.2416L7.8672 28.7416C9.4672 30.3416 11.6672 30.2816 13.3572 28.5916L26.6772 15.2716L28.1972 16.7716C28.9072 17.5016 30.0572 17.5016 30.7672 16.7716C31.4572 16.0816 31.4772 14.9116 30.7672 14.2016L29.2472 12.6916L29.9172 12.0216C30.6272 11.2916 30.6372 10.1616 29.9172 9.4316L28.4372 7.9616L29.7472 6.6316L30.9272 7.8216C31.6272 8.5416 32.7972 8.5316 33.4972 7.8216C34.2072 7.1116 34.2072 5.9616 33.4972 5.2516L28.7772 0.5316C28.0672 -0.1784 26.9172 -0.1784 26.2072 0.5316C25.4972 1.2316 25.4872 2.3916 26.2072 3.1016L27.3972 4.2916L26.0872 5.6016L24.1772 3.6916C23.4672 2.9816 22.3172 2.9816 21.6072 3.6916L20.9172 4.3716L19.4172 2.8716C18.6772 2.1316 17.5572 2.1416 16.8472 2.8716C16.1372 3.5816 16.1172 4.7016 16.8472 5.4416L18.3472 6.9416L5.0072 20.2716C3.3072 21.9816 3.2572 24.1716 4.8872 25.7716L5.3372 26.2216L0.4372 31.1216C-0.1328 31.6816 -0.1628 32.6116 0.4572 33.1716ZM9.7272 26.2516L7.3572 23.8816C6.8772 23.4216 6.8772 22.7916 7.3572 22.3116L8.8572 20.8116L10.7172 22.6716C11.0172 22.9716 11.4872 22.9716 11.7872 22.6716C12.0772 22.3716 12.0572 21.9016 11.7772 21.6116L9.9172 19.7516L11.7472 17.9116L13.6172 19.7816C13.9172 20.0716 14.3872 20.0716 14.6872 19.7816C14.9772 19.4816 14.9572 19.0016 14.6672 18.7216L12.7972 16.8616L14.6472 15.0116L16.5172 16.8816C16.8172 17.1616 17.2672 17.1716 17.5672 16.8816C17.8572 16.5816 17.8572 16.1216 17.5672 15.8216L15.7072 13.9616L17.5472 12.1116L19.3972 13.9816C19.7072 14.2916 20.1672 14.2716 20.4672 13.9816C20.7672 13.7016 20.7572 13.2216 20.4672 12.9216L18.5972 11.0616L20.5372 9.1216L24.4972 13.0816L11.3072 26.2916C10.8472 26.7416 10.2172 26.7316 9.7272 26.2516Z","geometry":{"width":34.03102058972886,"height":33.57495702742767}}