{"path":"M4.8237 26.1377H21.3137C24.4437 26.1377 26.1437 24.4477 26.1437 21.3377V4.7977C26.1437 1.6977 24.4437 -0.0023 21.3137 -0.0023H4.8237C1.7137 -0.0023 0.0037 1.6977 0.0037 4.7977V21.3377C0.0037 24.4477 1.7137 26.1377 4.8237 26.1377ZM13.1437 19.6877C11.9237 19.6877 11.2337 18.8777 11.2337 17.5677V9.3677H8.7737C7.8037 9.3677 7.2037 8.8177 7.2037 7.9177C7.2037 6.9977 7.8037 6.4677 8.7737 6.4677H17.5437C18.4937 6.4677 19.1037 6.9977 19.1037 7.9177C19.1037 8.8177 18.4937 9.3677 17.5437 9.3677H15.0537V17.5677C15.0537 18.8777 14.3537 19.6877 13.1437 19.6877Z","geometry":{"width":26.140625,"height":26.140625}}