{"path":"M18.0037 6.5577V-0.0023H27.8037C30.9437 -0.0023 32.6337 1.6977 32.6337 4.7977V6.5577ZM14.6337 6.5577H0.0037V4.7977C0.0037 1.6977 1.7137 -0.0023 4.8237 -0.0023H14.6337ZM18.0037 9.7577H32.6337V16.3777H18.0037ZM14.6337 16.3777H0.0037V9.7577H14.6337ZM18.0037 26.1377V19.5877H32.6337V21.3377C32.6337 24.4477 30.9437 26.1377 27.8037 26.1377ZM0.0037 19.5877H14.6337V26.1377H4.8237C1.7137 26.1377 0.0037 24.4477 0.0037 21.3377Z","geometry":{"width":32.634765625,"height":26.140625}}