{"path":"M4.8237 26.1377H27.8037C30.9437 26.1377 32.6337 24.4477 32.6337 21.3377V4.7977C32.6337 1.6977 30.9437 -0.0023 27.8037 -0.0023H4.8237C1.7137 -0.0023 0.0037 1.6977 0.0037 4.7977V21.3377C0.0037 24.4477 1.7137 26.1377 4.8237 26.1377ZM3.5237 5.2177C3.5237 4.0577 4.1137 3.5277 5.2137 3.5277H14.6337V7.7277H3.5237ZM27.4237 3.5277C28.5237 3.5277 29.1037 4.0577 29.1037 5.2177V7.7277H18.0037V3.5277ZM3.5237 15.2077V10.9277H14.6337V15.2077ZM18.0037 15.2077V10.9277H29.1037V15.2077ZM5.2137 22.6177C4.1137 22.6177 3.5237 22.0777 3.5237 20.9177V18.4177H14.6337V22.6177ZM29.1037 20.9177C29.1037 22.0777 28.5237 22.6177 27.4237 22.6177H18.0037V18.4177H29.1037Z","geometry":{"width":32.634765625,"height":26.140625}}