{"path":"M1.5737 23.0228H6.8537C7.7937 23.0228 8.4337 22.4128 8.4337 21.4528V8.4328H27.1637V21.4528C27.1637 22.4128 27.8037 23.0228 28.7537 23.0228H34.0337C34.9737 23.0228 35.6037 22.3928 35.6037 21.4528V1.5728C35.6037 0.6428 34.9737 0.0028 34.0437 0.0028H1.5737C0.6337 0.0028 0.0037 0.6428 0.0037 1.5728V21.4528C0.0037 22.3928 0.6337 23.0228 1.5737 23.0228ZM3.1037 3.3928C3.1037 3.2228 3.2237 3.1028 3.3737 3.1028H32.2237C32.3937 3.1028 32.4937 3.2228 32.4937 3.3928V5.0428C32.4937 5.2128 32.3937 5.3328 32.2237 5.3328H3.3737C3.2237 5.3328 3.1037 5.2128 3.1037 5.0428ZM3.3937 19.9728C3.2237 19.9728 3.1037 19.8528 3.1037 19.6828V8.4328H5.3137V19.6828C5.3137 19.8528 5.2137 19.9728 5.0437 19.9728ZM30.5737 19.9728C30.4037 19.9728 30.2837 19.8528 30.2837 19.6828V8.4328H32.4937V19.6828C32.4937 19.8528 32.3937 19.9728 32.2237 19.9728Z","geometry":{"width":35.6015625,"height":23.0234375}}