{"path":"M17.2355 30.4471L30.7455 16.9271C31.8855 15.7871 32.0655 15.0671 32.0655 13.3471V8.1771C32.0655 6.5771 31.6755 5.9371 30.4455 4.7171L27.3455 1.5971C26.1155 0.3871 25.4855 -0.0029 23.8855 -0.0029H18.7055C16.9955 -0.0029 16.2955 0.2071 15.1655 1.3371L1.6455 14.8471C-0.5345 17.0171 -0.5645 19.4271 1.6455 21.6271L10.4755 30.4471C12.6755 32.6371 15.0655 32.6371 17.2355 30.4471ZM21.3055 12.1371C20.1155 12.1371 19.1955 11.2071 19.1955 10.0371C19.1955 8.8471 20.1155 7.9171 21.3055 7.9171C22.5055 7.9171 23.4155 8.8471 23.4155 10.0371C23.4155 11.2071 22.5055 12.1371 21.3055 12.1371Z","geometry":{"width":32.060562896415604,"height":32.087890625}}