{"path":"M17.2355 30.4471L30.7455 16.9271C31.8855 15.7871 32.0655 15.0671 32.0655 13.3471V8.1771C32.0655 6.5771 31.6755 5.9371 30.4455 4.7171L27.3455 1.5971C26.1155 0.3871 25.4855 -0.0029 23.8855 -0.0029H18.7055C16.9955 -0.0029 16.2955 0.2071 15.1655 1.3371L1.6455 14.8471C-0.5345 17.0171 -0.5645 19.4271 1.6455 21.6271L10.4755 30.4471C12.6755 32.6371 15.0655 32.6371 17.2355 30.4471ZM15.0555 27.6471C14.2555 28.4371 13.4855 28.4471 12.6555 27.6471L4.4455 19.4371C3.6055 18.6171 3.6655 17.8171 4.4255 17.0471L17.6755 3.8171C17.9555 3.5371 18.1655 3.4071 18.5755 3.4071H23.6955C24.0755 3.4071 24.3455 3.5371 24.5955 3.7871L28.2755 7.4671C28.5055 7.6971 28.6555 7.9871 28.6555 8.3671V13.4771C28.6555 13.9271 28.5455 14.1471 28.2855 14.4071ZM22.0255 12.1371C23.2255 12.1371 24.1455 11.2071 24.1455 10.0371C24.1455 8.8471 23.2255 7.9171 22.0255 7.9171C20.8255 7.9171 19.9055 8.8471 19.9055 10.0371C19.9055 11.2071 20.8255 12.1371 22.0255 12.1371Z","geometry":{"width":32.060562896415604,"height":32.087890625}}