{"path":"M4.8237 26.1377H21.3137C24.4437 26.1377 26.1437 24.4477 26.1437 21.3377V4.7977C26.1437 1.6977 24.4437 -0.0023 21.3137 -0.0023H4.8237C1.7137 -0.0023 0.0037 1.6977 0.0037 4.7977V21.3377C0.0037 24.4477 1.7137 26.1377 4.8237 26.1377ZM10.0637 20.2777L6.2337 16.4177C5.2637 15.4477 5.1437 14.3677 6.1437 13.3677L12.8537 6.6077C13.3737 6.0877 13.7237 5.7677 14.5437 5.7677H17.2137C17.9137 5.7677 18.2937 5.9877 18.7737 6.4577L20.1137 7.7777C20.5937 8.2677 20.7437 8.6377 20.7437 9.3377V11.9377C20.7437 12.7877 20.4237 13.1277 19.9037 13.6477L13.1237 20.3877C12.1237 21.3977 11.0437 21.2477 10.0637 20.2777ZM15.3237 11.1677C15.7937 11.6377 16.5437 11.6377 17.0237 11.1577C17.4837 10.7077 17.4737 9.9377 17.0237 9.4877C16.5537 9.0277 15.8037 9.0277 15.3237 9.4877C14.8637 9.9577 14.8637 10.7177 15.3237 11.1677Z","geometry":{"width":26.140625,"height":26.140625}}