{"path":"M4.8237 26.1377H21.3137C24.4437 26.1377 26.1437 24.4477 26.1437 21.3377V4.7977C26.1437 1.6977 24.4437 -0.0023 21.3137 -0.0023H4.8237C1.7137 -0.0023 0.0037 1.6977 0.0037 4.7977V21.3377C0.0037 24.4477 1.7137 26.1377 4.8237 26.1377ZM5.2137 22.6177C4.1137 22.6177 3.5237 22.0777 3.5237 20.9177V5.2377C3.5237 4.0777 4.1137 3.5277 5.2137 3.5277H20.9337C22.0237 3.5277 22.6137 4.0777 22.6137 5.2377V20.9177C22.6137 22.0777 22.0237 22.6177 20.9337 22.6177ZM10.1537 19.9377C11.0737 20.8477 12.1037 20.9877 13.0437 20.0277L19.4837 13.6277C19.9737 13.1477 20.2737 12.8077 20.2737 12.0177V9.5477C20.2737 8.8877 20.1237 8.5277 19.6737 8.0777L18.4037 6.8077C17.9637 6.3677 17.5937 6.1677 16.9437 6.1677H14.4137C13.6337 6.1677 13.2937 6.4677 12.7937 6.9577L6.4137 13.3877C5.4737 14.3277 5.5737 15.3377 6.5037 16.2677ZM15.1437 11.2777C14.7137 10.8577 14.7137 10.1177 15.1637 9.6777C15.6037 9.2377 16.3137 9.2377 16.7437 9.6777C17.1837 10.1077 17.2037 10.8277 16.7437 11.2677C16.2937 11.7177 15.5837 11.7177 15.1437 11.2777Z","geometry":{"width":26.140625,"height":26.140625}}