{"path":"M29.0437 23.1638C27.5237 24.6538 29.5437 26.6538 31.0737 25.2838C32.5637 23.9338 33.4537 21.9938 33.7237 19.7738H36.3037C37.0937 19.7738 37.7437 19.1238 37.7437 18.3238C37.7437 17.5438 37.0937 16.8738 36.3037 16.8738H33.7437C33.6437 16.0438 33.4837 15.1838 33.2237 14.3238H36.3037C37.0937 14.3238 37.7437 13.6638 37.7437 12.8738C37.7437 12.0938 37.0937 11.4238 36.3037 11.4238H32.1737C31.8737 10.5638 31.6637 9.7038 31.5537 8.8638L36.3037 8.8538C37.0937 8.8538 37.7437 8.2238 37.7437 7.4138C37.7437 6.6238 37.0937 5.9838 36.3037 5.9838H31.5537C31.7637 4.6038 32.2937 3.4238 33.1437 2.5738C34.6537 1.0738 32.6337 -0.9062 31.0937 0.4538C29.6037 1.8138 28.7137 3.7538 28.4537 5.9838H25.4937C25.6737 6.7438 25.8537 8.0238 25.9537 8.8638H28.4537C28.5337 9.7038 28.7137 10.5638 28.9537 11.4238H26.1037C26.1237 11.9838 26.1237 13.7638 26.1037 14.3238H30.0137C30.3137 15.1838 30.5137 16.0538 30.6437 16.8938H25.9537C25.8437 17.8338 25.7037 18.8038 25.4937 19.7738H30.6237C30.4237 21.1438 29.8837 22.3238 29.0437 23.1638ZM23.9137 12.8738C23.9437 10.2638 23.7237 7.6338 22.9737 4.9538C22.0437 1.8938 20.3137 0.7438 16.7037 0.7438H15.9037C7.3937 0.7438 0.0037 6.3238 0.0037 12.8738C0.0037 19.4238 7.3937 24.9838 15.9037 24.9838H16.7037C20.3337 24.9838 22.0537 23.8538 22.9737 20.7738C23.7237 18.0938 23.9437 15.4838 23.9137 12.8738ZM20.6137 12.8738C20.6437 15.7338 20.3837 17.7938 19.8137 19.8438C19.4037 21.2238 18.6337 21.7038 16.7037 21.7038H15.9037C9.2837 21.7038 3.2937 17.5438 3.2937 12.8738C3.2937 8.1938 9.2837 4.0438 15.9037 4.0438H16.7037C18.6237 4.0438 19.4037 4.5038 19.8137 5.8838C20.3837 7.9538 20.6437 10.0038 20.6137 12.8738Z","geometry":{"width":37.748046875,"height":25.74360098450892}}