{"path":"M4.5937 30.5594H18.9937C18.9237 30.2794 18.8837 29.9994 18.8537 29.6794L17.4737 15.2994C17.2237 12.6994 18.9637 10.6594 21.5437 10.6594H25.2237C25.1837 10.0894 25.0437 9.7894 24.7437 9.3794L21.9937 5.7194V3.7494C21.9937 1.3494 20.6037 -0.0006 18.1437 -0.0006H7.2037C4.7437 -0.0006 3.3537 1.3494 3.3537 3.7494V5.7194L0.5837 9.3794C0.1337 9.9894 0.0037 10.5294 0.0037 11.6494V25.9794C0.0037 28.9594 1.6137 30.5594 4.5937 30.5594ZM9.0637 5.5894C8.4937 5.5894 8.0437 5.1294 8.0437 4.5494C8.0437 3.9794 8.5037 3.5094 9.0637 3.5094H16.2937C16.8537 3.5094 17.3237 3.9794 17.3237 4.5494C17.3237 5.1294 16.8537 5.5894 16.2937 5.5894ZM24.6337 32.9894H30.7237C32.9537 32.9894 34.0737 31.8794 34.3037 29.4594L35.6837 15.0794C35.8037 13.7694 35.0637 12.8894 33.8137 12.8894H29.3037L29.3437 12.3094C29.3837 11.7194 29.5337 11.4194 29.9237 11.1194L34.5037 7.8494C35.9737 6.8094 34.4137 4.5894 32.8837 5.6994L28.4737 8.8694C27.3337 9.7094 26.8137 10.6594 26.6837 12.1294L26.6237 12.8894H21.5437C20.2937 12.8894 19.5537 13.7694 19.6737 15.0794L21.0537 29.4594C21.2837 31.8794 22.4037 32.9894 24.6337 32.9894Z","geometry":{"width":35.69690463091797,"height":32.990234375}}