{"path":"M25.7973 24.9947C27.2673 23.5347 26.9473 22.1247 25.3673 20.8247L21.3973 17.5847C19.8673 16.3247 18.8673 16.7947 17.7773 17.8747L17.4073 18.2347C16.3973 19.2247 15.1473 18.6247 11.6473 15.1247C8.2573 11.7347 7.5673 10.3347 8.5173 9.3547L8.8773 8.9847C9.9873 7.8647 10.4173 6.8947 9.1873 5.3647L5.9173 1.3847C4.6373 -0.2053 3.2173 -0.5153 1.7673 0.9347C-2.1327 4.8247 0.6973 12.3847 7.5373 19.2247C14.0973 25.8047 21.8073 28.9947 25.7973 24.9947ZM14.0673 6.8047H16.7773C17.7873 6.8047 18.3673 6.2447 18.3673 5.2247V2.5047C18.3673 1.4747 17.7873 0.9147 16.7773 0.9147H14.0673C13.0473 0.9147 12.4573 1.4747 12.4573 2.5047V5.2247C12.4573 6.2447 13.0473 6.8047 14.0673 6.8047ZM21.5473 6.8047H24.2573C25.2573 6.8047 25.8373 6.2447 25.8373 5.2247V2.5047C25.8373 1.4747 25.2573 0.9147 24.2573 0.9147H21.5473C20.5273 0.9147 19.9173 1.4747 19.9173 2.5047V5.2247C19.9173 6.2447 20.5273 6.8047 21.5473 6.8047ZM28.9973 6.8047H31.7073C32.7173 6.8047 33.3173 6.2447 33.3173 5.2247V2.5047C33.3173 1.4747 32.7173 0.9147 31.7073 0.9147H28.9973C27.9873 0.9147 27.4173 1.4747 27.4173 2.5047V5.2247C27.4173 6.2447 27.9873 6.8047 28.9973 6.8047ZM36.4673 6.8047H39.1673C40.1973 6.8047 40.8173 6.2447 40.8173 5.2247V2.5047C40.8173 1.4747 40.1973 0.9147 39.1673 0.9147H36.4673C35.4673 0.9147 34.8973 1.4747 34.8973 2.5047V5.2247C34.8973 6.2447 35.4673 6.8047 36.4673 6.8047ZM14.0473 14.2847H16.7473C17.7573 14.2847 18.3673 13.7247 18.3673 12.7047V9.9647C18.3673 8.9547 17.7573 8.3847 16.7473 8.3847H14.0473C13.0273 8.3847 12.4573 8.9547 12.4573 9.9647V12.7047C12.4573 13.7247 13.0273 14.2847 14.0473 14.2847ZM21.5073 14.2847H31.7573C32.7773 14.2847 33.3373 13.7247 33.3373 12.7047V9.9647C33.3373 8.9547 32.7773 8.3847 31.7573 8.3847H21.5073C20.4873 8.3847 19.9173 8.9547 19.9173 9.9647V12.7047C19.9173 13.7247 20.4873 14.2847 21.5073 14.2847ZM36.5173 14.2847H39.2273C40.2473 14.2847 40.8173 13.7247 40.8173 12.7047V9.9647C40.8173 8.9547 40.2473 8.3847 39.2273 8.3847H36.5173C35.4973 8.3847 34.9073 8.9547 34.9073 9.9647V12.7047C34.9073 13.7247 35.4973 14.2847 36.5173 14.2847Z","geometry":{"width":40.81240996184377,"height":26.75643641750478}}