{"path":"M4.8237 26.1377H21.3137C24.4437 26.1377 26.1437 24.4477 26.1437 21.3377V4.7977C26.1437 1.6977 24.4437 -0.0023 21.3137 -0.0023H4.8237C1.7137 -0.0023 0.0037 1.6977 0.0037 4.7977V21.3377C0.0037 24.4477 1.7137 26.1377 4.8237 26.1377ZM7.9537 7.5477C7.9537 7.1677 8.2037 6.9177 8.5837 6.9177H17.6937C18.0837 6.9177 18.3337 7.1677 18.3337 7.5477C18.3337 7.9177 18.0837 8.1777 17.6937 8.1777H8.5837C8.2137 8.1777 7.9537 7.9177 7.9537 7.5477ZM7.9837 10.2677C7.9837 9.6977 8.3237 9.2577 8.9937 9.2577H17.3037C17.9737 9.2577 18.3237 9.6977 18.3237 10.2677C18.3237 10.8577 17.9937 11.2777 17.3037 11.2777H14.5437V18.6377C14.5437 19.5677 13.9737 20.0477 13.1637 20.0477C12.3637 20.0477 11.7737 19.5677 11.7737 18.6377V11.2777H8.9937C8.3237 11.2777 7.9837 10.8577 7.9837 10.2677Z","geometry":{"width":26.140625,"height":26.140625}}