{"path":"M0.0237 0.8101C0.0237 1.2601 0.3837 1.6101 0.8337 1.6101H18.7837C19.2337 1.6101 19.5937 1.2601 19.5937 0.8101C19.5937 0.3601 19.2237 0.0001 18.7837 0.0001H0.8337C0.3837 0.0001 0.0237 0.3601 0.0237 0.8101ZM0.0037 6.1501C0.0037 7.0101 0.7137 7.7201 1.5537 7.7201H7.4637V22.3901C7.4637 23.9301 8.4937 24.7901 9.8037 24.7901C11.1537 24.7901 12.1637 23.9301 12.1637 22.3901V7.7201H18.0637C18.9037 7.7201 19.6237 7.0101 19.6237 6.1501C19.6237 5.3001 18.9037 4.5901 18.0637 4.5901H1.5537C0.6937 4.5901 0.0037 5.3001 0.0037 6.1501Z","geometry":{"width":19.619140625,"height":24.787109375}}