{"path":"M4.8237 26.1377H21.3137C24.4437 26.1377 26.1437 24.4477 26.1437 21.3377V4.7977C26.1437 1.6977 24.4437 -0.0023 21.3137 -0.0023H4.8237C1.7137 -0.0023 0.0037 1.6977 0.0037 4.7977V21.3377C0.0037 24.4477 1.7137 26.1377 4.8237 26.1377ZM5.2137 22.6177C4.1137 22.6177 3.5237 22.0777 3.5237 20.9177V5.2377C3.5237 4.0777 4.1137 3.5277 5.2137 3.5277H20.9337C22.0237 3.5277 22.6137 4.0777 22.6137 5.2377V20.9177C22.6137 22.0777 22.0237 22.6177 20.9337 22.6177ZM8.1437 7.8177C8.1437 8.1777 8.3937 8.4177 8.7537 8.4177H17.3737C17.7437 8.4177 17.9737 8.1777 17.9737 7.8177C17.9737 7.4677 17.7437 7.2177 17.3737 7.2177H8.7537C8.3837 7.2177 8.1437 7.4677 8.1437 7.8177ZM8.1637 10.4177C8.1637 10.9477 8.4937 11.3577 9.1337 11.3577H11.7737V18.3577C11.7737 19.2177 12.3337 19.6977 13.0837 19.6977C13.8337 19.6977 14.3837 19.2177 14.3837 18.3577V11.3577H17.0237C17.6537 11.3577 17.9737 10.9477 17.9737 10.4177C17.9737 9.8577 17.6337 9.4577 17.0237 9.4577H9.1337C8.5037 9.4577 8.1637 9.8577 8.1637 10.4177Z","geometry":{"width":26.140625,"height":26.140625}}