{"path":"M2.0617 24.7463H12.7017L12.1017 25.9463C11.2417 27.6263 12.0617 29.4863 14.0417 29.4863H38.9517C40.9317 29.4863 41.7417 27.6263 40.8917 25.9463L28.6317 1.4063C28.1817 0.5063 27.4017 -0.0037 26.5017 -0.0037C25.5917 -0.0037 24.8117 0.5063 24.3617 1.4063L18.1417 13.8463L13.0617 3.6963C12.6617 2.9263 11.9617 2.4363 11.1417 2.4363C10.3217 2.4363 9.6217 2.9263 9.2317 3.6963L0.2917 21.5763C-0.4683 23.0663 0.3017 24.7463 2.0617 24.7463ZM15.5617 26.4963C15.3117 26.4963 15.2417 26.3363 15.3517 26.1163L26.3217 4.1663C26.4017 4.0063 26.5917 4.0063 26.6717 4.1663L37.6417 26.1163C37.7517 26.3463 37.6817 26.4963 37.4517 26.4963H33.5217L27.6717 13.7963C27.4217 13.2763 26.9717 13.0163 26.5017 13.0163C26.0317 13.0163 25.5717 13.2763 25.3217 13.7963L19.4717 26.4963ZM3.7617 21.7563C3.6417 21.7563 3.5917 21.6563 3.6517 21.5463L11.0217 6.7963C11.0717 6.6763 11.2117 6.6763 11.2617 6.7963L16.4717 17.1963L15.1117 19.9163L11.9817 13.1663C11.8117 12.7963 11.4717 12.6063 11.1417 12.6063C10.8117 12.6063 10.4917 12.7963 10.3217 13.1663L6.3417 21.7563ZM11.1417 15.6163L12.5917 21.7563H9.6917ZM26.5017 16.9363L28.7417 26.4963H24.2417Z","geometry":{"width":41.22764353179782,"height":29.490234375}}