{"path":"M9.0609 29.3867H33.9609C35.9709 29.3867 36.7809 27.5367 35.9309 25.8467L31.1709 16.3167L39.9109 28.5267C40.3209 29.0967 40.8809 29.3667 41.4709 29.3667C42.3509 29.3667 43.0409 28.7867 43.0409 27.7567V23.4867C43.0409 22.7667 42.4409 22.1567 41.7009 22.1567C40.9609 22.1567 40.3409 22.7667 40.3409 23.4867V24.6267L23.5709 1.1367C22.4809 -0.3833 20.5609 -0.3833 19.4809 1.1367L2.6909 24.6267V23.4867C2.6909 22.7667 2.0909 22.1567 1.3409 22.1567C0.6009 22.1567 0.0009 22.7667 0.0009 23.4867V27.7567C0.0009 28.7867 0.7009 29.3667 1.5909 29.3667C2.1609 29.3667 2.7209 29.0967 3.1409 28.5267L11.8809 16.3167L7.1209 25.8467C6.2609 27.5367 7.0709 29.3867 9.0609 29.3867ZM14.4909 26.4067L20.3309 13.7167C20.5809 13.1867 21.0409 12.9267 21.5209 12.9267C21.9809 12.9267 22.4509 13.1867 22.6909 13.7167L28.5509 26.4067H23.7509L21.5209 16.8467L19.2809 26.4067Z","geometry":{"width":43.0390625,"height":29.38427734375}}