{"path":"M14.0417 29.4863H38.9517C40.9517 29.4863 41.7517 27.6263 40.9117 25.9463L28.6417 1.4363C28.1917 0.5363 27.4017 -0.0037 26.5017 -0.0037C25.5917 -0.0037 24.8117 0.5063 24.3617 1.4063L18.1417 13.8463L13.0617 3.6963C12.6617 2.9263 11.9617 2.4363 11.1417 2.4363C10.3217 2.4363 9.6217 2.9263 9.2317 3.6963L0.2917 21.5763C-0.4683 23.0663 0.3017 24.7463 2.0617 24.7463H12.7017L12.1017 25.9463C11.2417 27.6263 12.0617 29.4863 14.0417 29.4863ZM12.5917 21.7963L11.1417 15.6163L9.6917 21.7963H6.3217L10.3217 13.1663C10.4917 12.7963 10.8117 12.6063 11.1417 12.6063C11.4717 12.6063 11.8117 12.7963 11.9817 13.1663L15.1117 19.9163L14.1817 21.7963ZM19.4717 26.4963L25.3217 13.7963C25.5717 13.2763 26.0317 13.0163 26.5017 13.0163C26.9717 13.0163 27.4217 13.2763 27.6717 13.7963L33.5217 26.4963H28.7217L26.5017 16.9363L24.2717 26.4963Z","geometry":{"width":41.241057189333354,"height":29.490234375}}