{"path":"M9.0609 29.3867H33.9609C35.9709 29.3867 36.7809 27.5367 35.9309 25.8467L31.1709 16.3167L39.9109 28.5267C40.3209 29.0967 40.8809 29.3667 41.4709 29.3667C42.3509 29.3667 43.0409 28.7867 43.0409 27.7567V23.4867C43.0409 22.7667 42.4409 22.1567 41.7009 22.1567C40.9609 22.1567 40.3409 22.7667 40.3409 23.4867V24.6267L23.5709 1.1367C22.4809 -0.3833 20.5609 -0.3833 19.4809 1.1367L2.6909 24.6267V23.4867C2.6909 22.7667 2.0909 22.1567 1.3409 22.1567C0.6009 22.1567 0.0009 22.7667 0.0009 23.4867V27.7567C0.0009 28.7867 0.7009 29.3667 1.5909 29.3667C2.1609 29.3667 2.7209 29.0967 3.1409 28.5267L11.8809 16.3167L7.1209 25.8467C6.2609 27.5367 7.0709 29.3867 9.0609 29.3867ZM10.7009 26.4067C10.5309 26.4067 10.4609 26.2367 10.5309 26.0867L21.3409 4.1567C21.4209 3.9667 21.6309 3.9867 21.7109 4.1567L32.5109 26.0867C32.5809 26.2367 32.5109 26.4067 32.3509 26.4067H28.1609L22.6309 14.3767C22.3909 13.8767 21.9609 13.6367 21.5209 13.6367C21.0809 13.6367 20.6309 13.8767 20.4109 14.3767L14.8709 26.4067ZM21.5209 17.3367L23.6209 26.4067H19.4009Z","geometry":{"width":43.0390625,"height":29.38427734375}}