{"path":"M7.2037 14.3955C11.1337 14.3955 14.4137 11.1155 14.4137 7.1955C14.4137 3.2555 11.1537 -0.0045 7.2037 -0.0045C3.2637 -0.0045 0.0137 3.2555 0.0137 7.1955C0.0137 11.1255 3.2637 14.3955 7.2037 14.3955ZM17.6337 5.0355H27.8237C28.6537 5.0355 29.3237 4.3655 29.3237 3.5255C29.3237 2.6955 28.6537 2.0255 27.8237 2.0255H17.6337C16.8037 2.0255 16.1437 2.6955 16.1437 3.5255C16.1437 4.3655 16.8037 5.0355 17.6337 5.0355ZM7.2037 11.8555C6.5537 11.8555 6.1137 11.4055 6.1137 10.7555V8.2855H3.6637C3.0037 8.2855 2.5737 7.8655 2.5537 7.1955C2.5537 6.5355 2.9937 6.0955 3.6637 6.0955H6.1137V3.6455C6.1137 3.0055 6.5537 2.5655 7.2037 2.5555C7.8737 2.5555 8.3037 2.9955 8.3037 3.6455V6.0955H10.7637C11.4137 6.0955 11.8537 6.5355 11.8537 7.1955C11.8537 7.8655 11.4137 8.2855 10.7637 8.2855H8.3037V10.7555C8.3037 11.4055 7.8737 11.8555 7.2037 11.8555ZM17.6337 12.1955H27.8237C28.6537 12.1955 29.3237 11.5255 29.3237 10.6955C29.3237 9.8555 28.6537 9.1855 27.8237 9.1855H17.6337C16.8037 9.1855 16.1437 9.8555 16.1437 10.6955C16.1437 11.5255 16.8037 12.1955 17.6337 12.1955ZM1.5037 19.3455H27.8237C28.6537 19.3455 29.3237 18.6855 29.3237 17.8455C29.3237 17.0055 28.6537 16.3355 27.8237 16.3355H1.5037C0.6737 16.3355 0.0037 17.0055 0.0037 17.8455C0.0037 18.6855 0.6737 19.3455 1.5037 19.3455ZM1.5037 26.5055H27.8237C28.6537 26.5055 29.3237 25.8355 29.3237 25.0055C29.3237 24.1755 28.6537 23.5055 27.8237 23.5055H1.5037C0.6737 23.5055 0.0037 24.1755 0.0037 25.0055C0.0037 25.8355 0.6737 26.5055 1.5037 26.5055Z","geometry":{"width":29.326171875,"height":26.509765625}}