{"path":"M2.1637 21.0684C3.4137 21.0684 4.1137 20.5084 4.4737 19.1784L5.5637 15.9584H12.9237L14.0137 19.1784C14.3737 20.5084 15.0537 21.0684 16.3237 21.0684C17.6937 21.0684 18.5837 20.2384 18.5837 18.9784C18.5837 18.4884 18.4937 18.0784 18.3337 17.5684L12.9037 2.5184C12.3137 0.8084 11.1737 -0.0016 9.2737 -0.0016C7.4737 -0.0016 6.3337 0.8184 5.7437 2.4984L0.2437 17.7284C0.0837 18.1984 0.0037 18.6384 0.0037 19.0284C0.0037 20.2884 0.8237 21.0684 2.1637 21.0684ZM6.5537 12.5884L9.2237 4.2784H9.3237L12.0137 12.5884ZM25.6437 24.5984C26.5737 24.5984 27.2037 24.0584 27.2037 22.9984V13.9684C27.2037 12.9384 26.4837 12.2884 25.4437 12.2884C24.5937 12.2884 24.0937 12.5884 23.4637 13.0184L21.4337 14.3684C20.9137 14.7084 20.7137 15.0284 20.7137 15.5184C20.7137 16.1984 21.1937 16.6684 21.7637 16.6684C22.0937 16.6684 22.2837 16.5684 22.6637 16.3284L24.0637 15.3784H24.1037V22.9984C24.1037 24.0584 24.7337 24.5984 25.6437 24.5984Z","geometry":{"width":27.20703125,"height":24.595703125}}