{"path":"M1.5037 3.0121H27.8237C28.6537 3.0121 29.3237 2.3421 29.3237 1.5021C29.3237 0.6721 28.6537 0.0021 27.8237 0.0021H1.5037C0.6737 0.0021 0.0037 0.6721 0.0037 1.5021C0.0037 2.3421 0.6737 3.0121 1.5037 3.0121ZM12.5737 10.1721H27.8237C28.6537 10.1721 29.3237 9.5021 29.3237 8.6721C29.3237 7.8321 28.6537 7.1621 27.8237 7.1621H12.5737C11.7437 7.1621 11.0737 7.8321 11.0737 8.6721C11.0737 9.5021 11.7437 10.1721 12.5737 10.1721ZM1.5037 17.3221H27.8237C28.6537 17.3221 29.3237 16.6621 29.3237 15.8221C29.3237 14.9821 28.6537 14.3121 27.8237 14.3121H1.5037C0.6737 14.3121 0.0037 14.9821 0.0037 15.8221C0.0037 16.6621 0.6737 17.3221 1.5037 17.3221ZM12.5737 24.4821H27.8237C28.6537 24.4821 29.3237 23.8121 29.3237 22.9821C29.3237 22.1521 28.6537 21.4821 27.8237 21.4821H12.5737C11.7437 21.4821 11.0737 22.1521 11.0737 22.9821C11.0737 23.8121 11.7437 24.4821 12.5737 24.4821Z","geometry":{"width":29.326171875,"height":24.486328125}}