{"path":"M17.6337 3.0121H27.8237C28.6537 3.0121 29.3237 2.3421 29.3237 1.5021C29.3237 0.6721 28.6537 0.0021 27.8237 0.0021H17.6337C16.8037 0.0021 16.1437 0.6721 16.1437 1.5021C16.1437 2.3421 16.8037 3.0121 17.6337 3.0121ZM0.0137 9.3821C0.0137 10.7621 0.8437 11.5621 2.0237 11.5621C3.2137 11.5621 4.0437 10.6821 4.0437 9.4621V7.6521C4.0437 7.2721 4.2837 7.0321 4.6737 7.0321H7.1337V8.4721C7.1337 9.7321 8.4237 10.2121 9.3837 9.4321L13.6137 5.9921C14.2637 5.4821 14.2437 4.5821 13.6137 4.0921L9.3837 0.6321C8.3937 -0.1779 7.1337 0.3021 7.1337 1.6121V2.9921H4.0737C1.5137 2.9921 0.0137 4.3921 0.0137 6.9421ZM17.6337 10.1721H27.8237C28.6537 10.1721 29.3237 9.5021 29.3237 8.6721C29.3237 7.8321 28.6537 7.1621 27.8237 7.1621H17.6337C16.8037 7.1621 16.1437 7.8321 16.1437 8.6721C16.1437 9.5021 16.8037 10.1721 17.6337 10.1721ZM1.5037 17.3221H27.8237C28.6537 17.3221 29.3237 16.6621 29.3237 15.8221C29.3237 14.9821 28.6537 14.3121 27.8237 14.3121H1.5037C0.6737 14.3121 0.0037 14.9821 0.0037 15.8221C0.0037 16.6621 0.6737 17.3221 1.5037 17.3221ZM1.5037 24.4821H27.8237C28.6537 24.4821 29.3237 23.8121 29.3237 22.9821C29.3237 22.1521 28.6537 21.4821 27.8237 21.4821H1.5037C0.6737 21.4821 0.0037 22.1521 0.0037 22.9821C0.0037 23.8121 0.6737 24.4821 1.5037 24.4821Z","geometry":{"width":29.326171875,"height":24.486328125}}