{"path":"M-0.0045 11.5244C-0.0045 17.8844 5.1555 23.0344 11.5155 23.0344C13.6355 23.0344 15.5855 22.4444 17.2555 21.4344L22.7455 26.9344C23.2855 27.4644 23.9955 27.7244 24.7355 27.7244C26.3155 27.7244 27.4955 26.5244 27.4955 24.9644C27.4955 24.2244 27.2355 23.5444 26.7055 22.9944L21.2555 17.5444C22.3855 15.8144 23.0355 13.7544 23.0355 11.5244C23.0355 5.1544 17.8855 0.0044 11.5155 0.0044C5.1555 0.0044 -0.0045 5.1544 -0.0045 11.5244ZM3.8955 11.5244C3.8955 7.3144 7.3155 3.9144 11.5155 3.9144C15.7255 3.9144 19.1455 7.3144 19.1455 11.5244C19.1455 15.7344 15.7255 19.1444 11.5155 19.1444C7.3155 19.1444 3.8955 15.7344 3.8955 11.5244ZM7.9055 10.8244H15.2455C15.8455 10.8244 16.2955 10.3044 16.2955 9.7444C16.2955 9.1444 15.8455 8.6644 15.2455 8.6644H7.9055C7.2855 8.6644 6.8355 9.1444 6.8355 9.7444C6.8355 10.3244 7.3055 10.8244 7.9055 10.8244ZM7.9055 14.3544H13.1255C13.7155 14.3544 14.1755 13.8644 14.1755 13.2744C14.1755 12.6844 13.7155 12.1944 13.1255 12.1944H7.9055C7.2855 12.1944 6.8355 12.6844 6.8355 13.2744C6.8355 13.8644 7.3055 14.3544 7.9055 14.3544Z","geometry":{"width":27.494140625,"height":27.7265625}}