{"path":"M1.5037 3.0121H27.8237C28.6537 3.0121 29.3237 2.3421 29.3237 1.5021C29.3237 0.6721 28.6537 0.0021 27.8237 0.0021H1.5037C0.6737 0.0021 0.0037 0.6721 0.0037 1.5021C0.0037 2.3421 0.6737 3.0121 1.5037 3.0121ZM7.0437 10.1721H22.2837C23.1237 10.1721 23.7937 9.5021 23.7937 8.6721C23.7937 7.8321 23.1237 7.1621 22.2837 7.1621H7.0437C6.2037 7.1621 5.5337 7.8321 5.5337 8.6721C5.5337 9.5021 6.2037 10.1721 7.0437 10.1721ZM1.5037 17.3221H27.8237C28.6537 17.3221 29.3237 16.6621 29.3237 15.8221C29.3237 14.9821 28.6537 14.3121 27.8237 14.3121H1.5037C0.6737 14.3121 0.0037 14.9821 0.0037 15.8221C0.0037 16.6621 0.6737 17.3221 1.5037 17.3221ZM7.0437 24.4821H22.2837C23.1237 24.4821 23.7937 23.8121 23.7937 22.9821C23.7937 22.1521 23.1237 21.4821 22.2837 21.4821H7.0437C6.2037 21.4821 5.5337 22.1521 5.5337 22.9821C5.5337 23.8121 6.2037 24.4821 7.0437 24.4821Z","geometry":{"width":29.326171875,"height":24.486328125}}