{"path":"M1.8637 15.9108C2.8337 15.9108 3.4037 15.3908 3.7337 14.1908L4.4337 12.0208H9.7037L10.4037 14.2308C10.7237 15.4208 11.2937 15.9108 12.3337 15.9108C13.3937 15.9108 14.1637 15.1908 14.1637 14.1508C14.1637 13.7308 14.0837 13.3408 13.9137 12.8608L9.9637 2.1708C9.4237 0.6708 8.5137 0.0008 7.0237 0.0008C5.6337 0.0008 4.7337 0.6808 4.1937 2.1708L0.2637 12.8608C0.1137 13.3208 0.0037 13.7808 0.0037 14.1508C0.0037 15.2408 0.7137 15.9108 1.8637 15.9108ZM5.1937 9.2608L6.9037 3.5508H7.1337L8.9037 9.2608Z","geometry":{"width":14.1640625,"height":15.9140625}}