{"path":"M1.7926 8.221L6.7026 5.251C7.5326 4.751 7.5326 3.681 6.7026 3.171L1.7926 0.221C0.9126 -0.309 0.0026 0.151 0.0026 1.181V7.281C0.0026 8.301 0.9426 8.741 1.7926 8.221ZM11.2226 6.781H36.8626C38.0626 6.781 38.7026 6.141 38.7026 4.951V3.501C38.7026 2.331 38.0626 1.681 36.8626 1.681H11.2226C10.0226 1.681 9.3826 2.331 9.3826 3.501V4.951C9.3826 6.141 10.0226 6.781 11.2226 6.781ZM10.9326 13.161H37.1326C38.0126 13.161 38.7026 12.401 38.7026 11.541C38.7026 10.651 38.0126 9.941 37.1326 9.941H10.9326C10.0626 9.941 9.3826 10.681 9.3826 11.541C9.3826 12.391 10.0726 13.161 10.9326 13.161ZM10.9326 20.251H37.1326C38.0126 20.251 38.7026 19.501 38.7026 18.641C38.7026 17.761 38.0126 17.041 37.1326 17.041H10.9326C10.0626 17.041 9.3826 17.781 9.3826 18.641C9.3826 19.491 10.0726 20.251 10.9326 20.251ZM10.9326 27.351H37.1326C38.0126 27.351 38.7026 26.591 38.7026 25.731C38.7026 24.841 38.0126 24.131 37.1326 24.131H10.9326C10.0626 24.131 9.3826 24.861 9.3826 25.731C9.3826 26.581 10.0726 27.351 10.9326 27.351Z","geometry":{"width":38.705078125,"height":27.34781736051946}}