{"path":"M21.9437 12.3157C22.8637 12.3157 23.4837 11.7757 23.4837 10.7057V1.6857C23.4837 0.6457 22.7637 -0.0043 21.7237 -0.0043C20.8737 -0.0043 20.3737 0.3157 19.7437 0.7257L17.7237 2.0757C17.2037 2.4357 16.9937 2.7457 16.9937 3.2357C16.9937 3.9057 17.4737 4.3757 18.0437 4.3757C18.3737 4.3757 18.5637 4.2957 18.9537 4.0357L20.3437 3.1057H20.3837V10.7057C20.3837 11.7757 21.0237 12.3157 21.9437 12.3157ZM2.1637 23.5157C3.4137 23.5157 4.1137 22.9557 4.4737 21.6257L5.5637 18.4057H12.9237L14.0137 21.6257C14.3737 22.9557 15.0537 23.5157 16.3237 23.5157C17.6937 23.5157 18.5837 22.6857 18.5837 21.4257C18.5837 20.9357 18.4937 20.5257 18.3337 20.0157L12.9037 4.9657C12.3137 3.2557 11.1737 2.4457 9.2737 2.4457C7.4737 2.4457 6.3337 3.2657 5.7437 4.9457L0.2437 20.1757C0.0837 20.6457 0.0037 21.0857 0.0037 21.4757C0.0037 22.7357 0.8237 23.5157 2.1637 23.5157ZM6.5537 15.0357L9.2237 6.7257H9.3237L12.0137 15.0357Z","geometry":{"width":23.48828125,"height":23.515625}}