{"path":"M7.2037 14.3955C11.1337 14.3955 14.4137 11.1155 14.4137 7.1955C14.4137 3.2555 11.1537 -0.0045 7.2037 -0.0045C3.2637 -0.0045 0.0137 3.2555 0.0137 7.1955C0.0137 11.1255 3.2637 14.3955 7.2037 14.3955ZM17.6337 5.0355H27.8237C28.6537 5.0355 29.3237 4.3655 29.3237 3.5255C29.3237 2.6955 28.6537 2.0255 27.8237 2.0255H17.6337C16.8037 2.0255 16.1437 2.6955 16.1437 3.5255C16.1437 4.3655 16.8037 5.0355 17.6337 5.0355ZM5.4237 10.5855C5.0037 11.0155 4.2837 10.9655 3.8537 10.5555C3.4337 10.1355 3.3937 9.4055 3.8237 8.9655L5.6437 7.1755L3.9237 5.4555C3.5137 5.0355 3.5137 4.3155 3.9237 3.9055C4.3437 3.4855 5.0437 3.4955 5.4737 3.9055L7.1937 5.6155L8.9937 3.8155C9.4337 3.3755 10.1337 3.4155 10.5537 3.8555C10.9737 4.2755 11.0337 4.9755 10.5937 5.4155L8.7937 7.2155L10.4837 8.9255C10.9137 9.3555 10.9137 10.0455 10.4837 10.4555C10.0637 10.8855 9.3837 10.8955 8.9437 10.4755L7.2337 8.7655ZM17.6337 12.1955H27.8237C28.6537 12.1955 29.3237 11.5255 29.3237 10.6955C29.3237 9.8555 28.6537 9.1855 27.8237 9.1855H17.6337C16.8037 9.1855 16.1437 9.8555 16.1437 10.6955C16.1437 11.5255 16.8037 12.1955 17.6337 12.1955ZM1.5037 19.3455H27.8237C28.6537 19.3455 29.3237 18.6855 29.3237 17.8455C29.3237 17.0055 28.6537 16.3355 27.8237 16.3355H1.5037C0.6737 16.3355 0.0037 17.0055 0.0037 17.8455C0.0037 18.6855 0.6737 19.3455 1.5037 19.3455ZM1.5037 26.5055H27.8237C28.6537 26.5055 29.3237 25.8355 29.3237 25.0055C29.3237 24.1755 28.6537 23.5055 27.8237 23.5055H1.5037C0.6737 23.5055 0.0037 24.1755 0.0037 25.0055C0.0037 25.8355 0.6737 26.5055 1.5037 26.5055Z","geometry":{"width":29.326171875,"height":26.509765625}}