{"path":"M4.7837 30.0765H22.7137C23.6137 30.0765 24.2637 29.4265 24.2637 28.5165C24.2637 27.6765 23.7037 27.1965 23.0537 26.8265C21.4537 25.9765 21.1337 23.5065 22.8837 21.9865C23.8337 21.2365 24.2437 20.5465 24.2437 19.1265V4.8265C24.2437 1.7065 22.5437 -0.0035 19.4437 -0.0035H4.8037C1.6937 -0.0035 0.0037 1.6965 0.0037 4.8265V25.2765C0.0037 28.3865 1.6937 30.0765 4.7837 30.0765ZM19.0137 3.5265C20.1837 3.5265 20.7137 4.1165 20.7137 5.2065V18.5365C20.7137 19.0765 20.4137 19.3565 19.8637 19.3565H7.3037V3.5265ZM3.5237 19.7165V5.2065C3.5237 4.1465 4.0337 3.5665 5.1137 3.5265V19.3565C4.5237 19.3865 3.9937 19.5065 3.5237 19.7165ZM9.7437 9.3565H18.2537C18.8537 9.3565 19.3437 8.8565 19.3437 8.2565C19.3437 7.6565 18.8537 7.1665 18.2537 7.1665H9.7437C9.1437 7.1665 8.6537 7.6565 8.6537 8.2565C8.6537 8.8565 9.1437 9.3565 9.7437 9.3565ZM9.7437 13.2365H16.2037C16.8037 13.2365 17.2937 12.7465 17.2937 12.1365C17.2937 11.5365 16.8037 11.0465 16.2037 11.0465H9.7437C9.1437 11.0465 8.6537 11.5365 8.6537 12.1365C8.6537 12.7465 9.1437 13.2365 9.7437 13.2365ZM5.5137 26.9465C3.9337 26.9465 3.1537 25.9865 3.1537 24.7065C3.1537 23.4765 4.0237 22.4865 5.5737 22.4865H18.6337C18.7537 22.4865 18.8837 22.4765 18.9937 22.4665C18.2837 23.9365 18.3237 25.6065 19.0337 26.9465Z","geometry":{"width":24.267578125,"height":30.078125}}