{"path":"M7.2037 14.3955C11.1337 14.3955 14.4137 11.1155 14.4137 7.1955C14.4137 3.2555 11.1537 -0.0045 7.2037 -0.0045C3.2637 -0.0045 0.0137 3.2555 0.0137 7.1955C0.0137 11.1255 3.2637 14.3955 7.2037 14.3955ZM17.6337 5.0355H27.8237C28.6537 5.0355 29.3237 4.3655 29.3237 3.5255C29.3237 2.6955 28.6537 2.0255 27.8237 2.0255H17.6337C16.8037 2.0255 16.1437 2.6955 16.1437 3.5255C16.1437 4.3655 16.8037 5.0355 17.6337 5.0355ZM4.4537 11.5755C4.2137 11.5755 3.9637 11.4255 3.9637 11.1255C3.9637 11.0455 3.9737 10.9555 4.0037 10.8855L4.9537 8.0655L2.5037 6.2755C2.3637 6.1655 2.2437 6.0055 2.2437 5.8355C2.2437 5.5255 2.4637 5.4155 2.7637 5.4155H5.7937L6.7237 2.5255C6.8037 2.2555 7.0137 2.1555 7.2037 2.1555C7.4137 2.1555 7.6037 2.2555 7.6937 2.5255L8.6237 5.4155H11.6637C11.9537 5.4155 12.1837 5.5255 12.1837 5.8355C12.1837 6.0055 12.0537 6.1655 11.9237 6.2755L9.4637 8.0655L10.4137 10.8955C10.4337 10.9555 10.4637 11.0455 10.4637 11.1055C10.4637 11.3855 10.2137 11.5755 9.9537 11.5755C9.8437 11.5755 9.7337 11.5655 9.6537 11.4955L7.2037 9.7355L4.7737 11.4855C4.7037 11.5555 4.5637 11.5755 4.4537 11.5755ZM17.6337 12.1955H27.8237C28.6537 12.1955 29.3237 11.5255 29.3237 10.6955C29.3237 9.8555 28.6537 9.1855 27.8237 9.1855H17.6337C16.8037 9.1855 16.1437 9.8555 16.1437 10.6955C16.1437 11.5255 16.8037 12.1955 17.6337 12.1955ZM1.5037 19.3455H27.8237C28.6537 19.3455 29.3237 18.6855 29.3237 17.8455C29.3237 17.0055 28.6537 16.3355 27.8237 16.3355H1.5037C0.6737 16.3355 0.0037 17.0055 0.0037 17.8455C0.0037 18.6855 0.6737 19.3455 1.5037 19.3455ZM1.5037 26.5055H27.8237C28.6537 26.5055 29.3237 25.8355 29.3237 25.0055C29.3237 24.1755 28.6537 23.5055 27.8237 23.5055H1.5037C0.6737 23.5055 0.0037 24.1755 0.0037 25.0055C0.0037 25.8355 0.6737 26.5055 1.5037 26.5055Z","geometry":{"width":29.326171875,"height":26.509765625}}