{"path":"M9.0237 29.6795C9.9537 29.6795 10.6937 29.2895 11.8437 28.2895L16.4637 24.2395H23.8437C28.0237 24.2395 30.5437 21.6795 30.5437 17.5395V6.6995C30.5437 2.5395 28.0237 -0.0005 23.8437 -0.0005H6.7037C2.5137 -0.0005 0.0037 2.5395 0.0037 6.6995V17.5395C0.0037 21.6795 2.6837 24.2395 6.4637 24.2395H6.8537V27.2795C6.8537 28.7695 7.6737 29.6795 9.0237 29.6795ZM9.8737 25.7695V21.9795C9.8737 21.0595 9.4337 20.7095 8.6037 20.7095H6.9137C4.6337 20.7095 3.5237 19.5595 3.5237 17.3195V6.8995C3.5237 4.6595 4.6337 3.5295 6.9137 3.5295H23.6237C25.8937 3.5295 27.0137 4.6595 27.0137 6.8995V17.3195C27.0137 19.5595 25.8937 20.7095 23.6237 20.7095H16.2037C15.2537 20.7095 14.8337 20.8895 14.1537 21.5695ZM8.4637 8.8295H21.9837C22.5137 8.8295 22.9437 8.3795 22.9437 7.8595C22.9437 7.3595 22.5137 6.9195 21.9837 6.9195H8.4637C7.9437 6.9195 7.5337 7.3595 7.5337 7.8595C7.5337 8.3795 7.9537 8.8295 8.4637 8.8295ZM8.4637 13.0195H21.9837C22.5137 13.0195 22.9437 12.5795 22.9437 12.0595C22.9437 11.5395 22.5137 11.0995 21.9837 11.0995H8.4637C7.9437 11.0995 7.5337 11.5495 7.5337 12.0595C7.5337 12.5795 7.9537 13.0195 8.4637 13.0195ZM8.4637 17.2095H17.3037C17.8237 17.2095 18.2537 16.7595 18.2537 16.2395C18.2537 15.7195 17.8237 15.2895 17.3037 15.2895H8.4637C7.9437 15.2895 7.5337 15.7195 7.5337 16.2395C7.5337 16.7595 7.9537 17.2095 8.4637 17.2095Z","geometry":{"width":30.54296875,"height":29.681640625}}