{"path":"M1.5037 3.0127H27.8237C28.6537 3.0127 29.3237 2.3427 29.3237 1.5027C29.3237 0.6727 28.6537 0.0027 27.8237 0.0027H1.5037C0.6737 0.0027 0.0037 0.6727 0.0037 1.5027C0.0037 2.3427 0.6737 3.0127 1.5037 3.0127ZM1.5037 10.1727H27.8237C28.6537 10.1727 29.3237 9.5027 29.3237 8.6727C29.3237 7.8227 28.6537 7.1627 27.8237 7.1627H1.5037C0.6737 7.1627 0.0037 7.8227 0.0037 8.6727C0.0037 9.5027 0.6737 10.1727 1.5037 10.1727ZM0.0137 15.1027V17.5427C0.0137 20.0927 1.5137 21.4927 4.0737 21.4927H7.1337V22.8727C7.1337 24.1827 8.3937 24.6627 9.3837 23.8527L13.6137 20.4027C14.2437 19.9027 14.2637 19.0027 13.6137 18.5027L9.3837 15.0527C8.4237 14.2727 7.1337 14.7527 7.1337 16.0127V17.4627H4.6737C4.2837 17.4627 4.0437 17.2127 4.0437 16.8327V15.0227C4.0437 13.8127 3.2137 12.9227 2.0237 12.9227C0.8437 12.9227 0.0137 13.7227 0.0137 15.1027ZM17.6337 17.3227H27.8237C28.6537 17.3227 29.3237 16.6527 29.3237 15.8227C29.3237 14.9827 28.6537 14.3127 27.8237 14.3127H17.6337C16.8037 14.3127 16.1437 14.9827 16.1437 15.8227C16.1437 16.6527 16.8037 17.3227 17.6337 17.3227ZM17.6337 24.4827H27.8237C28.6537 24.4827 29.3237 23.8127 29.3237 22.9827C29.3237 22.1527 28.6537 21.4827 27.8237 21.4827H17.6337C16.8037 21.4827 16.1437 22.1527 16.1437 22.9827C16.1437 23.8127 16.8037 24.4827 17.6337 24.4827Z","geometry":{"width":29.326171875,"height":24.486328125}}