{"path":"M8.3037 29.7795C8.9237 29.7795 9.4237 29.5195 10.1737 28.8295L15.3537 24.2295H23.8437C28.0237 24.2295 30.5437 21.6795 30.5437 17.5395V6.6995C30.5437 2.5395 28.0237 -0.0005 23.8437 -0.0005H6.7037C2.5137 -0.0005 0.0037 2.5395 0.0037 6.6995V17.5395C0.0037 21.6795 2.6837 24.2295 6.4637 24.2295H6.8537V28.1595C6.8537 29.1495 7.3937 29.7795 8.3037 29.7795ZM8.0937 8.6495C7.5737 8.6495 7.1237 8.1895 7.1237 7.6395C7.1237 7.0995 7.5637 6.6495 8.0937 6.6495H22.3537C22.9137 6.6495 23.3837 7.0995 23.3837 7.6395C23.3837 8.1895 22.9137 8.6495 22.3537 8.6495ZM8.0937 13.0695C7.5737 13.0695 7.1237 12.5895 7.1237 12.0495C7.1237 11.5095 7.5637 11.0295 8.0937 11.0295H22.3537C22.9137 11.0295 23.3837 11.4995 23.3837 12.0495C23.3837 12.5895 22.9137 13.0695 22.3537 13.0695ZM8.0937 17.4695C7.5737 17.4695 7.1237 17.0095 7.1237 16.4595C7.1237 15.9095 7.5637 15.4495 8.0937 15.4495H17.4337C17.9937 15.4495 18.4337 15.8995 18.4337 16.4595C18.4337 17.0095 17.9937 17.4695 17.4337 17.4695Z","geometry":{"width":30.54296875,"height":29.77734375}}