{"path":"M1.5737 3.2092H27.7537C28.6337 3.2092 29.3237 2.4592 29.3237 1.5992C29.3237 0.7092 28.6437 -0.0008 27.7537 -0.0008H1.5737C0.6837 -0.0008 0.0037 0.7392 0.0037 1.5992C0.0037 2.4492 0.6937 3.2092 1.5737 3.2092ZM1.5737 10.3792H27.7537C28.6337 10.3792 29.3237 9.6292 29.3237 8.7592C29.3237 7.8892 28.6437 7.1592 27.7537 7.1592H1.5737C0.6837 7.1592 0.0037 7.8992 0.0037 8.7592C0.0037 9.6092 0.6937 10.3792 1.5737 10.3792ZM1.5737 17.5592H27.7537C28.6337 17.5592 29.3237 16.7992 29.3237 15.9392C29.3237 15.0492 28.6437 14.3392 27.7537 14.3392H1.5737C0.6837 14.3392 0.0037 15.0792 0.0037 15.9392C0.0037 16.7892 0.6937 17.5592 1.5737 17.5592ZM13.0337 24.7192H27.7537C28.6337 24.7192 29.3237 23.9692 29.3237 23.1092C29.3237 22.2292 28.6437 21.5092 27.7537 21.5092H13.0337C12.1537 21.5092 11.4537 22.2392 11.4537 23.1092C11.4537 23.9492 12.1537 24.7192 13.0337 24.7192Z","geometry":{"width":29.326171875,"height":24.71875}}