{"path":"M4.2137 22.7196H24.1137C26.8537 22.7196 28.3437 21.2496 28.3437 18.5296V4.1996C28.3437 1.4996 26.8537 -0.0004 24.1137 -0.0004H4.2137C1.5037 -0.0004 0.0037 1.4996 0.0037 4.1996V18.5296C0.0037 21.2296 1.5037 22.7196 4.2137 22.7196ZM9.8537 11.4996C8.2137 11.4996 6.8537 10.1396 6.8537 8.4796C6.8537 6.8496 8.2137 5.4796 9.8537 5.4796C11.4937 5.4796 12.8637 6.8496 12.8637 8.4796C12.8637 10.1396 11.4937 11.4996 9.8537 11.4996ZM4.6937 19.5896C3.7237 19.5896 3.1437 18.9996 3.1437 18.0296V16.7996L5.9437 14.2696C6.4537 13.8196 6.9437 13.5996 7.5037 13.5996C8.0837 13.5996 8.6537 13.8196 9.1737 14.2996L11.4037 16.2996L16.9237 11.3596C17.4837 10.8796 18.1037 10.6496 18.7737 10.6496C19.4037 10.6496 20.0737 10.8796 20.5937 11.3896L25.2337 15.7496V18.0296C25.2337 18.9996 24.5837 19.5896 23.6837 19.5896ZM1.5037 29.3496H26.8237C27.6737 29.3496 28.3437 28.6996 28.3437 27.8496C28.3437 27.0196 27.6737 26.3496 26.8237 26.3496H1.5037C0.6737 26.3496 0.0037 27.0196 0.0037 27.8496C0.0037 28.6996 0.6737 29.3496 1.5037 29.3496ZM1.5037 35.9796H18.7337C19.5737 35.9796 20.2437 35.3096 20.2437 34.4796C20.2437 33.6496 19.5737 32.9796 18.7337 32.9796H1.5037C0.6737 32.9796 0.0037 33.6496 0.0037 34.4796C0.0037 35.3096 0.6737 35.9796 1.5037 35.9796Z","geometry":{"width":28.341796875,"height":35.984375}}