{"path":"M3.9637 10.6521C5.8837 10.6521 7.4237 9.2921 7.4237 7.3521C7.4237 5.4921 6.1537 4.2221 4.4737 4.2221C3.6737 4.2221 2.9937 4.4721 2.5037 5.0621C2.9237 3.4021 4.3037 2.2821 6.2237 2.1621C6.7837 2.1221 7.2237 1.6721 7.2237 1.0921C7.2237 0.4421 6.6437 0.0021 5.8937 0.0021C2.7937 0.0021 0.0237 2.5821 0.0237 6.1921C0.0237 8.9021 1.6537 10.6521 3.9637 10.6521ZM12.8137 10.6521C14.7337 10.6521 16.2837 9.2921 16.2837 7.3521C16.2837 5.4921 15.0137 4.2221 13.3337 4.2221C12.5337 4.2221 11.8437 4.4721 11.3437 5.0621C11.7837 3.4021 13.1537 2.2821 15.0637 2.1621C15.6437 2.1221 16.0737 1.6721 16.0737 1.0921C16.0737 0.4421 15.5037 0.0021 14.7337 0.0021C11.6337 0.0021 8.8737 2.5821 8.8737 6.1921C8.8737 8.9021 10.5137 10.6521 12.8137 10.6521ZM20.2337 3.0121H27.8237C28.6537 3.0121 29.3237 2.3421 29.3237 1.5021C29.3237 0.6721 28.6537 0.0021 27.8237 0.0021H20.2337C19.3837 0.0021 18.7337 0.6721 18.7337 1.5021C18.7337 2.3421 19.3837 3.0121 20.2337 3.0121ZM20.2337 10.1721H27.8237C28.6537 10.1721 29.3237 9.5021 29.3237 8.6721C29.3237 7.8321 28.6537 7.1621 27.8237 7.1621H20.2337C19.3837 7.1621 18.7337 7.8321 18.7337 8.6721C18.7337 9.5021 19.3837 10.1721 20.2337 10.1721ZM1.5037 17.3221H27.8237C28.6537 17.3221 29.3237 16.6621 29.3237 15.8221C29.3237 14.9821 28.6537 14.3121 27.8237 14.3121H1.5037C0.6737 14.3121 0.0037 14.9821 0.0037 15.8221C0.0037 16.6621 0.6737 17.3221 1.5037 17.3221ZM1.5037 24.4821H27.8237C28.6537 24.4821 29.3237 23.8121 29.3237 22.9821C29.3237 22.1521 28.6537 21.4821 27.8237 21.4821H1.5037C0.6737 21.4821 0.0037 22.1521 0.0037 22.9821C0.0037 23.8121 0.6737 24.4821 1.5037 24.4821Z","geometry":{"width":29.326171875,"height":24.486328125}}