{"path":"M4.2137 22.7196H24.1137C26.8537 22.7196 28.3437 21.2496 28.3437 18.5296V4.1996C28.3437 1.4996 26.8537 -0.0004 24.1137 -0.0004H4.2137C1.5037 -0.0004 0.0037 1.4996 0.0037 4.1996V18.5296C0.0037 21.2296 1.5037 22.7196 4.2137 22.7196ZM3.1337 4.5896C3.1337 3.5996 3.6237 3.1296 4.5637 3.1296H23.7937C24.7237 3.1296 25.1937 3.5996 25.1937 4.5896V16.0496L20.0537 11.2396C19.5537 10.7596 18.9037 10.5396 18.2937 10.5396C17.6537 10.5396 17.0737 10.7496 16.5337 11.2196L11.1937 16.0096L9.0237 14.0396C8.5337 13.5896 7.9737 13.3696 7.4137 13.3696C6.8537 13.3696 6.4137 13.5896 5.9037 14.0296L3.1337 16.4896ZM9.8137 11.7396C11.4137 11.7396 12.7437 10.4296 12.7437 8.8196C12.7437 7.2296 11.4137 5.9096 9.8137 5.9096C8.2137 5.9096 6.9037 7.2296 6.9037 8.8196C6.9037 10.4296 8.2137 11.7396 9.8137 11.7396ZM1.5037 29.3496H26.8237C27.6737 29.3496 28.3437 28.6796 28.3437 27.8496C28.3437 27.0196 27.6737 26.3496 26.8237 26.3496H1.5037C0.6737 26.3496 0.0037 27.0196 0.0037 27.8496C0.0037 28.6796 0.6737 29.3496 1.5037 29.3496ZM1.5037 35.9796H18.7337C19.5737 35.9796 20.2437 35.3096 20.2437 34.4796C20.2437 33.6296 19.5737 32.9796 18.7337 32.9796H1.5037C0.6737 32.9796 0.0037 33.6296 0.0037 34.4796C0.0037 35.3096 0.6737 35.9796 1.5037 35.9796Z","geometry":{"width":28.341796875,"height":35.984375}}