{"path":"M2.4827 17.1441C3.8127 22.1541 6.9627 25.0541 11.1727 25.3941C11.4327 24.6141 11.8227 23.7541 12.4427 23.1041C13.2227 22.0041 14.2427 21.2441 15.3927 20.8041C15.4727 19.8441 15.6527 18.8941 15.9827 18.0741C15.3927 18.5341 14.6527 18.9041 13.8027 19.1341C11.4027 19.7641 9.0927 18.9841 7.8327 17.0141C7.5227 16.5241 7.8327 16.0741 8.4727 16.1741C9.9627 16.3041 11.6927 16.0041 12.9227 15.6541C14.1327 15.3241 15.7927 14.7341 16.9427 13.9141C17.4827 13.5141 17.9527 13.7541 17.9327 14.3241C17.9227 14.6241 17.8927 14.9141 17.8227 15.1741C19.0427 13.5141 20.6327 11.5641 22.2427 9.7141L20.4827 3.1241C19.7827 0.5241 17.9627 -0.4859 15.3127 0.2141L3.2027 3.4441C0.5427 4.1541 -0.4973 5.9341 0.2227 8.5641ZM28.6927 5.8441C27.6727 6.8541 23.7227 10.7541 20.1827 15.4841C23.5027 15.9341 26.4027 17.8941 28.0527 20.8041C31.1027 15.6541 32.8127 10.6141 33.3727 9.1741C34.7427 5.6241 31.0627 3.6041 28.6927 5.8441ZM15.0927 9.6041C14.1927 9.8541 14.0527 10.4441 13.7027 10.5341C13.4527 10.6041 13.1927 10.4041 13.0827 9.9341C12.7827 8.8641 13.4427 7.7641 14.5327 7.4841C15.6427 7.1841 16.7427 7.8141 17.0227 8.8841C17.1327 9.3341 17.0327 9.6341 16.7727 9.7141C16.4227 9.7841 16.0127 9.3641 15.0927 9.6041ZM7.8427 11.5741C6.9427 11.8341 6.8227 12.3941 6.4527 12.5141C6.2027 12.5741 5.9427 12.3441 5.8327 11.8941C5.5227 10.8541 6.1927 9.7341 7.2827 9.4441C8.3627 9.1241 9.5127 9.7741 9.7927 10.8641C9.9127 11.3041 9.8027 11.6041 9.5427 11.6741C9.1727 11.7641 8.7527 11.3441 7.8427 11.5741ZM21.3727 22.2141C22.6127 23.0441 23.5827 24.2041 24.0727 25.3541C24.9327 25.0141 25.6027 24.4641 26.2127 23.6841C26.3327 23.5241 26.4427 23.3741 26.5527 23.2141C25.4527 19.9441 21.9927 17.5641 18.5427 17.7841C18.4127 17.9441 18.3027 18.1241 18.2127 18.2841C17.6927 19.1341 17.4327 20.0141 17.4327 20.9041C18.6727 20.9041 20.1227 21.3741 21.3727 22.2141ZM10.6227 32.6741C13.7227 35.2441 18.8227 35.0341 21.3827 31.9341C23.5127 29.3741 23.1827 26.2441 20.7227 24.1941C18.4727 22.3541 15.4327 22.4441 13.7827 24.5241C12.1627 26.4541 13.2727 28.1441 12.3827 29.1741C11.5627 30.1441 10.4827 29.8241 9.8827 30.5541C9.3527 31.2341 9.7427 32.0041 10.6227 32.6741Z","geometry":{"width":33.66823070691552,"height":34.444709080259656}}