{"path":"M8.0537 31.5584C12.4837 31.5584 16.0737 28.0284 16.0737 23.5884C16.0737 21.3784 15.2137 19.4684 13.5937 17.9284C13.3037 17.6684 13.2637 17.5184 13.2637 17.1484V5.6084C13.2637 2.2584 11.1437 -0.0016 8.0537 -0.0016C4.9337 -0.0016 2.8137 2.2584 2.8137 5.6084V17.1484C2.8137 17.5184 2.7737 17.6684 2.5037 17.9284C0.8437 19.4284 0.0037 21.3784 0.0037 23.5884C0.0037 28.0284 3.5937 31.5584 8.0537 31.5584ZM8.0537 28.5784C5.2537 28.5784 2.9937 26.3084 2.9937 23.4984C2.9937 21.7384 3.8137 20.2784 5.2537 19.3284C5.6637 19.0584 5.8237 18.8084 5.8237 18.2684V5.6984C5.8237 4.0784 6.7237 2.9984 8.0537 2.9984C9.3537 2.9984 10.2537 4.0784 10.2537 5.6984V18.2684C10.2537 18.8084 10.4137 19.0584 10.8237 19.3284C12.2637 20.2784 13.0837 21.7384 13.0837 23.4984C13.0837 26.3084 10.8237 28.5784 8.0537 28.5784ZM15.9237 5.8484H18.9937C19.5337 5.8484 19.9037 5.4584 19.9037 4.9484C19.9037 4.4584 19.5337 4.0584 18.9937 4.0584H15.9237C15.3637 4.0584 15.0137 4.4584 15.0137 4.9484C15.0137 5.4584 15.3637 5.8484 15.9237 5.8484ZM8.0437 26.7284C9.8137 26.7284 11.2537 25.2884 11.2537 23.4984C11.2537 22.2584 10.5537 21.2284 9.5337 20.6684C9.1037 20.4384 8.9737 20.2884 8.9737 19.6284V5.3584C8.9737 4.6984 8.5537 4.2884 8.0537 4.2884C7.5337 4.2884 7.1337 4.6984 7.1337 5.3584V19.6284C7.1337 20.2884 6.9737 20.4384 6.5537 20.6684C5.5237 21.2284 4.8237 22.2584 4.8237 23.4984C4.8237 25.2884 6.2637 26.7284 8.0437 26.7284ZM15.9237 9.5684H18.9937C19.5337 9.5684 19.9037 9.1784 19.9037 8.6684C19.9037 8.1784 19.5337 7.7784 18.9937 7.7784H15.9237C15.3637 7.7784 15.0137 8.1784 15.0137 8.6684C15.0137 9.1784 15.3637 9.5684 15.9237 9.5684ZM15.9237 13.3284H18.9937C19.5337 13.3284 19.9037 12.9384 19.9037 12.4284C19.9037 11.9384 19.5337 11.5384 18.9937 11.5384H15.9237C15.3637 11.5384 15.0137 11.9384 15.0137 12.4284C15.0137 12.9384 15.3637 13.3284 15.9237 13.3284ZM15.9237 17.0884H18.9937C19.5337 17.0884 19.9037 16.6884 19.9037 16.1884C19.9037 15.6984 19.5337 15.2984 18.9937 15.2984H15.9237C15.3637 15.2984 15.0137 15.6984 15.0137 16.1884C15.0137 16.6884 15.3637 17.0884 15.9237 17.0884Z","geometry":{"width":19.90625,"height":31.5546875}}