{"path":"M11.1487 -0.0016C8.6987 -0.0016 6.8387 1.3984 6.2387 3.6184L6.2087 4.1184L8.9187 6.8084V5.6984C8.9187 4.0784 9.8187 2.9984 11.1487 2.9984C12.4487 2.9984 13.3487 4.0784 13.3487 5.6984V11.2484L16.3587 14.2484V5.6484C16.3587 2.2684 14.2387 -0.0016 11.1487 -0.0016ZM22.9587 26.6884C23.4087 27.1384 24.1487 27.1384 24.5887 26.6884C25.0287 26.2384 25.0387 25.5084 24.5887 25.0584L1.9787 2.4584C1.5187 2.0084 0.7887 2.0084 0.3287 2.4584C-0.1013 2.8984 -0.1213 3.6484 0.3287 4.0884ZM19.0187 5.8484H22.0887C22.6287 5.8484 22.9987 5.4584 22.9987 4.9484C22.9987 4.4584 22.6287 4.0584 22.0887 4.0584H19.0187C18.4587 4.0584 18.1087 4.4584 18.1087 4.9484C18.1087 5.4584 18.4587 5.8484 19.0187 5.8484ZM19.0187 9.5684H22.0887C22.6287 9.5684 22.9987 9.1784 22.9987 8.6684C22.9987 8.1784 22.6287 7.7784 22.0887 7.7784H19.0187C18.4587 7.7784 18.1087 8.1784 18.1087 8.6684C18.1087 9.1784 18.4587 9.5684 19.0187 9.5684ZM19.0187 13.3284H22.0887C22.6287 13.3284 22.9987 12.9384 22.9987 12.4284C22.9987 11.9384 22.6287 11.5384 22.0887 11.5384H19.0187C18.4587 11.5384 18.1087 11.9384 18.1087 12.4284C18.1087 12.9384 18.4587 13.3284 19.0187 13.3284ZM11.1487 31.5584C14.8087 31.5584 17.8887 29.1084 18.8087 25.7684C18.8287 25.5984 18.8487 25.3884 18.8487 25.2084L15.8787 22.2584C16.0787 22.6584 16.1787 23.0884 16.1787 23.5384C16.1787 26.3184 13.9087 28.5784 11.1487 28.5784C8.3487 28.5784 6.0887 26.3084 6.0887 23.4984C6.0887 21.7384 6.9087 20.2784 8.3487 19.3284C8.7587 19.0584 8.9187 18.8084 8.9187 18.2684V15.2484L5.9087 12.2484V17.1484C5.9087 17.5184 5.8687 17.6684 5.5987 17.9284C3.9387 19.4284 3.0987 21.3784 3.0987 23.5884C3.0987 28.0284 6.6887 31.5584 11.1487 31.5584ZM11.1387 26.7284C12.9087 26.7284 14.3487 25.2884 14.3487 23.4984C14.3487 22.2584 13.6487 21.2284 12.6287 20.6684C12.1987 20.4384 12.0487 20.2884 12.0487 19.6284V18.3784L10.2187 16.5384V19.6284C10.2187 20.2884 10.0687 20.4384 9.6487 20.6684C8.6187 21.2284 7.9187 22.2584 7.9187 23.4984C7.9187 25.2884 9.3587 26.7284 11.1387 26.7284Z","geometry":{"width":24.920449589684974,"height":31.5546875}}