{"path":"M14.3937 26.1377H34.5937C37.7037 26.1377 39.4137 24.4477 39.4137 21.3377V4.7977C39.4137 1.6977 37.7037 -0.0023 34.5937 -0.0023H14.3937C11.2637 -0.0023 9.5537 1.6977 9.5537 4.7977V21.3377C9.5537 24.4477 11.2637 26.1377 14.3937 26.1377ZM16.8437 22.6177V3.5277H32.1337V22.6177ZM12.0737 17.1077V9.0377C12.0737 8.4177 12.5937 7.8977 13.2037 7.8977C13.8337 7.8977 14.3437 8.4177 14.3437 9.0377V17.1077C14.3437 17.7277 13.8337 18.2377 13.2037 18.2377C12.5937 18.2377 12.0737 17.7277 12.0737 17.1077ZM34.6437 17.1077V9.0377C34.6437 8.4177 35.1537 7.8977 35.7837 7.8977C36.3937 7.8977 36.9137 8.4177 36.9137 9.0377V17.1077C36.9137 17.7277 36.3937 18.2377 35.7837 18.2377C35.1537 18.2377 34.6437 17.7277 34.6437 17.1077ZM2.4237 17.8177L6.5937 14.3977C7.4637 13.6877 7.4137 12.5477 6.5937 11.8577L2.4237 8.3677C1.3437 7.4677 0.0037 8.0077 0.0037 9.4377V16.7777C0.0037 18.1377 1.3837 18.6577 2.4237 17.8177ZM46.7137 17.8177C47.7737 18.6477 49.1337 18.1377 49.1337 16.7777V9.4377C49.1337 8.0077 47.8237 7.4877 46.7137 8.3677L42.3837 11.8577C41.5537 12.5377 41.4937 13.6977 42.3837 14.3977Z","geometry":{"width":49.13671875,"height":26.140625}}