{"path":"M1.5537 3.126H19.6637C20.5237 3.126 21.2337 2.436 21.2337 1.576C21.2337 0.706 20.5237 -0.004 19.6637 -0.004H1.5537C0.7137 -0.004 0.0037 0.706 0.0037 1.576C0.0037 2.436 0.7137 3.126 1.5537 3.126ZM19.1137 12.036L19.6037 4.756H1.6237L2.1237 12.036C4.1737 11.006 7.1537 10.416 10.6237 10.416C14.0837 10.416 17.0637 11.006 19.1137 12.036ZM10.6237 20.026C16.3237 20.026 20.5937 18.316 20.5937 16.036C20.5937 13.756 16.2937 12.046 10.6237 12.046C4.9337 12.046 0.6437 13.756 0.6437 16.036C0.6437 18.316 4.9337 20.026 10.6237 20.026ZM10.2637 26.426H10.9637C15.7337 26.426 19.2237 23.816 20.1937 19.336C18.2237 20.766 14.8037 21.576 10.6237 21.576C6.4537 21.576 3.0237 20.766 1.0437 19.336C2.0137 23.816 5.5137 26.426 10.2637 26.426ZM10.6137 34.616C13.1837 34.616 16.3537 33.986 17.8137 32.526C18.2237 32.076 18.3037 31.476 18.1137 30.846L16.8437 26.646C15.1237 27.566 13.1237 28.066 10.9737 28.066H10.2237C8.0937 28.066 6.1137 27.576 4.3937 26.676L3.1137 30.846C2.9237 31.476 3.0037 32.076 3.4137 32.526C4.8837 33.986 8.0437 34.616 10.6137 34.616Z","geometry":{"width":21.232421875,"height":34.6171875}}