{"path":"M10.824 34.5997C13.554 34.5997 16.724 33.9897 18.184 32.5097C18.594 32.0697 18.674 31.4597 18.484 30.8297L16.764 25.2097C19.814 23.4197 21.674 20.0397 21.644 15.7997C21.644 14.4097 20.804 13.2597 19.374 12.3897L19.984 3.1197C20.804 3.1197 21.504 2.4197 21.504 1.5597C21.504 0.6997 20.804 -0.0003 19.944 -0.0003H1.694C0.834 -0.0003 0.124 0.6997 0.124 1.5597C0.124 2.4097 0.804 3.0997 1.644 3.1197L2.274 12.3897C0.824 13.2597 0.004 14.4097 0.004 15.7997C-0.026 20.0597 1.834 23.4297 4.904 25.2397L3.184 30.8297C2.994 31.4597 3.074 32.0697 3.484 32.5097C4.954 33.9897 8.104 34.5997 10.824 34.5997ZM10.814 10.5797C8.764 10.5797 6.904 10.7897 5.334 11.1797L4.804 3.1197H16.844L16.314 11.1797C14.734 10.7897 12.884 10.5797 10.814 10.5797ZM10.814 17.8997C6.164 17.8997 3.144 16.8997 3.144 15.7997C3.144 14.7097 6.164 13.7097 10.814 13.7097C15.464 13.7097 18.484 14.7097 18.484 15.7997C18.484 16.8997 15.494 17.8997 10.814 17.8997ZM10.814 21.0297C13.454 21.0297 15.764 20.6897 17.564 20.0597C16.394 22.2697 14.174 23.5297 11.194 23.5297H10.444C7.454 23.5297 5.234 22.2597 4.064 20.0397C5.884 20.6897 8.194 21.0297 10.814 21.0297ZM10.444 26.6597H11.194C12.124 26.6597 13.004 26.5497 13.854 26.3697L15.174 30.6797C13.934 31.2497 12.454 31.4697 10.824 31.4697C9.214 31.4697 7.724 31.2497 6.494 30.6797L7.824 26.3697C8.654 26.5597 9.534 26.6597 10.444 26.6597Z","geometry":{"width":21.643173075599844,"height":34.603515625}}