{"path":"M0.0037 17.9971C0.0037 21.1071 1.7337 22.8471 4.8837 22.8471H30.8937C34.0437 22.8471 35.7837 21.1071 35.7837 17.9971V4.8571C35.7837 1.7371 34.0437 -0.0029 30.8937 -0.0029H4.8837C1.7337 -0.0029 0.0037 1.7371 0.0037 4.8571ZM6.7537 11.1471V6.9171C6.7537 6.1971 7.1937 5.7571 7.9337 5.7571H27.8537C28.5837 5.7571 29.0237 6.1971 29.0237 6.9171V11.1471C29.0237 11.8571 28.5837 12.3071 27.8537 12.3071H7.9337C7.1937 12.3071 6.7537 11.8571 6.7537 11.1471Z","geometry":{"width":35.779296875,"height":22.845703125}}