{"path":"M0.0037 17.9971C0.0037 21.1071 1.7337 22.8471 4.8837 22.8471H31.8837C36.5737 22.8471 39.2937 20.2171 39.2937 16.6971C39.2937 14.5871 38.2937 12.3471 36.3537 10.4171L30.6637 4.7871C26.9337 1.0971 24.5437 -0.0029 20.1437 -0.0029H4.8837C1.7337 -0.0029 0.0037 1.7371 0.0037 4.8571ZM15.9137 11.3771V6.6971C15.9137 5.9571 16.3537 5.5371 17.0737 5.5371H19.8237C23.9137 5.5371 25.3637 6.0271 27.2337 7.8871L30.0137 10.6471C30.7737 11.4171 30.3837 12.5271 29.5337 12.5271H17.0737C16.3537 12.5271 15.9137 12.0871 15.9137 11.3771Z","geometry":{"width":39.29296875,"height":22.845703125}}