{"path":"M2.5137 37.0818H3.5237C4.0437 37.0818 4.3437 36.9018 4.6337 36.4518L5.3737 35.2418H20.5237L21.2637 36.4518C21.5437 36.9018 21.8437 37.0818 22.3637 37.0818H23.2137C24.1337 37.0818 24.6137 36.1318 24.1037 35.3418L21.2837 30.8018C24.3337 30.6818 26.1137 28.6718 26.1137 25.5918V15.0518C26.1137 11.2118 25.7737 8.6918 25.3237 6.6018C24.5537 2.8618 22.6537 0.8518 19.0437 0.3318C17.8037 0.1518 15.6437 0.0018 13.0537 0.0018C10.4737 0.0018 8.3137 0.1518 7.0637 0.3318C3.4637 0.8518 1.5537 2.8618 0.7937 6.6018C0.3437 8.6918 0.0037 11.2118 0.0037 15.0518V25.5918C0.0037 28.6018 1.6937 30.5818 4.6037 30.7918L1.6937 35.4518C1.2737 36.1518 1.6037 37.0818 2.5137 37.0818ZM9.4237 5.4818C8.7537 5.4818 8.2737 5.0018 8.2737 4.3318C8.2737 3.6518 8.7537 3.1718 9.4237 3.1718H16.6937C17.3637 3.1718 17.8537 3.6518 17.8537 4.3318C17.8537 5.0018 17.3637 5.4818 16.6937 5.4818ZM13.0537 21.0418C9.6237 21.0318 6.8637 20.8918 5.4037 20.7118C4.4437 20.5918 3.9637 19.9518 3.9637 19.0318V15.4618C3.9637 12.7718 4.2637 10.3318 4.4337 9.4718C4.5837 8.7118 5.0837 8.1718 5.8337 8.0818C7.3437 7.8918 9.4737 7.7918 13.0537 7.7818C16.6137 7.7818 18.7537 7.8918 20.2637 8.0818C21.0137 8.1718 21.5337 8.7118 21.6737 9.4718C21.8437 10.3318 22.1437 12.7718 22.1437 15.4618V19.0318C22.1437 19.9618 21.6737 20.6018 20.7137 20.7118C18.8437 20.9218 16.0637 21.0418 13.0537 21.0418ZM19.8137 27.4018C18.6737 27.4018 17.8137 26.5418 17.8137 25.4018C17.8137 24.2818 18.6737 23.4218 19.8137 23.4218C20.9337 23.4218 21.7837 24.2818 21.7837 25.4018C21.7837 26.5418 20.9037 27.4018 19.8137 27.4018ZM6.3037 27.3818C5.1637 27.3818 4.3337 26.5518 4.3337 25.4018C4.3337 24.2818 5.1637 23.4318 6.3037 23.4318C7.4337 23.4318 8.2837 24.2818 8.2837 25.4018C8.2837 26.5518 7.4237 27.3818 6.3037 27.3818ZM7.0237 32.5918L8.1337 30.8018H17.7637L18.8637 32.5918Z","geometry":{"width":26.11328125,"height":37.078125}}