{"path":"M0.0037 35.3326C0.0037 36.1626 0.6937 36.8626 1.5337 36.8626C2.3637 36.8626 3.0637 36.1626 3.0637 35.3326V14.6426C3.0637 7.0426 7.6137 3.0626 16.3137 3.0626C24.9937 3.0626 29.5437 7.0426 29.5437 14.6426V35.3326C29.5437 36.1626 30.2437 36.8626 31.0737 36.8626C31.9137 36.8626 32.6037 36.1626 32.6037 35.3326V14.6426C32.6037 5.1026 26.9337 0.0026 16.3137 0.0026C5.6737 0.0026 0.0037 5.1026 0.0037 14.6426ZM8.3037 35.7526H9.0537C9.4437 35.7526 9.6937 35.6126 9.9137 35.2626L10.4737 34.3526H21.9937L22.5537 35.2626C22.7637 35.6126 23.0237 35.7526 23.4237 35.7526H24.0537C24.7737 35.7526 25.1437 35.0226 24.7637 34.4226L22.6437 30.9926C24.9337 30.9026 26.2937 29.3526 26.2937 27.0126V18.9726C26.2937 16.0226 26.0137 14.0026 25.6637 12.3726C25.0737 9.5326 23.5537 8.0526 20.9037 7.6726C19.9837 7.5326 18.3037 7.4126 16.3137 7.4126C14.3137 7.4126 12.6337 7.5326 11.7037 7.6726C9.0637 8.0526 7.5437 9.5326 6.9437 12.3726C6.5937 14.0026 6.3137 16.0226 6.3137 18.9726V27.0126C6.3137 29.3026 7.6337 30.8326 9.8337 30.9926L7.6537 34.4926C7.3137 35.0226 7.5837 35.7526 8.3037 35.7526ZM13.5637 11.6926C13.0337 11.6926 12.6337 11.3026 12.6337 10.7626C12.6337 10.2126 13.0337 9.8126 13.5637 9.8126H19.0437C19.5937 9.8126 19.9737 10.2126 19.9737 10.7626C19.9737 11.3026 19.5937 11.6926 19.0437 11.6926ZM16.3137 23.4026C13.7037 23.3926 11.5637 23.2926 10.4437 23.1426C9.7937 23.0826 9.4337 22.6426 9.4337 21.9526V19.2326C9.4337 17.1726 9.6637 15.3426 9.7937 14.6526C9.8837 14.0926 10.2537 13.7426 10.7837 13.6726C11.9537 13.5326 13.5537 13.4526 16.3137 13.4526C19.0437 13.4526 20.6737 13.5326 21.8237 13.6726C22.3537 13.7426 22.7237 14.0926 22.8137 14.6526C22.9537 15.3426 23.1737 17.1726 23.1737 19.2326V21.9526C23.1737 22.6526 22.8137 23.0826 22.1637 23.1426C20.7137 23.3426 18.5837 23.3926 16.3137 23.4026ZM11.1437 28.3926C10.2537 28.3926 9.5837 27.7226 9.5837 26.8226C9.5837 25.9226 10.2537 25.2626 11.1437 25.2626C12.0437 25.2626 12.7137 25.9226 12.7137 26.8226C12.7137 27.7226 12.0337 28.3926 11.1437 28.3926ZM21.4637 28.3926C20.5637 28.3926 19.8937 27.7226 19.8937 26.8226C19.8937 25.9226 20.5637 25.2626 21.4637 25.2626C22.3537 25.2626 23.0237 25.9226 23.0237 26.8226C23.0237 27.7226 22.3437 28.3926 21.4637 28.3926ZM11.7537 32.2926L12.5637 31.0126H19.9037L20.7137 32.2926Z","geometry":{"width":32.607421875,"height":36.859375}}