{"path":"M35.1537 12.229C35.1537 11.239 34.4537 10.449 33.3737 10.449H29.3637V4.329C29.3637 1.239 27.3837 -0.401 24.2437 0.089L10.3637 2.249C7.4637 2.679 5.7837 4.179 5.7837 6.799V10.449H29.3637V13.979H33.3737C34.4537 13.979 35.1537 13.169 35.1537 12.229ZM1.7937 13.979H5.7837V17.609C5.7837 20.239 7.4637 21.739 10.3637 22.179L24.2437 24.349C27.3837 24.819 29.3637 23.189 29.3637 20.099V13.979H5.7837V10.449H1.7937C0.7137 10.449 0.0037 11.239 0.0037 12.229C0.0037 13.169 0.7137 13.979 1.7937 13.979Z","geometry":{"width":35.150390625,"height":24.432203824452664}}