{"path":"M28.2569 24.1477L24.7769 9.3677C24.1969 6.8677 22.6369 5.5677 20.1769 5.5677H15.9769V1.7777C15.9769 0.6977 15.1669 -0.0023 14.2169 -0.0023C13.2369 -0.0023 12.4369 0.6977 12.4369 1.7777V5.5677H15.9769V28.6877H24.3869C27.4169 28.6877 28.8869 26.9477 28.2569 24.1477ZM4.0169 28.6877H12.4369V32.4677C12.4369 33.5477 13.2369 34.2477 14.2169 34.2477C15.1669 34.2477 15.9769 33.5477 15.9769 32.4677V28.6877H12.4369V5.5677H8.2269C5.7769 5.5677 4.1869 6.8677 3.6169 9.3677L0.1469 24.1477C-0.4831 26.9477 0.9769 28.6877 4.0169 28.6877Z","geometry":{"width":28.396631894725544,"height":34.248046875}}