{"path":"M1.7937 14.03H5.7837V17.68C5.7837 20.34 7.4937 21.79 10.4437 22.24L24.7037 24.47C27.6037 24.91 29.3637 22.93 29.3637 19.89V14.03H33.3737C34.4537 14.03 35.1537 13.22 35.1537 12.28C35.1537 11.29 34.4537 10.5 33.3737 10.5H29.3637V4.64C29.3637 1.53 27.6537 -0.4 24.7037 0.07L10.4437 2.28C7.4937 2.73 5.7837 4.18 5.7837 6.85V10.5H1.7937C0.7137 10.5 0.0037 11.29 0.0037 12.28C0.0037 13.22 0.7137 14.03 1.7937 14.03ZM9.2037 7.26C9.2037 6.28 9.8437 5.73 10.8237 5.59L24.2137 3.51C25.2637 3.35 25.9037 4.03 25.9037 5.21V10.5H9.2037ZM10.8237 18.95C9.8437 18.8 9.2037 18.25 9.2037 17.27V14.03H25.9037V19.33C25.9037 20.47 25.2537 21.19 24.2137 21.01Z","geometry":{"width":35.150390625,"height":24.533562893348325}}