{"path":"M4.8237 26.1437H21.3137C24.4437 26.1437 26.1437 24.4437 26.1437 21.3437V4.8037C26.1437 1.6937 24.4437 0.0037 21.3137 0.0037H4.8237C1.7137 0.0037 0.0037 1.6937 0.0037 4.8037V21.3437C0.0037 24.4437 1.7137 26.1437 4.8237 26.1437ZM5.2137 22.6137C4.1137 22.6137 3.5237 22.0637 3.5237 20.9037V5.2237C3.5237 4.0637 4.1137 3.5237 5.2137 3.5237H20.9337C22.0237 3.5237 22.6137 4.0637 22.6137 5.2237V20.9037C22.6137 22.0637 22.0237 22.6137 20.9337 22.6137ZM18.1137 15.2337L18.3937 9.2437H19.2337C19.6837 9.2437 20.0137 8.9237 20.0337 8.4937C20.0337 8.0437 19.6837 7.7337 19.2337 7.7337H16.4037V6.9137C16.4037 5.7237 15.6137 4.9737 14.2337 4.9737H11.9237C10.7737 4.9737 10.0237 5.5337 9.8537 6.4437C9.8337 6.5637 9.8137 6.6737 9.8037 6.7837H9.6637L12.9337 10.0637V9.9237C12.9737 9.8937 13.0137 9.8837 13.0837 9.8837C13.3937 9.8837 13.6037 10.0737 13.6037 10.3937V10.7337L14.9737 12.0737L15.0137 10.7437C15.0237 10.4337 15.2437 10.2237 15.5437 10.2237C15.8737 10.2237 16.0637 10.4337 16.0537 10.7637L15.9837 13.0837ZM18.6237 19.5937C18.9337 19.9037 19.4237 19.9037 19.7237 19.5937C20.0437 19.2737 20.0437 18.7837 19.7237 18.4737L7.6737 6.4137C7.3537 6.0937 6.8537 6.0937 6.5537 6.4137C6.2337 6.7237 6.2337 7.2237 6.5537 7.5337ZM11.3437 7.7337L11.3637 6.9337C11.3637 6.6137 11.6037 6.3937 11.9537 6.3937H14.2037C14.5437 6.3937 14.7837 6.6137 14.7937 6.9337L14.8037 7.7337ZM9.9837 20.6837H16.1837C16.7437 20.6837 17.1837 20.5037 17.4437 20.1837L17.5037 20.0937L15.6237 18.2237L15.6037 18.4437C15.5537 18.5637 15.4337 18.6337 15.3037 18.6337C14.9837 18.6337 14.7837 18.4337 14.7837 18.1337L14.8037 17.4037L13.6037 16.2037V18.1337C13.6037 18.4337 13.3937 18.6337 13.0837 18.6337C12.7537 18.6337 12.5537 18.4337 12.5537 18.1337V15.1437L11.2237 13.8237L11.3637 18.1337C11.3737 18.4337 11.1737 18.6337 10.8437 18.6337C10.5537 18.6337 10.3337 18.4437 10.3237 18.1437L10.1537 12.7437L7.8437 10.4437L8.2337 19.0537C8.2837 20.1237 8.9037 20.6837 9.9837 20.6837Z","geometry":{"width":26.140625,"height":26.140625}}