{"path":"M24.3682 22.392L24.9882 8.542H26.2882C27.1682 8.542 27.8182 7.912 27.8182 7.042C27.8182 6.182 27.1682 5.552 26.2882 5.552H20.4782V3.592C20.4782 1.312 19.0282 0.002 16.4882 0.002H11.3182C8.7782 0.002 7.3282 1.312 7.3282 3.592V5.082H7.0682L10.5282 8.542H21.8782L21.3682 19.402ZM25.8582 29.722C26.3082 30.172 27.0382 30.172 27.4782 29.722C27.9182 29.272 27.9282 28.542 27.4782 28.092L1.9682 2.582C1.5182 2.132 0.7782 2.122 0.3282 2.582C-0.1118 3.012 -0.1118 3.772 0.3282 4.202ZM10.4882 5.552V3.702C10.4882 3.122 10.8982 2.732 11.5682 2.732H16.2582C16.9082 2.732 17.3382 3.122 17.3382 3.702V5.552ZM7.5982 31.572H20.2182C21.7082 31.572 22.7882 31.022 23.4182 30.052V29.902L20.9182 27.372L20.9082 27.602C20.8182 28.132 20.3982 28.522 19.7982 28.522H8.0082C7.2982 28.522 6.8382 28.012 6.7982 27.212L6.1082 12.582L2.8582 9.342L3.7182 27.932C3.8282 30.282 5.2482 31.572 7.5982 31.572ZM15.0082 13.032V11.652C15.0082 11.022 14.5582 10.612 13.9182 10.612C13.6482 10.612 13.3882 10.692 13.1982 10.842V11.222ZM19.2382 17.272L19.3982 11.672C19.4182 11.032 19.0082 10.612 18.3382 10.612C17.6882 10.612 17.2382 11.022 17.2282 11.662L17.1282 15.152ZM9.9082 26.542C10.5982 26.542 11.0182 26.102 11.0082 25.472L10.7582 17.222L8.5182 14.982L8.8282 25.482C8.8482 26.112 9.2882 26.542 9.9082 26.542ZM13.9182 26.542C14.5582 26.542 15.0082 26.112 15.0082 25.482V21.482L12.8082 19.292V25.482C12.8082 26.122 13.2582 26.542 13.9182 26.542ZM17.9082 26.542C18.3482 26.542 18.6782 26.322 18.7982 25.952L18.8282 25.292L16.8882 23.352L16.8182 25.472C16.7982 26.102 17.2282 26.542 17.9082 26.542Z","geometry":{"width":27.822265625,"height":31.568359375}}