{"path":"M4.8237 26.1437H21.3137C24.4437 26.1437 26.1437 24.4437 26.1437 21.3437V4.8037C26.1437 1.6937 24.4437 0.0037 21.3137 0.0037H4.8237C1.7137 0.0037 0.0037 1.6937 0.0037 4.8037V21.3437C0.0037 24.4437 1.7137 26.1437 4.8237 26.1437ZM5.2137 22.6137C4.1137 22.6137 3.5237 22.0637 3.5237 20.9037V5.2237C3.5237 4.0637 4.1137 3.5237 5.2137 3.5237H20.9337C22.0237 3.5237 22.6137 4.0637 22.6137 5.2237V20.9037C22.6137 22.0637 22.0237 22.6137 20.9337 22.6137ZM9.9837 20.6837H16.1837C17.2637 20.6837 17.8837 20.1237 17.9337 19.0537L18.3937 9.2437H19.2337C19.6837 9.2437 20.0137 8.9237 20.0137 8.4937C20.0337 8.0437 19.6837 7.7337 19.2337 7.7337H16.4037V6.9137C16.4037 5.7237 15.6137 4.9737 14.2337 4.9737H11.9237C10.5537 4.9737 9.7437 5.7237 9.7437 6.9137V7.7337H6.9137C6.4837 7.7337 6.1437 8.0437 6.1237 8.4937C6.1237 8.9237 6.4837 9.2437 6.9137 9.2437H7.7937L8.2337 19.0537C8.2837 20.1237 8.9037 20.6837 9.9837 20.6837ZM11.3437 7.7337L11.3637 6.9337C11.3637 6.6137 11.6037 6.3937 11.9537 6.3937H14.1937C14.5437 6.3937 14.7837 6.6137 14.7937 6.9337L14.8037 7.7337ZM10.8437 18.6337C10.5537 18.6337 10.3337 18.4437 10.3237 18.1437L10.0937 10.7637C10.0737 10.4337 10.2837 10.2237 10.6137 10.2237C10.9137 10.2237 11.1337 10.4337 11.1337 10.7437L11.3637 18.1337C11.3737 18.4337 11.1737 18.6337 10.8437 18.6337ZM13.0737 18.6337C12.7537 18.6337 12.5537 18.4337 12.5537 18.1337V10.7337C12.5537 10.4137 12.7437 10.2237 13.0737 10.2237C13.3937 10.2237 13.6037 10.4137 13.6037 10.7337V18.1337C13.6037 18.4337 13.3937 18.6337 13.0737 18.6337ZM15.3037 18.6337C14.9837 18.6337 14.7837 18.4337 14.7837 18.1337L15.0137 10.7437C15.0237 10.4337 15.2437 10.2237 15.5437 10.2237C15.8737 10.2237 16.0637 10.4337 16.0537 10.7637L15.8137 18.1437C15.8037 18.4437 15.6037 18.6337 15.3037 18.6337Z","geometry":{"width":26.140625,"height":26.140625}}