{"path":"M4.8237 26.1377H21.3137C24.4437 26.1377 26.1437 24.4477 26.1437 21.3377V4.7977C26.1437 1.6977 24.4437 -0.0023 21.3137 -0.0023H4.8237C1.7137 -0.0023 0.0037 1.6977 0.0037 4.7977V21.3377C0.0037 24.4477 1.7137 26.1377 4.8237 26.1377ZM18.3637 15.2977L16.1637 13.0877L16.2437 10.7077C16.2437 10.3677 16.0337 10.1477 15.6937 10.1477C15.3837 10.1477 15.1637 10.3477 15.1437 10.6777L15.1037 12.0277L13.7037 10.6377V10.2977C13.7037 9.9677 13.4837 9.7777 13.1537 9.7777C13.0937 9.7777 13.0437 9.7877 13.0037 9.8177V9.9377L9.6137 6.5577H9.7637C9.7737 6.4377 9.7937 6.3277 9.8337 6.1977C9.9937 5.2677 10.7737 4.7177 11.9637 4.7177H14.3437C15.7737 4.7177 16.6137 5.4677 16.6137 6.7177V7.5477H19.5237C19.9837 7.5477 20.3437 7.8777 20.3437 8.3377C20.3337 8.7877 19.9837 9.1377 19.5237 9.1377H18.6437ZM18.8637 19.8277L6.3937 7.3577C6.0737 7.0377 6.0537 6.5077 6.3937 6.1977C6.7137 5.8677 7.2437 5.8677 7.5737 6.1977L20.0337 18.6477C20.3537 18.9777 20.3537 19.4977 20.0337 19.8277C19.7137 20.1477 19.1937 20.1477 18.8637 19.8277ZM11.3737 7.5477H14.9337V6.7377C14.9137 6.4077 14.6737 6.1777 14.3037 6.1777H11.9937C11.6337 6.1777 11.3937 6.4077 11.3737 6.7377ZM9.9537 20.9577C8.8337 20.9577 8.1937 20.3677 8.1437 19.2677L7.7337 10.3777L10.1337 12.7577L10.3037 18.3177C10.3237 18.6377 10.5437 18.8377 10.8437 18.8377C11.1837 18.8377 11.3937 18.6177 11.3737 18.3077L11.2337 13.8777L12.6037 15.2477V18.3177C12.6037 18.6177 12.8137 18.8377 13.1537 18.8377C13.4837 18.8377 13.7037 18.6177 13.7037 18.3177V16.3377L14.9437 17.5777L14.9137 18.3077C14.9137 18.6177 15.1237 18.8377 15.4537 18.8377C15.6037 18.8377 15.7237 18.7577 15.7537 18.6377L15.7937 18.4277L17.7237 20.3577L17.6537 20.4577C17.3937 20.7777 16.9237 20.9577 16.3637 20.9577Z","geometry":{"width":26.140625,"height":26.140625}}