{"path":"M7.5982 31.572H20.2182C22.5582 31.572 23.9982 30.272 24.1082 27.932L25.0082 8.542H26.2782C27.1682 8.542 27.8182 7.912 27.8182 7.042C27.8182 6.182 27.1482 5.552 26.2782 5.552H20.4782V3.572C20.4782 1.282 19.0482 0.002 16.4982 0.002H11.2882C8.7482 0.002 7.3282 1.282 7.3282 3.572V5.552H1.5282C0.6682 5.552 -0.0018 6.182 -0.0018 7.042C-0.0018 7.912 0.6682 8.542 1.5282 8.542H2.8182L3.7182 27.932C3.8282 30.282 5.2482 31.572 7.5982 31.572ZM10.4682 3.682C10.4682 3.092 10.8782 2.732 11.5282 2.732H16.2682C16.9282 2.732 17.3382 3.092 17.3382 3.682V5.552H10.4682ZM8.0082 28.522C7.2982 28.522 6.8382 28.012 6.7982 27.212L5.9182 8.542H21.8782L21.0182 27.212C20.9882 28.032 20.5182 28.522 19.7982 28.522ZM9.9082 26.542C10.5982 26.542 11.0182 26.102 11.0082 25.472L10.5982 11.662C10.5782 11.022 10.1282 10.612 9.4882 10.612C8.8182 10.612 8.3982 11.032 8.4182 11.672L8.8182 25.482C8.8282 26.112 9.2882 26.542 9.9082 26.542ZM13.9082 26.542C14.5582 26.542 15.0082 26.112 15.0082 25.482V11.652C15.0082 11.022 14.5582 10.612 13.9082 10.612C13.2582 10.612 12.8082 11.022 12.8082 11.652V25.482C12.8082 26.112 13.2582 26.542 13.9082 26.542ZM17.9082 26.542C18.5382 26.542 18.9782 26.122 18.9882 25.482L19.3982 11.672C19.4182 11.032 18.9882 10.612 18.3382 10.612C17.6782 10.612 17.2382 11.022 17.2282 11.662L16.8182 25.472C16.7982 26.102 17.2282 26.542 17.9082 26.542Z","geometry":{"width":27.822265625,"height":31.568359375}}