{"path":"M16.3237 18.2697C16.7437 18.2697 17.1537 18.1297 17.5637 17.7197L22.1037 13.3597C22.3837 13.0797 22.5337 12.7997 22.5337 12.3997C22.5337 11.6197 21.8737 11.0697 21.1637 11.0697C20.7637 11.0697 20.3937 11.2397 20.1237 11.5297L18.4737 13.2897L17.7637 14.3397L17.8937 12.3497V1.5597C17.8937 0.7197 17.2037 -0.0003 16.3237 -0.0003C15.4337 -0.0003 14.7337 0.7197 14.7337 1.5597V12.3497L14.8737 14.3397L14.1537 13.2897L12.5137 11.5297C12.2337 11.2397 11.8637 11.0697 11.4737 11.0697C10.7437 11.0697 10.1037 11.6197 10.1037 12.3997C10.1037 12.7997 10.2537 13.0797 10.5237 13.3597L15.0637 17.7197C15.4737 18.1297 15.8837 18.2697 16.3237 18.2697ZM4.8237 31.9797H27.8037C30.9437 31.9797 32.6337 30.2697 32.6337 27.1797V19.7297C32.6337 18.1197 32.4737 17.3497 31.8137 16.2997L27.5537 9.7597C25.9637 7.2997 24.6937 6.4097 22.0637 6.4097H20.4437V9.1497H22.1637C23.0537 9.1497 23.8937 9.8197 24.3937 10.5697L28.7337 17.5497C29.0837 18.0597 28.9437 18.3097 28.3237 18.3097H20.5937C19.7437 18.3097 19.3837 18.8097 19.3837 19.3897V19.4297C19.3837 20.9197 18.2537 22.5497 16.3237 22.5497C14.3837 22.5497 13.2437 20.9197 13.2437 19.4297V19.3897C13.2437 18.8097 12.8937 18.3097 12.0437 18.3097H4.3037C3.6937 18.3097 3.5637 18.0297 3.8937 17.5497L8.2437 10.5697C8.7537 9.8197 9.5837 9.1497 10.4737 9.1497H12.1937V6.4097H10.5637C7.9437 6.4097 6.6737 7.2997 5.0837 9.7597L0.8237 16.2997C0.1637 17.3497 0.0037 18.1197 0.0037 19.7297V27.1797C0.0037 30.2797 1.7137 31.9797 4.8237 31.9797Z","geometry":{"width":32.634765625,"height":31.978515625}}