{"path":"M4.8317 31.7305H27.8117C30.9117 31.7305 32.6317 30.0405 32.6317 26.9305V21.0005C32.6317 20.4305 32.3117 19.7105 31.8017 19.2805C32.3517 18.6105 32.6317 17.7205 32.6317 16.6405V9.8205C32.6317 8.0405 32.7017 6.7305 31.7317 5.9505L26.7617 1.8205C25.1317 0.4905 23.9917 0.0005 21.6717 0.0005H10.9517C8.6317 0.0005 7.4917 0.4905 5.8717 1.8205L0.8917 5.9505C-0.0783 6.7305 0.0017 8.0405 0.0017 9.8205V16.6405C0.0017 17.7205 0.2717 18.6105 0.8317 19.2805C0.3317 19.7105 0.0017 20.4305 0.0017 21.0005V26.9305C0.0017 30.0405 1.7117 31.7305 4.8317 31.7305ZM16.3117 11.7305C14.6217 11.7305 13.6217 10.2905 13.6217 8.9805V8.9405C13.6217 8.4405 13.3217 7.9805 12.5817 7.9805H4.3117C3.6917 7.9805 3.4717 7.6805 3.9917 7.2505L8.3717 3.6105C9.0017 3.0505 9.4617 2.8205 10.4317 2.8205H22.1917C23.1717 2.8205 23.6317 3.0505 24.2717 3.6105L28.6417 7.2205C29.1917 7.6705 28.9317 7.9805 28.3317 7.9805H20.0617C19.3217 7.9805 19.0017 8.4405 19.0017 8.9405V8.9805C19.0017 10.2905 18.0117 11.7305 16.3117 11.7305ZM5.1117 18.0605C4.0117 18.0605 3.4317 17.5305 3.4317 16.3605V11.0105H10.8817C11.4817 13.2705 13.5817 14.9405 16.3117 14.9405C19.0417 14.9405 21.1517 13.2605 21.7517 11.0105H29.2017V16.3605C29.2017 17.5305 28.6017 18.0605 27.5117 18.0605ZM16.3117 22.6005C15.0117 22.6005 14.1217 21.7505 13.7717 20.7705H18.8517C18.5117 21.7505 17.6117 22.6005 16.3117 22.6005ZM5.1117 28.3705C4.0117 28.3705 3.4317 27.8405 3.4317 26.6605V21.3305H10.8817C11.4817 23.5805 13.5817 25.2705 16.3117 25.2705C19.0417 25.2705 21.1517 23.5805 21.7517 21.3305H29.2017V26.6605C29.2017 27.8405 28.6017 28.3705 27.5117 28.3705Z","geometry":{"width":32.63752221990198,"height":31.732421875}}