{"path":"M4.8237 24.7741H27.8037C30.9437 24.7741 32.6337 23.0741 32.6337 19.9741V12.1541C32.6337 10.2141 32.3937 9.3941 31.5037 8.2741L27.3837 2.9241C25.6337 0.6741 24.7737 0.0041 22.2137 0.0041H10.4137C7.8737 0.0041 7.0137 0.6741 5.2537 2.9241L1.1337 8.2741C0.2637 9.4041 0.0037 10.2141 0.0037 12.1541V19.9741C0.0037 23.0741 1.7137 24.7741 4.8237 24.7741ZM16.3237 15.6241C14.2237 15.6241 12.9337 14.1641 12.9337 12.4041V12.2041C12.9337 11.5541 12.5537 10.9241 11.7337 10.9241H4.2237C3.6537 10.9241 3.5637 10.4541 3.8437 10.0941L8.6937 3.7741C9.2037 3.1141 9.8037 2.8141 10.6137 2.8141H22.0237C22.8337 2.8141 23.4337 3.1141 23.9437 3.7741L28.7837 10.0941C29.0637 10.4541 28.9737 10.9241 28.4137 10.9241H20.9037C20.0837 10.9241 19.7037 11.5541 19.7037 12.2041V12.4041C19.7037 14.1641 18.4137 15.6241 16.3237 15.6241ZM21.9037 4.5841H10.7437C10.3537 4.5841 10.0637 4.8841 10.0637 5.2641C10.0637 5.6441 10.3537 5.9441 10.7437 5.9441H21.9037C22.2837 5.9441 22.5737 5.6441 22.5737 5.2641C22.5737 4.8841 22.2837 4.5841 21.9037 4.5841ZM23.6137 7.4141H9.0237C8.6237 7.4141 8.3137 7.7641 8.3137 8.1641C8.3137 8.5441 8.6237 8.8641 9.0237 8.8641H23.6137C24.0037 8.8641 24.3237 8.5441 24.3237 8.1641C24.3237 7.7641 24.0037 7.4141 23.6137 7.4141Z","geometry":{"width":32.634765625,"height":24.7734375}}