{"path":"M0.0037 21.5706C0.0037 25.0506 2.3937 27.5206 5.7737 27.5206C6.7537 27.5206 7.8237 27.2706 8.9437 26.7606C9.8337 27.4806 11.7837 28.5106 14.1737 28.6106C13.7437 26.5406 12.2937 23.6006 11.2837 21.6806C11.9037 21.6406 12.4537 21.5206 12.9437 21.3306C14.2637 23.8306 15.9837 27.5506 15.9837 29.7206C15.9837 31.5306 15.7337 34.1206 15.7337 35.0106C15.7337 35.7506 16.6537 36.2706 18.0437 36.2706C19.4437 36.2706 20.3537 35.7506 20.3537 35.0106C20.3537 34.1206 20.1137 31.5306 20.1137 29.7206C20.1137 27.6306 21.6937 24.1406 23.1237 21.3106C23.6137 21.5206 24.1837 21.6406 24.8237 21.6806C23.8037 23.6006 22.3537 26.5406 21.9137 28.6106C24.3037 28.5106 26.2637 27.4806 27.1537 26.7606C28.2737 27.2706 29.3437 27.5206 30.3237 27.5206C33.7037 27.5206 36.0937 25.0506 36.0937 21.5706C36.0937 19.9306 35.4537 18.2006 34.0137 16.6206C35.1337 15.3306 35.6037 13.8106 35.6037 12.3506C35.6037 9.0406 33.1537 5.9506 29.9737 5.3906C29.5837 2.2006 26.0037 0.0006 22.6437 0.0006C20.9137 0.0006 19.2937 0.5206 18.0437 1.7106C16.8037 0.5206 15.1737 0.0006 13.4537 0.0006C10.0937 0.0006 6.5037 2.2006 6.1237 5.3906C2.9537 5.9506 0.4937 9.0406 0.4937 12.3506C0.4937 13.8106 0.9737 15.3306 2.0937 16.6206C0.6437 18.2006 0.0037 19.9306 0.0037 21.5706ZM15.3937 18.8406C15.8137 19.1306 16.2937 19.3306 16.8137 19.4506L16.8337 23.7906C16.1437 22.2806 15.5537 21.1506 14.8437 19.8606C15.0637 19.5506 15.2437 19.2106 15.3937 18.8406ZM20.7037 18.8406C20.8537 19.1906 21.0237 19.5406 21.2437 19.8506C20.5037 21.1906 19.9637 22.2706 19.2637 23.7706L19.2337 19.4706C19.7837 19.3506 20.2637 19.1306 20.7037 18.8406Z","geometry":{"width":36.09375,"height":36.271484375}}