{"path":"M0.0009 22.4781C0.0009 24.7481 1.6709 26.6581 4.1709 26.6581H25.1309C27.6309 26.6581 29.3009 24.7481 29.3009 22.4781C29.3009 21.7881 29.1209 21.0781 28.7409 20.4281L18.2509 2.0881C17.4409 0.6981 16.0609 -0.0019 14.6609 -0.0019C13.2309 -0.0019 11.8409 0.7081 11.0509 2.0881L0.5509 20.4381C0.1809 21.0981 0.0009 21.7881 0.0009 22.4781ZM7.6009 14.8381L13.6609 4.1881C13.8609 3.8181 14.2709 3.6481 14.6609 3.6481C15.0409 3.6481 15.4209 3.8281 15.6309 4.1981L21.6709 14.8381Z","geometry":{"width":29.298828125,"height":26.66015625}}