{"path":"M4.1409 26.6991H25.1809C27.6809 26.6991 29.3309 24.8191 29.3309 22.5591C29.3309 21.8591 29.1509 21.1391 28.7609 20.4691L18.2409 2.0791C17.4309 0.6991 16.0609 -0.0009 14.6709 -0.0009C13.2609 -0.0009 11.8809 0.7091 11.0909 2.0791L0.5609 20.4791C0.1809 21.1491 0.0009 21.8591 0.0009 22.5591C0.0009 24.8191 1.6409 26.6991 4.1409 26.6991Z","geometry":{"width":29.326171875,"height":26.701171875}}