{"path":"M0.0009 22.4781C0.0009 24.7481 1.6709 26.6581 4.1709 26.6581H25.1309C27.6309 26.6581 29.3009 24.7481 29.3009 22.4781C29.3009 21.7881 29.1209 21.0781 28.7409 20.4281L18.2509 2.0881C17.4409 0.6981 16.0609 -0.0019 14.6609 -0.0019C13.2309 -0.0019 11.8409 0.7081 11.0509 2.0881L0.5509 20.4381C0.1809 21.0981 0.0009 21.7881 0.0009 22.4781ZM3.6509 22.1381C3.6509 21.9681 3.6809 21.7381 3.7909 21.5481L7.6009 14.8381H21.6709L25.5109 21.5581C25.6109 21.7481 25.6509 21.9681 25.6509 22.1381C25.6509 22.7681 25.1809 23.3281 24.5009 23.3281H4.8009C4.1109 23.3281 3.6509 22.7681 3.6509 22.1381Z","geometry":{"width":29.298828125,"height":26.66015625}}