{"path":"M0.0027 29.1899C0.0027 29.9599 0.5927 30.5999 1.4327 30.5999C9.9127 30.5999 16.8527 24.3499 16.8527 15.2999C16.8527 11.1599 13.4427 7.7399 9.2927 7.7399C8.1527 7.7399 7.0727 8.0399 6.1527 8.5699C8.3627 4.9799 12.4727 2.8299 17.1727 2.8299C18.0227 2.8299 18.6027 2.1999 18.6027 1.4099C18.6027 0.6299 18.0227 -0.0001 17.1727 -0.0001C8.6827 -0.0001 1.7527 6.2499 1.7527 15.2999C1.7527 19.4399 5.1727 22.8599 9.2927 22.8599C10.4427 22.8599 11.5227 22.5599 12.4527 22.0299C10.2227 25.6099 6.1227 27.7699 1.4327 27.7699C0.5927 27.7699 0.0027 28.3799 0.0027 29.1899ZM4.5827 15.2999C4.5827 12.7299 6.7227 10.5799 9.2927 10.5799C11.8627 10.5799 14.0127 12.7299 14.0127 15.2999C14.0127 17.8699 11.8627 20.0199 9.2927 20.0199C6.7227 20.0199 4.5827 17.8699 4.5827 15.2999ZM7.2327 15.2999C7.2327 16.4199 8.1527 17.3399 9.2727 17.3399C10.3927 17.3399 11.3027 16.4099 11.3027 15.2999C11.3027 14.1799 10.3927 13.2599 9.2727 13.2599C8.1527 13.2599 7.2327 14.1799 7.2327 15.2999Z","geometry":{"width":18.607421875,"height":30.59765625}}