{"path":"M0.0037 5.068C0.0037 10.488 2.8337 14.208 8.3537 15.938C9.2537 17.118 10.3037 18.098 11.3737 18.768V23.978H9.2237C7.2237 23.978 6.0337 25.228 6.0337 27.178V29.628C6.0337 30.538 6.7437 31.208 7.6137 31.208H20.8737C21.7537 31.208 22.4637 30.538 22.4637 29.628V27.178C22.4637 25.228 21.2737 23.978 19.2637 23.978H17.1137V18.768C18.1837 18.098 19.2337 17.118 20.1437 15.938C25.6737 14.208 28.4937 10.488 28.4937 5.068C28.4937 3.368 27.3437 2.288 25.5537 2.288H23.0537C22.6537 0.848 21.4937 -0.002 19.7137 -0.002H8.7737C7.0037 -0.002 5.8337 0.838 5.4437 2.288H2.9437C1.1437 2.288 0.0037 3.368 0.0037 5.068ZM2.8737 5.618C2.8737 5.418 3.0037 5.268 3.2137 5.268H5.2537V7.518C5.2537 9.068 5.6037 10.538 6.1637 11.858C4.0037 10.538 2.8737 8.398 2.8737 5.618ZM22.3237 11.858C22.8837 10.538 23.2437 9.068 23.2437 7.518V5.268H25.2837C25.4837 5.268 25.6337 5.418 25.6337 5.618C25.6337 8.398 24.4837 10.538 22.3237 11.858Z","geometry":{"width":28.4921875,"height":31.212890625}}