{"path":"M11.5498 31.1441H25.5398C28.3298 31.1441 29.8498 29.6541 29.8698 26.8941L30.0398 14.3541L32.4998 14.8941C34.2898 15.2441 35.5098 14.5241 35.8798 12.8541L36.9998 7.8641C37.3698 6.1641 36.6698 4.8541 35.0398 4.1741L25.7198 0.2341C24.9598 -0.0759 24.3198 -0.0759 23.6498 0.2441C21.7398 1.1341 20.4498 1.5041 18.5498 1.5041C16.6498 1.5041 15.3498 1.1341 13.4498 0.2441C12.7698 -0.0759 12.1298 -0.0759 11.3798 0.2341L2.0598 4.1741C0.4398 4.8541 -0.2702 6.1641 0.0998 7.8641L1.2298 12.8541C1.5898 14.5241 2.7998 15.2441 4.6098 14.8941L7.0498 14.3541L7.2198 26.8941C7.2598 29.6541 8.7598 31.1441 11.5498 31.1441ZM18.5498 6.4441C16.5698 6.4441 14.9298 5.3741 14.3098 3.8341C15.6298 4.2541 17.0598 4.4741 18.5498 4.4741C20.0298 4.4741 21.4598 4.2541 22.7898 3.8341C22.1798 5.3641 20.5498 6.4441 18.5498 6.4441Z","geometry":{"width":37.09240267447304,"height":31.14626750746018}}