{"path":"M4.8237 26.1377H21.3137C24.4437 26.1377 26.1437 24.4477 26.1437 21.3377V4.7977C26.1437 1.6977 24.4437 -0.0023 21.3137 -0.0023H4.8237C1.7137 -0.0023 0.0037 1.6977 0.0037 4.7977V21.3377C0.0037 24.4477 1.7137 26.1377 4.8237 26.1377ZM13.1537 19.7977C12.3337 19.7977 11.7437 19.2877 11.7437 18.3577V16.6777L10.1137 17.3677C10.0237 17.4077 9.9137 17.4177 9.8037 17.4177C9.4437 17.4177 9.1837 17.1577 9.1837 16.7877C9.1837 16.5177 9.3337 16.2977 9.6437 16.1777L11.7437 15.3077V14.1077L10.1137 14.7777C10.0237 14.8177 9.9137 14.8477 9.8037 14.8477C9.4437 14.8477 9.1837 14.5777 9.1837 14.2277C9.1837 13.9477 9.3337 13.7377 9.6437 13.5877L11.7437 12.7377V9.1977H8.8837C8.1637 9.1977 7.6537 8.7077 7.6537 7.9977C7.6537 7.2877 8.1637 6.8077 8.8837 6.8077H17.4037C18.1137 6.8077 18.6237 7.2877 18.6237 7.9977C18.6237 8.7077 18.1137 9.1977 17.4037 9.1977H14.5337V11.7177L16.2037 11.0177C16.3137 10.9777 16.4037 10.9477 16.5037 10.9477C16.8537 10.9477 17.1137 11.2277 17.1137 11.5777C17.1137 11.8577 16.9637 12.0877 16.6637 12.1977L14.5337 13.0877V14.2877L16.2037 13.5877C16.2937 13.5477 16.3937 13.5177 16.5037 13.5177C16.8537 13.5177 17.1137 13.7977 17.1137 14.1477C17.1137 14.4377 16.9637 14.6577 16.6637 14.7777L14.5337 15.6577V18.3577C14.5337 19.2877 13.9437 19.7977 13.1537 19.7977Z","geometry":{"width":26.140625,"height":26.140625}}