{"path":"M4.8237 26.1377H21.3137C24.4437 26.1377 26.1437 24.4477 26.1437 21.3377V4.7977C26.1437 1.6977 24.4437 -0.0023 21.3137 -0.0023H4.8237C1.7137 -0.0023 0.0037 1.6977 0.0037 4.7977V21.3377C0.0037 24.4477 1.7137 26.1377 4.8237 26.1377ZM5.2137 22.6177C4.1137 22.6177 3.5237 22.0777 3.5237 20.9177V5.2377C3.5237 4.0777 4.1137 3.5277 5.2137 3.5277H20.9337C22.0237 3.5277 22.6137 4.0777 22.6137 5.2377V20.9177C22.6137 22.0777 22.0237 22.6177 20.9337 22.6177ZM13.0737 19.4377C13.8237 19.4377 14.3737 18.9777 14.3737 18.0977V15.5177L16.4037 14.6877C16.6837 14.5777 16.8337 14.3677 16.8337 14.0977C16.8337 13.7577 16.5837 13.5077 16.2437 13.5077C16.1437 13.5077 16.0537 13.5177 15.9537 13.5577L14.3737 14.2177V13.0677L16.4037 12.2377C16.6837 12.1277 16.8337 11.9077 16.8337 11.6477C16.8337 11.3077 16.5837 11.0477 16.2437 11.0477C16.1437 11.0477 16.0537 11.0777 15.9537 11.1177L14.3737 11.7677V9.3677H17.1037C17.7737 9.3677 18.2537 8.9177 18.2537 8.2477C18.2537 7.5777 17.7737 7.1277 17.1037 7.1277H9.0237C8.3537 7.1277 7.8737 7.5777 7.8737 8.2477C7.8737 8.9177 8.3537 9.3677 9.0237 9.3677H11.7437V12.7377L9.7437 13.5577C9.4637 13.6877 9.3237 13.8877 9.3237 14.1477C9.3237 14.4877 9.5737 14.7477 9.9137 14.7477C10.0037 14.7477 10.1037 14.7277 10.2037 14.6877L11.7437 14.0377V15.1877L9.7437 16.0077C9.4637 16.1377 9.3237 16.3377 9.3237 16.6077C9.3237 16.9377 9.5737 17.1977 9.9137 17.1977C10.0037 17.1977 10.1037 17.1677 10.2037 17.1277L11.7437 16.4877V18.0977C11.7437 18.9777 12.3037 19.4377 13.0737 19.4377Z","geometry":{"width":26.140625,"height":26.140625}}