{"path":"M3.4155 30.2477C5.3055 30.2477 6.8355 28.7177 6.8355 26.8377C6.8355 26.6577 6.8255 26.4877 6.8055 26.3377L10.4055 22.7477L15.6155 22.7277C16.5955 22.7277 17.6755 22.3477 18.3755 21.6677L29.7355 10.4777C30.5555 9.6777 30.5255 8.3877 29.7355 7.5677C28.9755 6.7777 27.6455 6.7777 26.8355 7.5677L15.9555 18.4477C15.6955 18.7077 15.3855 18.8477 14.9955 18.8477H11.8955L11.6855 18.6277V15.1577C11.6855 14.7877 11.8255 14.4577 12.0755 14.1977L22.7655 3.5077C23.5555 2.7177 23.5555 1.4177 22.7755 0.6077C21.9955 -0.1923 20.6755 -0.2123 19.8655 0.6077L8.6855 11.9677C7.9455 12.7277 7.6155 13.7477 7.6155 14.7377L7.6055 19.7277L3.8955 23.4277C3.7455 23.4177 3.5855 23.3977 3.4055 23.3977C1.5355 23.3977 -0.0045 24.9277 -0.0045 26.8377C-0.0045 28.7177 1.5355 30.2477 3.4155 30.2477Z","geometry":{"width":30.34135203626647,"height":30.250743192404656}}