{"path":"M0.8037 15.3639C0.9337 15.3639 1.0637 15.3439 1.1937 15.2839L4.1537 14.1639V21.7939C4.1537 23.6839 5.1937 24.8539 7.5637 24.8539H7.9737C15.6137 24.8539 19.7737 19.9039 19.7737 15.6639C19.7737 14.4539 18.9337 13.5639 17.5837 13.5639C16.3537 13.5639 15.6637 14.2839 15.4037 15.4239C14.9837 18.2239 12.6437 20.7139 8.7337 20.7239V12.4239L14.3437 10.2939C14.7337 10.1439 14.9137 9.8739 14.9137 9.5039C14.9137 9.0539 14.5837 8.6639 14.1237 8.6639C13.9837 8.6639 13.8637 8.6939 13.7437 8.7539L8.7337 10.6539V7.3939L14.3437 5.2739C14.7337 5.1139 14.9137 4.8439 14.9137 4.4839C14.9137 4.0239 14.5837 3.6539 14.1237 3.6539C13.9837 3.6539 13.8637 3.6739 13.7437 3.7139L8.7337 5.6239V2.3539C8.7337 0.8039 7.7837 0.0039 6.4437 0.0039C5.1137 0.0039 4.1537 0.8039 4.1537 2.3339V7.3539L0.5737 8.7139C0.1737 8.8739 0.0037 9.1639 0.0037 9.5139C0.0037 9.9839 0.3237 10.3339 0.8037 10.3339C0.9337 10.3339 1.0637 10.3239 1.1937 10.2639L4.1537 9.1339V12.3839L0.5737 13.7439C0.1737 13.8939 0.0037 14.1739 0.0037 14.5439C0.0037 14.9939 0.3237 15.3639 0.8037 15.3639Z","geometry":{"width":19.76953125,"height":24.85546875}}