{"path":"M4.2237 24.3635H23.2037V21.0135H4.5837C3.7437 21.0135 3.3537 20.6735 3.3537 19.7835V4.5835C3.3537 3.6935 3.7437 3.3535 4.5837 3.3535H31.2237C32.0637 3.3535 32.4437 3.6935 32.4437 4.5835V9.3935H35.8037V4.2235C35.8037 1.4635 34.3037 0.0035 31.5837 0.0035H4.2237C1.4937 0.0035 0.0037 1.4635 0.0037 4.2235V20.1435C0.0037 22.9035 1.4937 24.3635 4.2237 24.3635ZM28.6037 31.2835H37.6537C39.8037 31.2835 40.9837 30.0935 40.9837 27.9135V14.8235C40.9837 12.6335 39.8037 11.4435 37.6537 11.4435H28.6037C26.4237 11.4435 25.2537 12.6335 25.2537 14.8235V27.9135C25.2537 30.0935 26.4237 31.2835 28.6037 31.2835ZM33.1237 19.1035C31.7737 19.1035 30.6637 18.0035 30.6637 16.6435C30.6837 15.2735 31.7737 14.1935 33.1237 14.1735C34.5037 14.1635 35.5837 15.2735 35.5837 16.6435C35.5837 18.0035 34.5037 19.1035 33.1237 19.1035ZM33.1237 17.5635C33.6437 17.5635 34.0437 17.1535 34.0437 16.6435C34.0437 16.1035 33.6437 15.7135 33.1237 15.7135C32.6237 15.7135 32.2137 16.1335 32.2137 16.6435C32.2137 17.1535 32.6037 17.5635 33.1237 17.5635ZM33.1237 28.6135C30.8137 28.6135 28.9737 26.7535 28.9737 24.4435C28.9737 22.1235 30.8137 20.2935 33.1237 20.2735C35.4237 20.2635 37.2837 22.1235 37.2837 24.4435C37.2837 26.7535 35.4237 28.6135 33.1237 28.6135ZM33.1237 25.9035C33.9437 25.9035 34.6037 25.2535 34.6037 24.4435C34.6037 23.5935 33.9437 22.9535 33.1237 22.9535C32.3037 22.9535 31.6637 23.5935 31.6637 24.4435C31.6637 25.2535 32.3037 25.9035 33.1237 25.9035ZM10.1337 29.4035H23.3537C23.2537 28.9535 23.2037 28.4935 23.2037 26.4735H10.1337C9.3137 26.4735 8.6537 27.1535 8.6537 27.9435C8.6537 28.7235 9.3137 29.4035 10.1337 29.4035Z","geometry":{"width":40.98828125,"height":31.28125}}