{"path":"M4.2237 24.3635H31.5937C34.3337 24.3635 35.8237 22.9035 35.8237 20.1435V4.2235C35.8237 1.4635 34.3337 0.0035 31.5937 0.0035H4.2237C1.4937 0.0035 0.0037 1.4635 0.0037 4.2235V20.1435C0.0037 22.9035 1.4937 24.3635 4.2237 24.3635ZM10.7037 29.4035H25.1137C25.9337 29.4035 26.5937 28.7235 26.5937 27.9435C26.5937 27.1535 25.9337 26.4735 25.1137 26.4735H10.7037C9.8837 26.4735 9.2237 27.1535 9.2237 27.9435C9.2237 28.7235 9.8837 29.4035 10.7037 29.4035Z","geometry":{"width":35.8203125,"height":29.408203125}}