{"path":"M4.2237 24.3635H31.5937C34.3137 24.3635 35.8237 22.8635 35.8237 20.1435V4.2235C35.8237 1.5135 34.3137 0.0035 31.5937 0.0035H4.2237C1.5037 0.0035 0.0037 1.5135 0.0037 4.2235V20.1435C0.0037 22.8635 1.5037 24.3635 4.2237 24.3635ZM4.5837 21.0135C3.7637 21.0135 3.3537 20.6335 3.3537 19.7835V4.5835C3.3537 3.7335 3.7637 3.3535 4.5837 3.3535H31.2437C32.0637 3.3535 32.4737 3.7335 32.4737 4.5835V19.7835C32.4737 20.6335 32.0637 21.0135 31.2437 21.0135ZM10.7037 29.4035H25.1137C25.9337 29.4035 26.5937 28.7235 26.5937 27.9435C26.5937 27.1535 25.9337 26.4735 25.1137 26.4735H10.7037C9.8837 26.4735 9.2237 27.1535 9.2237 27.9435C9.2237 28.7235 9.8837 29.4035 10.7037 29.4035Z","geometry":{"width":35.8203125,"height":29.408203125}}