{"path":"M4.8237 26.1377H21.3137C24.4437 26.1377 26.1437 24.4477 26.1437 21.3377V4.7977C26.1437 1.6977 24.4437 -0.0023 21.3137 -0.0023H4.8237C1.7137 -0.0023 0.0037 1.6977 0.0037 4.7977V21.3377C0.0037 24.4477 1.7137 26.1377 4.8237 26.1377ZM13.1537 19.7377C9.7037 19.7377 7.3437 17.8177 7.3437 14.8977V8.2577C7.3437 7.0277 7.9737 6.3477 9.0937 6.3477C10.2137 6.3477 10.8437 7.0377 10.8437 8.2577V14.5577C10.8437 15.9577 11.7737 16.8877 13.1537 16.8877C14.5437 16.8877 15.4737 15.9577 15.4737 14.5577V8.2577C15.4737 7.0377 16.1037 6.3477 17.2137 6.3477C18.3437 6.3477 18.9737 7.0277 18.9737 8.2577V14.8977C18.9737 17.8177 16.6137 19.7377 13.1537 19.7377Z","geometry":{"width":26.140625,"height":26.140625}}