{"path":"M1.5537 18.2891C2.2437 18.2891 2.7437 17.9491 3.4437 17.2391C4.1437 16.3291 4.8937 15.9091 5.8537 15.9091C6.7937 15.9091 7.4937 16.3791 8.3037 17.4891C8.7237 18.0291 9.1337 18.2891 9.6637 18.2891C10.2037 18.2891 10.6237 18.0191 11.0237 17.4891C11.3937 17.0091 11.8537 16.6091 12.3637 16.3391V27.8191C12.3637 28.7091 11.7037 29.3691 10.8037 29.3691C9.8937 29.3691 9.2737 28.6991 9.2737 27.7791C9.2737 26.7591 8.5737 26.0191 7.6037 26.0191C6.6137 26.0191 5.9237 26.7691 5.9237 27.8191C5.9237 30.4891 8.0537 32.5391 10.8137 32.5391C13.5737 32.5391 15.6937 30.7591 15.6937 27.9091V16.3391C16.2037 16.6091 16.6637 17.0091 17.0237 17.4891C17.4337 18.0191 17.8537 18.2891 18.3937 18.2891C18.9037 18.2891 19.3337 18.0291 19.7537 17.4891C20.5537 16.3791 21.2637 15.9091 22.2037 15.9091C23.1637 15.9091 23.9137 16.3291 24.5937 17.2391C25.3037 17.9491 25.8137 18.2891 26.4937 18.2891C27.3837 18.2891 28.0437 17.5591 28.0437 16.5991C28.0437 11.5291 24.1437 4.2291 15.6937 3.3591V1.6791C15.6937 0.7391 14.9437 -0.0009 14.0237 -0.0009C13.0937 -0.0009 12.3637 0.7291 12.3637 1.6791V3.3591C3.9137 4.2291 0.0037 11.5291 0.0037 16.5991C0.0037 17.5591 0.6737 18.2891 1.5537 18.2891ZM20.6837 31.9891C21.1737 32.2891 21.8237 32.1391 22.1237 31.6791L28.3437 22.3691C28.6937 21.8291 28.5437 21.1491 28.0437 20.8791C27.5637 20.5991 26.9737 20.7491 26.6437 21.2291L20.3937 30.4991C20.0337 31.0591 20.1637 31.6891 20.6837 31.9891ZM20.5737 26.9891C22.1937 26.9891 23.2137 25.7691 23.2137 23.8891C23.2137 21.9991 22.1937 20.8091 20.5737 20.8091C18.9737 20.8091 17.9637 21.9991 17.9637 23.8891C17.9637 25.7691 18.9937 26.9891 20.5737 26.9891ZM20.5737 25.1391C20.2737 25.1391 20.0937 24.7091 20.0937 23.8891C20.0937 23.0791 20.2737 22.6591 20.5737 22.6591C20.8937 22.6591 21.0837 23.0691 21.0837 23.8891C21.0837 24.7191 20.8937 25.1391 20.5737 25.1391ZM28.1537 32.0891C29.7537 32.0891 30.7737 30.8691 30.7737 28.9891C30.7737 27.0991 29.7637 25.8991 28.1537 25.8991C26.5337 25.8991 25.5237 27.0991 25.5237 28.9891C25.5237 30.8691 26.5537 32.0891 28.1537 32.0891ZM28.1537 30.2391C27.8337 30.2391 27.6537 29.8291 27.6537 28.9891C27.6537 28.1591 27.8537 27.7391 28.1537 27.7391C28.4637 27.7391 28.6437 28.1791 28.6437 28.9891C28.6437 29.8091 28.4737 30.2391 28.1537 30.2391Z","geometry":{"width":30.775390625,"height":32.5390625}}