{"path":"M4.8237 26.1377H21.3137C24.4437 26.1377 26.1437 24.4477 26.1437 21.3377V4.7977C26.1437 1.6977 24.4437 -0.0023 21.3137 -0.0023H4.8237C1.7137 -0.0023 0.0037 1.6977 0.0037 4.7977V21.3377C0.0037 24.4477 1.7137 26.1377 4.8237 26.1377ZM5.2137 22.6177C4.1137 22.6177 3.5237 22.0777 3.5237 20.9177V5.2377C3.5237 4.0777 4.1137 3.5277 5.2137 3.5277H20.9337C22.0237 3.5277 22.6137 4.0777 22.6137 5.2377V20.9177C22.6137 22.0777 22.0237 22.6177 20.9337 22.6177ZM13.0437 19.3877C14.5037 19.3877 15.2737 18.7477 15.7337 17.3477L18.6637 9.1577C18.7737 8.8077 18.8137 8.5677 18.8137 8.2677C18.8137 7.3277 18.1137 6.6977 17.0937 6.6977C16.1337 6.6977 15.6537 7.1377 15.3937 8.2177L13.1237 16.0477H13.0037L10.7337 8.2177C10.4737 7.1377 9.9837 6.6977 9.0337 6.6977C8.0137 6.6977 7.3237 7.3377 7.3237 8.2977C7.3237 8.5977 7.3737 8.8177 7.4737 9.1577L10.4137 17.4177C10.8737 18.7977 11.5937 19.3877 13.0437 19.3877Z","geometry":{"width":26.140625,"height":26.140625}}