{"path":"M4.8237 26.1377H21.3137C24.4437 26.1377 26.1437 24.4477 26.1437 21.3377V4.7977C26.1437 1.6977 24.4437 -0.0023 21.3137 -0.0023H4.8237C1.7137 -0.0023 0.0037 1.6977 0.0037 4.7977V21.3377C0.0037 24.4477 1.7137 26.1377 4.8237 26.1377ZM13.1237 19.7277C11.5837 19.7277 10.8137 19.0977 10.3237 17.6377L7.2437 8.9677C7.1237 8.6177 7.0837 8.3677 7.0837 8.0677C7.0837 7.0277 7.8237 6.3577 8.9137 6.3577C9.9237 6.3577 10.4337 6.8177 10.7237 7.9677L13.0837 16.1877H13.2037L15.5837 7.9677C15.8637 6.8177 16.3637 6.3577 17.3737 6.3577C18.4737 6.3577 19.2237 7.0277 19.2237 8.0377C19.2237 8.3377 19.1837 8.5977 19.0537 8.9677L15.9937 17.5577C15.5037 19.0477 14.6837 19.7277 13.1237 19.7277Z","geometry":{"width":26.140625,"height":26.140625}}