{"path":"M5.0472 23.0465H18.9672C22.2172 23.0465 24.0072 21.2765 24.0072 18.1565V4.8765C24.0072 1.7765 22.2872 -0.0035 19.0472 -0.0035H5.0472C1.8772 -0.0035 -0.0028 1.7765 -0.0028 4.8965V18.3765C-0.0028 21.4965 1.8072 23.0465 5.0472 23.0465ZM26.2372 16.4765L30.4572 20.0965C31.1672 20.6865 31.8372 21.0865 32.5372 21.0865C33.7272 21.0865 34.5772 20.2665 34.5772 18.9465V4.2665C34.5772 2.9665 33.7272 2.1365 32.5372 2.1365C31.8372 2.1365 31.1672 2.5265 30.4572 3.1265L26.2372 6.7565Z","geometry":{"width":34.576171875,"height":23.05078125}}