{"path":"M26.9776 28.5888C27.4276 29.0388 28.1776 29.0388 28.6076 28.5888C29.0376 28.1288 29.0576 27.4088 28.6076 26.9588L1.9676 0.3388C1.5176 -0.1112 0.7876 -0.1112 0.3176 0.3388C-0.1024 0.7588 -0.1024 1.5288 0.3176 1.9688ZM21.3876 2.6988H6.9876L10.0976 5.7888H20.8276C22.8076 5.7888 23.9476 6.8988 23.9476 8.8988V19.1188C23.9476 19.3188 23.9276 19.4488 23.8876 19.5888L26.9376 22.6488C27.1576 22.0488 27.2676 21.3288 27.2676 20.5888V19.2188L31.7876 23.0788C32.5876 23.7488 33.3376 24.1988 34.1276 24.1988C35.4576 24.1988 36.4076 23.2488 36.4076 21.7888V7.2788C36.4076 5.8088 35.4576 4.8788 34.1276 4.8788C33.3176 4.8788 32.5876 5.3288 31.7876 5.9988L27.2676 9.8388V8.3888C27.2676 4.7788 25.1576 2.6988 21.3876 2.6988ZM7.2776 26.1888H21.9076L18.7976 23.0888H7.8376C5.8576 23.0888 4.7376 21.9788 4.7376 19.9888V9.0788L1.5776 5.8988C1.4676 6.5588 1.4076 7.2588 1.4076 7.9988V20.7188C1.4076 24.3288 3.5076 26.1888 7.2776 26.1888ZM32.8276 20.2288L27.2676 15.7488V13.3088L32.8276 8.8388C32.9276 8.7588 33.0076 8.7088 33.1076 8.7088C33.2376 8.7088 33.3176 8.7988 33.3176 8.9688V20.1088C33.3176 20.2688 33.2376 20.3688 33.1076 20.3688C33.0076 20.3688 32.9276 20.2988 32.8276 20.2288Z","geometry":{"width":36.41162109375,"height":28.9228515625}}