{"path":"M15.7404 23.4852H25.5404C29.3104 23.4852 31.4204 21.4052 31.4204 17.7852V16.5552L35.9404 20.3752C36.7404 21.0252 37.4904 21.4952 38.2804 21.4952C39.6104 21.4952 40.5604 20.5452 40.5604 19.0852V4.5752C40.5604 3.1052 39.6104 2.1752 38.2804 2.1752C37.4704 2.1752 36.7404 2.6252 35.9404 3.2952L31.4204 7.1052V5.6852C31.4204 2.0752 29.3104 -0.0048 25.5404 -0.0048H11.4304C7.7504 -0.0048 5.5604 2.0752 5.5604 5.7052V10.8952C6.0804 10.7852 6.6404 10.7352 7.1904 10.7352C7.7704 10.7352 8.3404 10.8052 8.8904 10.9052V6.1952C8.8904 4.1252 10.0104 3.0852 11.9904 3.0852H24.9804C26.9604 3.0852 28.1004 4.1952 28.1004 6.1952V17.2852C28.1004 19.2752 26.9304 20.3852 24.9604 20.3852H16.4104C16.3604 21.4752 16.1904 22.4952 15.7404 23.4852ZM36.9804 17.5252L31.4204 13.0152V10.6352L36.9804 6.1352C37.0804 6.0552 37.1604 6.0052 37.2604 6.0052C37.3904 6.0052 37.4704 6.0952 37.4704 6.2652V17.4052C37.4704 17.5652 37.3904 17.6652 37.2604 17.6652C37.1604 17.6652 37.0804 17.5952 36.9804 17.5252ZM7.2004 27.1952C11.1304 27.1952 14.4004 23.9152 14.4004 19.9852C14.4004 16.0552 11.1404 12.7952 7.2004 12.7952C3.2504 12.7952 0.0004 16.0552 0.0004 19.9852C0.0004 23.9252 3.2504 27.1952 7.2004 27.1952ZM10.9604 21.2852C10.2504 21.2852 9.6804 20.6752 9.6804 19.9852C9.6804 19.2952 10.2504 18.6852 10.9604 18.6852C11.6604 18.6852 12.2504 19.2952 12.2404 19.9852C12.2404 20.6752 11.6604 21.2852 10.9604 21.2852ZM3.4204 21.2552C2.7304 21.2552 2.1604 20.6752 2.1604 19.9852C2.1604 19.3052 2.7304 18.7152 3.4204 18.7152C4.1104 18.7152 4.6904 19.3052 4.6904 19.9852C4.6904 20.6752 4.1104 21.2552 3.4204 21.2552ZM7.2004 21.2552C6.5204 21.2552 5.9304 20.6752 5.9304 19.9852C5.9304 19.3052 6.5204 18.7152 7.2004 18.7152C7.8904 18.7152 8.4804 19.3052 8.4804 19.9852C8.4804 20.6752 7.8904 21.2552 7.2004 21.2552Z","geometry":{"width":40.564453125,"height":27.193359375}}