{"path":"M17.5148 23.4852H25.8548C29.6248 23.4852 31.7348 21.4052 31.7348 17.7852V16.5152L36.2548 20.3752C37.0548 21.0452 37.8048 21.4952 38.5948 21.4952C39.9248 21.4952 40.8748 20.5452 40.8748 19.0852V4.5752C40.8748 3.1052 39.9248 2.1752 38.5948 2.1752C37.7848 2.1752 37.0548 2.6252 36.2548 3.2952L31.7348 7.1352V5.6852C31.7348 2.0752 29.6248 -0.0048 25.8548 -0.0048H11.7448C8.0648 -0.0048 5.8748 2.0752 5.8748 5.7052V12.5052C6.3448 12.1652 6.9348 11.9452 7.5748 11.9452C8.1748 11.9452 8.7348 12.1452 9.2048 12.4452V6.1952C9.2048 4.1252 10.3248 3.0852 12.3048 3.0852H25.2948C27.2748 3.0852 28.4148 4.1952 28.4148 6.1952V17.2852C28.4148 19.2752 27.2448 20.3852 25.2748 20.3852H17.5148ZM31.7348 13.0452V10.6252L37.2948 6.1352C37.3948 6.0552 37.4748 6.0052 37.5748 6.0052C37.7048 6.0052 37.7848 6.0952 37.7848 6.2652V17.4052C37.7848 17.5652 37.7048 17.6652 37.5748 17.6652C37.4748 17.6652 37.3948 17.5952 37.2948 17.5252ZM7.5748 27.9852C8.0548 27.9852 8.4348 27.6052 8.4348 27.1252V15.2052C8.4348 14.7152 8.0548 14.3252 7.5748 14.3252C7.0848 14.3252 6.7148 14.7152 6.7148 15.2052V27.1252C6.7148 27.6152 7.0848 27.9852 7.5748 27.9852ZM10.9248 26.0852C11.4148 26.0852 11.7848 25.7052 11.7848 25.2252V17.0852C11.7848 16.6152 11.4048 16.2252 10.9248 16.2252C10.4448 16.2252 10.0648 16.6152 10.0648 17.0852V25.2252C10.0648 25.7052 10.4448 26.0852 10.9248 26.0852ZM4.2148 25.8652C4.7048 25.8652 5.0948 25.4752 5.0948 24.9952V17.3052C5.0948 16.8452 4.7048 16.4452 4.2148 16.4452C3.7348 16.4452 3.3448 16.8452 3.3448 17.3052V24.9952C3.3448 25.4852 3.7448 25.8652 4.2148 25.8652ZM14.2748 23.8952C14.7648 23.8952 15.1348 23.5252 15.1348 23.0352V19.2752C15.1348 18.7852 14.7648 18.4152 14.2748 18.4152C13.7848 18.4152 13.4148 18.7952 13.4148 19.2752V23.0352C13.4148 23.5252 13.7848 23.8952 14.2748 23.8952ZM0.8448 23.1852C1.3548 23.1852 1.7348 22.8052 1.7348 22.3252V19.9852C1.7348 19.5052 1.3548 19.1152 0.8448 19.1152C0.3848 19.1152 0.0048 19.5052 0.0048 19.9852V22.3252C0.0048 22.8052 0.3848 23.1852 0.8448 23.1852Z","geometry":{"width":40.87890625,"height":27.986328125}}