{"path":"M21.4637 17.9897C26.5337 17.9897 30.4737 14.0697 30.4737 9.0097C30.4737 3.9197 26.5337 -0.0003 21.4637 -0.0003C16.4237 -0.0003 12.4837 3.9197 12.4837 9.0097C12.4837 14.0697 16.4237 17.9897 21.4637 17.9897ZM10.8137 9.0097C10.8137 5.3697 12.5337 2.2297 15.2037 0.3297H4.7737C1.6937 0.3297 0.0037 1.9997 0.0037 5.0597V12.9297C0.0037 15.3797 1.0837 16.9397 3.0937 17.4697V18.6597C3.0937 19.6197 3.7437 20.2797 4.7137 20.2797H9.6637C10.6337 20.2797 11.2937 19.6197 11.2937 18.6597V17.6597H15.2037C12.5237 15.7497 10.8137 12.6197 10.8137 9.0097ZM38.2037 0.3297H27.7537C30.4237 2.2297 32.1437 5.3697 32.1437 9.0097C32.1437 12.6197 30.4337 15.7497 27.7537 17.6597H31.6737V18.6597C31.6737 19.6197 32.3337 20.2797 33.2937 20.2797H38.2537C39.2137 20.2797 39.8637 19.6197 39.8637 18.6597V17.4697C41.8737 16.9397 42.9537 15.3797 42.9537 12.9297V5.0597C42.9537 1.9997 41.2737 0.3297 38.2037 0.3297ZM21.4637 14.9797C18.1137 14.9797 15.4737 12.3597 15.4737 9.0097C15.4737 5.6497 18.1137 3.0097 21.4637 3.0097C24.8237 3.0097 27.4837 5.6497 27.4837 9.0097C27.4837 12.3597 24.8237 14.9797 21.4637 14.9797ZM21.4637 13.7297C24.1337 13.7297 26.2137 11.6497 26.2137 9.0097C26.2137 6.3597 24.1337 4.2697 21.4637 4.2697C18.8137 4.2697 16.7337 6.3597 16.7337 9.0097C16.7337 11.6497 18.8137 13.7297 21.4637 13.7297ZM34.2937 6.3597C34.2937 5.6197 34.8037 5.0897 35.5437 5.0897H38.6137C39.3437 5.0897 39.8637 5.6197 39.8637 6.3597C39.8637 7.0797 39.3437 7.6197 38.6137 7.6197H35.5437C34.8037 7.6197 34.2937 7.0797 34.2937 6.3597ZM34.2937 10.2297C34.2937 9.4997 34.8037 8.9697 35.5437 8.9697H38.6137C39.3437 8.9697 39.8637 9.4997 39.8637 10.2297C39.8637 10.9697 39.3437 11.4997 38.6137 11.4997H35.5437C34.8037 11.4997 34.2937 10.9697 34.2937 10.2297Z","geometry":{"width":42.95703125,"height":20.275390625}}