{"path":"M4.8237 26.1377H21.3137C24.4437 26.1377 26.1437 24.4477 26.1437 21.3377V4.7977C26.1437 1.6977 24.4437 -0.0023 21.3137 -0.0023H4.8237C1.7137 -0.0023 0.0037 1.6977 0.0037 4.7977V21.3377C0.0037 24.4477 1.7137 26.1377 4.8237 26.1377ZM5.2137 22.6177C4.1137 22.6177 3.5237 22.0777 3.5237 20.9177V5.2377C3.5237 4.0777 4.1137 3.5277 5.2137 3.5277H20.9337C22.0237 3.5277 22.6137 4.0777 22.6137 5.2377V20.9177C22.6137 22.0777 22.0237 22.6177 20.9337 22.6177ZM7.9137 18.2677H14.3137C15.7637 18.2677 16.5737 17.4677 16.5737 16.0877V10.0577C16.5737 8.6777 15.7937 7.8877 14.3537 7.8877H7.9137C6.5037 7.8877 5.6737 8.6777 5.6737 10.0577V16.1577C5.6737 17.5577 6.4837 18.2677 7.9137 18.2677ZM17.3337 15.1577L19.4237 16.9377C19.7437 17.1877 20.0337 17.3677 20.3437 17.3677C20.8737 17.3677 21.2437 16.9977 21.2437 16.4077V9.7977C21.2437 9.2177 20.8737 8.8477 20.3437 8.8477C20.0337 8.8477 19.7437 9.0277 19.4237 9.2877L17.3337 11.0477Z","geometry":{"width":26.140625,"height":26.140625}}