{"path":"M15.7404 23.4852H25.5404C29.3104 23.4852 31.4204 21.4052 31.4204 17.7852V16.5552L35.9404 20.3752C36.7404 21.0252 37.4904 21.4952 38.2804 21.4952C39.6104 21.4952 40.5604 20.5452 40.5604 19.0852V4.5752C40.5604 3.1052 39.6104 2.1752 38.2804 2.1752C37.4704 2.1752 36.7404 2.6252 35.9404 3.2952L31.4204 7.1052V5.6852C31.4204 2.0752 29.3104 -0.0048 25.5404 -0.0048H11.4304C7.7504 -0.0048 5.5604 2.0752 5.5604 5.7052V10.8952C6.0804 10.7852 6.6404 10.7352 7.1904 10.7352C7.7704 10.7352 8.3404 10.8052 8.8904 10.9052V6.1952C8.8904 4.1252 10.0104 3.0852 11.9904 3.0852H24.9804C26.9604 3.0852 28.1004 4.1952 28.1004 6.1952V17.2852C28.1004 19.2752 26.9304 20.3852 24.9604 20.3852H16.4104C16.3604 21.4752 16.1904 22.4952 15.7404 23.4852ZM36.9804 17.5252L31.4204 13.0152V10.6352L36.9804 6.1352C37.0804 6.0552 37.1604 6.0052 37.2604 6.0052C37.3904 6.0052 37.4704 6.0952 37.4704 6.2652V17.4052C37.4704 17.5652 37.3904 17.6652 37.2604 17.6652C37.1604 17.6652 37.0804 17.5952 36.9804 17.5252ZM7.2004 27.1952C11.1304 27.1952 14.4004 23.9152 14.4004 19.9852C14.4004 16.0552 11.1404 12.7952 7.2004 12.7952C3.2504 12.7952 0.0004 16.0552 0.0004 19.9852C0.0004 23.9252 3.2504 27.1952 7.2004 27.1952ZM6.4704 23.9252C6.1404 23.9252 5.7704 23.8252 5.5204 23.5552L3.2704 21.1252C3.0604 20.8752 2.9104 20.5752 2.9104 20.2652C2.9104 19.5052 3.4904 19.0852 4.1004 19.0852C4.4604 19.0852 4.7604 19.2052 4.9604 19.4452L6.3704 21.0452L9.4204 16.8452C9.6504 16.5152 9.9904 16.3252 10.4004 16.3252C11.0504 16.3252 11.5804 16.8452 11.5804 17.4952C11.5804 17.7052 11.5104 17.9552 11.3604 18.1552L7.4204 23.4852C7.2304 23.7652 6.8604 23.9252 6.4704 23.9252Z","geometry":{"width":40.564453125,"height":27.193359375}}