{"path":"M9.7337 32.507C15.4337 32.507 19.4437 28.667 19.4437 23.197V9.307C19.4437 3.837 15.4337 -0.003 9.7337 -0.003C4.0237 -0.003 0.0037 3.837 0.0037 9.307V23.197C0.0037 28.667 4.0237 32.507 9.7337 32.507ZM9.7037 29.367C5.8537 29.367 3.1137 26.827 3.1137 23.197V9.307C3.1137 5.687 5.8537 3.147 9.7037 3.147C13.5937 3.147 16.3237 5.687 16.3237 9.307V23.197C16.3237 26.827 13.5937 29.367 9.7037 29.367ZM9.7337 15.287C12.5337 15.287 14.7537 13.067 14.7537 10.257C14.7537 7.437 12.5337 5.207 9.7337 5.207C6.9037 5.207 4.6937 7.437 4.6937 10.257C4.6937 13.067 6.9037 15.287 9.7337 15.287ZM9.7337 11.987C8.7537 11.987 7.9837 11.227 7.9837 10.257C7.9837 9.267 8.7537 8.517 9.7337 8.517C10.6937 8.517 11.4537 9.267 11.4537 10.257C11.4537 11.227 10.6937 11.987 9.7337 11.987ZM9.7337 27.277C12.5337 27.277 14.7537 25.057 14.7537 22.247C14.7537 19.417 12.5337 17.217 9.7337 17.217C6.9037 17.217 4.6937 19.417 4.6937 22.247C4.6937 25.057 6.9037 27.277 9.7337 27.277ZM9.7337 25.077C8.1337 25.077 6.8937 23.827 6.8937 22.247C6.8937 20.647 8.1337 19.397 9.7337 19.397C11.3037 19.397 12.5537 20.647 12.5537 22.247C12.5537 23.827 11.3037 25.077 9.7337 25.077Z","geometry":{"width":19.44140625,"height":32.51171875}}