{"path":"M4.8237 26.1377H21.3137C24.4437 26.1377 26.1437 24.4477 26.1437 21.3377V4.7977C26.1437 1.6977 24.4437 -0.0023 21.3137 -0.0023H4.8237C1.7137 -0.0023 0.0037 1.6977 0.0037 4.7977V21.3377C0.0037 24.4477 1.7137 26.1377 4.8237 26.1377ZM7.7537 18.5377C6.2337 18.5377 5.3737 17.7877 5.3737 16.3277V9.9077C5.3737 8.4477 6.2637 7.6177 7.7537 7.6177H14.5037C16.0337 7.6177 16.8337 8.4477 16.8337 9.9077V16.2377C16.8337 17.6877 15.9937 18.5377 14.4637 18.5377ZM17.6537 15.2677V10.9377L19.8337 9.0777C20.1637 8.8077 20.4937 8.6277 20.8037 8.6277C21.3737 8.6277 21.7637 9.0077 21.7637 9.6277V16.5877C21.7637 17.2177 21.3737 17.5977 20.8037 17.5977C20.4937 17.5977 20.1637 17.4077 19.8337 17.1477Z","geometry":{"width":26.140625,"height":26.140625}}