{"path":"M9.7337 32.507C15.4337 32.507 19.4437 28.667 19.4437 23.197V9.307C19.4437 3.837 15.4337 -0.003 9.7337 -0.003C4.0237 -0.003 0.0037 3.837 0.0037 9.307V23.197C0.0037 28.667 4.0237 32.507 9.7337 32.507ZM9.7337 15.077C6.7537 15.077 4.4137 12.747 4.4137 9.757C4.4137 6.797 6.7537 4.457 9.7337 4.457C12.6837 4.457 15.0237 6.797 15.0237 9.757C15.0237 12.747 12.6837 15.077 9.7337 15.077ZM9.7337 11.597C10.7437 11.597 11.5437 10.797 11.5437 9.757C11.5437 8.737 10.7437 7.947 9.7337 7.947C8.6937 7.947 7.9037 8.737 7.9037 9.757C7.9037 10.797 8.6937 11.597 9.7337 11.597ZM9.7337 28.037C6.7537 28.037 4.4137 25.687 4.4137 22.727C4.4137 19.757 6.7537 17.417 9.7337 17.417C12.6837 17.417 15.0237 19.757 15.0237 22.727C15.0237 25.687 12.6837 28.037 9.7337 28.037ZM9.7337 25.687C11.3937 25.687 12.6837 24.407 12.6837 22.727C12.6837 21.057 11.3937 19.747 9.7337 19.747C8.0537 19.747 6.7537 21.057 6.7537 22.727C6.7537 24.407 8.0537 25.687 9.7337 25.687Z","geometry":{"width":19.44140625,"height":32.51171875}}