{"path":"M26.9862 28.5988C27.4362 29.0388 28.1762 29.0488 28.6062 28.5988C29.0362 28.1488 29.0562 27.4188 28.6062 26.9688L1.9662 0.3388C1.5162 -0.1112 0.7762 -0.1112 0.3262 0.3388C-0.1138 0.7788 -0.1138 1.5288 0.3262 1.9688ZM20.7362 2.9188H7.1762L25.6362 21.3788C25.6862 21.1088 25.7162 20.7488 25.7162 20.4088V7.7988C25.7162 4.6988 23.9962 2.9188 20.7362 2.9188ZM27.9362 19.3988L32.1562 23.0188C32.8662 23.6088 33.5462 24.0088 34.2462 24.0088C35.4362 24.0088 36.2862 23.1888 36.2862 21.8688V7.1888C36.2862 5.8888 35.4362 5.0588 34.2462 5.0588C33.5362 5.0588 32.8762 5.4488 32.1562 6.0488L27.9362 9.6788ZM6.7562 25.9688H21.6962L1.9262 6.1988C1.7862 6.6288 1.7062 7.2388 1.7062 7.8488V21.2788C1.7062 24.3888 3.5162 25.9688 6.7562 25.9688Z","geometry":{"width":36.28515625,"height":28.931416201092485}}