{"path":"M7.5437 21.0684C12.4237 21.0684 15.7137 18.5984 15.7137 15.0084C15.7137 12.2384 13.7037 10.4484 10.5637 10.1884V10.1084C13.1637 9.6684 14.9037 7.8784 14.9037 5.3984C14.9037 2.1884 11.9637 -0.0016 7.5737 -0.0016C4.1437 -0.0016 1.5037 1.3984 0.6437 3.6184C0.4337 4.0584 0.3437 4.4984 0.3437 4.9584C0.3437 5.9384 1.0437 6.5784 2.0537 6.5784C2.9437 6.5784 3.4337 6.2884 3.8437 5.5184C4.5537 4.0184 5.7537 3.2284 7.5437 3.2284C9.5937 3.2284 10.9237 4.2784 10.9237 5.9584C10.9237 7.6884 9.5437 8.7884 7.4537 8.7884H6.3137C5.3137 8.7884 4.7037 9.3884 4.7037 10.2784C4.7037 11.1884 5.3337 11.7884 6.3137 11.7884H7.4337C9.9237 11.7884 11.3937 12.8684 11.3937 14.7284C11.3937 16.4884 9.8437 17.6884 7.6137 17.6884C5.7037 17.6884 4.3437 16.9284 3.6937 15.5084C3.1737 14.6984 2.7037 14.4084 1.8437 14.4084C0.7637 14.4084 0.0037 15.0784 0.0037 16.1584C0.0037 16.6484 0.1237 17.1184 0.3737 17.5984C1.4537 19.6984 4.0037 21.0684 7.5437 21.0684ZM20.4637 20.6284H26.0037C31.7337 20.6284 35.5237 16.5584 35.5237 10.4484C35.5237 4.4384 31.7337 0.4484 26.0037 0.4484H20.4637C19.1937 0.4484 18.3737 1.2184 18.3737 2.5184V18.5484C18.3737 19.8684 19.1937 20.6284 20.4637 20.6284ZM22.5737 17.1884V3.8784H25.5137C28.9737 3.8784 31.2437 6.5084 31.2437 10.4584C31.2437 14.4884 28.9737 17.1884 25.5137 17.1884Z","geometry":{"width":35.51953125,"height":21.068359375}}