{"path":"M1.9 20.5254H13.48C14.51 20.5254 15.2 19.8654 15.2 18.8654C15.2 17.8654 14.51 17.2154 13.48 17.2154H5.43V17.1154L10.62 12.3154C13.48 9.6654 14.57 8.0554 14.57 5.9054C14.57 2.4754 11.61 -0.0046 7.22 -0.0046C3.73 -0.0046 1.12 1.5754 0.23 4.2154C0.08 4.6354 0.03 4.9854 0.03 5.3854C0.03 6.3954 0.71 7.0854 1.76 7.0854C2.71 7.0854 3.24 6.6754 3.57 5.7954C3.68 5.4254 3.81 5.1154 4.02 4.8154C4.65 3.8554 5.73 3.2654 7.14 3.2654C9.06 3.2654 10.46 4.5154 10.46 6.1354C10.46 7.4654 9.84 8.4754 7.67 10.5254L1.13 16.6354C0.36 17.3454 0 17.9754 0 18.7354C0 19.8354 0.75 20.5254 1.9 20.5254ZM19.89 20.5054H25.43C31.16 20.5054 34.95 16.4354 34.95 10.3254C34.95 4.3154 31.16 0.3254 25.43 0.3254H19.89C18.62 0.3254 17.8 1.0954 17.8 2.3954V18.4254C17.8 19.7454 18.62 20.5054 19.89 20.5054ZM22 17.0654V3.7554H24.94C28.4 3.7554 30.67 6.3854 30.67 10.3354C30.67 14.3654 28.4 17.0654 24.94 17.0654Z","geometry":{"width":34.9453125,"height":20.521484375}}