{"path":"M4.8037 30.0902H19.4437C22.5437 30.0902 24.2437 28.3802 24.2437 25.2702V4.8302C24.2437 1.7002 22.5437 0.0002 19.4437 0.0002H15.3137C14.7237 0.0002 14.4137 0.3002 14.4137 0.8202C14.4137 2.0402 13.5537 3.1002 12.1237 3.1002C10.6937 3.1002 9.8137 2.0402 9.8137 0.8202C9.8137 0.3002 9.5037 0.0002 8.9237 0.0002H4.8037C1.6937 0.0002 0.0037 1.7002 0.0037 4.8302V25.2702C0.0037 28.3802 1.6937 30.0902 4.8037 30.0902ZM5.2237 26.5602C4.0637 26.5602 3.5237 25.9802 3.5237 24.8802V5.2102C3.5237 4.1202 4.0637 3.5302 5.2237 3.5302H7.6337C8.3137 5.3202 9.9637 6.3802 12.1237 6.3802C14.2737 6.3802 15.9237 5.3202 16.6137 3.5302H19.0137C20.1837 3.5302 20.7137 4.1202 20.7137 5.2102V24.8802C20.7137 25.9802 20.1837 26.5602 19.0137 26.5602ZM7.4337 11.0202H16.8037C17.3237 11.0202 17.7237 10.6102 17.7237 10.0902C17.7237 9.5802 17.3237 9.2002 16.8037 9.2002H7.4337C6.9037 9.2002 6.5037 9.5802 6.5037 10.0902C6.5037 10.6102 6.9037 11.0202 7.4337 11.0202ZM7.4337 15.5602H12.1537C12.6737 15.5602 13.0537 15.1802 13.0537 14.6702C13.0537 14.1502 12.6737 13.7402 12.1537 13.7402H7.4337C6.9037 13.7402 6.5037 14.1502 6.5037 14.6702C6.5037 15.1802 6.9037 15.5602 7.4337 15.5602Z","geometry":{"width":24.240234375,"height":30.091796875}}