{"path":"M15.0437 5.608C19.1037 5.608 19.6337 2.778 21.6537 2.778C23.7037 2.778 24.0337 5.608 28.5837 5.608H28.6937C29.4637 5.608 30.0937 4.988 30.0937 4.208C30.0937 3.448 29.4637 2.828 28.6937 2.828H28.5837C27.3837 2.828 26.6237 2.368 25.4737 1.548C24.5537 0.878 23.3337 -0.002 21.6537 -0.002C19.9437 -0.002 18.7137 0.898 17.8037 1.568C16.8437 2.298 16.1437 2.828 15.0437 2.828C13.9337 2.828 13.2437 2.298 12.2737 1.568C11.3737 0.898 10.1337 -0.002 8.4337 -0.002C6.7537 -0.002 5.5237 0.878 4.6237 1.548C3.4737 2.368 2.6937 2.828 1.4937 2.828H1.3937C0.6137 2.828 0.0037 3.448 0.0037 4.208C0.0037 4.988 0.6137 5.608 1.3937 5.608H1.4937C6.0437 5.608 6.3837 2.778 8.4337 2.778C10.4637 2.778 10.9737 5.608 15.0437 5.608ZM11.0037 16.638C9.9437 16.638 9.4737 17.668 10.1537 18.528L14.0037 23.408C14.6037 24.148 15.4237 24.158 16.0237 23.408L19.8637 18.528C20.5537 17.668 20.0737 16.638 19.0137 16.638H16.6137V9.718C16.6137 8.888 15.9137 8.158 15.0437 8.158C14.1537 8.158 13.4537 8.888 13.4537 9.718V16.638ZM8.4337 11.008C9.5737 11.008 10.1837 11.878 11.2537 12.578V11.318C11.2537 10.628 11.3937 9.958 11.6037 9.338C11.4037 9.238 11.1937 9.108 10.9937 8.978C10.2837 8.568 9.4437 8.228 8.4337 8.228C6.7537 8.228 5.5237 9.108 4.6237 9.778C3.4737 10.598 2.6937 11.058 1.4937 11.058H1.3937C0.6137 11.058 0.0037 11.688 0.0037 12.438C0.0037 13.218 0.6137 13.838 1.3937 13.838H1.4937C6.0437 13.838 6.3837 11.008 8.4337 11.008ZM21.6537 11.008C23.7037 11.008 24.0337 13.838 28.5837 13.838H28.6937C29.4637 13.838 30.0937 13.218 30.0937 12.438C30.0937 11.688 29.4637 11.058 28.6937 11.058H28.5837C27.3837 11.058 26.6237 10.598 25.4737 9.778C24.5537 9.108 23.3337 8.228 21.6537 8.228C20.6137 8.228 19.7737 8.588 19.0437 8.998C18.8537 9.118 18.6737 9.238 18.4837 9.338C18.7037 9.958 18.8437 10.628 18.8437 11.318V12.568C19.8937 11.878 20.5237 11.008 21.6537 11.008Z","geometry":{"width":30.091796875,"height":23.96509964919698}}