{"path":"M11.1837 30.1612C11.9737 30.1612 12.6037 29.5412 12.6037 28.7612V1.4112C12.6037 0.6312 11.9737 0.0012 11.1837 0.0012C10.4037 0.0012 9.7937 0.6312 9.7937 1.4112V28.7612C9.7937 29.5412 10.4037 30.1612 11.1837 30.1612ZM19.5737 18.4112C20.4137 17.8712 21.4637 17.7712 22.3937 18.1412V4.4012C22.3937 3.6112 21.7637 2.9812 20.9737 2.9812C20.1937 2.9812 19.5737 3.6112 19.5737 4.4012ZM6.2937 25.1812C7.0837 25.1812 7.7137 24.5712 7.7137 23.7912V6.3812C7.7137 5.6012 7.0837 4.9612 6.2937 4.9612C5.5137 4.9612 4.8937 5.6012 4.8937 6.3812V23.7912C4.8937 24.5712 5.5137 25.1812 6.2937 25.1812ZM16.0737 23.2312C16.8737 23.2312 17.5037 22.6112 17.5037 21.8312V8.3412C17.5037 7.5612 16.8737 6.9312 16.0737 6.9312C15.3037 6.9312 14.6837 7.5612 14.6837 8.3412V21.8312C14.6837 22.6112 15.3037 23.2312 16.0737 23.2312ZM1.3937 19.8112C2.1837 19.8112 2.8137 19.1812 2.8137 18.4012V11.7612C2.8137 10.9812 2.1837 10.3312 1.3937 10.3312C0.6137 10.3312 0.0037 10.9812 0.0037 11.7612V18.4012C0.0037 19.1812 0.6137 19.8112 1.3937 19.8112ZM25.9037 24.5112C27.2437 24.5112 28.2437 23.4612 28.2437 22.0912V16.6812C28.2437 15.3112 27.2437 14.2712 25.9037 14.2712C24.5537 14.2712 23.5437 15.3112 23.5437 16.6612V22.0912C23.5437 23.4612 24.5537 24.5112 25.9037 24.5112ZM22.5837 30.3212H29.2037C29.7237 30.3212 30.1337 29.9312 30.1337 29.4212C30.1337 28.9012 29.7237 28.5012 29.2037 28.5012H26.7737V27.4512C29.4737 27.1012 31.4437 25.1112 31.4437 22.3112V21.0112C31.4437 20.5312 31.0337 20.1412 30.5437 20.1412C30.0537 20.1412 29.6237 20.5312 29.6237 21.0112V22.3012C29.6237 24.3212 28.0037 25.8412 25.8937 25.8412C23.7937 25.8412 22.1637 24.3212 22.1637 22.3012V21.0112C22.1637 20.5312 21.7337 20.1412 21.2437 20.1412C20.7537 20.1412 20.3437 20.5312 20.3437 21.0112V22.3112C20.3437 25.1112 22.3137 27.1112 25.0337 27.4512V28.5012H22.5837C22.0637 28.5012 21.6537 28.9012 21.6537 29.4212C21.6537 29.9312 22.0637 30.3212 22.5837 30.3212Z","geometry":{"width":31.4453125,"height":30.32421875}}