{"path":"M11.1837 30.1612C11.9737 30.1612 12.5937 29.5412 12.5937 28.7612V1.4112C12.5937 0.6312 11.9737 0.0012 11.1837 0.0012C10.4037 0.0012 9.7937 0.6312 9.7937 1.4112V28.7612C9.7937 29.5412 10.4037 30.1612 11.1837 30.1612ZM19.5737 16.7312C20.2337 15.5812 21.2037 14.6312 22.3837 13.9912V4.4012C22.3837 3.6112 21.7637 2.9812 20.9737 2.9812C20.1937 2.9812 19.5737 3.6112 19.5737 4.4012ZM6.2937 25.1812C7.0837 25.1812 7.6937 24.5712 7.6937 23.7912V6.3812C7.6937 5.6012 7.0837 4.9612 6.2937 4.9612C5.5137 4.9612 4.8937 5.6012 4.8937 6.3812V23.7912C4.8937 24.5712 5.5137 25.1812 6.2937 25.1812ZM16.0737 23.2312C16.8737 23.2312 17.4837 22.6112 17.4837 21.8312V8.3412C17.4837 7.5612 16.8737 6.9312 16.0737 6.9312C15.3037 6.9312 14.6837 7.5612 14.6837 8.3412V21.8312C14.6837 22.6112 15.3037 23.2312 16.0737 23.2312ZM24.4737 13.2612C25.3637 13.0612 26.3737 13.0312 27.2737 13.1912V10.8712C27.2737 10.0912 26.6637 9.4512 25.8637 9.4512C25.0837 9.4512 24.4737 10.0912 24.4737 10.8712ZM1.3937 19.8112C2.1837 19.8112 2.8037 19.1812 2.8037 18.4012V11.7612C2.8037 10.9812 2.1837 10.3312 1.3937 10.3312C0.6137 10.3312 0.0037 10.9812 0.0037 11.7612V18.4012C0.0037 19.1812 0.6137 19.8112 1.3937 19.8112ZM26.0037 26.4112C26.9637 26.4112 27.8737 26.1712 28.6837 25.7312L31.5637 28.6012C31.8937 28.9112 32.2837 29.0812 32.7337 29.0812C33.5937 29.0812 34.2337 28.4412 34.2337 27.5512C34.2337 27.1612 34.0737 26.7712 33.7537 26.4712L30.8837 23.5812C31.3737 22.7512 31.6537 21.7812 31.6537 20.7512C31.6537 17.6512 29.1037 15.1112 26.0037 15.1112C22.9037 15.1112 20.3437 17.6612 20.3437 20.7512C20.3437 23.8612 22.9037 26.4112 26.0037 26.4112ZM26.0037 24.1012C24.1737 24.1012 22.6537 22.6012 22.6537 20.7512C22.6537 18.9212 24.1737 17.4312 26.0037 17.4312C27.8337 17.4312 29.3437 18.9112 29.3437 20.7512C29.3437 22.6012 27.8337 24.1012 26.0037 24.1012Z","geometry":{"width":34.234375,"height":30.16015625}}