{"path":"M22.3036 17.4987C22.3036 11.3587 20.3536 5.6187 16.7936 0.8887C15.1936 -1.2313 12.0736 0.8387 13.7436 2.9287C16.9536 7.0787 18.6236 12.0587 18.6236 17.4987C18.6236 22.9287 16.9536 27.9187 13.7836 32.0187C12.1536 34.0887 15.1636 36.2487 16.8536 34.0487C20.3536 29.3787 22.3036 23.6287 22.3036 17.4987ZM14.2636 17.4987C14.2636 12.9387 12.8136 8.6387 10.1736 5.1987C8.4136 2.8987 5.4136 5.1987 7.0736 7.2087C9.3636 10.0787 10.5836 13.6287 10.5836 17.4987C10.5836 21.3687 9.3636 24.9287 7.0736 27.7787C5.4136 29.8087 8.4136 32.0887 10.1736 29.8087C12.8136 26.3587 14.2636 22.0687 14.2636 17.4987ZM6.2336 17.4987C6.2336 14.5887 5.2336 11.8187 3.4436 9.5587C1.8336 7.5087 -1.0364 9.5987 0.3836 11.5587C1.9936 13.6987 2.5536 15.3587 2.5536 17.4987C2.5536 19.6487 1.9936 21.2987 0.3836 23.4487C-1.0364 25.3987 1.8336 27.4787 3.4436 25.4287C5.2336 23.1887 6.2336 20.4087 6.2336 17.4987Z","geometry":{"width":22.299647705101588,"height":34.96813313750584}}