{"path":"M1.3909 16.9222H7.4909C8.3009 16.9222 8.8309 16.5322 9.0009 15.7922L10.5909 8.4122L13.8409 27.9622C14.0709 29.3822 16.2409 29.3822 16.5109 27.9822L19.5809 13.4822L19.9909 15.6622C20.1509 16.4922 20.6709 16.9222 21.5209 16.9222H26.8609C27.6409 16.9222 28.2709 16.3022 28.2709 15.5522C28.2709 14.7422 27.6709 14.1422 26.8609 14.1422H22.3009L20.8209 7.5022C20.5209 6.1322 18.4609 6.1422 18.1609 7.5422L15.1909 20.8522L11.9509 1.0622C11.7309 -0.3378 9.6909 -0.3678 9.3809 1.0422L6.5509 14.1422H1.3909C0.6109 14.1422 0.0009 14.7722 0.0009 15.5522C0.0009 16.3022 0.6109 16.9222 1.3909 16.9222Z","geometry":{"width":28.2734375,"height":29.03228902258614}}