{"path":"M11.1837 30.1612C11.9737 30.1612 12.5937 29.5412 12.5937 28.7612V1.4112C12.5937 0.6312 11.9737 0.0012 11.1837 0.0012C10.4037 0.0012 9.7937 0.6312 9.7937 1.4112V28.7612C9.7937 29.5412 10.4037 30.1612 11.1837 30.1612ZM19.5737 17.1412C20.2737 15.9812 21.2437 15.0012 22.3837 14.2712V4.4012C22.3837 3.6112 21.7637 2.9812 20.9737 2.9812C20.1937 2.9812 19.5737 3.6112 19.5737 4.4012ZM6.2937 25.1812C7.0837 25.1812 7.6937 24.5712 7.6937 23.7912V6.3812C7.6937 5.6012 7.0837 4.9612 6.2937 4.9612C5.5137 4.9612 4.8937 5.6012 4.8937 6.3812V23.7912C4.8937 24.5712 5.5137 25.1812 6.2937 25.1812ZM16.0737 23.2312C16.8737 23.2312 17.4837 22.6112 17.4837 21.8312V8.3412C17.4837 7.5612 16.8737 6.9312 16.0737 6.9312C15.3037 6.9312 14.6837 7.5612 14.6837 8.3412V21.8312C14.6837 22.6112 15.3037 23.2312 16.0737 23.2312ZM24.4737 13.3212C25.3637 13.0112 26.3037 12.8512 27.2737 12.8512V10.8712C27.2737 10.0912 26.6637 9.4512 25.8637 9.4512C25.0837 9.4512 24.4737 10.0912 24.4737 10.8712ZM1.3937 19.8112C2.1837 19.8112 2.8037 19.1812 2.8037 18.4012V11.7612C2.8037 10.9812 2.1837 10.3312 1.3937 10.3312C0.6137 10.3312 0.0037 10.9812 0.0037 11.7612V18.4012C0.0037 19.1812 0.6137 19.8112 1.3937 19.8112ZM27.3037 29.3012C31.2137 29.3012 34.4937 26.0312 34.4937 22.0912C34.4937 18.1612 31.2437 14.9012 27.3037 14.9012C23.3537 14.9012 20.0937 18.1612 20.0937 22.0912C20.0937 26.0412 23.3537 29.3012 27.3037 29.3012ZM27.3037 23.3012C26.6637 23.3012 26.1837 22.8612 26.1537 22.2312L26.0337 18.4412C26.0137 17.7312 26.5337 17.2112 27.3037 17.2112C28.0537 17.2112 28.5837 17.7212 28.5737 18.4412L28.4537 22.2312C28.4237 22.8612 27.9437 23.3012 27.3037 23.3012ZM27.3037 26.9512C26.4737 26.9512 25.8437 26.3612 25.8437 25.5512C25.8437 24.7612 26.4837 24.1812 27.3037 24.1812C28.1237 24.1812 28.7537 24.7712 28.7537 25.5512C28.7537 26.3612 28.1337 26.9512 27.3037 26.9512Z","geometry":{"width":34.494140625,"height":30.16015625}}