{"path":"M0.0027 17.4987C0.0027 23.6287 1.9427 29.3787 5.4427 34.0487C7.1327 36.2487 10.1427 34.0887 8.5127 32.0187C5.3427 27.9187 3.6827 22.9287 3.6827 17.4987C3.6827 12.0587 5.3427 7.0787 8.5627 2.9287C10.2227 0.8387 7.1127 -1.2313 5.5127 0.8887C1.9427 5.6187 0.0027 11.3587 0.0027 17.4987ZM8.0427 17.4987C8.0427 22.0687 9.4927 26.3587 12.1227 29.8087C13.8927 32.0887 16.8827 29.8087 15.2327 27.7787C12.9427 24.9287 11.7127 21.3687 11.7127 17.4987C11.7127 13.6287 12.9427 10.0787 15.2327 7.2087C16.8827 5.1987 13.8927 2.8987 12.1227 5.1987C9.4927 8.6387 8.0427 12.9387 8.0427 17.4987ZM16.0627 17.4987C16.0627 20.4087 17.0627 23.1887 18.8527 25.4287C20.4627 27.4787 23.3427 25.3987 21.9127 23.4487C20.3027 21.2987 19.7427 19.6487 19.7427 17.4987C19.7427 15.3587 20.3027 13.6987 21.9127 11.5587C23.3427 9.5987 20.4627 7.5087 18.8527 9.5587C17.0627 11.8187 16.0627 14.5887 16.0627 17.4987Z","geometry":{"width":22.299647705101584,"height":34.96813313750583}}