{"path":"M6.6537 29.331H16.9837C17.8437 29.331 18.5537 28.631 18.5537 27.771C18.5537 26.911 17.8437 26.211 16.9837 26.211H13.3937V23.561C19.1837 22.791 23.6437 17.841 23.6437 11.841C23.6437 5.291 18.3637 0.001 11.8237 0.001C5.2937 0.001 0.0037 5.291 0.0037 11.841C0.0037 17.841 4.4537 22.791 10.2537 23.561V26.211H6.6537C5.7937 26.211 5.1037 26.911 5.1037 27.771C5.1037 28.631 5.7937 29.331 6.6537 29.331ZM11.8237 20.531C6.8937 20.531 3.1337 16.751 3.1337 11.841C3.1337 6.901 6.8937 3.131 11.8237 3.131C16.7437 3.131 20.5037 6.901 20.5037 11.841C20.5037 16.751 16.7437 20.531 11.8237 20.531ZM11.8237 18.221C15.3937 18.221 18.1937 15.411 18.1937 11.831C18.1937 8.261 15.3937 5.441 11.8237 5.441C8.2537 5.441 5.4437 8.261 5.4437 11.831C5.4437 15.411 8.2537 18.221 11.8237 18.221ZM11.8237 14.441C10.3737 14.441 9.2137 13.271 9.2137 11.831C9.2137 10.381 10.3737 9.231 11.8237 9.231C13.2737 9.231 14.4237 10.381 14.4237 11.831C14.4237 13.271 13.2737 14.441 11.8237 14.441Z","geometry":{"width":23.638671875,"height":29.326171875}}