{"path":"M21.0137 0.0033C18.0337 0.0033 15.1437 0.8433 12.7437 2.3933C12.1037 2.8133 11.9237 3.5933 12.3137 4.2233C12.7037 4.8633 13.5237 5.0133 14.2337 4.5833C16.1737 3.3233 18.5537 2.6233 21.0137 2.6233C23.4737 2.6233 25.8437 3.3133 27.7937 4.5833C28.4937 5.0133 29.3137 4.8633 29.6937 4.2233C30.1037 3.5933 29.9137 2.8033 29.2737 2.3933C26.8637 0.8433 23.9637 0.0033 21.0137 0.0033ZM21.0137 4.3333C18.8237 4.3333 16.6937 4.9633 14.9837 6.1233C14.3737 6.5233 14.1937 7.2833 14.5837 7.9133C14.9737 8.5633 15.7937 8.7133 16.5437 8.2533C17.7837 7.4233 19.3637 6.9733 21.0137 6.9733C22.6537 6.9733 24.2237 7.4233 25.4737 8.2533C26.2237 8.7133 27.0437 8.5633 27.4437 7.9133C27.8237 7.2833 27.6437 6.5233 27.0337 6.1233C25.3437 4.9633 23.2137 4.3333 21.0137 4.3333ZM21.0137 8.6833C19.6037 8.6833 18.2137 9.1033 17.2037 9.8533C16.6437 10.2433 16.4837 11.0033 16.8537 11.6233C17.2837 12.2933 18.0837 12.4033 18.8637 11.9333C19.4437 11.5433 20.2037 11.3233 21.0137 11.3233C21.8237 11.3233 22.5837 11.5433 23.1437 11.9333C23.9237 12.4033 24.7337 12.3033 25.1737 11.6233C25.5237 11.0033 25.3937 10.2533 24.8237 9.8533C23.7937 9.1033 22.3837 8.6833 21.0137 8.6833ZM4.5437 28.9733H37.4737C40.3037 28.9733 42.0137 27.2933 42.0137 24.4733V19.2733C42.0137 16.4733 40.3037 14.7833 37.4737 14.7833H4.5437C1.7137 14.7833 0.0037 16.4733 0.0037 19.2733V24.4733C0.0037 27.2933 1.7137 28.9733 4.5437 28.9733ZM18.1837 23.9833C17.0237 23.9833 16.0637 23.0233 16.0637 21.8633C16.0637 20.7233 17.0237 19.7733 18.1837 19.7733C19.3137 19.7733 20.2737 20.7233 20.2737 21.8633C20.2737 23.0233 19.3137 23.9833 18.1837 23.9833ZM23.7437 23.9833C22.6037 23.9833 21.6437 23.0233 21.6437 21.8633C21.6437 20.7233 22.6037 19.7733 23.7437 19.7733C24.8937 19.7733 25.8537 20.7233 25.8537 21.8633C25.8537 23.0233 24.8937 23.9833 23.7437 23.9833ZM29.3237 23.9833C28.1737 23.9833 27.2237 23.0233 27.2237 21.8633C27.2237 20.7233 28.1737 19.7733 29.3237 19.7733C30.4737 19.7733 31.4337 20.7233 31.4337 21.8633C31.4337 23.0233 30.4737 23.9833 29.3237 23.9833ZM34.9037 23.9833C33.7537 23.9833 32.8037 23.0233 32.8037 21.8633C32.8037 20.7233 33.7537 19.7733 34.9037 19.7733C36.0537 19.7733 37.0137 20.7233 37.0137 21.8633C37.0137 23.0233 36.0537 23.9833 34.9037 23.9833ZM6.5237 22.7133C5.6737 22.7133 5.0537 22.1033 5.0537 21.2733C5.0537 20.4233 5.6737 19.7933 6.5237 19.7933H10.8737C11.7037 19.7933 12.3137 20.4233 12.3137 21.2733C12.3137 22.1033 11.7037 22.7133 10.8737 22.7133Z","geometry":{"width":42.013671875,"height":28.970703125}}