{"path":"M4.8237 26.1377H21.3137C24.4437 26.1377 26.1437 24.4477 26.1437 21.3377V4.7977C26.1437 1.6977 24.4437 -0.0023 21.3137 -0.0023H4.8237C1.7137 -0.0023 0.0037 1.6977 0.0037 4.7977V21.3377C0.0037 24.4477 1.7137 26.1377 4.8237 26.1377ZM5.2137 22.6177C4.1137 22.6177 3.5237 22.0777 3.5237 20.9177V5.2377C3.5237 4.0777 4.1137 3.5277 5.2137 3.5277H20.9337C22.0237 3.5277 22.6137 4.0777 22.6137 5.2377V20.9177C22.6137 22.0777 22.0237 22.6177 20.9337 22.6177ZM5.9337 12.3077C6.1237 12.5377 6.4837 12.5277 6.7037 12.2877C8.3837 10.5177 10.5837 9.5677 13.0737 9.5677C15.5737 9.5677 17.8037 10.5177 19.4537 12.3077C19.6737 12.5077 20.0037 12.5077 20.2237 12.2877L21.1937 11.3077C21.3737 11.1177 21.3837 10.8377 21.2237 10.6377C19.4737 8.4677 16.2437 7.0277 13.0737 7.0277C9.8937 7.0277 6.6737 8.4677 4.9237 10.6377C4.7537 10.8377 4.7737 11.1177 4.9537 11.3077ZM8.8437 15.1477C9.0737 15.3777 9.3837 15.3577 9.6237 15.1377C10.4837 14.2077 11.8037 13.6177 13.0737 13.6277C14.3237 13.6177 15.6537 14.2077 16.5437 15.1377C16.7637 15.3777 17.0737 15.3777 17.2937 15.1477L18.3937 14.0977C18.5937 13.9177 18.6037 13.6477 18.4337 13.4377C17.2537 12.0477 15.1937 11.1577 13.0737 11.1577C10.9537 11.1577 8.8837 12.0477 7.7137 13.4377C7.5337 13.6477 7.5437 13.9077 7.7537 14.0977ZM13.0737 19.0877C13.2937 19.0877 13.4637 18.9877 13.7837 18.6877L15.4937 17.0477C15.6837 16.8577 15.7137 16.5677 15.5437 16.3677C14.9837 15.6377 14.0237 15.1877 13.0737 15.1877C12.1037 15.1877 11.1337 15.6777 10.5537 16.4477C10.4337 16.6277 10.4737 16.8677 10.6637 17.0477L12.3737 18.6877C12.6737 18.9777 12.8537 19.0877 13.0737 19.0877Z","geometry":{"width":26.140625,"height":26.140625}}