{"path":"M4.8237 26.1377H21.3137C24.4437 26.1377 26.1437 24.4477 26.1437 21.3377V4.7977C26.1437 1.6977 24.4437 -0.0023 21.3137 -0.0023H4.8237C1.7137 -0.0023 0.0037 1.6977 0.0037 4.7977V21.3377C0.0037 24.4477 1.7137 26.1377 4.8237 26.1377ZM5.4737 12.2677L4.4137 11.1877C4.2237 10.9777 4.1937 10.6877 4.3737 10.4577C6.2737 8.1177 9.7337 6.5777 13.1637 6.5777C16.5837 6.5777 20.0437 8.1177 21.9437 10.4577C22.1237 10.6877 22.0937 10.9777 21.9037 11.1877L20.8637 12.2477C20.6037 12.4777 20.2737 12.4977 20.0337 12.2677C18.2337 10.3377 15.8637 9.3277 13.1637 9.3277C10.4837 9.3277 8.1237 10.3377 6.3137 12.2477C6.0537 12.5077 5.6837 12.5077 5.4737 12.2677ZM8.6137 15.3277L7.4337 14.1877C7.2237 13.9877 7.1937 13.6977 7.3837 13.4777C8.6537 11.9777 10.8737 11.0177 13.1637 11.0177C15.4537 11.0177 17.6737 11.9777 18.9537 13.4777C19.1237 13.6877 19.1137 13.9877 18.8937 14.1877L17.7037 15.3277C17.4637 15.5677 17.1337 15.5677 16.8937 15.3077C15.9437 14.2977 14.5237 13.6877 13.1637 13.6877C11.7837 13.6877 10.3937 14.2977 9.4637 15.2977C9.2037 15.5677 8.8637 15.5677 8.6137 15.3277ZM13.1637 19.5677C12.9237 19.5677 12.7237 19.4577 12.4037 19.1377L10.5637 17.3677C10.3637 17.1677 10.3237 16.9077 10.4637 16.7177C11.0737 15.8877 12.1137 15.3677 13.1637 15.3677C14.1937 15.3677 15.2137 15.8577 15.8337 16.6377C15.9937 16.8577 15.9837 17.1577 15.7737 17.3677L13.9437 19.1377C13.6037 19.4677 13.3937 19.5677 13.1637 19.5677Z","geometry":{"width":26.140625,"height":26.140625}}