{"path":"M27.8703 25.202C28.3303 25.642 29.0703 25.632 29.4903 25.202C29.9403 24.742 29.9403 24.032 29.4903 23.592L6.2403 0.352C5.7903 -0.118 5.0503 -0.118 4.6003 0.332C4.1603 0.762 4.1603 1.542 4.6003 1.952ZM16.2703 7.812C16.3703 7.802 16.4903 7.792 16.6003 7.792C21.5803 7.902 25.8103 9.842 29.1503 13.302C29.4903 13.642 30.0303 13.622 30.3703 13.272L32.3203 11.302C32.6503 10.992 32.6503 10.532 32.3803 10.232C28.9303 6.052 22.7003 3.112 16.2903 3.112C14.8803 3.112 13.4803 3.252 12.0103 3.552ZM5.7603 5.792C3.5403 6.972 1.6303 8.502 0.1903 10.232C-0.0797 10.532 -0.0697 10.992 0.2503 11.302L2.2203 13.282C2.5603 13.652 3.1103 13.642 3.4503 13.272C5.1403 11.492 7.0603 10.122 9.2003 9.212ZM26.0303 17.572L26.7703 16.852C27.1003 16.542 27.1103 16.142 26.8403 15.822C25.3803 14.062 23.0003 12.612 20.3903 11.932ZM11.9803 11.982C9.4103 12.722 7.1903 14.102 5.7303 15.822C5.4603 16.142 5.4803 16.552 5.8003 16.852L8.0003 18.962C8.3803 19.312 8.9003 19.282 9.2703 18.902C10.9103 17.152 13.3703 15.992 15.8903 15.882ZM16.3003 19.372C14.3303 19.372 12.4803 20.362 11.4303 21.792C11.2303 22.072 11.3403 22.462 11.6103 22.732L15.0003 26.012C15.5903 26.562 15.9203 26.742 16.3003 26.742C16.6803 26.742 17.0103 26.562 17.5803 26.012L20.9703 22.732C21.2803 22.442 21.3403 21.982 21.0603 21.652C20.0203 20.322 18.2103 19.372 16.3003 19.372Z","geometry":{"width":32.57616343538517,"height":26.737079678007436}}