{"path":"M20.364 21.2948C22.924 21.2948 26.004 22.1848 28.284 23.2948C29.104 23.6848 30.004 23.5748 30.584 22.8548L40.004 10.8748C41.134 9.4248 40.944 7.8248 39.524 6.7248C35.534 3.6048 28.034 1.3848 20.364 1.3848C16.364 1.3848 12.394 1.9948 8.954 3.0148L7.644 0.7748C7.214 0.0348 6.304 -0.2252 5.494 0.2148C4.714 0.6348 4.494 1.6048 4.934 2.3548L5.944 4.0848C4.084 4.8448 2.474 5.7348 1.214 6.7248C-0.206 7.8248 -0.396 9.4248 0.734 10.8748L10.154 22.8548C10.734 23.5748 11.644 23.6848 12.464 23.2948C13.584 22.7448 14.914 22.2548 16.264 21.8848L17.494 24.0048C17.044 24.6048 16.774 25.3548 16.774 26.1648C16.774 28.1448 18.384 29.7548 20.364 29.7548C22.354 29.7548 23.964 28.1448 23.964 26.1648C23.964 24.1848 22.354 22.5548 20.364 22.5548C20.344 22.5548 20.314 22.5648 20.284 22.5648L19.564 21.3248C19.834 21.3048 20.104 21.2948 20.364 21.2948ZM20.364 18.0148C19.544 18.0148 18.664 18.0848 17.774 18.2148L10.734 6.0948C13.734 5.1748 17.024 4.6748 20.364 4.6748C26.394 4.6748 32.184 6.2648 36.594 9.0448C36.874 9.2248 36.894 9.4648 36.704 9.7448L28.994 19.5348C28.794 19.8048 28.624 19.8448 28.354 19.7248C25.774 18.6748 22.844 18.0148 20.364 18.0148ZM11.754 19.5448L4.034 9.7448C3.844 9.4848 3.884 9.2248 4.144 9.0448C5.264 8.3448 6.464 7.7148 7.734 7.1748L14.554 18.9548C13.824 19.1748 13.094 19.4348 12.394 19.7248C12.124 19.8348 11.964 19.8048 11.754 19.5448ZM20.364 27.3748C19.684 27.3748 19.154 26.8448 19.154 26.1648C19.154 25.4748 19.684 24.9148 20.364 24.9148C21.054 24.9148 21.614 25.4748 21.614 26.1648C21.614 26.8448 21.054 27.3748 20.364 27.3748Z","geometry":{"width":40.737450175992336,"height":29.758112937003943}}