{"path":"M2.0186 1.6377C2.0186 2.5477 2.7586 3.2777 3.6786 3.2777H10.6186C11.5186 3.2777 12.2586 2.5477 12.2586 1.6377C12.2586 0.7377 11.5186 -0.0023 10.6186 -0.0023H3.6786C2.7686 -0.0023 2.0186 0.7377 2.0186 1.6377ZM14.3786 1.6377C14.3786 2.5477 15.1186 3.2777 16.0286 3.2777H22.9786C23.8786 3.2777 24.6186 2.5477 24.6186 1.6377C24.6186 0.7377 23.8786 -0.0023 22.9786 -0.0023H16.0286C15.1286 -0.0023 14.3786 0.7377 14.3786 1.6377ZM26.7386 1.6377C26.7386 2.5477 27.4786 3.2777 28.3886 3.2777H35.3386C36.2386 3.2777 36.9786 2.5477 36.9786 1.6377C36.9786 0.7377 36.2386 -0.0023 35.3386 -0.0023H28.3886C27.4886 -0.0023 26.7386 0.7377 26.7386 1.6377ZM19.5086 25.7977C21.9486 25.7977 24.8786 26.6577 27.0486 27.7277C27.8586 28.1077 28.7486 27.9977 29.3186 27.2777L38.3186 15.8477C39.4086 14.4477 39.2186 12.8877 37.8386 11.8277C34.0086 8.8077 26.8086 6.6977 19.5086 6.6977C15.6386 6.6977 11.7786 7.2977 8.4486 8.3077L7.5986 6.8477C7.1786 6.1077 6.2486 5.8477 5.4386 6.2877C4.6686 6.7177 4.4486 7.6877 4.8886 8.4377L5.4386 9.3877C3.7686 10.0877 2.3186 10.9077 1.1686 11.8277C-0.1914 12.8877 -0.3914 14.4477 0.7086 15.8477L9.6886 27.2777C10.2586 27.9977 11.1686 28.1077 11.9686 27.7277C12.9686 27.2377 14.1286 26.7877 15.3386 26.4377L16.6486 28.6977C16.1986 29.2977 15.9286 30.0477 15.9286 30.8577C15.9286 32.8377 17.5386 34.4577 19.5186 34.4577C21.4986 34.4577 23.1186 32.8377 23.1186 30.8577C23.1186 28.8577 21.4986 27.2477 19.5186 27.2477C19.4886 27.2477 19.4686 27.2477 19.4386 27.2477L18.6186 25.8377C18.9186 25.8077 19.2186 25.7977 19.5086 25.7977ZM19.5086 22.5677C18.6586 22.5677 17.7686 22.6577 16.8486 22.8077L10.1786 11.3077C13.1386 10.3877 16.3386 9.8977 19.5086 9.8977C25.0886 9.8977 30.7286 11.3977 34.9986 14.1077C35.2286 14.2577 35.2686 14.4677 35.0886 14.6977L27.7086 24.0777C27.5286 24.3077 27.4086 24.3177 27.1586 24.2277C24.6886 23.1977 21.8886 22.5677 19.5086 22.5677ZM11.3186 24.0777L3.9186 14.6977C3.7386 14.4677 3.7786 14.2577 4.0186 14.1077C5.0086 13.4777 6.0786 12.9177 7.1986 12.4277L13.6686 23.5677C13.0486 23.7577 12.4386 23.9777 11.8486 24.2277C11.6186 24.3177 11.4986 24.3077 11.3186 24.0777ZM19.5186 32.0777C18.8386 32.0777 18.2986 31.5277 18.2986 30.8577C18.2986 30.1777 18.8386 29.6177 19.5186 29.6177C20.1986 29.6177 20.7586 30.1777 20.7586 30.8577C20.7586 31.5277 20.1986 32.0777 19.5186 32.0777Z","geometry":{"width":39.023825454721866,"height":34.453125}}