{"path":"M0.0037 28.1618C0.0037 29.1518 0.8037 29.9418 1.7737 29.9418H28.9337C29.9137 29.9418 30.7237 29.1518 30.7237 28.1618C30.7237 27.1818 29.9137 26.3818 28.9337 26.3818H28.4137V3.0618C28.4137 1.2318 27.1837 0.0018 25.3237 0.0018H5.3737C3.5237 0.0018 2.2837 1.2318 2.2837 3.0618V26.3818H1.7737C0.8037 26.3818 0.0037 27.1818 0.0037 28.1618ZM5.8237 13.4618V3.8818C5.8237 3.6818 5.9437 3.5418 6.1537 3.5418H13.9437V13.4618ZM16.7637 13.4518V3.5418H24.5537C24.7437 3.5418 24.8837 3.6818 24.8837 3.8818V13.4518ZM5.8237 26.3818V16.5018H13.9437V26.3818ZM16.7637 26.3818V16.5018H24.8837V26.3818Z","geometry":{"width":30.720703125,"height":29.94140625}}