{"path":"M1.9537 5.0723C2.6237 5.4623 3.3737 5.2923 3.9137 4.6623C4.6237 3.8323 5.5137 3.2023 6.5237 2.8323C7.3037 2.5423 7.7537 1.8623 7.5837 1.0923C7.3937 0.1923 6.5037 -0.2277 5.5137 0.1223C4.0637 0.6223 2.6637 1.6123 1.6137 2.9023C0.9937 3.6423 1.1937 4.6223 1.9537 5.0723ZM32.5837 5.0723C33.3437 4.6223 33.5337 3.6423 32.9237 2.9023C31.8737 1.6123 30.4737 0.6223 29.0237 0.1223C28.0237 -0.2277 27.1437 0.1923 26.9437 1.0923C26.7837 1.8623 27.2337 2.5423 28.0137 2.8323C29.0237 3.2023 29.9137 3.8323 30.6237 4.6623C31.1537 5.2923 31.9137 5.4623 32.5837 5.0723ZM18.8137 5.0423C19.4837 5.4723 20.2437 5.3023 20.8037 4.6523C21.4937 3.8323 22.3837 3.2023 23.3937 2.8323C24.1537 2.5423 24.5937 1.8923 24.4637 1.1323C24.3037 0.2323 23.4037 -0.2477 22.3637 0.1423C20.9337 0.6323 19.5337 1.6123 18.4937 2.8823C17.8937 3.6423 18.0437 4.5523 18.8137 5.0423ZM15.7237 5.0423C16.4837 4.5523 16.6537 3.6423 16.0337 2.8823C14.9937 1.6123 13.6037 0.6323 12.1637 0.1423C11.1337 -0.2477 10.2437 0.2323 10.0737 1.1323C9.9437 1.8923 10.3737 2.5423 11.1437 2.8323C12.1537 3.2023 13.0437 3.8323 13.7237 4.6523C14.2837 5.3023 15.0537 5.4723 15.7237 5.0423ZM17.2637 12.5223C18.0637 12.5223 18.7137 11.8823 18.7137 11.0723V8.0723C18.7137 7.2723 18.0637 6.6323 17.2637 6.6323C16.4737 6.6323 15.8137 7.2723 15.8137 8.0723V11.0723C15.8137 11.8823 16.4737 12.5223 17.2637 12.5223ZM4.8437 27.3423H29.6937C32.7537 27.3423 34.5337 25.5823 34.5337 22.5723V12.5823C34.5337 9.5623 32.7537 7.7923 29.6937 7.7923H21.0137V11.0923H29.6637C30.6537 11.0923 31.2537 11.6623 31.2537 12.7023V18.2723C30.4337 18.0923 29.7137 17.7123 29.1637 17.1623C28.6937 16.7123 28.3537 16.7223 27.8737 17.1623C27.0937 17.9423 25.9737 18.3823 24.7737 18.3823C23.5737 18.3823 22.4537 17.9423 21.6737 17.1623C21.2037 16.7223 20.8637 16.7123 20.3837 17.1623C19.9437 17.6123 19.3637 17.9523 18.7137 18.1623V15.5923C18.7137 14.7923 18.0637 14.1523 17.2637 14.1523C16.4737 14.1523 15.8137 14.7923 15.8137 15.5923V18.1623C15.1737 17.9523 14.5837 17.6123 14.1537 17.1623C13.6737 16.7123 13.3337 16.7223 12.8637 17.1623C12.0837 17.9423 10.9637 18.3823 9.7637 18.3823C8.5537 18.3823 7.4337 17.9423 6.6537 17.1623C6.1837 16.7223 5.8337 16.7123 5.3737 17.1623C4.8237 17.7123 4.1037 18.0923 3.2937 18.2723V12.7023C3.2937 11.6623 3.8737 11.0923 4.8637 11.0923H13.5237V7.7923H4.8437C1.7737 7.7923 0.0037 9.5623 0.0037 12.5823V22.5723C0.0037 25.5823 1.7737 27.3423 4.8437 27.3423Z","geometry":{"width":34.53515625,"height":27.346137832149466}}