{"path":"M6.3737 28.1618C6.3737 29.1518 7.1637 29.9418 8.1437 29.9418H33.8837C34.8637 29.9418 35.6737 29.1518 35.6737 28.1618C35.6737 28.0418 35.6537 27.9218 35.6337 27.8118L39.6237 28.1618C41.2437 28.3018 42.0237 27.1618 42.0237 25.8518V3.3318C42.0237 2.0218 41.2437 0.8918 39.6237 1.0218L32.9937 1.6118L32.9637 1.4618C32.4937 0.5518 31.5137 0.0018 30.2837 0.0018H11.7437C10.5137 0.0018 9.5337 0.5518 9.0637 1.4618L9.0337 1.6118L2.3937 1.0218C0.7837 0.8918 0.0037 2.0218 0.0037 3.3318V25.8518C0.0037 27.1618 0.7837 28.3018 2.3937 28.1618L6.3937 27.8118C6.3837 27.9218 6.3737 28.0418 6.3737 28.1618ZM12.1837 3.8818C12.1837 3.6818 12.3137 3.5418 12.5237 3.5418H20.0837V26.3818H12.1837ZM29.5037 3.5418C29.7137 3.5418 29.8337 3.6818 29.8337 3.8818V26.3818H22.5837V3.5418ZM2.8937 8.6818V4.2518C2.8937 4.0618 3.0037 3.9518 3.2437 3.9618L8.6537 4.3618V9.0818L3.1337 8.9318C3.0037 8.9318 2.8937 8.8218 2.8937 8.6818ZM33.3737 9.0818V4.3618L38.7837 3.9618C39.0237 3.9518 39.1337 4.0618 39.1337 4.2518V8.6818C39.1337 8.8218 39.0237 8.9318 38.8837 8.9318ZM2.8937 17.0918V12.1018C2.8937 11.9618 3.0037 11.8418 3.1437 11.8418L8.6537 12.0018V17.2018L3.1437 17.3518C2.9837 17.3518 2.8937 17.2418 2.8937 17.0918ZM33.3737 17.2018V12.0018L38.8737 11.8418C39.0237 11.8418 39.1337 11.9618 39.1337 12.1018V17.0918C39.1337 17.2418 39.0337 17.3518 38.8737 17.3518ZM2.8937 24.9418V20.5118C2.8937 20.3718 3.0037 20.2618 3.1337 20.2618L8.6537 20.1118V24.8418L3.2437 25.2218C3.0037 25.2418 2.8937 25.1318 2.8937 24.9418ZM33.3737 24.8418V20.1118L38.8837 20.2618C39.0237 20.2618 39.1337 20.3718 39.1337 20.5118V24.9418C39.1337 25.1318 39.0237 25.2418 38.7837 25.2218Z","geometry":{"width":42.02734375,"height":29.94140625}}