{"path":"M0.0037 26.0818C0.0037 28.4618 1.4937 29.9418 3.9137 29.9418H21.7637C24.1837 29.9418 25.6737 28.4618 25.6737 26.0818V3.8718C25.6737 1.4918 24.1837 0.0018 21.7637 0.0018H3.9137C1.4937 0.0018 0.0037 1.4918 0.0037 3.8718ZM3.5237 25.6318V4.3018C3.5237 3.8418 3.8237 3.5418 4.2937 3.5418H21.3837C21.8437 3.5418 22.1337 3.8418 22.1337 4.3018V25.6318C22.1337 26.1118 21.8437 26.4118 21.3837 26.4118H4.2937C3.8237 26.4118 3.5237 26.1118 3.5237 25.6318ZM5.6237 10.5718H20.0537C20.2937 10.5718 20.4637 10.3918 20.4637 10.1618V5.6218C20.4637 5.3818 20.2937 5.2118 20.0537 5.2118H5.6237C5.3837 5.2118 5.1937 5.3818 5.1937 5.6218V10.1618C5.1937 10.3918 5.3837 10.5718 5.6237 10.5718ZM10.7837 8.6718C10.3337 8.6718 9.9937 8.3218 9.9937 7.8918C9.9937 7.4418 10.3337 7.1118 10.7837 7.1118H14.8937C15.3437 7.1118 15.6837 7.4418 15.6837 7.8918C15.6837 8.3218 15.3437 8.6718 14.8937 8.6718Z","geometry":{"width":25.67578125,"height":29.94140625}}