{"path":"M22.3237 13.016C25.0737 13.016 26.8637 11.236 26.8637 8.586C26.8637 7.426 26.4037 6.276 25.9337 5.286C25.2537 3.796 24.1837 2.096 23.2237 0.616C22.9537 0.216 22.6637 -0.004 22.3237 -0.004C21.9837 -0.004 21.6937 0.216 21.4237 0.616C20.4637 2.096 19.3837 3.816 18.7137 5.286C18.2537 6.286 17.7837 7.426 17.7837 8.586C17.7837 11.236 19.5737 13.016 22.3237 13.016ZM4.8437 22.226H12.7937L14.3737 24.936C13.9137 25.526 13.6537 26.276 13.6537 27.086C13.6537 29.066 15.2737 30.676 17.2537 30.676C19.2337 30.676 20.8537 29.066 20.8537 27.086C20.8537 25.086 19.2337 23.476 17.2537 23.476C17.2237 23.476 17.1837 23.476 17.1537 23.476L16.4337 22.226H29.6937C32.7537 22.226 34.5337 20.466 34.5337 17.456V7.426C34.5337 4.416 32.7537 2.656 29.6937 2.656H26.8937C27.4137 3.596 28.0237 4.796 28.3437 5.946H29.6637C30.6537 5.946 31.2537 6.526 31.2537 7.556V17.336C31.2537 18.376 30.6537 18.946 29.6637 18.946H14.5237L6.9637 5.946H16.3237C16.6237 4.786 17.2437 3.596 17.7637 2.656H5.0437L4.4737 1.686C4.0437 0.946 3.1337 0.686 2.3237 1.106C1.5537 1.546 1.3237 2.516 1.7737 3.266L1.8737 3.436C0.6537 4.226 0.0037 5.596 0.0037 7.426V17.456C0.0037 20.476 1.7737 22.226 4.8437 22.226ZM4.8637 18.946C3.8737 18.946 3.2937 18.376 3.2937 17.336V7.556C3.2937 7.096 3.4037 6.726 3.6237 6.456L10.8837 18.946ZM17.2537 28.296C16.5737 28.296 16.0237 27.756 16.0237 27.086C16.0237 26.396 16.5737 25.836 17.2537 25.836C17.9337 25.836 18.4837 26.396 18.4837 27.086C18.4837 27.756 17.9337 28.296 17.2537 28.296Z","geometry":{"width":34.53515625,"height":30.6796875}}