{"path":"M-0.0037 28.1618C-0.0037 29.1518 0.8063 29.9418 1.7863 29.9418H28.9263C29.9163 29.9418 30.7163 29.1518 30.7163 28.1618C30.7163 27.1818 29.9163 26.3818 28.9263 26.3818H28.4263V17.9618C29.8863 17.6918 30.6163 16.5418 30.3363 14.7218L28.6263 3.0718C28.3563 1.2418 27.3663 0.0018 25.4963 0.0018H5.3363C3.4563 0.0018 2.4563 1.2418 2.1963 3.0718L0.4763 14.7218C0.2163 16.5018 0.9063 17.6318 2.2963 17.9418V26.3818H1.7863C0.8063 26.3818 -0.0037 27.1818 -0.0037 28.1618ZM5.1663 7.6018L5.7263 3.9118C5.7563 3.6818 5.8763 3.5418 6.0963 3.5418H13.9063L13.8363 7.6018ZM16.8963 3.5418H24.7363C24.9463 3.5418 25.0563 3.6818 25.1063 3.9118L25.6463 7.6018H16.9663ZM4.1963 14.0818L4.7463 10.3818H13.7663L13.7163 14.4918H4.5663C4.3363 14.4918 4.1563 14.3118 4.1963 14.0818ZM17.0363 10.3818H26.0763L26.6163 14.0818C26.6563 14.3118 26.4863 14.4918 26.2463 14.4918H17.0863ZM5.8263 26.3818V18.0218H24.8863V26.3818Z","geometry":{"width":30.720703125,"height":29.94140625}}