{"path":"M0.564 14.9125C-0.696 17.1025 0.254 19.4125 2.414 19.9925L2.674 20.0025L1.454 24.4025C0.814 26.7425 2.084 28.4125 4.474 28.4125H23.174C24.664 28.4125 25.794 27.5325 26.204 26.1025L32.364 4.6025C33.074 2.1225 31.694 0.0025 28.974 0.0025H11.394C9.584 0.0025 8.744 0.7225 7.864 2.2325ZM19.434 8.3125L22.244 3.4225H28.214C28.814 3.4225 29.034 3.8025 28.724 4.3525L26.444 8.3125ZM8.264 8.3125L10.804 3.8825C11.014 3.5425 11.214 3.4225 11.584 3.4225H18.354L15.564 8.3125ZM3.884 15.8625L6.324 11.6525H13.604L10.654 16.7925H4.404C3.804 16.7925 3.574 16.4025 3.884 15.8625ZM14.564 16.7725L17.504 11.6525H24.494L21.794 16.3225C21.604 16.6525 21.414 16.7725 21.014 16.7725ZM24.044 18.7425L25.584 16.0125L23.244 24.0925L21.634 20.1825C22.784 20.0825 23.354 19.6225 24.044 18.7425ZM4.964 24.3925L6.114 20.1925H18.214L20.184 24.9825H5.404C5.024 24.9825 4.854 24.7725 4.964 24.3925Z","geometry":{"width":32.550424142602594,"height":28.41015625}}