{"path":"M1.6477 8.8016C3.6177 8.2216 5.6577 7.9116 7.6177 7.9116C10.0777 7.9116 11.9377 8.3016 14.3077 8.3016C16.8777 8.3016 18.6177 6.5116 18.6177 4.1416C18.6177 1.7516 16.7977 0.0016 14.4877 0.0016C12.8877 0.0016 11.4177 0.9716 10.7577 2.3416C10.4277 2.9516 10.5677 3.6516 11.1677 3.9916C11.7677 4.3316 12.5177 4.1316 12.9077 3.4216C13.1777 2.8616 13.8077 2.4216 14.4877 2.4216C15.4777 2.4216 16.2077 3.0916 16.2077 4.1416C16.2077 5.2116 15.4777 5.8816 14.3077 5.8816C12.1077 5.8816 10.1877 5.4916 7.6177 5.4916C5.3877 5.4916 3.0877 5.8816 0.9277 6.4916C0.2077 6.7016 -0.1423 7.3516 0.0477 8.0216C0.2277 8.6816 0.8777 9.0416 1.6477 8.8016ZM23.1977 15.6316C26.5177 15.6316 28.9277 13.4516 28.9277 10.4616C28.9277 7.5016 26.6677 5.3216 23.7877 5.3216C21.4177 5.3216 19.4677 6.9016 18.9177 9.0816C18.7177 9.7716 19.0277 10.4316 19.6577 10.6216C20.3277 10.8316 21.0077 10.4716 21.2477 9.6916C21.5277 8.5316 22.5977 7.7416 23.7877 7.7416C25.3177 7.7416 26.5077 8.8616 26.5077 10.4616C26.5077 12.1016 25.1977 13.2116 23.1977 13.2116C19.0577 13.2116 14.4477 10.8416 8.9377 10.8416C6.0977 10.8416 3.4577 11.2816 0.9277 12.1316C0.2077 12.3716 -0.1423 13.0016 0.0477 13.6616C0.2477 14.3316 0.8977 14.7016 1.6677 14.4216C3.9577 13.6216 6.2977 13.2616 8.9377 13.2616C14.3277 13.2616 18.4577 15.6316 23.1977 15.6316ZM14.3277 25.6216C16.6277 25.6216 18.3877 23.9016 18.3877 21.5216C18.3877 18.0916 14.8777 16.1716 8.5977 16.1716C6.0677 16.1716 3.3077 16.6516 0.9277 17.4416C0.2077 17.6916 -0.1423 18.3316 0.0477 18.9716C0.2477 19.6616 0.8977 20.0116 1.6677 19.7516C3.8077 18.9916 6.1877 18.5916 8.5977 18.5916C13.3177 18.5916 15.9677 19.7416 15.9677 21.5216C15.9677 22.5716 15.2577 23.2116 14.3277 23.2116C13.4877 23.2116 12.9277 22.6716 12.6877 21.7616C12.4577 21.1116 11.8377 20.7416 11.1577 20.9316C10.4477 21.1416 10.1677 21.8616 10.4177 22.5716C10.8977 24.3216 12.3877 25.6216 14.3277 25.6216Z","geometry":{"width":28.927436849590627,"height":25.62109375}}