{"path":"M4.8437 19.5816H10.0937C9.4337 21.0716 8.2737 22.2416 8.2737 24.6216C8.2737 25.9316 8.6637 26.9516 9.5537 28.0916C10.4437 29.2316 12.1637 28.0716 11.2537 26.8516C10.5837 25.9616 10.3637 25.4316 10.3637 24.4716C10.3637 22.6416 11.7037 21.4916 12.3137 19.5816H17.9337C17.2937 21.0716 16.1237 22.2416 16.1237 24.6216C16.1237 25.9316 16.5137 26.9516 17.4037 28.0916C18.3037 29.2316 20.0137 28.0716 19.1137 26.8516C18.4337 25.9616 18.2137 25.4316 18.2137 24.4716C18.2137 22.6416 19.5537 21.4916 20.1637 19.5816H25.7837C25.1437 21.0716 23.9637 22.2416 23.9637 24.6216C23.9637 25.9316 24.3637 26.9516 25.2637 28.0916C26.1537 29.2316 27.8637 28.0716 26.9637 26.8516C26.2937 25.9616 26.0737 25.4316 26.0737 24.4716C26.0737 22.6416 27.4137 21.4916 28.0137 19.5816H29.6937C32.7537 19.5816 34.5337 17.8116 34.5337 14.8016V4.7716C34.5337 1.7616 32.7537 0.0016 29.6937 0.0016H4.8437C1.7737 0.0016 0.0037 1.7616 0.0037 4.7716V14.8016C0.0037 17.8316 1.7737 19.5816 4.8437 19.5816ZM4.8637 16.3016C3.8737 16.3016 3.2937 15.7116 3.2937 14.6816V4.9116C3.2937 3.8716 3.8737 3.2916 4.8637 3.2916H29.6637C30.6537 3.2916 31.2537 3.8716 31.2537 4.9116V14.6816C31.2537 15.7116 30.6537 16.3016 29.6637 16.3016H28.1537C27.6737 14.4216 26.2737 13.4816 26.1837 10.9216H27.4937C28.1637 10.9216 28.4937 10.2116 28.1337 9.6916L25.8437 6.3016C25.6437 6.0316 25.4137 5.8916 25.1137 5.8916C24.8237 5.8916 24.5837 6.0316 24.4037 6.3016L22.0937 9.6916C21.7337 10.2116 22.0637 10.9216 22.7537 10.9216H24.0737C24.1437 14.0516 25.3237 15.0816 25.9037 16.3016H20.3037C19.8237 14.4216 18.4337 13.4816 18.3237 10.9216H19.6437C20.3137 10.9216 20.6437 10.2116 20.2937 9.6916L17.9937 6.3016C17.8037 6.0316 17.5537 5.8916 17.2637 5.8916C16.9837 5.8916 16.7337 6.0316 16.5537 6.3016L14.2437 9.6916C13.8937 10.2116 14.2237 10.9216 14.8937 10.9216H16.2137C16.2937 14.0516 17.4737 15.0816 18.0437 16.3016H12.4537C11.9637 14.4216 10.5837 13.4816 10.4737 10.9216H11.7837C12.4737 10.9216 12.7937 10.2116 12.4437 9.6916L10.1337 6.3016C9.9537 6.0316 9.7037 5.8916 9.4237 5.8916C9.1237 5.8916 8.8837 6.0316 8.6937 6.3016L6.3937 9.6916C6.0437 10.2116 6.3737 10.9216 7.0437 10.9216H8.3637C8.4537 14.0516 9.6237 15.0816 10.2037 16.3016Z","geometry":{"width":34.53515625,"height":28.558168029002662}}