{"path":"M27.494 13.0114C30.244 13.0114 32.034 11.2414 32.034 8.5814C32.034 7.4214 31.564 6.2714 31.104 5.2914C30.414 3.8014 29.354 2.0914 28.394 0.6114C28.124 0.2214 27.834 0.0014 27.494 0.0014C27.154 0.0014 26.864 0.2214 26.594 0.6114C25.634 2.0914 24.554 3.8114 23.884 5.2914C23.414 6.2914 22.954 7.4214 22.954 8.5814C22.954 11.2414 24.744 13.0114 27.494 13.0114ZM20.364 21.5714C22.924 21.5714 26.004 22.4614 28.284 23.5814C29.104 23.9714 30.004 23.8614 30.584 23.1314L40.004 11.1514C41.134 9.7114 40.944 8.1114 39.524 7.0014C37.764 5.6314 35.324 4.4414 32.514 3.5514C33.164 4.6614 33.944 6.4914 34.024 7.9414C34.934 8.3514 35.804 8.8214 36.594 9.3214C36.874 9.5014 36.914 9.7614 36.704 10.0214L28.994 19.8114C28.794 20.0814 28.624 20.1214 28.354 20.0014C25.774 18.9514 22.844 18.2914 20.364 18.2914C19.544 18.2914 18.664 18.3614 17.774 18.5014L10.734 6.3714C13.734 5.4514 17.024 4.9514 20.364 4.9514C20.834 4.9514 21.294 4.9814 21.764 5.0014C22.014 4.3614 22.774 2.8814 23.444 1.7914C22.424 1.7114 21.394 1.6714 20.364 1.6714C16.364 1.6714 12.394 2.2714 8.954 3.3114L7.644 1.0514C7.214 0.3114 6.304 0.0514 5.494 0.4914C4.714 0.9114 4.494 1.8914 4.934 2.6414L5.944 4.3614C4.084 5.1314 2.474 6.0114 1.214 7.0014C-0.206 8.1114 -0.396 9.7114 0.734 11.1514L10.154 23.1314C10.734 23.8614 11.644 23.9714 12.464 23.5814C13.584 23.0214 14.914 22.5314 16.264 22.1614L17.494 24.2814C17.044 24.8814 16.774 25.6314 16.774 26.4414C16.774 28.4214 18.384 30.0414 20.364 30.0414C22.354 30.0414 23.964 28.4214 23.964 26.4414C23.964 24.4614 22.354 22.8414 20.364 22.8414C20.344 22.8414 20.314 22.8414 20.284 22.8414L19.564 21.6014C19.834 21.5914 20.104 21.5714 20.364 21.5714ZM11.754 19.8214L4.034 10.0214C3.844 9.7614 3.884 9.5014 4.144 9.3214C5.264 8.6314 6.464 8.0014 7.734 7.4514L14.554 19.2314C13.824 19.4514 13.094 19.7114 12.394 20.0014C12.124 20.1114 11.964 20.0814 11.754 19.8214ZM20.364 27.6614C19.684 27.6614 19.154 27.1214 19.154 26.4414C19.154 25.7614 19.684 25.2014 20.364 25.2014C21.054 25.2014 21.614 25.7614 21.614 26.4414C21.614 27.1214 21.054 27.6614 20.364 27.6614Z","geometry":{"width":40.737450175992336,"height":30.037109375}}