{"path":"M3.2053 28.4125H21.8953C23.4053 28.4125 24.5153 27.5325 24.9253 26.1025L31.0953 4.0025C31.7453 1.6725 30.4753 0.0025 28.0653 0.0025H9.3653C7.8653 0.0025 6.7553 0.8725 6.3453 2.3125L0.1653 24.4025C-0.4747 26.7425 0.7953 28.4125 3.2053 28.4125ZM7.0553 12.3825L9.4053 3.9925C9.5053 3.6325 9.7353 3.4325 10.0753 3.4325H16.7753L14.2653 12.3825ZM17.7453 12.3825L20.2653 3.4325H27.1453C27.5253 3.4325 27.6853 3.6325 27.5953 4.0225L25.2353 12.3825ZM3.6753 24.3925L6.0853 15.8225H13.3053L10.7353 24.9825H4.1353C3.7453 24.9825 3.5653 24.7725 3.6753 24.3925ZM14.2253 24.9825L16.7753 15.8225H24.2853L21.8653 24.4225C21.7653 24.7725 21.5453 24.9825 21.1753 24.9825Z","geometry":{"width":31.263146632199756,"height":28.41015625}}