{"path":"M10.6737 34.3566C16.0937 34.3466 19.2937 32.9466 19.2937 30.4866C19.2937 28.2566 16.6537 26.8966 12.1437 26.6466V21.4266C17.7337 20.8766 21.3737 17.1866 21.3737 11.8566C21.3737 8.8766 20.1237 4.9766 18.3237 2.1966C17.3937 0.7766 14.6437 -0.0034 10.6737 -0.0034C6.7037 -0.0034 3.9537 0.7766 3.0337 2.1966C1.2137 4.9666 0.0037 8.8766 0.0037 11.8566C0.0037 17.1966 3.6337 20.8866 9.2137 21.4266V26.6466C4.7037 26.8966 2.0737 28.2466 2.0737 30.4866C2.0737 32.9466 5.2637 34.3466 10.6737 34.3566ZM10.6737 3.9466C8.0137 3.9466 5.7237 3.5366 5.7237 3.1066C5.7237 2.6966 8.0437 2.2866 10.6737 2.2866C13.3137 2.2866 15.6237 2.6966 15.6237 3.1066C15.6237 3.5366 13.3337 3.9466 10.6737 3.9466ZM10.6737 18.5566C5.8837 18.5566 2.9537 15.9966 2.9537 11.8566C2.9537 9.8966 3.5837 7.4366 4.6637 5.3166C5.9637 5.9066 8.0637 6.2166 10.6737 6.2166C13.2737 6.2166 15.3937 5.9066 16.6937 5.3166C17.7737 7.4666 18.4137 9.9166 18.4137 11.8566C18.4137 15.9866 15.4637 18.5566 10.6737 18.5566ZM10.6737 30.4566C11.3437 30.4566 11.9337 29.9866 12.1037 29.3566C14.6437 29.4766 16.1737 29.8966 16.1737 30.4866C16.1737 31.1766 14.0637 31.6366 10.6737 31.6366C7.2737 31.6366 5.1937 31.1766 5.1937 30.4866C5.1937 29.8966 6.7137 29.4666 9.2737 29.3566C9.4337 29.9866 10.0037 30.4566 10.6737 30.4566Z","geometry":{"width":21.369140625,"height":34.357421875}}