{"path":"M10.6737 34.3566C16.0937 34.3566 19.2937 32.9466 19.2937 30.4866C19.2937 28.2566 16.6537 26.8966 12.1437 26.6566V21.4266C17.7337 20.8766 21.3737 17.1866 21.3737 11.8566C21.3737 8.8766 20.1237 4.9766 18.3237 2.1966C17.3937 0.7766 14.6437 -0.0034 10.6737 -0.0034C6.7037 -0.0034 3.9537 0.7766 3.0337 2.1966C1.2137 4.9666 0.0037 8.8766 0.0037 11.8566C0.0037 17.1966 3.6337 20.8766 9.2137 21.4266V26.6566C4.7137 26.8966 2.0737 28.2566 2.0737 30.4866C2.0737 32.9466 5.2637 34.3566 10.6737 34.3566ZM10.6737 3.9766C7.8237 3.9766 5.7237 3.5966 5.7237 3.1066C5.7237 2.6266 7.8237 2.2466 10.6737 2.2466C13.5337 2.2466 15.6237 2.6266 15.6237 3.1066C15.6237 3.5966 13.5537 3.9766 10.6737 3.9766Z","geometry":{"width":21.369140625,"height":34.357421875}}