{"path":"M0.8037 13.0992H4.1537L6.0437 22.6092C6.3137 24.0992 7.4137 24.9692 8.8037 24.9692C10.1737 24.9692 11.2337 24.1192 11.5437 22.6392L13.8037 13.0992H17.3937L19.6637 22.6392C19.9637 24.1192 21.0237 24.9692 22.4037 24.9692C23.8037 24.9692 24.8837 24.0992 25.1737 22.6092L27.0437 13.0992H30.4037C30.8737 13.0992 31.2237 12.7392 31.2237 12.2792C31.2237 11.8092 30.8737 11.4692 30.4037 11.4692H27.3737L29.0837 2.7792C29.1337 2.5192 29.1637 2.2592 29.1637 2.0092C29.1637 0.8092 28.3237 -0.0008 27.0437 -0.0008C25.9637 -0.0008 25.1337 0.7292 24.9637 1.8092L23.4237 11.4692H20.0837L17.8437 1.9792C17.5637 0.7092 16.8137 0.0292 15.6037 0.0292C14.3837 0.0292 13.6337 0.7392 13.3537 2.0092L11.1137 11.4692H7.7937L6.2337 1.8092C6.0837 0.7392 5.2537 -0.0008 4.1537 -0.0008C2.8837 -0.0008 2.0537 0.8092 2.0537 1.9992C2.0537 2.2392 2.0737 2.4992 2.1237 2.7592L3.8437 11.4692H0.8037C0.3537 11.4692 0.0037 11.8092 0.0037 12.2792C0.0037 12.7392 0.3537 13.0992 0.8037 13.0992ZM15.5337 5.8792H15.6837L17.0037 11.4692H14.1937ZM9.0937 19.5392L8.0537 13.0992H10.7337L9.2037 19.5392ZM21.9937 19.5392L20.4637 13.0992H23.1637L22.1237 19.5392Z","geometry":{"width":31.2265625,"height":24.96484375}}