{"path":"M1.8799 32.3741C4.4099 34.9041 8.1599 34.9741 10.6399 32.0641C12.7599 29.6041 16.2599 23.5441 20.0099 19.7941C22.2699 17.5441 24.8099 18.8441 27.9099 17.5941L25.5299 8.8741C25.2699 7.8941 25.6999 7.0641 26.7799 6.7541L32.2899 5.1841C32.0799 4.4741 31.5799 3.4741 30.7999 2.6941C27.3899 -0.7959 21.7099 -0.8859 18.2899 2.3641C13.3099 7.0941 16.8399 11.8041 14.1299 14.4941C10.3699 18.2341 5.0899 21.0141 2.1799 23.6141C-0.6901 26.1541 -0.6601 29.8441 1.8799 32.3741ZM29.7899 16.6141C30.2799 16.2741 30.7699 15.8441 31.2499 15.3541C32.9599 13.6041 33.7599 11.0641 33.2299 8.8841L29.0499 10.0941C28.6599 10.2041 28.3599 10.2241 28.0499 10.1841ZM19.2999 11.2941C18.9799 11.3741 18.7099 11.2241 18.6299 10.9141C18.5499 10.6541 18.7299 10.3541 19.0099 10.2641L22.0999 9.4441C22.3599 9.3841 22.6499 9.5341 22.7399 9.8141C22.8499 10.1141 22.6499 10.4041 22.3599 10.4841ZM19.6799 12.8641C19.3799 12.9441 19.1199 12.7941 19.0099 12.4841C18.9299 12.2241 19.1099 11.9241 19.3899 11.8441L22.4999 11.0241C22.7599 10.9541 23.0299 11.1041 23.1299 11.3941C23.2199 11.7041 23.0299 11.9741 22.7599 12.0641ZM20.0799 14.4341C19.7899 14.5241 19.4799 14.3541 19.4099 14.0541C19.3499 13.7541 19.5199 13.4941 19.7899 13.4141L22.8899 12.5941C23.1999 12.5141 23.4699 12.6741 23.5399 12.9441C23.6199 13.2341 23.4299 13.5341 23.1699 13.6041ZM6.2299 29.6041C5.3699 29.6041 4.6599 28.8941 4.6599 28.0441C4.6599 27.1841 5.3699 26.4741 6.2299 26.4741C7.0899 26.4741 7.7899 27.1841 7.7899 28.0441C7.7899 28.8941 7.0899 29.6041 6.2299 29.6041Z","geometry":{"width":33.393558928397745,"height":34.26013461320906}}