{"path":"M2.7271 30.5515C5.2471 33.0515 8.6771 32.9615 11.0571 30.5615C13.0271 28.5815 14.0071 25.7915 17.0871 21.6915L22.3171 26.9315L22.4271 28.1415C22.4871 28.6815 22.8271 29.2115 23.3271 29.5115L27.7071 32.1115C28.2271 32.4215 28.7471 32.4515 29.1371 32.0515L31.3971 29.8015C31.7771 29.4315 31.7371 28.9015 31.4271 28.3615L28.8371 24.0215C28.5371 23.5115 28.0071 23.1715 27.4571 23.1115L26.2471 23.0015L20.6671 17.4515C21.1671 16.9115 21.7171 16.3515 22.3071 15.7615C25.2571 16.9515 28.7071 16.4015 31.0171 14.0915C33.6971 11.4115 34.0471 7.1015 31.8071 3.7915L29.8771 5.7115L27.9771 7.6115C27.6671 7.9115 27.3371 7.9215 27.0271 7.6115L25.6971 6.2815C25.3571 5.9415 25.3571 5.6115 25.6571 5.3015L28.2371 2.7115L29.4671 1.4815C26.1771 -0.7685 21.8871 -0.4185 19.2071 2.2615C17.3971 4.0715 16.6571 6.5615 16.9871 8.9615L10.3971 2.3515C8.2071 0.1615 5.8271 0.1315 3.6971 2.2615L1.5771 4.3815C-0.5529 6.5315 -0.5229 8.8715 1.6571 11.0715L8.7571 18.1615C6.1171 19.8515 4.2071 20.7215 2.6971 22.2115C0.3071 24.5915 0.2271 28.0315 2.7271 30.5515ZM23.7271 7.6515L25.6671 9.5615C26.7071 10.5915 28.0371 10.6215 29.0371 9.6315L30.6071 8.0615C30.7371 9.5915 30.2371 11.1115 29.1371 12.2215C27.0371 14.3115 23.5371 14.2015 21.3071 11.9715C19.0671 9.7415 18.9671 6.2415 21.0771 4.1515C22.1671 3.0615 23.6971 2.5515 25.2171 2.6715L23.6471 4.2515C22.6171 5.2715 22.6571 6.6015 23.7271 7.6515ZM11.6371 11.5315L6.7171 6.5815C6.4071 6.2615 6.4071 5.7515 6.7371 5.4415C7.0471 5.1315 7.5371 5.1215 7.8571 5.4415L12.8071 10.3715C13.1371 10.7015 13.1171 11.2215 12.7871 11.5515C12.5071 11.8315 11.9571 11.8615 11.6371 11.5315ZM9.6971 13.4715L4.7671 8.5515C4.4471 8.2115 4.4671 7.6915 4.7771 7.3815C5.0971 7.0815 5.6171 7.0815 5.8971 7.3815L10.8671 12.3415C11.1771 12.6715 11.1771 13.1715 10.8471 13.4715C10.5371 13.7815 10.0171 13.8015 9.6971 13.4715ZM19.4171 13.8415C19.6171 14.0315 19.8171 14.2115 20.0271 14.3915C11.7371 22.9515 12.0071 25.7715 9.1271 28.6515C7.8371 29.9415 6.0771 30.0415 4.6371 28.6415C3.2171 27.1915 3.3471 25.4415 4.6271 24.1515C7.5171 21.2715 10.3271 21.5415 18.8871 13.2615C19.0471 13.4615 19.2271 13.6515 19.4171 13.8415ZM6.8471 27.9715C7.6871 27.9715 8.3571 27.3015 8.3571 26.4515C8.3571 25.6315 7.6871 24.9415 6.8471 24.9415C6.0071 24.9415 5.3271 25.6315 5.3271 26.4515C5.3271 27.3015 6.0071 27.9715 6.8471 27.9715Z","geometry":{"width":33.282163586442735,"height":32.39440720623701}}