{"path":"M6.4137 24.0941C8.5037 24.0941 9.5437 22.8841 10.1437 21.0941L15.6637 3.9641H28.7237C29.9537 3.9641 30.7437 3.1541 30.7437 1.9641C30.7437 0.7941 29.9537 0.0041 28.7237 0.0041H15.5137C13.3137 0.0041 12.3637 0.8841 11.7437 2.8441L6.6337 19.4841H6.2937L4.0337 11.5341C3.7037 10.4141 3.1337 9.8741 2.0237 9.8741C0.8237 9.8741 0.0037 10.7141 0.0037 11.8141C0.0037 12.2341 0.0837 12.5641 0.2237 13.0041L2.7737 21.1741C3.3537 22.9541 4.4137 24.0941 6.4137 24.0941ZM18.3337 21.8041C19.0337 21.8041 19.4037 21.5641 19.9337 20.7541L22.3237 17.2441H22.4037L24.7637 20.7541C25.2637 21.5441 25.6437 21.8041 26.3437 21.8041C27.2737 21.8041 27.9137 21.2041 27.9137 20.3341C27.9137 19.9041 27.7937 19.5641 27.4637 19.1441L24.4837 15.1441L27.4837 11.1141C27.8037 10.6941 27.9437 10.3341 27.9437 9.9441C27.9437 9.0941 27.3037 8.4741 26.4037 8.4741C25.7037 8.4741 25.2937 8.7341 24.8137 9.5141L22.5337 13.0441H22.4337L20.0737 9.5141C19.5537 8.7241 19.1637 8.4741 18.4737 8.4741C17.5537 8.4741 16.8937 9.1141 16.8937 9.9841C16.8937 10.4041 17.0237 10.7441 17.3637 11.1841L20.2737 15.1041L17.2537 19.1841C16.9237 19.6141 16.8037 19.9341 16.8037 20.3541C16.8037 21.2041 17.4437 21.8041 18.3337 21.8041Z","geometry":{"width":30.748046875,"height":24.08984375}}