{"path":"M4.8237 26.1377H21.3137C24.4437 26.1377 26.1437 24.4477 26.1437 21.3377V4.7977C26.1437 1.6977 24.4437 -0.0023 21.3137 -0.0023H4.8237C1.7137 -0.0023 0.0037 1.6977 0.0037 4.7977V21.3377C0.0037 24.4477 1.7137 26.1377 4.8237 26.1377ZM9.1337 19.6577C8.2137 19.6577 7.5637 19.0477 7.5637 18.1677C7.5637 17.7477 7.6937 17.4077 8.0237 16.9777L10.9937 12.9577L8.1337 9.1077C7.7837 8.6577 7.6437 8.2977 7.6437 7.8577C7.6437 6.9877 8.3237 6.3477 9.2537 6.3477C9.9637 6.3477 10.3537 6.6077 10.8737 7.4077L13.1937 10.8677H13.3037L15.5437 7.4077C16.0237 6.6177 16.4337 6.3477 17.1337 6.3477C18.0737 6.3477 18.7337 6.9577 18.7337 7.8377C18.7337 8.2477 18.5937 8.5977 18.2537 9.0377L15.3037 12.9977L18.2337 16.9377C18.5637 17.3677 18.7037 17.7177 18.7037 18.1377C18.7037 19.0477 18.0437 19.6577 17.0937 19.6577C16.3837 19.6577 15.9937 19.3877 15.4737 18.5777L13.1937 15.1177H13.0937L10.7437 18.5777C10.2037 19.3977 9.8337 19.6577 9.1337 19.6577Z","geometry":{"width":26.140625,"height":26.140625}}