{"path":"M6.8327 2.0488C6.7627 2.0788 6.7927 2.1888 6.8727 2.1688C7.1527 2.1188 7.4927 2.0788 7.8227 2.0788C9.0127 2.0788 10.1127 2.3888 11.5127 2.9388C12.1127 3.1588 12.6227 3.3888 13.1127 3.6488C13.5327 3.8688 13.8727 4.0588 14.0727 4.1588C14.1327 4.1988 14.2027 4.1988 14.2727 4.1588C14.4627 4.0588 14.7927 3.8688 15.2327 3.6488C15.7227 3.3888 16.2327 3.1588 16.8127 2.9388C18.2227 2.3888 19.3327 2.0788 20.5227 2.0788C20.8527 2.0788 21.1927 2.1188 21.4627 2.1688C21.5427 2.1888 21.5727 2.0788 21.5027 2.0488C20.4127 1.4188 19.3027 0.9188 18.1127 0.5888C16.9127 0.1888 15.6027 -0.0012 14.1627 -0.0012C12.7427 -0.0012 11.4327 0.1888 10.2227 0.5888C9.0327 0.9188 7.9127 1.4188 6.8327 2.0488ZM5.5827 14.5788C7.1227 12.0988 8.5327 9.9988 10.2627 7.8888C10.2927 7.8588 10.2927 7.8088 10.2627 7.7688C9.4627 6.9688 8.7227 6.2888 8.0927 5.7988C7.1527 5.0688 5.7527 4.0088 4.6527 4.0088C4.4127 4.0088 4.2927 4.0288 4.2227 4.0988C2.9527 5.3488 1.8727 6.9488 1.1327 8.6288C0.3827 10.4488 0.0027 12.2488 0.0027 14.1788C0.0027 17.3188 0.9527 20.1788 2.8827 22.7488C2.9127 22.7888 2.9827 22.7588 2.9627 22.7088C2.9027 22.5188 2.8527 22.1588 2.8527 21.8488C2.8527 21.1388 2.9827 20.3688 3.2127 19.6588C3.8927 17.6788 4.6227 16.0888 5.5827 14.5788ZM18.0727 7.8888C19.8127 9.9988 21.2227 12.0988 22.7527 14.5788C23.7227 16.0888 24.4427 17.6788 25.1327 19.6588C25.3627 20.3688 25.4827 21.1388 25.4827 21.8488C25.4827 22.1588 25.4427 22.5188 25.3727 22.7088C25.3627 22.7588 25.4327 22.7888 25.4527 22.7488C27.3827 20.1788 28.3427 17.3188 28.3427 14.1788C28.3427 12.2488 27.9627 10.4488 27.2027 8.6288C26.4727 6.9488 25.3927 5.3488 24.1127 4.0988C24.0527 4.0288 23.9227 4.0088 23.6927 4.0088C22.5827 4.0088 21.1927 5.0688 20.2527 5.7988C19.6227 6.2888 18.8827 6.9688 18.0727 7.7688C18.0427 7.8088 18.0427 7.8588 18.0727 7.8888ZM4.4127 23.7188C4.4127 24.1588 4.5527 24.4988 5.0627 24.9788C7.2227 26.9888 10.6527 28.3388 14.1627 28.3388C17.6927 28.3388 21.1127 26.9888 23.2827 24.9788C23.7927 24.4988 23.9227 24.1588 23.9227 23.7188C23.9227 23.1988 23.7627 22.5988 23.4327 21.9388C22.7927 20.4788 21.5927 18.7988 20.4527 17.4588C18.5127 15.2188 16.4227 13.0388 14.3327 11.4888C14.2627 11.4288 14.2227 11.3988 14.1627 11.3988C14.1227 11.3988 14.0827 11.4288 14.0127 11.4888C11.9227 13.0388 9.8327 15.2188 7.8927 17.4588C6.7527 18.7988 5.5527 20.4788 4.9127 21.9388C4.5627 22.5988 4.4127 23.1988 4.4127 23.7188Z","geometry":{"width":28.341796875,"height":28.341796875}}