{"path":"M1.6607 19.5129L12.6807 30.5129C14.8807 32.7129 17.2807 32.7329 19.4907 30.5329L30.5207 19.4829C32.7207 17.2929 32.7207 14.8929 30.5007 12.6729L19.5007 1.6729C17.2807 -0.5471 14.8907 -0.5571 12.6907 1.6529L1.6407 12.6829C-0.5593 14.8929 -0.5393 17.2929 1.6607 19.5129ZM11.7707 21.9729C10.9007 21.9729 10.2207 21.2729 10.2207 20.3829C10.2207 19.9929 10.3807 19.5929 10.6807 19.3029L13.8707 16.1229L10.6807 12.9329C10.3807 12.6329 10.2207 12.2529 10.2207 11.8529C10.2207 10.9529 10.9007 10.2829 11.7707 10.2829C12.2507 10.2829 12.6107 10.4329 12.9207 10.7329L16.0807 13.8929L19.2707 10.7329C19.5907 10.4029 19.9507 10.2629 20.4107 10.2629C21.2907 10.2629 21.9707 10.9529 21.9707 11.8229C21.9707 12.2329 21.8207 12.6229 21.5107 12.9229L18.3207 16.1229L21.4907 19.2929C21.8107 19.5929 21.9607 19.9729 21.9607 20.3829C21.9607 21.2729 21.2807 21.9729 20.4007 21.9729C19.9407 21.9729 19.5407 21.8029 19.2407 21.5029L16.0807 18.3429L12.9407 21.5029C12.6407 21.8029 12.2507 21.9729 11.7707 21.9729Z","geometry":{"width":32.16823278097361,"height":32.17337158969121}}