{"path":"M4.8237 26.1377H27.8037C30.9437 26.1377 32.6337 24.4477 32.6337 21.3377V4.7977C32.6337 1.6977 30.9437 -0.0023 27.8037 -0.0023H4.8237C1.7137 -0.0023 0.0037 1.6977 0.0037 4.7977V21.3377C0.0037 24.4477 1.7137 26.1377 4.8237 26.1377ZM12.0137 18.9477C11.1437 18.9477 10.4637 18.2477 10.4637 17.3677C10.4637 16.9677 10.6237 16.5677 10.9237 16.2877L14.1137 13.0977L10.9237 9.9077C10.6237 9.6077 10.4637 9.2277 10.4637 8.8277C10.4637 7.9277 11.1437 7.2577 12.0137 7.2577C12.4937 7.2577 12.8537 7.4077 13.1637 7.7077L16.3237 10.8677L19.5137 7.7077C19.8337 7.3977 20.1937 7.2477 20.6537 7.2477C21.5337 7.2477 22.2137 7.9277 22.2137 8.8177C22.2137 9.2177 22.0637 9.5977 21.7537 9.8977L18.5637 13.0977L21.7337 16.2677C22.0537 16.5677 22.2037 16.9677 22.2037 17.3677C22.2037 18.2477 21.5237 18.9477 20.6437 18.9477C20.1637 18.9477 19.7837 18.7977 19.4837 18.4877L16.3237 15.3277L13.1837 18.4877C12.8837 18.7977 12.4937 18.9477 12.0137 18.9477Z","geometry":{"width":32.634765625,"height":26.140625}}