{"path":"M0.0037 25.2702C0.0037 28.4002 1.6937 30.0902 4.8037 30.0902H19.4437C22.5437 30.0902 24.2437 28.4002 24.2437 25.2702V4.8302C24.2437 1.7102 22.5437 0.0002 19.4437 0.0002H4.8037C1.6937 0.0002 0.0037 1.7102 0.0037 4.8302ZM3.5237 24.8802V5.2202C3.5237 4.1202 4.0637 3.5302 5.2237 3.5302H19.0137C20.1837 3.5302 20.7137 4.1202 20.7137 5.2202V24.8802C20.7137 25.9802 20.1837 26.5602 19.0137 26.5602H5.2237C4.0637 26.5602 3.5237 25.9802 3.5237 24.8802ZM7.9337 20.7102C8.3637 20.7102 8.7237 20.5802 9.0137 20.2802L12.1237 17.1602L15.2537 20.2802C15.5437 20.5602 15.9037 20.7102 16.3537 20.7102C17.1737 20.7102 17.8137 20.0702 17.8137 19.2402C17.8137 18.8402 17.6637 18.4802 17.3737 18.2102L14.2337 15.0702L17.3737 11.9102C17.6737 11.6102 17.8237 11.2702 17.8237 10.8802C17.8237 10.0502 17.1837 9.4102 16.3537 9.4102C15.9237 9.4102 15.5837 9.5402 15.2837 9.8402L12.1237 12.9702L8.9937 9.8602C8.7137 9.5602 8.3637 9.4202 7.9337 9.4202C7.0937 9.4202 6.4537 10.0602 6.4537 10.9002C6.4537 11.2802 6.6137 11.6302 6.9037 11.9102L10.0537 15.0702L6.9037 18.2102C6.6137 18.4802 6.4537 18.8502 6.4537 19.2402C6.4537 20.0702 7.0937 20.7102 7.9337 20.7102Z","geometry":{"width":24.240234375,"height":30.091796875}}