{"path":"M10.5237 28.3252H19.0037C20.8337 28.3252 22.0137 27.6852 23.0337 26.5052L28.2437 20.6052C29.2737 19.4252 29.5337 18.6752 29.5337 17.0852V11.2352C29.5337 9.6552 29.1437 9.0052 28.0837 7.7252L23.0337 1.8152C22.0237 0.6252 20.8337 -0.0048 19.0037 -0.0048H10.5237C8.6937 -0.0048 7.5337 0.6552 6.5037 1.8152L1.3037 7.7252C0.2637 8.9152 0.0037 9.6552 0.0037 11.2352V17.0852C0.0037 18.6752 0.2637 19.4252 1.3037 20.6052L6.5037 26.5052C7.5337 27.6852 8.6937 28.3252 10.5237 28.3252ZM10.4737 20.0452C9.5937 20.0452 8.9137 19.3452 8.9137 18.4552C8.9137 18.0652 9.0737 17.6652 9.3837 17.3752L12.5537 14.1952L9.3837 11.0052C9.0737 10.7052 8.9137 10.3252 8.9137 9.9252C8.9137 9.0252 9.5937 8.3552 10.4737 8.3552C10.9337 8.3552 11.3037 8.5052 11.6037 8.8052L14.7837 11.9652L17.9637 8.8052C18.2837 8.4752 18.6437 8.3352 19.1037 8.3352C19.9837 8.3352 20.6737 9.0252 20.6737 9.8952C20.6737 10.3052 20.5037 10.6952 20.1937 10.9952L17.0237 14.1952L20.1937 17.3652C20.4937 17.6652 20.6537 18.0452 20.6537 18.4552C20.6537 19.3452 19.9737 20.0452 19.0837 20.0452C18.6237 20.0452 18.2337 19.8752 17.9337 19.5752L14.7837 16.4152L11.6337 19.5752C11.3237 19.8752 10.9337 20.0452 10.4737 20.0452Z","geometry":{"width":29.53125,"height":28.328125}}