{"path":"M1.6607 19.5129L12.6807 30.5129C14.8807 32.7129 17.2807 32.7329 19.4907 30.5329L30.5207 19.4829C32.7207 17.2929 32.7207 14.8929 30.5007 12.6729L19.5007 1.6729C17.2807 -0.5471 14.8907 -0.5571 12.6907 1.6529L1.6407 12.6829C-0.5593 14.8929 -0.5393 17.2929 1.6607 19.5129ZM4.4307 17.2829C3.6507 16.4929 3.6107 15.7229 4.4507 14.8929L14.8807 4.4529C15.7107 3.6229 16.4807 3.6529 17.2707 4.4429L27.7307 14.9029C28.5207 15.6829 28.5507 16.4629 27.7307 17.2929L17.2807 27.7229C16.4507 28.5629 15.6707 28.5329 14.8907 27.7429ZM11.8807 21.7629C12.3207 21.7629 12.6807 21.6329 12.9607 21.3329L16.0807 18.2129L19.2107 21.3329C19.5007 21.6129 19.8507 21.7629 20.3107 21.7629C21.1307 21.7629 21.7707 21.1229 21.7707 20.2929C21.7707 19.8929 21.6207 19.5329 21.3307 19.2629L18.2007 16.1229L21.3307 12.9629C21.6307 12.6629 21.7807 12.3229 21.7807 11.9329C21.7807 11.1029 21.1407 10.4629 20.3107 10.4629C19.8807 10.4629 19.5407 10.5929 19.2407 10.8929L16.0807 14.0229L12.9507 10.9129C12.6607 10.6129 12.3207 10.4729 11.8807 10.4729C11.0507 10.4729 10.4107 11.1129 10.4107 11.9529C10.4107 12.3329 10.5707 12.6829 10.8607 12.9629L14.0007 16.1229L10.8607 19.2629C10.5707 19.5329 10.4107 19.9029 10.4107 20.2929C10.4107 21.1229 11.0507 21.7629 11.8807 21.7629Z","geometry":{"width":32.16823278097361,"height":32.17337158969121}}