{"path":"M11.8708 28.176C12.1408 28.176 12.5408 28.056 12.9108 27.876C20.9008 23.706 23.7508 21.536 23.7508 16.556V6.436C23.7508 4.486 23.0908 3.696 21.4008 2.966C20.0408 2.396 15.0708 0.726 13.7908 0.316C13.1908 0.126 12.4508 -0.004 11.8708 -0.004C11.2808 -0.004 10.5408 0.146 9.9408 0.316C8.6808 0.666 3.6908 2.406 2.3508 2.966C0.6408 3.696 0.0008 4.486 0.0008 6.436V16.556C0.0008 21.536 2.8308 23.696 10.8408 27.876C11.2008 28.056 11.5908 28.176 11.8708 28.176ZM11.8708 24.596C11.7208 24.596 11.5508 24.546 11.1808 24.326C5.0408 20.536 3.2508 19.676 3.2508 16.036V6.886C3.2508 6.376 3.3808 6.166 3.7608 6.006C5.6908 5.226 9.4508 3.996 10.8508 3.456C11.3208 3.306 11.5908 3.236 11.8708 3.236C12.1408 3.236 12.4108 3.306 12.8808 3.456C14.3008 3.996 18.0208 5.276 19.9708 6.006C20.3608 6.156 20.4808 6.376 20.4808 6.886V16.036C20.4808 19.746 18.5008 20.786 12.5508 24.326C12.1808 24.546 12.0308 24.596 11.8708 24.596ZM7.6708 18.936C8.1108 18.936 8.4808 18.786 8.7608 18.496L11.8708 15.376L15.0008 18.496C15.3008 18.786 15.6408 18.936 16.0908 18.936C16.9308 18.936 17.5708 18.276 17.5708 17.446C17.5708 17.066 17.4008 16.706 17.1208 16.416L13.9908 13.276L17.1308 10.116C17.4208 9.826 17.5708 9.476 17.5708 9.106C17.5708 8.256 16.9308 7.616 16.0908 7.616C15.6708 7.616 15.3308 7.756 15.0208 8.066L11.8708 11.196L8.7408 8.066C8.4508 7.776 8.1108 7.646 7.6708 7.646C6.8508 7.646 6.1908 8.276 6.1908 9.106C6.1908 9.486 6.3608 9.846 6.6408 10.126L9.7908 13.276L6.6408 16.436C6.3608 16.706 6.1908 17.066 6.1908 17.446C6.1908 18.276 6.8508 18.936 7.6708 18.936Z","geometry":{"width":23.748046875,"height":28.177734375}}