{"path":"M24.0537 1.7873C22.6137 0.3573 20.7037 -0.0027 17.9537 -0.0027H7.8637C5.1237 -0.0027 3.2037 0.3673 1.7737 1.7873C0.3537 3.2173 0.0037 5.0973 0.0037 7.8573V17.9373C0.0037 20.7173 0.3437 22.6173 1.7737 24.0373C3.2037 25.4573 5.1237 25.8273 7.8737 25.8273H17.9537C20.7037 25.8273 22.6237 25.4573 24.0537 24.0373C25.4737 22.6173 25.8237 20.7173 25.8237 17.9373V7.8773C25.8237 5.0973 25.4737 3.1973 24.0537 1.7873ZM8.6137 18.7873C7.7337 18.7873 7.0537 18.0873 7.0537 17.1973C7.0537 16.8073 7.2237 16.4073 7.5237 16.1173L10.7037 12.9373L7.5237 9.7473C7.2237 9.4473 7.0537 9.0673 7.0537 8.6673C7.0537 7.7673 7.7337 7.0973 8.6137 7.0973C9.0737 7.0973 9.4437 7.2473 9.7637 7.5473L12.9237 10.7073L16.1037 7.5473C16.4337 7.2173 16.7937 7.0773 17.2537 7.0773C18.1337 7.0773 18.8137 7.7673 18.8137 8.6373C18.8137 9.0473 18.6637 9.4373 18.3437 9.7373L15.1637 12.9373L18.3337 16.1073C18.6437 16.4073 18.8037 16.7873 18.8037 17.1973C18.8037 18.0873 18.1137 18.7873 17.2437 18.7873C16.7637 18.7873 16.3837 18.6173 16.0737 18.3173L12.9237 15.1573L9.7737 18.3173C9.4637 18.6173 9.0737 18.7873 8.6137 18.7873Z","geometry":{"width":25.826171875,"height":25.826171875}}