{"path":"M2.5537 6.8877H31.8937C33.4937 6.8877 34.4437 5.9377 34.4437 4.2677V2.6277C34.4437 0.9577 33.4937 -0.0023 31.8937 -0.0023H2.5537C0.9937 -0.0023 0.0037 0.9577 0.0037 2.6277V4.2677C0.0037 5.9377 0.9537 6.8877 2.5537 6.8877ZM9.8137 26.1377H24.6237C27.6437 26.1377 28.9037 24.4277 29.3837 21.4377L31.2937 9.1177H3.1437L5.0537 21.4377C5.5337 24.4477 6.7937 26.1377 9.8137 26.1377ZM13.5537 22.4177C12.7537 22.4177 12.1037 21.7477 12.1037 20.9677C12.1037 20.5477 12.2537 20.2377 12.5337 19.9477L15.1937 17.2977L12.5337 14.6377C12.2337 14.3577 12.1037 14.0377 12.1037 13.6177C12.1037 12.8277 12.7537 12.1777 13.5537 12.1777C13.9437 12.1777 14.2437 12.3177 14.5637 12.6077L17.2237 15.2977L19.9037 12.6077C20.2237 12.3077 20.5237 12.1677 20.9137 12.1677C21.6937 12.1677 22.3537 12.8277 22.3537 13.6177C22.3537 14.0277 22.2337 14.3277 21.9137 14.6277L19.2637 17.2977L21.9137 19.9377C22.2037 20.2377 22.3537 20.5377 22.3537 20.9677C22.3537 21.7477 21.6937 22.4177 20.9137 22.4177C20.4937 22.4177 20.1837 22.2677 19.8937 21.9877L17.2237 19.3077L14.5637 21.9877C14.2737 22.2677 13.9437 22.4177 13.5537 22.4177Z","geometry":{"width":34.439453125,"height":26.140625}}