{"path":"M0.5837 22.0207C1.3937 22.8107 2.7637 22.8007 3.5037 22.0507L11.3037 14.2407L19.1137 22.0507C19.8837 22.8107 21.2337 22.8107 22.0137 22.0207C22.8037 21.2107 22.8137 19.8907 22.0437 19.1107L14.2437 11.3007L22.0437 3.5107C22.8137 2.7307 22.8137 1.3907 22.0137 0.6007C21.2237 -0.1993 19.8837 -0.1993 19.1137 0.5707L11.3037 8.3807L3.5037 0.5707C2.7637 -0.1793 1.3837 -0.2093 0.5837 0.6007C-0.2063 1.3907 -0.1763 2.7607 0.5637 3.5107L8.3837 11.3007L0.5637 19.1207C-0.1763 19.8607 -0.2063 21.2407 0.5837 22.0207Z","geometry":{"width":22.62016138756176,"height":22.62020713866065}}