{"path":"M4.8237 26.1377H27.8037C30.9437 26.1377 32.6337 24.4477 32.6337 21.3377V4.7977C32.6337 1.6977 30.9437 -0.0023 27.8037 -0.0023H4.8237C1.7137 -0.0023 0.0037 1.6977 0.0037 4.7977V21.3377C0.0037 24.4477 1.7137 26.1377 4.8237 26.1377ZM5.2137 22.6177C4.1137 22.6177 3.5237 22.0777 3.5237 20.9177V5.2177C3.5237 4.0577 4.1137 3.5277 5.2137 3.5277H27.4237C28.5237 3.5277 29.1037 4.0577 29.1037 5.2177V20.9177C29.1037 22.0777 28.5237 22.6177 27.4237 22.6177ZM12.1237 18.7477C12.5637 18.7477 12.9237 18.5977 13.2037 18.3077L16.3237 15.1877L19.4537 18.3077C19.7437 18.5977 20.0937 18.7477 20.5537 18.7477C21.3737 18.7477 22.0137 18.0877 22.0137 17.2577C22.0137 16.8677 21.8637 16.5177 21.5737 16.2277L18.4337 13.0877L21.5737 9.9277C21.8737 9.6377 22.0237 9.2977 22.0237 8.9177C22.0237 8.0777 21.3837 7.4377 20.5537 7.4377C20.1237 7.4377 19.7837 7.5777 19.4837 7.8777L16.3237 11.0077L13.1937 7.8777C12.9037 7.5877 12.5637 7.4477 12.1237 7.4477C11.2937 7.4477 10.6537 8.0777 10.6537 8.9177C10.6537 9.2977 10.8137 9.6677 11.1037 9.9377L14.2437 13.0877L11.1037 16.2377C10.8137 16.5177 10.6537 16.8877 10.6537 17.2577C10.6537 18.0877 11.2937 18.7477 12.1237 18.7477Z","geometry":{"width":32.634765625,"height":26.140625}}