{"path":"M7.5744 27.9695H10.4444C10.6844 27.9695 10.8444 28.0295 11.0044 28.2095L13.0444 30.2295C14.9144 32.0995 16.7044 32.0895 18.5844 30.2295L20.6044 28.2095C20.7844 28.0295 20.9444 27.9695 21.1844 27.9695H24.0544C26.6844 27.9695 27.9644 26.6895 27.9644 24.0495V21.1795C27.9644 20.9495 28.0244 20.7795 28.1944 20.6195L30.2144 18.5795C32.0944 16.7195 32.0944 14.9195 30.2144 13.0395L28.1944 11.0195C28.0144 10.8395 27.9644 10.6795 27.9644 10.4595V7.5895C27.9644 4.9495 26.6844 3.6595 24.0544 3.6595H21.1844C20.9444 3.6595 20.7844 3.5995 20.6044 3.4295L18.5844 1.4095C16.7044 -0.4805 14.9144 -0.4605 13.0444 1.4195L11.0044 3.4295C10.8444 3.5995 10.6844 3.6595 10.4444 3.6595H7.5744C4.9344 3.6595 3.6644 4.9195 3.6644 7.5895V10.4595C3.6644 10.6795 3.5944 10.8595 3.4344 11.0195L1.4144 13.0395C-0.4756 14.9195 -0.4656 16.7195 1.4144 18.5795L3.4344 20.6195C3.5944 20.7795 3.6644 20.9495 3.6644 21.1795V24.0495C3.6644 26.6895 4.9344 27.9695 7.5744 27.9695ZM11.5144 21.6795C10.6244 21.6795 9.9444 20.9895 9.9444 20.0995C9.9444 19.6995 10.1144 19.3095 10.4244 19.0195L13.5944 15.8295L10.4244 12.6495C10.1144 12.3595 9.9444 11.9595 9.9444 11.5695C9.9444 10.6795 10.6244 9.9895 11.5144 9.9895C11.9744 9.9895 12.3344 10.1495 12.6444 10.4595L15.8244 13.6195L19.0044 10.4495C19.3244 10.1295 19.6844 9.9795 20.1444 9.9795C21.0144 9.9795 21.6944 10.6595 21.6944 11.5495C21.6944 11.9495 21.5444 12.3295 21.2344 12.6295L18.0644 15.8295L21.2344 18.9995C21.5344 19.3095 21.6944 19.6995 21.6944 20.0995C21.6944 20.9895 21.0144 21.6795 20.1244 21.6795C19.6644 21.6795 19.2744 21.5295 18.9744 21.2195L15.8244 18.0695L12.6744 21.2195C12.3644 21.5295 11.9744 21.6795 11.5144 21.6795Z","geometry":{"width":31.62134255146066,"height":31.62819709886007}}