{"path":"M4.8237 26.1377H21.3137C24.4437 26.1377 26.1437 24.4477 26.1437 21.3377V4.7977C26.1437 1.6977 24.4437 -0.0023 21.3137 -0.0023H4.8237C1.7137 -0.0023 0.0037 1.6977 0.0037 4.7977V21.3377C0.0037 24.4477 1.7137 26.1377 4.8237 26.1377ZM5.2137 22.6177C4.1137 22.6177 3.5237 22.0777 3.5237 20.9177V5.2377C3.5237 4.0777 4.1137 3.5277 5.2137 3.5277H20.9337C22.0237 3.5277 22.6137 4.0777 22.6137 5.2377V20.9177C22.6137 22.0777 22.0237 22.6177 20.9337 22.6177ZM13.0837 19.3177C14.1937 19.3177 14.8337 18.5777 14.8337 17.3677V15.0977L18.2637 9.1177C18.4437 8.8077 18.5237 8.5077 18.5237 8.1877C18.5237 7.3277 17.8737 6.6877 16.9537 6.6877C16.1737 6.6877 15.7737 6.9877 15.3637 7.8777L13.1437 12.0577H13.0337L10.8137 7.8777C10.4037 6.9677 10.0037 6.6877 9.2137 6.6877C8.3037 6.6877 7.6337 7.3277 7.6337 8.1777C7.6337 8.5077 7.7137 8.7877 7.8937 9.1177L11.3337 15.1077V17.3677C11.3337 18.5777 11.9637 19.3177 13.0837 19.3177Z","geometry":{"width":26.140625,"height":26.140625}}