{"path":"M4.8237 26.1377H21.3137C24.4437 26.1377 26.1437 24.4477 26.1437 21.3377V4.7977C26.1437 1.6977 24.4437 -0.0023 21.3137 -0.0023H4.8237C1.7137 -0.0023 0.0037 1.6977 0.0037 4.7977V21.3377C0.0037 24.4477 1.7137 26.1377 4.8237 26.1377ZM13.1537 19.6577C11.9737 19.6577 11.2937 18.8677 11.2937 17.5677V15.2277L7.6737 8.9277C7.4737 8.5877 7.3937 8.2677 7.3937 7.9277C7.3937 7.0277 8.1037 6.3477 9.0937 6.3477C9.9437 6.3477 10.3637 6.6577 10.8037 7.6177L13.1137 11.9877H13.2237L15.5437 7.6177C15.9837 6.6577 16.3937 6.3477 17.2237 6.3477C18.2237 6.3477 18.9237 7.0177 18.9237 7.9477C18.9237 8.2877 18.8437 8.5977 18.6437 8.9277L15.0437 15.2177V17.5677C15.0437 18.8777 14.3537 19.6577 13.1537 19.6577Z","geometry":{"width":26.140625,"height":26.140625}}