{"path":"M4.8237 26.1377H21.3137C24.4437 26.1377 26.1437 24.4477 26.1437 21.3377V4.7977C26.1437 1.6977 24.4437 -0.0023 21.3137 -0.0023H4.8237C1.7137 -0.0023 0.0037 1.6977 0.0037 4.7977V21.3377C0.0037 24.4477 1.7137 26.1377 4.8237 26.1377ZM5.2137 22.6177C4.1137 22.6177 3.5237 22.0777 3.5237 20.9177V5.2377C3.5237 4.0777 4.1137 3.5277 5.2137 3.5277H20.9337C22.0237 3.5277 22.6137 4.0777 22.6137 5.2377V20.9177C22.6137 22.0777 22.0237 22.6177 20.9337 22.6177ZM13.0837 19.6577C13.9137 19.6577 14.3837 19.1377 14.3837 18.2777V17.1477H16.8037C17.1737 17.1477 17.4037 16.8877 17.4037 16.5477C17.4037 16.1977 17.1737 15.9377 16.8037 15.9377H14.3837V14.9877H16.8037C17.1737 14.9877 17.4037 14.7377 17.4037 14.3877C17.4037 14.0377 17.1737 13.7777 16.8037 13.7777H15.0437L17.9637 8.9977C18.1437 8.7077 18.2337 8.4177 18.2337 8.1177C18.2337 7.4077 17.6737 6.8677 16.9137 6.8677C16.3937 6.8677 15.9937 7.0977 15.7137 7.6677L13.0937 12.3977L10.4837 7.6677C10.1837 7.0677 9.8137 6.8677 9.2737 6.8677C8.4937 6.8677 7.9337 7.4077 7.9337 8.1377C7.9337 8.4377 8.0137 8.7177 8.1937 9.0077L11.1337 13.7777H9.4037C9.0337 13.7777 8.7937 14.0377 8.7937 14.3877C8.7937 14.7377 9.0337 14.9877 9.4037 14.9877H11.7837V15.9377H9.4037C9.0337 15.9377 8.7937 16.1977 8.7937 16.5477C8.7937 16.8877 9.0337 17.1477 9.4037 17.1477H11.7837V18.2777C11.7837 19.1377 12.2637 19.6577 13.0837 19.6577Z","geometry":{"width":26.140625,"height":26.140625}}