{"path":"M2.6137 20.469H7.9837V23.169C7.9837 24.729 8.8337 25.679 10.3237 25.679C11.8137 25.679 12.6637 24.729 12.6637 23.169V20.469H18.0837C18.6037 20.469 18.9037 20.139 18.9037 19.649C18.9037 19.169 18.6037 18.839 18.0837 18.839H12.6637V16.079L12.6837 16.019H18.0837C18.6037 16.019 18.9037 15.709 18.9037 15.219C18.9037 14.729 18.6037 14.409 18.0837 14.409H13.6837L20.1237 3.879C20.4637 3.339 20.6437 2.799 20.6437 2.229C20.6437 0.959 19.6237 -0.001 18.2537 -0.001C17.3037 -0.001 16.5937 0.439 16.0637 1.489L10.4137 11.789H10.3037L4.6637 1.489C4.1137 0.379 3.4437 -0.001 2.4337 -0.001C1.0437 -0.001 0.0037 0.959 0.0037 2.269C0.0037 2.819 0.1637 3.359 0.5037 3.909L6.9637 14.409H2.6137C2.0937 14.409 1.7937 14.739 1.7937 15.219C1.7937 15.699 2.0937 16.019 2.6137 16.019H7.9537L7.9837 16.079V18.839H2.6137C2.0937 18.839 1.7937 19.169 1.7937 19.649C1.7937 20.139 2.0937 20.469 2.6137 20.469Z","geometry":{"width":20.64453125,"height":25.67578125}}