{"path":"M4.8237 26.1377H21.3137C24.4437 26.1377 26.1437 24.4477 26.1437 21.3377V4.7977C26.1437 1.6977 24.4437 -0.0023 21.3137 -0.0023H4.8237C1.7137 -0.0023 0.0037 1.6977 0.0037 4.7977V21.3377C0.0037 24.4477 1.7137 26.1377 4.8237 26.1377ZM13.1637 20.0177C12.3037 20.0177 11.7837 19.4577 11.7837 18.5377V17.3677H9.2737C8.8837 17.3677 8.6237 17.1077 8.6237 16.7377C8.6237 16.3777 8.8837 16.1077 9.2737 16.1077H11.7837V15.1077H9.2737C8.8837 15.1077 8.6237 14.8377 8.6237 14.4677C8.6237 14.1077 8.8837 13.8377 9.2737 13.8377H11.0737L7.9937 8.8177C7.8037 8.5077 7.7137 8.2077 7.7137 7.8777C7.7137 7.1077 8.3237 6.5377 9.1437 6.5377C9.7337 6.5377 10.1337 6.7377 10.4437 7.3877L13.1837 12.3477L15.9137 7.3877C16.2137 6.7777 16.6537 6.5377 17.2037 6.5377C18.0037 6.5377 18.6037 7.1077 18.6037 7.8577C18.6037 8.1877 18.5137 8.4877 18.3237 8.8077L15.2437 13.8377H17.0937C17.4837 13.8377 17.7437 14.1077 17.7437 14.4677C17.7437 14.8377 17.4837 15.1077 17.0937 15.1077H14.5437V16.1077H17.0937C17.4837 16.1077 17.7437 16.3777 17.7437 16.7377C17.7437 17.1077 17.4837 17.3677 17.0937 17.3677H14.5437V18.5377C14.5437 19.4577 14.0537 20.0177 13.1637 20.0177Z","geometry":{"width":26.140625,"height":26.140625}}