{"path":"M4.8237 26.1377H21.3137C24.4437 26.1377 26.1437 24.4477 26.1437 21.3377V4.7977C26.1437 1.6977 24.4437 -0.0023 21.3137 -0.0023H4.8237C1.7137 -0.0023 0.0037 1.6977 0.0037 4.7977V21.3377C0.0037 24.4477 1.7137 26.1377 4.8237 26.1377ZM5.2137 22.6177C4.1137 22.6177 3.5237 22.0777 3.5237 20.9177V5.2377C3.5237 4.0777 4.1137 3.5277 5.2137 3.5277H20.9337C22.0237 3.5277 22.6137 4.0777 22.6137 5.2377V20.9177C22.6137 22.0777 22.0237 22.6177 20.9337 22.6177ZM9.5737 19.1177H16.8037C17.6937 19.1177 18.2837 18.5977 18.2837 17.7777C18.2837 16.9577 17.7037 16.4577 16.8037 16.4577H12.2137V16.3277L17.2637 9.7777C17.7637 9.2177 17.8737 8.9177 17.8737 8.3377C17.8737 7.4777 17.2537 6.8877 16.3537 6.8877H9.3637C8.4637 6.8877 7.8937 7.3877 7.8937 8.2177C7.8937 9.0477 8.4737 9.5477 9.3637 9.5477H13.7437V9.6777L8.6937 16.2177C8.2437 16.7777 8.0837 17.1577 8.0837 17.6877C8.0837 18.5277 8.6937 19.1177 9.5737 19.1177Z","geometry":{"width":26.140625,"height":26.140625}}