{"path":"M11.7627 -0.0023C3.5027 -0.0023 0.0027 3.6077 0.0027 11.7177V21.3377C0.0027 24.4477 1.7127 26.1377 4.8227 26.1377H28.5927C31.7027 26.1377 33.4127 24.4477 33.4127 21.3377V11.7177C33.4127 3.6077 29.9127 -0.0023 21.6527 -0.0023ZM20.5627 19.1977C19.4127 19.1977 18.7727 18.4477 18.7727 17.2177V8.6377C18.7727 7.4077 19.4127 6.6577 20.5627 6.6577C21.6827 6.6577 22.3427 7.4077 22.3427 8.6377V16.3877H26.3427C27.2527 16.3877 27.8527 16.9077 27.8527 17.7877C27.8527 18.6777 27.2627 19.1977 26.3427 19.1977ZM8.2327 19.1977C7.3427 19.1977 6.7227 18.6177 6.7227 17.7777C6.7227 17.2377 6.9027 16.8577 7.3527 16.3077L12.4827 9.6477V9.5277H8.0227C7.1327 9.5277 6.5527 9.0277 6.5527 8.1877C6.5527 7.3677 7.1227 6.8677 8.0227 6.8677H15.0927C15.9827 6.8677 16.6127 7.4477 16.6127 8.3077C16.6127 8.8877 16.4927 9.1877 16.0127 9.7577L10.8827 16.4177V16.5477H15.5627C16.4627 16.5477 17.0327 17.0377 17.0327 17.8677C17.0327 18.6877 16.4327 19.1977 15.5627 19.1977Z","geometry":{"width":33.4140625,"height":26.140625}}