{"path":"M11.7627 -0.0023C3.5027 -0.0023 0.0027 3.6077 0.0027 11.7177V21.3377C0.0027 24.4477 1.7127 26.1377 4.8227 26.1377H28.5927C31.7027 26.1377 33.4127 24.4477 33.4127 21.3377V11.7177C33.4127 3.6077 29.9127 -0.0023 21.6527 -0.0023ZM7.4127 19.2077C6.5227 19.2077 5.9227 18.6377 5.9227 17.7877C5.9227 17.2577 6.0727 16.8877 6.5327 16.3077L11.6527 9.6477V9.5477H7.1927C6.3127 9.5477 5.7327 9.0377 5.7327 8.2077C5.7327 7.3677 6.3027 6.8777 7.1927 6.8777H14.2727C15.1627 6.8777 15.7927 7.4677 15.7927 8.3277C15.7927 8.9177 15.6827 9.1877 15.1727 9.7577L10.0527 16.4177V16.5577H14.7227C15.6227 16.5577 16.2027 17.0477 16.2027 17.8877C16.2027 18.6877 15.6127 19.2077 14.7227 19.2077ZM19.2227 19.4177C18.2227 19.4177 17.6827 18.7677 17.6827 17.6877V8.7877C17.6827 7.5777 18.2827 6.8777 19.4827 6.8777H23.2027C26.2527 6.8777 28.0427 8.3677 28.0427 10.9377C28.0427 12.6177 27.0727 13.9977 25.5227 14.4777L27.2527 17.0377C27.4827 17.3777 27.5727 17.6777 27.5727 18.0777C27.5727 18.8677 26.9927 19.4177 26.1427 19.4177C25.4427 19.4177 25.0727 19.1377 24.5427 18.3077L22.5427 15.0477H20.7627V17.6877C20.7627 18.7877 20.2027 19.4177 19.2227 19.4177ZM20.7627 12.7677H22.7727C23.9927 12.7677 24.7727 12.1177 24.7727 11.0077C24.7727 9.8877 24.0127 9.1977 22.8227 9.1977H20.7627Z","geometry":{"width":33.4140625,"height":26.140625}}