{"path":"M11.7627 -0.0023C3.5027 -0.0023 0.0027 3.6077 0.0027 11.7177V21.3377C0.0027 24.4477 1.7127 26.1377 4.8227 26.1377H28.5927C31.7027 26.1377 33.4127 24.4477 33.4127 21.3377V11.7177C33.4127 3.6077 29.9127 -0.0023 21.6527 -0.0023ZM11.8927 3.5377H21.5227C27.3827 3.5377 29.8827 6.0577 29.8827 11.7077V20.9177C29.8827 22.0277 29.2727 22.6177 28.1927 22.6177H5.2127C4.1427 22.6177 3.5227 22.0277 3.5227 20.9177V11.7077C3.5227 6.0577 6.0327 3.5377 11.8927 3.5377ZM7.8627 18.9077H14.8327C15.6727 18.9077 16.2127 18.4177 16.2127 17.6477C16.2127 16.8677 15.6827 16.4077 14.8327 16.4077H10.3527V16.2877L15.2627 9.8977C15.7227 9.3677 15.8227 9.0877 15.8227 8.5477C15.8227 7.7377 15.2327 7.1877 14.3927 7.1877H7.6727C6.8227 7.1877 6.2727 7.6577 6.2727 8.4377C6.2727 9.2177 6.8327 9.6977 7.6727 9.6977H11.9327V9.7977L7.0427 16.1877C6.6027 16.7077 6.4527 17.0577 6.4527 17.5677C6.4527 18.3577 7.0227 18.9077 7.8627 18.9077ZM19.0827 19.0977C20.0127 19.0977 20.5527 18.4977 20.5527 17.4677V14.9477H22.2627L24.1627 18.0477C24.6527 18.8377 25.0227 19.0977 25.6627 19.0977C26.4727 19.0977 27.0327 18.5677 27.0327 17.8277C27.0327 17.4577 26.9327 17.1677 26.7027 16.8577L25.0627 14.4077C26.5227 13.9477 27.4527 12.6377 27.4527 11.0377C27.4527 8.6177 25.7427 7.1877 22.8627 7.1877H19.3327C18.2127 7.1877 17.6327 7.8377 17.6327 8.9777V17.4677C17.6327 18.4977 18.1527 19.0977 19.0827 19.0977ZM20.5527 12.7977V9.3777H22.5027C23.6527 9.3777 24.3727 10.0177 24.3727 11.0977C24.3727 12.1677 23.6427 12.7977 22.4727 12.7977Z","geometry":{"width":33.4140625,"height":26.140625}}